Date,Adj Close,Close,High,Low,Open,Volume,Daily_Return,Return_5D,SMA_20,SMA_50,Volatility_20,RSI_14,MACD,MACD_Signal,MACD_Histogram,Price_Position
2020-01-02,72.27154541015625,75.0875015258789,75.1500015258789,73.79750061035156,74.05999755859375,135480400,0.0,0.0,,,0.0,50.0,0.0,0.0,0.0,0.0
2020-01-03,71.56890106201172,74.35749816894531,75.1449966430664,74.125,74.2874984741211,146322800,-0.00972203551987938,0.0,,,0.0,0.0,-0.058233886023188575,-0.011646777204637715,-0.04658710881855086,0.0
2020-01-06,72.13916778564453,74.94999694824219,74.98999786376953,73.1875,73.44750213623047,118387200,0.007968245219206693,0.0,,,0.0,46.64026160826625,-0.05593023158435528,-0.02050346808058123,-0.03542676350377405,0.8116384310692599
2020-01-07,71.7999267578125,74.59750366210938,75.2249984741211,74.37000274658203,74.95999908447266,108872000,-0.0047030460371630944,0.0,,,0.0,35.90973090821656,-0.081607115102031,-0.03272419748487119,-0.048882917617159814,0.3287731362938035
2020-01-08,72.95492553710938,75.79750061035156,76.11000061035156,74.29000091552734,74.29000091552734,132079200,0.016086288271489613,0.0,,,0.0,65.23406332271279,-0.005068083638136045,-0.027192974715524162,0.022124891077388117,1.0
2020-01-09,74.5045394897461,77.40750122070312,77.60749816894531,76.55000305175781,76.80999755859375,170108400,0.021240813976545425,0.03089728180694129,,,0.0,79.0705232993173,0.18338924706546322,0.014923469640673318,0.1684657774247899,1.0
2020-01-10,74.67298889160156,77.5824966430664,78.1675033569336,77.0625,77.6500015258789,140644800,0.0022607036734636488,0.04337153015548845,,,0.0,80.002145422752,0.34291084473328226,0.08052094465919511,0.26238990007408713,1.0
2020-01-13,76.268310546875,79.23999786376953,79.26750183105469,77.7874984741211,77.91000366210938,121532000,0.02136437073337283,0.057238173318270746,,,0.0,86.24668740281552,0.5962066571532318,0.18365808715800247,0.4125485699952294,1.0
2020-01-14,75.23844909667969,78.16999816894531,79.39250183105469,78.0425033569336,79.17500305175781,161954400,-0.013503277683875936,0.047890268862314844,,,0.0,70.86326915698876,0.7025073133691819,0.28742793240023834,0.4150793809689436,0.7808500232046115
2020-01-15,74.9159927368164,77.83499908447266,78.875,77.38749694824219,77.9625015258789,121923600,-0.004285519922216707,0.02688081345313953,,,0.0,66.84338525471273,0.7510619482429064,0.380154735568772,0.3709072126741344,0.7122378152350385
2020-01-16,75.85443878173828,78.80999755859375,78.92500305175781,78.02249908447266,78.39749908447266,108829200,0.012526478905240834,0.018118351784691455,,,0.0,71.84874294498188,0.8583218743759318,0.475788163330204,0.38253371104572775,0.9119302955345577
2020-01-17,76.69422912597656,79.68250274658203,79.68499755859375,78.75,79.06749725341797,137816400,0.011070996257037002,0.027068039756146467,,,0.0,75.42412668019489,1.0021775366344627,0.5810660379910558,0.4211114986434069,1.0
2020-01-21,76.17445373535156,79.14250183105469,79.75499725341797,79.0,79.29750061035156,110843200,-0.006776907061324833,-0.0012303891386072907,,,0.0,69.53764236285933,1.0603871415911499,0.6769302587110747,0.3834568828800752,0.8985914645416134
2020-01-22,76.44637298583984,79.42500305175781,79.99749755859375,79.32749938964844,79.6449966430664,101832400,0.003569526034268966,0.0160548153026705,,,0.0,70.82065732590162,1.1164444834042655,0.7648331036497129,0.3516113797545526,0.9516432913681176
2020-01-23,76.81453704833984,79.80750274658203,79.88999938964844,78.9124984741211,79.4800033569336,104472000,0.004815859995308536,0.025342117110692897,,,0.0,72.50897654644126,1.17815383531331,0.8474972499824325,0.3306565853308776,1.0
2020-01-24,76.5931396484375,79.57749938964844,80.8324966430664,79.37999725341797,80.0625,146537600,-0.002881976618964499,0.00973863538676123,,,0.0,69.89028912264459,1.1947275174774035,0.9169433034814267,0.27778421399597675,0.9577975846337123
2020-01-27,74.34091186523438,77.23750305175781,77.94249725341797,76.22000122070312,77.51499938964844,161940000,-0.029405250929448234,-0.030684273341666568,,,0.0,50.07571531316947,1.0074310931590986,0.9350408614169611,0.07239023174213755,0.5284408190463125
2020-01-28,76.44397735595703,79.42250061035156,79.5999984741211,78.04750061035156,78.1500015258789,162234000,0.02828933448469395,0.003537906596566609,,,0.0,61.151264051482265,1.0235099837017145,0.9527346858739119,0.07077529782780267,0.9293574655312644
2020-01-29,78.04410552978516,81.08499908447266,81.9625015258789,80.34500122070312,81.11250305175781,216229200,0.020932336067801982,0.020900169580517325,,,0.0,67.12695721179881,1.1570644345273706,0.9936006356046037,0.16346379892276697,1.0
2020-01-30,77.9310302734375,80.96749877929688,81.02249908447266,79.6875,80.13500213623047,126743200,-0.0014491004070108504,0.014534924572170205,78.00912513732911,,0.0,66.35014561616032,1.2391419493251448,1.042708898348712,0.1964330509764327,0.9825343308531426
2020-01-31,74.47565460205078,77.37750244140625,80.66999816894531,77.07250213623047,80.23249816894531,199588400,-0.04433873334381144,-0.02764596732890512,78.12362518310547,,0.28064707161180324,48.05313442272861,1.002944944513601,1.0347561075816898,-0.031811163068088844,0.44890432723548884
2020-02-03,74.27115631103516,77.16500091552734,78.37249755859375,75.55500030517578,76.07499694824219,173788400,-0.0027462960056099384,-0.0009386908349676704,78.26400032043458,,0.2779767449914275,47.2230072227958,0.7895090504228932,0.9857066961499306,-0.19619764572703735,0.4173173340046973
2020-02-04,76.72309112548828,79.7125015258789,79.91000366210938,78.40750122070312,78.82749938964844,136616400,0.03301367951955725,0.0036513697415558877,78.5021255493164,,0.2985609565226345,56.84728184800122,0.8165093638508552,0.9518672296901155,-0.13535786583926035,0.795987012736636
2020-02-05,77.3487319946289,80.36250305175781,81.19000244140625,79.73750305175781,80.87999725341797,118826800,0.008154323518098083,-0.008910353836992235,78.79037551879883,,0.2975025230819666,58.90640474668327,0.8802104791268874,0.93753587957747,-0.05732540045058254,0.8926055838881726
2020-02-06,78.25349426269531,81.30249786376953,81.30500030517578,80.06500244140625,80.64250183105469,105425600,0.011696932976394514,0.00413745131717369,79.06562538146973,,0.29551861890780534,61.7489856358085,0.9950732128042006,0.9490433462228162,0.046029866581384415,1.0
2020-02-07,77.18978881835938,80.00749969482422,80.8499984741211,79.5,80.59249877929688,117684000,-0.015928147387491265,0.03398917218101638,79.19562530517578,,0.2956718137054249,56.00163395491276,0.9704208201534072,0.9533188410089344,0.017101979144472867,0.8135351726638068
2020-02-10,77.55640411376953,80.38749694824219,80.38749694824219,78.4625015258789,78.54499816894531,109348800,0.0047495204183034545,0.041761109239699445,79.33587532043457,,0.2958530573598323,57.25876625608167,0.9703605119942154,0.9567271752059906,0.01363333678822476,0.8682504023420979
2020-02-11,77.08848571777344,79.90249633789062,80.9749984741211,79.67749786376953,80.9000015258789,94323200,-0.006033284139495332,0.00238350081072336,79.36900024414062,,0.28787606974098,55.09503455686912,0.9205655151805416,0.9494948432009009,-0.0289293280203593,0.7984158981429097
2020-02-12,78.91917419433594,81.80000305175781,81.80500030517578,80.36750030517578,80.36750030517578,113730400,0.023747777614394394,0.017887695696513717,79.55050048828124,,0.29401896714366027,61.2626470760589,1.0224296228836778,0.9640817991374563,0.058347823746221494,1.0
2020-02-13,78.35717010498047,81.21749877929688,81.55500030517578,80.8375015258789,81.04750061035156,94747600,-0.007121078859769314,-0.0010454670730422055,79.71962547302246,,0.29504921614147006,58.60171658645865,1.0441184875501222,0.9800891368199895,0.0640293507301326,0.9217327658318162
2020-02-14,78.37648010253906,81.23750305175781,81.49500274658203,80.7125015258789,81.18499755859375,80113600,0.0002463049559713326,0.01537360074524563,79.84100074768067,,0.29261073799052617,58.66811097194841,1.0508081840229977,0.9942329462605912,0.05657523776240647,0.9244206071938198
2020-02-18,76.94135284423828,79.75,79.9375,78.65249633789062,78.83999633789062,152531200,-0.018310546187148335,-0.007930299766052418,79.84437561035156,,0.29862910644907303,51.990885733617,0.9254131650621105,0.9804689900208952,-0.055055824958784694,0.7245546917285833
2020-02-19,78.05567932128906,80.90499877929688,81.14250183105469,80.0,80.0,93984000,0.014482743314067292,0.0125465722268161,79.93250045776367,,0.30155151704817756,56.162885052430774,0.9087598401214336,0.9661271600410029,-0.057367319919569226,0.8797442142728272
2020-02-20,77.2549057006836,80.07499694824219,81.1624984741211,79.55249786376953,80.65750122070312,100566000,-0.010258968463974338,-0.021088093388262452,79.96500015258789,,0.3041394586500764,52.62384619818596,0.8191451535439143,0.9367307587415852,-0.11758560519767092,0.7682223753054831
2020-02-21,75.50624084472656,78.26249694824219,80.11250305175781,77.625,79.65499877929688,129554000,-0.02263503052234317,-0.036383807374870125,79.8877498626709,,0.314504603465228,45.8319926965515,0.5950123346749905,0.8683870739282662,-0.2733747392532757,0.524688776263347
2020-02-24,71.9196548461914,74.54499816894531,76.04499816894531,72.30750274658203,74.31500244140625,222195200,-0.047500385551912494,-0.08238196191909775,79.63612480163575,,0.3556311414231199,35.66476422421867,0.11607632228763975,0.7179249236001409,-0.6018486013125012,0.025193130935393396
2020-02-25,69.48357391357422,72.0199966430664,75.63249969482422,71.53250122070312,75.23750305175781,230673600,-0.033872179058296537,-0.09692794177973163,79.37524948120117,,0.3603488013548853,30.68552596250973,-0.46190587549095596,0.4819587637819216,-0.9438646392728776,0.0
2020-02-26,70.58586120605469,73.1624984741211,74.47000122070312,71.625,71.63249969482422,198054800,0.015863675150069367,-0.09569866413689443,79.06224937438965,,0.3484293919883872,35.100658873753815,-0.8183372989029749,0.22189955124494232,-1.0402368501479171,0.1168201515736591
2020-02-27,65.9718017578125,68.37999725341797,71.5,68.23999786376953,70.2750015258789,320605600,-0.06536820530254006,-0.14605057933856025,78.42699928283692,,0.3980922426603285,27.27014637642533,-1.4697769753200163,-0.1164357540680494,-1.3533412212519669,0.0
2020-02-28,65.93318939208984,68.33999633789062,69.60250091552734,64.09249877929688,64.31500244140625,426510000,-0.0005849797767482068,-0.12678487139138517,77.79562416076661,,0.3982977974044229,27.21545862074538,-1.9666055472521293,-0.4864697127048654,-1.480135834547264,0.0
2020-03-02,72.07160949707031,74.70249938964844,75.36000061035156,69.43000030517578,70.56999969482422,341397200,0.09310072274952952,0.002112834188367385,77.66187400817871,,0.5144586987092978,45.8252754704623,-1.8258971416769327,-0.7543551984992789,-1.0715419431776538,0.4726968705894356
2020-03-03,69.78266906738281,72.33000183105469,76.0,71.44999694824219,75.9175033569336,319475600,-0.0317592795151177,0.004304432136045255,77.42012405395508,,0.5257506330151782,41.55827299595576,-1.8841066332459633,-0.9803054854486158,-0.9038011477973474,0.29643413840599014
2020-03-04,73.01953125,75.68499755859375,75.8499984741211,73.28250122070312,74.11000061035156,219178400,0.04638456577639127,0.03447803365223945,77.21874885559082,,0.5397582006663962,48.81632617872426,-1.6406060727827452,-1.1123656029154418,-0.5282404698673033,0.5456907546068256
2020-03-05,70.65098571777344,73.2300033569336,74.88749694824219,72.85250091552734,73.87999725341797,187572800,-0.03243699915243503,0.07092726379530823,76.86212387084962,,0.5487393934576725,44.46466282364832,-1.6269729081900692,-1.2152870639703675,-0.4116858442197018,0.3632990029644661
2020-03-06,69.71272277832031,72.25749969482422,72.70500183105469,70.30750274658203,70.5,226176800,-0.013280125870939186,0.05732372793180218,76.40987396240234,,0.5463740213813262,42.835662592610326,-1.6753292917892537,-1.3072955095341448,-0.36803378225510897,0.2910476525169621
2020-03-09,64.19900512695312,66.5425033569336,69.52249908447266,65.75,65.9375,286744800,-0.07909208541712087,-0.10923323984318489,75.73662414550782,,0.6054412081316407,34.77331328776768,-2.150020419377725,-1.475840491502861,-0.6741799278748641,0.0
2020-03-10,68.82271575927734,71.33499908447266,71.61000061035156,67.34249877929688,69.28500366210938,285290000,0.07202157246522778,-0.013756431928567014,75.28399925231933,,0.6687267583377341,44.24953245098988,-2.115120413788617,-1.603696475960012,-0.5114239378286047,0.3141075420873064
2020-03-11,66.4324722290039,68.85749816894531,70.30500030517578,67.96499633789062,69.34750366210938,255598800,-0.03473051023093954,-0.09020941547051953,74.73174934387207,,0.676954182952641,40.9383939193827,-2.261308568895771,-1.735218894547164,-0.526089674348607,0.15172832104312814
2020-03-12,59.8719596862793,62.057498931884766,67.5,62.0,63.98500061035156,418474000,-0.09875466605505201,-0.1525673072905982,73.74462413787842,,0.7408662007737384,33.52360064866738,-2.8925236316210743,-1.9666798419619462,-0.9258437896591281,0.0
2020-03-13,67.04511260986328,69.49250030517578,69.9800033569336,63.23749923706055,66.22250366210938,370732000,0.11980826654731591,-0.03826591566724935,73.15837421417237,76.45169975280761,0.8778380800904594,45.20879568118975,-2.7609965925066007,-2.1255431920708774,-0.6354534004357233,0.37659869934163276
2020-03-16,58.41996765136719,60.5525016784668,64.7699966430664,60.0,60.48749923706055,322423600,-0.12864695596573805,-0.09001767857058918,72.1241241455078,76.16099975585938,0.9784843568204651,36.82638949187659,-3.3396462774677076,-2.3683638091502437,-0.9712824683174639,0.0
2020-03-17,60.98868942260742,63.21500015258789,64.40249633789062,59.599998474121094,61.877498626708984,324056000,0.04397008216537346,-0.11382910262982293,71.29737415313721,75.93814979553223,0.9985820306807962,40.37232042009911,-3.5425526050433263,-2.6032015683288603,-0.939351036714466,0.1253087799522613
2020-03-18,59.495689392089844,61.66749954223633,62.5,59.279998779296875,59.942501068115234,300233600,-0.024479958975183402,-0.10441852837969745,70.33549919128419,75.67249984741211,0.9956590933776633,39.00204430021745,-3.7846011712910865,-2.839481488921306,-0.9451196823697807,0.052476658039948616
2020-03-19,59.03983688354492,61.19499969482422,63.209999084472656,60.65250015258789,61.84749984741211,271857200,-0.007662056203340817,-0.013898388621933377,69.39149932861328,75.4044497680664,0.9957485872870728,38.5715700072141,-3.96880329881391,-3.065345850899827,-0.9034574479140831,0.0302387563163106
2020-03-20,55.291656494140625,57.310001373291016,62.95750045776367,57.0,61.79499816894531,401693200,-0.06348555177559367,-0.17530667163198066,68.34387454986572,75.0346997833252,1.0122383513126756,35.13753305846595,-4.377807073390684,-3.3278380953979987,-1.0499689779926857,0.0
2020-03-23,54.11703109741211,56.092498779296875,57.125,53.15250015258789,57.02000045776367,336752800,-0.02124415572883842,-0.07365513852511818,67.4212495803833,74.60839973449707,1.0048132925551825,34.11255254752233,-4.745484800874692,-3.611367436493338,-1.1341173643813542,0.0
2020-03-24,59.54634475708008,61.720001220703125,61.92250061035156,58.57500076293945,59.09000015258789,287531200,0.10032540114763622,-0.023649433335065195,66.90624980926513,74.2911498260498,1.0767819673101557,42.46656511127042,-4.530554223938026,-3.7952047939822755,-0.7353494299557504,0.21890504740418112
2020-03-25,59.21831512451172,61.380001068115234,64.5625,61.07500076293945,62.6875,303602000,-0.0055087515531973,-0.00466207445178124,66.31712493896484,73.93394989013672,1.0738257041349886,42.11909331597693,-4.337653593508186,-3.903694553887458,-0.43395903962072824,0.20567933132593408
2020-03-26,62.33456802368164,64.61000061035156,64.66999816894531,61.59000015258789,61.630001068115234,252087200,0.052622995862315225,0.05580522808330324,66.12862510681153,73.66274993896485,1.0698087378536725,46.590070564116154,-3.879424890018555,-3.8988406211136772,0.01941573109512218,0.331323559875045
2020-03-27,59.753780364990234,61.935001373291016,63.967498779296875,61.76250076293945,63.1875,204216800,-0.04140224751262378,0.08070144633001974,65.80837535858154,73.34474998474121,1.079531910347453,43.587229899210556,-3.689594079813361,-3.856991312853614,0.1673972330402531,0.22726837004760897
2020-03-30,61.45901870727539,63.70249938964844,63.880001068115234,62.349998474121094,62.685001373291016,167976400,0.028537950709074167,0.13566877525449672,65.25837535858155,73.0426000213623,1.0265570984167967,46.06101323846372,-3.357822588121927,-3.757157567907277,0.39933497978535026,0.2960225360539469
2020-03-31,61.33360290527344,63.5724983215332,65.62249755859375,63.0,63.900001525878906,197002000,-0.002040753021636643,0.030014534416578753,64.82050018310547,72.72039993286133,1.0220539326800122,45.901577925558655,-3.0699923298301854,-3.619724520291859,0.5497321904616737,0.29096560533296295
2020-04-01,58.10639953613281,60.227500915527344,62.18000030517578,59.782501220703125,61.625,176218400,-0.05261705130869221,-0.018776476580848023,64.04762535095215,72.34209991455079,1.0171427794104801,41.88426655366886,-3.0763360250399145,-3.5110468212414703,0.4347107962015557,0.16084805792136242
2020-04-02,59.076011657714844,61.23249816894531,61.287498474121094,59.224998474121094,60.084999084472656,165934000,0.016686683626928822,-0.05227522689212172,63.447750091552734,71.97824981689453,1.0173359075111506,43.484664415874725,-2.966077475144786,-3.4020529520221334,0.4359754768773474,0.1999415942976091
2020-04-03,58.22700119018555,60.352500915527344,61.42499923706055,59.74250030517578,60.70000076293945,129880000,-0.014371408643005013,-0.025550987691527083,62.85250015258789,71.58914978027343,1.017433357685532,42.38404352589841,-2.916090329771464,-3.3048604275719997,0.38877009780053573,0.1657104513561816
2020-04-06,63.30657196044922,65.61750030517578,65.77749633789062,62.345001220703125,62.724998474121094,201820400,0.08723746836966395,0.030061629196271866,62.80625,71.30994979858399,1.0323235476486499,50.46264420429563,-2.4236948619455276,-3.128627314446706,0.7049324525011782,0.37051443908860987
2020-04-07,62.57334518432617,64.85749816894531,67.92500305175781,64.75,67.69999694824219,202887200,-0.011582308571582711,0.020213140608583924,62.48237495422363,71.06234970092774,0.9984743733888038,49.386179080335424,-2.0709214337818196,-2.9170861383137288,0.8461647045319092,0.3409510039073652
2020-04-08,64.17488861083984,66.51750183105469,66.84249877929688,65.30750274658203,65.68499755859375,168895200,0.02559462990362782,0.10443735535946352,62.3653751373291,70.80424972534179,0.995899449165656,51.804507604995514,-1.638509806946459,-2.661370872040275,1.022861065093816,0.40552373117469653
2020-04-09,64.63796997070312,66.99749755859375,67.51750183105469,66.17500305175781,67.17500305175781,161834800,0.0072160816976889475,0.09414934164113875,62.61237506866455,70.52249969482422,0.9248192107757832,52.51107168030092,-1.2427630349276484,-2.3776493046177496,1.1348862696901012,0.4241951557693141
2020-04-13,65.90666198730469,68.3125,68.42500305175781,66.4574966430664,67.07749938964844,131022800,0.01962763520019828,0.13189178515756805,62.55337505340576,70.26939971923828,0.8233118164412264,54.47996240694007,-0.813642001297282,-2.064847843953656,1.2512058426563741,0.4753476296722336
2020-04-14,69.23516845703125,71.76249694824219,72.0625,69.51249694824219,70.0,194994800,0.050503157522300945,0.09364874636319698,63.11387481689453,70.157099609375,0.6846864922794551,59.2530675279714,-0.1929503579801377,-1.6904683467589525,1.4975179887788148,0.6095495697624657
2020-04-15,68.60323333740234,71.10749816894531,71.5824966430664,70.15750122070312,70.5999984741211,131154400,-0.009127313111321755,0.09636511084222787,63.508499717712404,70.03594955444336,0.6749984459935261,58.00940300357676,0.24329476317036836,-1.3037157247730884,1.5470104879434567,0.584070675648324
2020-04-16,69.14832305908203,71.67250061035156,72.05000305175781,70.5875015258789,71.84500122070312,157125200,0.007945750532016405,0.07749838219104888,64.00874977111816,69.87514953613281,0.6648429897556464,58.81247162317108,0.6273810811848364,-0.9174963635815035,1.5448774447663398,0.6060487889423285
2020-04-17,68.21007537841797,70.69999694824219,71.73750305175781,69.21499633789062,71.17250061035156,215250000,-0.01356871399529369,0.05526324899538748,64.48399963378907,69.6818994140625,0.667058170725251,56.79890423646534,0.8435751284503112,-0.5652820651751407,1.408857193625452,0.5682192255665026
2020-04-20,66.79427337646484,69.23249816894531,70.41999816894531,69.2125015258789,69.48750305175781,130015200,-0.02075670215900005,0.013467493781450068,65.08012447357177,69.44049942016602,0.621988844649472,53.80530916581682,0.8862791075497114,-0.2749698306301703,1.1612489381798816,0.5111347741260365
2020-04-21,64.7296142578125,67.09249877929688,69.3125,66.35749816894531,69.06999969482422,180991600,-0.03091033035419699,-0.0650757480235602,65.63012447357178,69.18219940185547,0.6293734508031664,49.69227285953928,0.7389243921992374,-0.07219098606428873,0.8111153782635262,0.4278906222640876
2020-04-22,66.59407043457031,69.0250015258789,69.4749984741211,68.05000305175781,68.40249633789062,116862400,0.028803558993071077,-0.02928659700723224,65.99537448883056,68.95494949340821,0.5372785549149243,53.1734097435754,0.7692145136069684,0.09609011386996269,0.6731243997370057,0.5030633316060915
2020-04-23,66.33599090576172,68.75749969482422,70.4375,68.71749877929688,68.96749877929688,124814400,-0.0038754339028068685,-0.04067112059302613,66.36424942016602,68.73204956054687,0.5368397997517119,52.63051535920713,0.7628409354393568,0.22944027818384152,0.5334006572555153,0.49265773842911215
2020-04-24,68.25109100341797,70.74250030517578,70.75250244140625,69.25,69.30000305175781,126161200,0.028869586869241237,0.0006011790490558777,66.67087440490722,68.51089950561523,0.5158216848200118,56.2038625743604,0.9075016743339148,0.3650525574138562,0.5424491169200586,0.5826207610520765
2020-04-27,68.2993392944336,70.7925033569336,71.13500213623047,69.98750305175781,70.44999694824219,117087600,0.0007068318414262809,0.022532845545764735,67.11374950408936,68.30239959716796,0.48635351370213376,56.293305309581534,1.0144868080885914,0.4949394075488033,0.5195474005397881,0.5846093489726034
2020-04-28,67.19225311279297,69.6449966430664,71.4574966430664,69.55000305175781,71.2699966430664,112004800,-0.016209438280229915,0.038044459667034625,67.41087436676025,68.07054946899414,0.4861838945917181,53.58856960148583,0.9952069692336067,0.594992919885764,0.40021404934784277,0.5461963874567065
2020-04-29,69.39918518066406,71.93250274658203,72.4175033569336,70.97250366210938,71.18250274658203,137280800,0.0328452324470514,0.04212243616703204,67.8288745880127,67.91419952392579,0.49525784010574336,57.92818320206439,1.151239411787401,0.7062422182660913,0.4449971935213096,0.6383880692104849
2020-04-30,70.86323547363281,73.44999694824219,73.63249969482422,72.0875015258789,72.48999786376953,183064000,0.021096085131450115,0.06824706067331299,68.48999938964843,67.76509948730468,0.44480912367288267,60.562596353314255,1.3814211830171104,0.8412780112162952,0.5401431718008152,0.7237568849862921
2020-05-01,69.7223892211914,72.26750183105469,74.75,71.4625015258789,71.5625,240616800,-0.01609932152918625,0.0215570769947373,69.0417495727539,67.60894958496094,0.45373617638018776,57.53907861138087,1.451690240210425,0.9633604570151213,0.48832978319530373,0.7295897333187421
2020-05-04,70.7088851928711,73.29000091552734,73.42250061035156,71.58000183105469,72.2925033569336,133568000,0.014148809057535017,0.03527912476835926,69.68862457275391,67.50949966430665,0.44572762284091855,59.42537862129609,1.5717677448615746,1.0850419145844121,0.48672583027716243,0.8777595104103226
2020-05-05,71.7701187133789,74.38999938964844,75.25,73.61499786376953,73.76499938964844,147751200,0.015008847869833364,0.0681312797084388,70.12724952697754,67.5063996887207,0.3415542577054425,61.41144477372816,1.7356828447903752,1.2151701006256048,0.5205127441647703,0.9339033686548589
2020-05-06,72.51058197021484,75.15750122070312,75.80999755859375,74.71749877929688,75.11499786376953,142333600,0.010317271640702286,0.04483367533426086,70.64224967956542,67.56914978027343,0.33494925616101684,62.7803808836657,1.9055517119436303,1.35324642288921,0.5523052890544202,0.9730766175446686
2020-05-07,73.26071166992188,75.93499755859375,76.2925033569336,75.49250030517578,75.80500030517578,115215200,0.010344893394040211,0.03383254885773046,71.11312446594238,67.62459976196288,0.3283972749086851,64.16716680468735,2.0789466665883793,1.498386471629044,0.5805601949593353,1.0
2020-05-08,75.00444793701172,77.53250122070312,77.5875015258789,76.07250213623047,76.41000366210938,133838400,0.02103777854047717,0.07285431565016354,71.63987464904785,67.80764984130859,0.33224714594363775,66.89640158984737,2.318541904195257,1.6624175581422866,0.6561243460529704,1.0
2020-05-11,76.18466186523438,78.75250244140625,79.26249694824219,76.80999755859375,77.0250015258789,145946400,0.015735352290909388,0.07453269828956444,72.16187477111816,68.0158999633789,0.3306517156478612,68.84782372883873,2.5771588754340087,1.8453658216006312,0.7317930538333774,1.0
2020-05-12,75.31399536132812,77.85250091552734,79.92250061035156,77.72750091552734,79.4574966430664,162301200,-0.011428227649636025,0.046545255468313895,72.46637496948242,68.07889999389648,0.294533848875461,65.76778008877821,2.6786146841642307,2.0120155941133513,0.6665990900508794,0.9602823750914113
2020-05-13,74.40467071533203,76.9124984741211,78.98750305175781,75.80249786376953,78.0374984741211,200622400,-0.012074145728808161,0.023350926054132026,72.75662498474121,68.17054992675781,0.29648750217814046,62.616922383876584,2.652591380189236,2.1401307513285284,0.5124606288607074,0.9187994849991179
2020-05-14,74.86177825927734,77.38500213623047,77.44750213623047,75.38249969482422,76.12750244140625,158929200,0.006143392445746132,0.01909533975447686,73.04225006103516,68.20455001831054,0.29624610713491495,63.561922672839735,2.6396663899475925,2.240037879052341,0.3996285108952513,0.9396513643348422
2020-05-15,74.41915893554688,76.92749786376953,76.9749984741211,75.05249786376953,75.0875015258789,166348400,-0.005912053496561764,-0.007803222486159722,73.35362510681152,68.27849990844726,0.2914288787666964,61.92951280643733,2.5629622375112717,2.3046227507441275,0.25833948676714424,0.9194614173567688
2020-05-18,76.17256164550781,78.73999786376953,79.125,77.58000183105469,78.2925033569336,135178400,0.023561145888427948,-0.0001587832417899726,73.82900009155273,68.40814987182617,0.28304835792738653,65.6890350760175,2.6182457393060474,2.3673473484565113,0.25089839084953613,0.9994481652420194
2020-05-19,75.73239135742188,78.28500366210938,79.62999725341797,78.25250244140625,78.75749969482422,101729600,-0.005778438074729886,0.0055554123694923074,74.38862533569336,68.64299987792968,0.25112649633018735,63.98095787780074,2.5954256321546296,2.412963005196135,0.18246262695849458,0.9793689892434309
2020-05-20,77.20526123046875,79.80750274658203,79.87999725341797,79.12999725341797,79.16999816894531,111504800,0.01944815754296969,0.037640231820515124,74.92775039672851,68.81244995117187,0.24283819125271983,67.06686953299376,2.669422049163117,2.4642548139895313,0.20516723517358582,1.0
2020-05-21,76.62965393066406,79.2125015258789,80.22250366210938,78.96749877929688,79.66500091552734,102688800,-0.007455454690675767,0.023615679255668542,75.45050048828125,69.01955001831055,0.24536117213809003,64.7327614446549,2.6495112010177877,2.5013060913951826,0.14820510962260514,0.9749103469886015
2020-05-22,77.12303161621094,79.72250366210938,79.80750274658203,78.8375015258789,78.94249725341797,81803200,0.006438404625611405,0.03633298724065481,75.89950065612793,69.37285011291505,0.23164033160116948,65.83047907614767,2.6444016049221233,2.529925194100571,0.11447641082155213,0.9964158098143305
2020-05-26,76.60066223144531,79.18250274658203,81.05999755859375,79.125,80.875,125522000,-0.006773506735514134,0.005619823403832047,76.31900062561036,69.56665016174317,0.2354382869878884,63.57412746717824,2.5671857331820576,2.5373773019168686,0.02980843126518895,0.9736453765362136
2020-05-27,76.93438720703125,79.52749633789062,79.67749786376953,78.27249908447266,79.03500366210938,112945200,0.0043569422453433315,0.015871400877031983,76.81312561035156,69.94615005493164,0.22090091717723337,64.41333290973729,2.504954145989444,2.530892670731384,-0.025938524741939695,0.9881928584503855
2020-05-28,76.96825408935547,79.5625,80.86000061035156,78.90750122070312,79.19249725341797,133560800,0.0004401454053155618,-0.0030699212248253005,77.19462547302246,70.27310005187988,0.19898627693224522,64.50269244067178,2.4304430333886984,2.510802743262847,-0.08035970987414842,0.9896688717859794
2020-05-29,76.89328002929688,79.48500061035156,80.2874984741211,79.11750030517578,79.8125,153532400,-0.0009740693121563782,0.0034401019942997824,77.49637565612792,70.62945007324218,0.19074701911237898,64.11880099034809,2.3381857370669934,2.4762793420236764,-0.138093604956683,0.9864009242134069
2020-06-01,77.83892059326172,80.4625015258789,80.5875015258789,79.30249786376953,79.4375,80791200,0.012297929269941221,0.009282170400792822,77.90612564086913,71.01480010986329,0.17716237449463346,66.8025328432405,2.317235669255112,2.4444706074699636,-0.12723493821485166,1.0
2020-06-02,78.19925689697266,80.83499908447266,80.86000061035156,79.73249816894531,80.1875,87642800,0.004629455355348977,0.02086946333559725,78.2833755493164,71.48530006408691,0.17415583319130118,67.79117250735828,2.3041294593272994,2.4164023778414307,-0.11227291851413135,1.0
2020-06-03,78.6297378540039,81.27999877929688,81.55000305175781,80.57499694824219,81.16500091552734,104491200,0.005505037420229231,0.022036434215913836,78.62787551879883,71.98905006408691,0.17010895401765772,68.97967577214271,2.303101726813395,2.393742247635824,-0.0906405208224288,1.0
2020-06-04,77.95256805419922,80.58000183105469,81.40499877929688,80.19499969482422,81.09750366210938,87560400,-0.008612167307518348,0.012788711152297738,78.89900054931641,72.36625007629395,0.1747209292729399,64.92146242606276,2.2202101373565313,2.3590358255799653,-0.138825688223434,0.9667499337716664
2020-06-05,80.17273712158203,82.875,82.9375,80.80750274658203,80.8375015258789,137250400,0.02848098928760323,0.04264954851377256,79.24600067138672,72.79615005493164,0.1947879689071385,70.95481555281799,2.313041821346289,2.34983702473323,-0.0367952033869412,1.0
2020-06-08,80.64675903320312,83.36499786376953,83.4000015258789,81.83000183105469,82.5625,95654400,0.005912493077158798,0.03607265847877117,79.53762550354004,73.17125,0.18485380426717674,72.05976851911133,2.3985018954127924,2.3595699988691425,0.03893189654364981,1.0
2020-06-09,83.19342041015625,85.99749755859375,86.40249633789062,83.00250244140625,83.03500366210938,147712400,0.03157799750833212,0.0638646444311366,79.89987525939941,73.65249992370606,0.20589426413955886,77.10012821693172,2.6481244146199856,2.4172808820193112,0.23084353260067436,1.0
2020-06-10,85.33378601074219,88.20999908447266,88.69249725341797,86.52249908447266,86.9749984741211,166651600,0.025727510551937005,0.08526083180676602,80.41775016784668,74.14264991760254,0.20999778276311995,80.3143842449129,2.9900154056402215,2.5318277867434933,0.4581876188967282,1.0
2020-06-11,81.23688507080078,83.9749984741211,87.76499938964844,83.87000274658203,87.32749938964844,201662400,-0.0480104370741008,0.0421320000734724,80.77087516784668,74.5506999206543,0.2791612543681161,62.291290990671015,2.885969661532414,2.602656161701278,0.2833134998311362,0.8486553779157744
2020-06-12,81.93827056884766,84.69999694824219,86.94999694824219,83.55500030517578,86.18000030517578,200146000,0.008633503867755632,0.022021079315139414,81.13662490844726,75.04014984130859,0.2794894843064789,63.78938873640868,2.8293984336110896,2.6480046160832402,0.18139381752784933,0.874001530397898
2020-06-15,82.95155334472656,85.74749755859375,86.41999816894531,83.1449966430664,83.3125,138808800,0.012367185927901092,0.028579136998450716,81.57762489318847,75.53044982910156,0.27783288691284813,65.89746823165147,2.836393691950221,2.6856824312566365,0.15071126069358431,0.9116036368038237
2020-06-16,85.14996337890625,88.0199966430664,88.30000305175781,86.18000030517578,87.86499786376953,165428800,0.026502220463282766,0.023518115548590623,82.04162483215332,76.08379974365235,0.2805391998937033,69.98054915027198,2.990832710869583,2.7467124871792263,0.24412022369035657,0.9918637219159719
2020-06-17,85.03148651123047,87.89749908447266,88.8499984741211,87.77249908447266,88.7874984741211,114406400,-0.0013917014685934648,-0.003542682272343556,82.52224960327149,76.52939971923828,0.27857652472150757,69.49751367007484,3.0679764935439806,2.810965288452177,0.2570112050918034,0.9866181356279398
2020-06-18,85.06536102294922,87.93250274658203,88.36250305175781,87.30500030517578,87.85250091552734,96820400,0.0003982327423870391,0.0471271729011169,82.92849960327149,76.99089981079102,0.2745159574963922,69.56216629452285,3.096246398958087,2.8680215105533593,0.22822488840472754,0.9872077274161276
2020-06-19,84.5792236328125,87.43000030517578,89.13999938964844,86.2874984741211,88.66000366210938,264476000,-0.005714638224894375,0.03223144575320136,83.33937454223633,77.40914978027344,0.27353595065501984,67.35502421415617,3.0430246611622636,2.9030221406751404,0.14000252048712314,0.9632292882409323
2020-06-22,86.7921371459961,89.71749877929688,89.86499786376953,87.7874984741211,87.83499908447266,135445200,0.0261637706294926,0.0462987414646161,83.8391242980957,77.8635498046875,0.28360221038351285,71.7493561832275,3.149126885483909,2.9522430896368945,0.19688379584701465,1.0
2020-06-23,88.64469909667969,91.63249969482422,93.09500122070312,90.56749725341797,91.0,212155600,0.021344787155047618,0.04104184491629814,84.46162414550781,78.32994979858398,0.284267922095587,74.80676369473514,3.349131528735427,3.031620777456601,0.3175107512788258,1.0
2020-06-24,87.07992553710938,90.01499938964844,92.19750213623047,89.62999725341797,91.25,192623200,-0.017652037329143666,0.024090563750178928,84.9859992980957,78.6949998474121,0.2978858046841751,68.10254195808045,3.3386322188616333,3.093023065737608,0.24560915312402543,0.9340871945871717
2020-06-25,88.23596954345703,91.20999908447266,91.25,89.39250183105469,90.17500305175781,137522400,0.013275561883319131,0.03727286538558139,85.56837425231933,79.09704986572265,0.29797474798676893,70.2255852189056,3.3876867840021987,3.151955809390526,0.23573097461167247,0.9827831868545599
2020-06-26,85.52484893798828,88.40750122070312,91.33000183105469,88.25499725341797,91.10250091552734,205256800,-0.030725774497311842,0.011180383302245911,86.01449928283691,79.43174987792969,0.32596532416784474,60.11955274965037,3.163952647512474,3.154355177014916,0.009597470497558103,0.868581974172604
2020-06-29,87.49590301513672,90.44499969482422,90.5425033569336,87.81999969482422,88.3125,130646000,0.02304666963762081,0.00810879622621874,86.51362419128418,79.82664993286133,0.33111519768041525,64.15799856626828,3.1151414200214873,3.1465124256162302,-0.03137100559474293,0.9516096187572419
2020-06-30,88.22628784179688,91.19999694824219,91.49500274658203,90.0,90.0199966430664,140223200,0.008347584233129979,-0.0047199710585486,87.03187408447266,80.26599990844727,0.33116324512992346,65.55011259477679,3.1016265193251797,3.1375352443580202,-0.03590872503284048,0.9823756018562994
2020-07-01,88.05941772460938,91.02749633789062,91.83999633789062,90.97750091552734,91.27999877929688,110737200,-0.0018914541241646932,0.01124809148594652,87.51924896240234,80.74469985961915,0.33242489984300827,64.92959344561412,3.04193101830343,3.1184143991471025,-0.07648338084367268,0.9735517658171107
2020-07-02,88.05941772460938,91.02749633789062,92.61750030517578,90.91000366210938,91.9625015258789,114041600,0.0,-0.0020009072296229835,88.04162368774413,81.18474975585937,0.32882832485679375,64.92959344561412,2.960495158319972,3.0868305509816762,-0.12633539266170413,0.9735517658171107
2020-07-06,90.41502380371094,93.4625015258789,93.94499969482422,92.46749877929688,92.5,118655600,0.026750215989129744,0.05717840947179731,88.57099876403808,81.67884979248046,0.32733524121997093,69.63534241606838,3.0571997256560053,3.080904385916542,-0.02370466026053686,1.0
2020-07-07,90.13450622558594,93.17250061035156,94.65499877929688,93.05750274658203,93.85250091552734,112424400,-0.003102858481131565,0.03015645889469143,89.06137390136719,82.12744979858398,0.3290123286352155,68.45721744972857,3.0749915532343977,3.0797218193801137,-0.004730266145716033,0.9878240429904722
2020-07-08,92.23373413085938,95.34249877929688,95.375,94.08999633789062,94.18000030517578,117092000,0.023290114086561564,0.04542217072008947,89.52862396240235,82.61844970703125,0.32162632141791586,72.24164389560566,3.2269936475409082,3.1091761850122728,0.11781746252863545,1.0
2020-07-09,92.63036346435547,95.75250244140625,96.31749725341797,94.67250061035156,96.26249694824219,125642800,0.004300324276778955,0.05190745976332889,89.90574913024902,83.14059982299804,0.3125002187623851,72.90314712955019,3.342015595926071,3.1557440671950325,0.18627152873103858,1.0
2020-07-10,92.79240417480469,95.91999816894531,95.9800033569336,94.70500183105469,95.33499908447266,90257200,0.0017492569203771957,0.05374751616691631,90.50299911499023,83.62034973144532,0.24456523771847305,73.18429072749188,3.407408341775948,3.2060769221112158,0.20133141966473245,1.0
2020-07-13,92.36431884765625,95.47750091552734,99.95500183105469,95.25749969482422,97.26499938964844,191649200,-0.004613190803429701,0.021559442094437165,91.0418743133545,84.06089981079101,0.24773663906612436,71.08590947012803,3.38451218407198,3.241763974503369,0.142748209568611,0.9812917314478514
2020-07-14,93.89281463623047,97.05750274658203,97.25499725341797,93.87750244140625,94.83999633789062,170989200,0.016548420475024583,0.04169687526663668,91.60737457275391,84.55669982910156,0.24957237766983406,73.95725217525472,3.4540436916635855,3.2842199179354123,0.16982377372817314,1.0
2020-07-15,94.53852081298828,97.7249984741211,99.24749755859375,96.48999786376953,98.98999786376953,153198000,0.006877322295030686,0.024988853085750717,92.09262466430664,85.04539978027344,0.23798860945904368,75.08301416839161,3.522405145202427,3.3318569633888155,0.19054818181361144,1.0
2020-07-16,93.37525177001953,96.52249908447266,97.40499877929688,95.90499877929688,96.5625,110577600,-0.012304931270650021,0.008041530230894933,92.52387466430665,85.48804977416992,0.24513439039433552,69.27339941428303,3.4398974421603157,3.3534650591431157,0.08643238301720002,0.946715429888163
2020-07-17,93.18661499023438,96.32749938964844,97.14749908447266,95.83999633789062,96.98750305175781,92186800,-0.0020202512022980956,0.0042483447506471705,92.94362449645996,85.91144973754882,0.24586019702028758,68.34981471869042,3.32049801321358,3.3468716499572086,-0.02637363674362847,0.9358651204334364
2020-07-20,95.15040588378906,98.35749816894531,98.5,96.0625,96.4175033569336,90318000,0.0210739279246257,0.030164145749541627,93.48999938964843,86.35989974975585,0.24919960289561255,72.46543233865324,3.3510482434332545,3.347706968652418,0.0033412747808365673,1.0
2020-07-21,93.8371810913086,97.0,99.25,96.74250030517578,99.17250061035156,103433200,-0.013801674444927303,-0.0005924606027848389,93.8541244506836,86.7492497253418,0.2467256262747208,66.26044018184324,3.228504572795657,3.323866489481066,-0.09536191668540894,0.9366986156090762
2020-07-22,94.10081481933594,97.27249908447266,97.9749984741211,96.60250091552734,96.69249725341797,89001600,0.0028092689120893244,-0.004630334067165731,94.13612442016601,87.11964965820313,0.23808924166439108,66.87362964110565,3.117440318233605,3.282581255231574,-0.16514093699796906,0.9494054977890943
2020-07-23,89.81765747070312,92.84500122070312,97.07749938964844,92.01000213623047,96.99749755859375,197004400,-0.04551643995416055,-0.03809990311741862,94.27762451171876,87.41949966430664,0.28601834385596053,50.73854427503045,2.6417070662021302,3.1544064174256854,-0.5126993512235551,0.7429472125582433
2020-07-24,89.59516143798828,92.61499786376953,92.97000122070312,89.1449966430664,90.98750305175781,185438800,-0.0024772831483609314,-0.03854041212947612,94.34787445068359,87.73354965209961,0.28301609922636944,50.062785214816536,2.2205288138727894,2.9676308967151064,-0.7471020828423169,0.7320345206066633
2020-07-27,91.71858215332031,94.80999755859375,94.90499877929688,93.4800033569336,93.70999908447266,121214000,0.023700261787544585,-0.036067414039528956,94.66799926757812,88.08204956054688,0.2678403015424926,56.07519641842511,2.0403403717332225,2.7821727917187298,-0.7418324199855073,0.8344610098071362
2020-07-28,90.2118911743164,93.25250244140625,94.55000305175781,93.24749755859375,94.36750030517578,103625600,-0.0164275409481468,-0.038633995449420144,94.80837440490723,88.40854965209961,0.2665506875185491,51.35077853741679,1.7516707239937261,2.576072378173729,-0.824401654180003,0.7456720824708413
2020-07-29,91.94107818603516,95.04000091552734,95.2300033569336,93.7125015258789,93.75,90329200,0.01916837004180394,-0.022950969595286974,95.00037460327148,88.73454971313477,0.272842194504915,55.93891530016094,1.6481354569027218,2.390484993919528,-0.7423495370168061,0.8347242166493978
2020-07-30,93.05359649658203,96.19000244140625,96.29750061035156,93.76750183105469,94.1875,158130000,0.01210018428872961,0.036027800923301045,95.25849990844726,89.0926496887207,0.2745704078345052,58.641402721493435,1.6399739254126047,2.2403827802181433,-0.6004088548055386,0.8869623861807461
2020-07-31,102.79524993896484,106.26000213623047,106.41500091552734,100.82499694824219,102.88500213623047,374336800,0.10468863124271488,0.1473303955859484,96.02012519836425,89.62169967651367,0.4532257356487292,73.7970482269169,2.4181952205511976,2.275945268284754,0.14224995226644355,1.0
2020-08-03,105.38542938232422,108.9375,111.63749694824219,107.89250183105469,108.19999694824219,308151200,0.02519760784812375,0.14900857299015624,96.79387512207032,90.2161996459961,0.4524129346568508,76.28538457158602,3.2139445523644667,2.463545125100697,0.75039942726377,1.0
2020-08-04,106.0892105102539,109.66500091552734,110.79000091552734,108.38749694824219,109.13249969482422,173071600,0.006678149540124689,0.17600062244371006,97.61850013732911,90.81504959106445,0.45053980908094576,76.92653620896596,3.858802995879998,2.742596699256557,1.116206296623441,1.0
2020-08-05,106.47376251220703,110.0625,110.39250183105469,108.89749908447266,109.37750244140625,121776800,0.0036246667683779155,0.1580650140967994,98.35450019836426,91.43264953613281,0.4474038921180787,77.28785462747112,4.3517683359041825,3.064431026586082,1.2873373093181004,1.0
2020-08-06,110.18856048583984,113.90249633789062,114.4124984741211,109.79750061035156,110.40499877929688,202428800,0.03488923418867129,0.18414069494669016,99.26199989318847,92.12014953613281,0.4575025680009976,80.46961501087334,4.994726434547971,3.4504901081784602,1.5442363263695107,1.0
2020-08-07,107.68333435058594,111.11250305175781,113.67500305175781,110.2925033569336,113.20500183105469,198045600,-0.02449457541173039,0.04566629792935828,100.0216251373291,92.75114959716797,0.4723367380217527,72.52036224094238,5.218985008272,3.8041890881971687,1.4147959200748312,0.9189367725002605
2020-08-10,109.24848937988281,112.72750091552734,113.7750015258789,110.0,112.5999984741211,212403600,0.014534798689731954,0.034790599339321604,100.88412513732911,93.41599960327149,0.47055750412484076,74.1144259038212,5.464042295812064,4.1361597297201484,1.3278825660919154,0.964862571631105
2020-08-11,105.99944305419922,109.375,112.48249816894531,109.10749816894531,111.97000122070312,187902400,-0.029739867275506704,-0.0026444254147294233,101.5,93.9942495727539,0.48870903557269996,65.60650927134421,5.326334487423196,4.374194681260758,0.952139806162438,0.8641309300250066
2020-08-12,109.52224731445312,113.01000213623047,113.2750015258789,110.29750061035156,110.49749755859375,165598000,0.03323430524553572,0.026780257910100858,102.26425018310547,94.63774963378906,0.49789935991733597,69.67176658127688,5.447716466220399,4.588899038252687,0.8588174279677121,0.9732164648874931
2020-08-13,111.46054077148438,115.01000213623047,116.0425033569336,113.92749786376953,114.43000030517578,210082000,0.017697548554941767,0.009723279418340836,103.18862533569336,95.31234970092774,0.49324246984497644,71.65681217570861,5.640278227771262,4.799174876156402,0.8411033516148594,1.0
2020-08-14,111.3612060546875,114.90750122070312,115.0,113.04499816894531,114.83000183105469,165565200,-0.0008912347937002352,0.0341545556504792,104.1176254272461,95.9988996887207,0.4929166126738976,71.39888492202569,5.718692318599295,4.983078364644981,0.7356139539543145,0.9968103031363492
2020-08-17,111.07044982910156,114.60749816894531,116.0875015258789,113.9625015258789,116.0625,119561600,-0.002610822170622251,0.01667736123083885,104.9301254272461,96.6335496520996,0.4925843062988324,70.59791859430521,5.691025709636605,5.124667833643306,0.5663578759932992,0.9872806474026792
2020-08-18,111.9959945678711,115.5625,116.0,114.00749969482422,114.35250091552734,105633600,0.008332804103680092,0.056571428571428495,105.85825042724609,97.27749969482421,0.48573894570164944,71.68678652756273,5.6806770799107795,5.2358696828968005,0.444807397013979,1.0
2020-08-19,112.13652038574219,115.7074966430664,117.1624984741211,115.61000061035156,115.98249816894531,145538000,0.0012547032390819446,0.023869520005708633,106.78000030517578,97.87169967651367,0.4860425231867286,71.85719958564417,5.619398802166103,5.312575506750662,0.30682329541544107,1.0
2020-08-20,114.6247787475586,118.2750015258789,118.39250183105469,115.73249816894531,115.75,126907200,0.02218961568871136,0.02838882991916658,108.05150032043457,98.4729997253418,0.4425174494054432,74.7547523660541,5.712165227038739,5.392493450808278,0.31967177623046084,1.0
2020-08-21,120.53166198730469,124.37000274658203,124.86750030517578,119.25,119.26249694824219,338054800,0.05153245522782357,0.08234885821513305,109.63925056457519,99.28089981079101,0.45942613242178365,80.01508830872135,6.205960498011692,5.555186860248961,0.6507736377627307,1.0
2020-08-24,121.97325897216797,125.85749816894531,128.78500366210938,123.9375,128.69749450683594,345937600,0.011960242739515126,0.09816111667856275,111.19162559509277,100.10404983520507,0.45844533322076475,81.05272909566276,6.640774541748698,5.7723043965489085,0.8684701451997894,1.0
2020-08-25,120.9726333618164,124.82499694824219,125.18000030517578,123.05249786376953,124.69750213623047,211495600,-0.00820373228234006,0.08015140679928345,112.77025032043457,100.88559982299805,0.4519354731893989,78.02445511843004,6.823397703233013,5.98252305788573,0.8408746453472835,0.9731311878706369
2020-08-26,122.61774444580078,126.52249908447266,126.99250030517578,125.0824966430664,126.18000030517578,163022400,0.01359905610039247,0.09346846794869546,114.34437522888183,101.65564987182617,0.45169583302505095,79.38794892972288,7.024132285596863,6.190844903427957,0.8332873821689066,1.0
2020-08-27,121.15191650390625,125.01000213623047,127.48500061035156,123.8324966430664,127.14250183105469,155552400,-0.011954371429482857,0.05694356815440771,115.78537521362304,102.39789993286132,0.46155049021366845,74.92706327823922,6.980700851001103,6.348816092942586,0.6318847580585167,0.9613097909964456
2020-08-28,120.95567321777344,124.80750274658203,126.44249725341797,124.57749938964844,126.01249694824219,187630000,-0.0016198655002642726,0.0035177292782686553,116.71275024414062,103.13539993286133,0.3138350877241587,74.32489935319667,6.850967429838732,6.4492463603218155,0.4017210695169169,0.9561297847044028
2020-08-31,125.05753326416016,129.0399932861328,131.0,126.0,127.58000183105469,225702700,0.03391214827961697,0.025286495945719967,117.71787490844727,103.96759979248047,0.32150365334782466,78.25798017659227,7.008885306102016,6.561174149477856,0.44771115662415983,1.0
2020-09-01,130.0388946533203,134.17999267578125,134.8000030517578,130.52999877929688,132.75999450683594,151948100,0.039832607385921204,0.07494489049671715,118.94362449645996,104.85684967041016,0.33976445588230403,81.8868156504698,7.462765242450018,6.741492368072289,0.7212728743777292,1.0
2020-09-02,127.34469604492188,131.39999389648438,137.97999572753906,127.0,137.58999633789062,200119000,-0.02071842995262474,0.03855041472706966,120.01049919128418,105.65219955444336,0.35672372333033653,74.63150805449388,7.511557139047156,6.895505322267263,0.6160518167798932,0.9392648577579569
2020-09-03,117.14937591552734,120.87999725341797,128.83999633789062,120.5,126.91000366210938,257599600,-0.08006086097198728,-0.03303739550625562,120.35937423706055,106.26949951171875,0.46391586438642496,54.832763235338966,6.624980606289768,6.841400379071764,-0.21641977278199676,0.7094325652905279
2020-09-04,117.22688293457031,120.95999908447266,123.69999694824219,110.88999938964844,120.06999969482422,332607200,0.0006618285313737537,-0.03082750297409298,120.85174903869628,106.86449951171875,0.452310354843819,54.93068188987737,5.861252920637611,6.645370887384934,-0.7841179667473233,0.7111803799388349
2020-09-08,109.33812713623047,112.81999969482422,118.98999786376953,112.68000030517578,113.94999694824219,231366600,-0.0672949690084228,-0.12569741502808696,120.85637397766114,107.35274948120117,0.5171973496234059,44.3867147055417,4.546751188024928,6.225646947512933,-1.6788957594880056,0.5116040606144023
2020-09-09,113.6992416381836,117.31999969482422,119.13999938964844,115.26000213623047,117.26000213623047,176940500,0.039886545046732946,-0.12565206365524095,121.25362396240234,107.89024948120117,0.5221322313606825,50.090287023403526,3.824030443806734,5.745323646771694,-1.9212932029649599,0.6092927544923308
2020-09-10,109.98744201660156,113.48999786376953,120.5,112.5,120.36000061035156,182274400,-0.03264577089172682,-0.13630134600176746,121.27762374877929,108.33604949951172,0.525627659401697,45.78626241813041,2.908690336385746,5.177996984694504,-2.269306648308758,0.5205377077143833
2020-09-11,108.54342651367188,112.0,115.2300033569336,110.0,114.56999969482422,180860300,-0.01312889146018037,-0.07346126286553067,121.12712364196777,108.7554995727539,0.523826187273869,44.19526910128619,2.0395358319075285,4.550304754137109,-2.5107689222295804,0.48600904795614774
2020-09-14,111.79974365234375,115.36000061035156,115.93000030517578,112.80000305175781,114.72000122070312,140150100,0.03000000544956749,-0.04629628403196595,121.14974861145019,109.24214965820312,0.5351089098133356,48.53795664059577,1.6033659886901432,3.960917001047716,-2.3575510123575727,0.5472153394810249
2020-09-15,111.97419738769531,115.54000091552734,118.83000183105469,113.61000061035156,118.33000183105469,184642000,0.0015603355081781345,0.024109211381498685,121.1963737487793,109.6836996459961,0.5349666590621335,48.76796717201237,1.2577245006712872,3.4202785009724304,-2.162554000301143,0.5515459139461458
2020-09-16,108.66942596435547,112.12999725341797,116.0,112.04000091552734,115.2300033569336,154679000,-0.029513619829399818,-0.04423800251369436,121.02474861145019,110.06284957885742,0.5448210349816905,44.692635601691826,0.7005666381444229,2.876336128406829,-2.175769490262406,0.46950563756617786
2020-09-17,106.93466186523438,110.33999633789062,112.19999694824219,108.70999908447266,109.72000122070312,178011000,-0.01596362221861003,-0.027755763372734332,120.75637359619141,110.36279953002929,0.5473245884530431,42.67658669236962,0.11327118406397574,2.3237231395382585,-2.2104519554742827,0.42644053137229815
2020-09-18,103.54267120361328,106.83999633789062,110.87999725341797,106.08999633789062,110.4000015258789,287104900,-0.03172013880879665,-0.04607146126883366,120.18462333679199,110.58454940795899,0.5494356149124158,38.9745113668743,-0.6273537008601551,1.7335077714585758,-2.3608614723187307,0.34223505953645067
2020-09-21,106.68269348144531,110.08000183105469,110.19000244140625,103.0999984741211,104.54000091552734,195713800,0.030325773158183855,-0.045769753392521095,119.47012329101562,110.86774948120117,0.5253847979915764,43.83194983180448,-0.9420040562507808,1.1984054059167044,-2.140409462167485,0.42018539990862713
2020-09-22,108.35929107666016,111.80999755859375,112.86000061035156,109.16000366210938,112.68000030517578,183055400,0.015715803949514662,-0.03228322076663859,118.76774826049805,111.1943994140625,0.5272112649134719,46.290240416918735,-1.0397845438186408,0.7507674159696354,-1.7905519597882762,0.461806858911892
2020-09-23,103.81404876708984,107.12000274658203,112.11000061035156,106.7699966430664,111.62000274658203,150718700,-0.0419461131778841,-0.0446802339209299,117.88249855041504,111.3956494140625,0.5429888715092615,41.04552744096395,-1.478674431688205,0.3048790464380673,-1.7835534781262723,0.3489716514681424
2020-09-24,104.88008880615234,108.22000122070312,110.25,105.0,105.16999816894531,167743300,0.010268842848365045,-0.019213296968902394,116.96737365722656,111.60554946899414,0.5414353423077788,42.6857372454233,-1.717933873745153,-0.09968353759857682,-1.6182503361465763,0.37543619162016495
2020-09-25,108.8147964477539,112.27999877929688,112.44000244140625,107.66999816894531,108.43000030517578,149981400,0.03751614778042578,0.050917284049708966,116.33087348937988,111.92069946289062,0.563716259569356,48.39278422694558,-1.5619358094433125,-0.39213399196752396,-1.1698018174757885,0.4731144802126723
2020-09-28,111.41210174560547,114.95999908447266,115.31999969482422,112.77999877929688,115.01000213623047,137672400,0.023868902158110217,0.04433136966065421,115.83849830627442,112.29334945678711,0.5727792075986561,51.80432494742489,-1.2081260673757725,-0.5553324070491737,-0.6527936603265988,0.5375918202748271
2020-09-29,110.56893157958984,114.08999633789062,115.30999755859375,113.56999969482422,114.55000305175781,99382200,-0.007567873638749334,0.020391725508285052,115.0909984588623,112.60799942016601,0.5555367300234767,50.6341412525448,-0.9865588125786928,-0.6415776881550777,-0.34498112442361517,0.516660679767849
2020-09-30,112.23582458496094,115.80999755859375,117.26000213623047,113.62000274658203,113.79000091552734,142675200,0.01507582852057543,0.08112392260267187,114.17249870300293,112.9841993713379,0.5352971602503845,52.89934755593757,-0.6645153239769854,-0.6461652153194593,-0.018350108657526176,0.5580416838671463
2020-10-01,113.18563079833984,116.79000091552734,117.72000122070312,115.83000183105469,117.63999938964844,116120400,0.008462165422616241,0.07919053408017085,113.44199905395507,113.37454940795898,0.5352439197650666,54.18917805181764,-0.3264523192604116,-0.5822226361076498,0.25577031684723817,0.5816192967446627
2020-10-02,109.53194427490234,113.0199966430664,115.37000274658203,112.22000122070312,112.88999938964844,144712000,-0.032280197302059555,0.006590647237395331,113.0489990234375,113.77804931640625,0.46960423668118867,48.6678124417781,-0.35860896898921624,-0.5374999026839631,0.17889093369474685,0.490917871434453
2020-10-05,112.90455627441406,116.5,116.6500015258789,113.55000305175781,113.91000366210938,106243800,0.03079104105730912,0.013395971884061497,112.82599906921386,114.25574935913086,0.48460441666402654,53.38893695024414,-0.10210910803571949,-0.4504217437543144,0.3483126357185949,0.5680166906268828
2020-10-06,109.66765594482422,113.16000366210938,116.12000274658203,112.25,115.69999694824219,161498200,-0.028669496462580435,-0.00815139543897403,112.84299926757812,114.62274948120117,0.43145627123905866,48.75426200964606,-0.16642249625958527,-0.3936218942553686,0.22719939799578331,0.48640903966260834
2020-10-07,111.52838134765625,115.08000183105469,115.55000305175781,114.12999725341797,114.62000274658203,96849000,0.016967109462795227,-0.006303391269563918,112.73099937438965,115.05929946899414,0.4108875983961236,51.36781491986226,-0.06175167872697784,-0.32724785114969046,0.2654961724227126,0.5120083069582471
2020-10-08,111.4217758178711,114.97000122070312,116.4000015258789,114.58999633789062,116.25,83477200,-0.0009558620837792908,-0.015583523251623266,112.80499954223633,115.45789947509766,0.39316804726994287,51.206683898201824,0.01218411741697878,-0.25936145743635663,0.2715455748533354,0.4943407108934688
2020-10-09,113.36003875732422,116.97000122070312,117.0,114.91999816894531,115.27999877929688,100506900,0.017395842208966172,0.03494960798938451,113.05349960327149,115.8734994506836,0.3936106307559015,54.03013873850893,0.22951633243098968,-0.16158589946288737,0.39110223189387705,0.383596085725786
2020-10-12,120.56074523925781,124.4000015258789,125.18000030517578,119.27999877929688,120.05999755859375,240226800,0.0635205627736688,0.0678111718959562,113.50549964904785,116.23629943847656,0.43996494897222405,62.67186204605483,0.9898818661747271,0.06870765366463552,0.9211742125100916,0.6422826459435838
2020-10-13,117.36257934570312,121.0999984741211,125.38999938964844,119.6500015258789,125.2699966430664,262330500,-0.026527355396143704,0.07016608832675697,113.78349952697754,116.47954940795898,0.4532476766118026,57.50154832156755,1.311081036732034,0.31718233027811527,0.9938987064539188,0.5215802504138403
2020-10-14,117.4498062133789,121.19000244140625,123.02999877929688,119.62000274658203,121.0,150712000,0.000743220218160312,0.053093504632728994,114.23649978637695,116.71004943847656,0.43713050454179664,57.60427856629431,1.5549715177585597,0.5647401677742042,0.9902313499843555,0.5248722759932446
2020-10-15,116.98461151123047,120.70999908447266,121.19999694824219,118.1500015258789,118.72000122070312,112559200,-0.00396075045188371,0.04992604855896876,114.75499992370605,116.92299942016602,0.43181264914158657,56.81549238350102,1.6900424642460905,0.7898006270685816,0.9002418371775089,0.5073154573674734
2020-10-16,115.3467788696289,119.0199966430664,121.55000305175781,118.80999755859375,121.27999877929688,115393800,-0.014000517390639566,0.017525822013930492,115.36399993896484,117.02534942626953,0.41620731830811447,54.01124402928115,1.6417925271170617,0.9601990070782777,0.681593520038784,0.445501168129107
2020-10-19,112.40061950683594,115.9800033569336,120.41999816894531,115.66000366210938,119.95999908447266,120639300,-0.025541870037600223,-0.06768487191050154,115.65900001525878,117.12269943237305,0.41966195036974446,49.29771224274123,1.342773396545354,1.036713884971693,0.30605951157366107,0.33430900670516156
2020-10-20,113.88339233398438,117.51000213623047,118.9800033569336,115.62999725341797,116.19999694824219,124423700,0.013191918736096486,-0.02964489168559159,115.94400024414062,117.21834945678711,0.41873778781156323,51.5876393740227,1.2152480726904002,1.0724207225154345,0.14282735017496573,0.3902709300495492
2020-10-21,113.26315307617188,116.87000274658203,118.70999908447266,116.44999694824219,116.66999816894531,89946000,-0.005446339698866431,-0.03564650225098298,116.43150024414062,117.36824951171874,0.3857292694126841,50.55899397111778,1.0504320064196548,1.0680229792962788,-0.017590972876623923,0.36686202458596434
2020-10-22,112.17769622802734,115.75,118.04000091552734,114.58999633789062,117.44999694824219,101988000,-0.009583320957137431,-0.041090208947824225,116.80800018310546,117.42304946899414,0.3883168950502767,48.72785404849691,0.8199869262075907,1.0184157686785411,-0.19842884247095038,0.32589630049660834
2020-10-23,111.48961639404297,115.04000091552734,116.55000305175781,114.27999877929688,116.38999938964844,82572600,-0.006133901377733508,-0.03343972307002174,116.946000289917,117.42364944458008,0.368217753738376,47.55210076581912,0.5734561024800229,0.9294238354388374,-0.35596773295881456,0.29992705471844905
2020-10-26,111.49929809570312,115.05000305175781,116.55000305175781,112.87999725341797,114.01000213623047,111850700,8.694485527538376e-05,-0.008018626299860165,116.95050048828125,117.42649948120118,0.35857877730599536,47.571293096630136,0.37456795113942576,0.8184526585789551,-0.44388470743952935,0.300292897350864
2020-10-27,113.0014877319336,116.5999984741211,117.27999877929688,114.54000091552734,115.48999786376953,92276800,0.01347236315731326,-0.007744052808835833,117.07600059509278,117.46634948730468,0.360246464294099,50.58879401351226,0.33812167878315336,0.7223864626197948,-0.3842647838366414,0.3569862269039165
2020-10-28,107.76811981201172,111.19999694824219,115.43000030517578,111.0999984741211,115.05000305175781,143937800,-0.046312192080151804,-0.0485154929844106,116.84550056457519,117.37909942626953,0.39354465911530384,41.60479320489095,-0.125055684002362,0.5528980332953635,-0.6779537172977255,0.15947334288077492
2020-10-29,111.7609634399414,115.31999969482422,116.93000030517578,112.19999694824219,112.37000274658203,146129200,0.03705038542851469,-0.003714905444283212,116.77200050354004,117.37134948730468,0.41582590565549193,49.040599571605924,-0.15785760743742117,0.4107469051488066,-0.5686045125862278,0.3101684159767468
2020-10-30,105.50032806396484,108.86000061035156,111.98999786376953,107.72000122070312,111.05999755859375,190272600,-0.05601802897648289,-0.05372044728784109,116.56400070190429,117.18304946899414,0.44737258986700845,40.362106362361075,-0.6970857353010445,0.18918037705883642,-0.8862661123598808,0.07388458460257379
2020-11-02,105.41311645507812,108.7699966430664,110.68000030517578,107.31999969482422,109.11000061035156,122866900,-0.0008267863933540953,-0.0545850173151774,116.17750053405761,116.87104934692383,0.43088116108386004,40.25521942459025,-1.1187937219257549,-0.07241444273808184,-1.046379279187673,0.07059255902316948
2020-11-03,107.03157806396484,110.44000244140625,111.48999786376953,108.7300033569336,109.66000366210938,107624400,0.01535355198934174,-0.052830155345859886,116.04150047302247,116.56269943237305,0.4244903743876025,43.25782180851601,-1.303222095374693,-0.31857597326540404,-0.9846461221092888,0.1316754420528711
2020-11-04,111.40239715576172,114.94999694824219,115.58999633789062,112.3499984741211,114.13999938964844,138235500,0.04083660274481349,0.0337230225082239,116.03500022888184,116.36519943237305,0.44572282616504105,50.493842369049744,-1.0730940843363896,-0.46947959547960116,-0.6036144888567885,0.29663502913904477
2020-11-05,115.35647583007812,119.02999877929688,119.62000274658203,116.87000274658203,117.94999694824219,126387100,0.03549370978140831,0.03217134143505529,116.23800010681153,116.21534942626953,0.4627936086946215,55.964793715046845,-0.5550951366372061,-0.4866027037111222,-0.06849243292608392,0.44586701076152196
2020-11-06,115.22541046142578,118.69000244140625,119.19999694824219,116.12999725341797,118.31999969482422,114457900,-0.002856392013588449,0.09029948351956874,116.32400016784668,116.08894943237304,0.4595106000842659,55.41521335216235,-0.17005184973437792,-0.42329253291577335,0.2532406831813954,0.43343115182106473
2020-11-09,112.92457580566406,116.31999969482422,121.98999786376953,116.05000305175781,120.5,154515300,-0.019968006553475526,0.06941255203430297,115.92000007629395,115.9191993713379,0.400994952067075,51.61056758503221,-0.055501894199011303,-0.34973440517242094,0.29423251097340963,0.34674486564561874
2020-11-10,112.5848388671875,115.97000122070312,117.58999633789062,114.12999725341797,115.55000305175781,138023400,-0.003008927742772949,0.05007242536263812,115.66350021362305,115.6577995300293,0.39130300284585773,51.053113076139546,0.006957615982273069,-0.27839600094148215,0.2853536169237552,0.3339431640727466
2020-11-11,116.00206756591797,119.48999786376953,119.62999725341797,116.44000244140625,117.19000244140625,112295000,0.03035264815051164,0.039495441809985765,115.57849998474121,115.36399963378906,0.40769878771125495,56.179473848779594,0.3366112935941885,-0.15539454203434802,0.4920058356285365,0.5150652599088946
2020-11-12,115.73025512695312,119.20999908447266,120.52999877929688,118.56999969482422,119.62000274658203,103162300,-0.0023432821516667923,0.001512226388488358,115.50349998474121,115.12019973754883,0.40755134828456324,55.67992118934322,0.5687148558408808,-0.01057266245930226,0.579287518300183,0.7044418617281268
2020-11-13,115.7787857055664,119.26000213623047,119.66999816894531,117.87000274658203,119.44000244140625,81581900,0.00041945350341277,0.00480242381918905,115.51550025939942,115.08779983520508,0.4043283011010181,55.75558481066079,0.7480701425750453,0.14115589854756727,0.6069142440274781,0.7072894150871667
2020-11-16,116.78842163085938,120.30000305175781,120.98999786376953,118.1500015258789,118.91999816894531,91183000,0.008720450250699674,0.03421598493273281,115.73150024414062,115.07459991455079,0.3933005438639542,57.385141755499575,0.9630286864963153,0.3055304561373169,0.6574982303589985,0.7665149622549285
2020-11-17,115.90499114990234,119.38999938964844,120.66999816894531,118.95999908447266,119.55000305175781,74271000,-0.0075644525272193786,0.029490369345057665,115.82550010681152,115.20599990844727,0.3924536593527402,55.46033269343506,1.0478759294971667,0.4539995508092869,0.5938763786878798,0.7146924455547711
2020-11-18,114.58468627929688,118.02999877929688,119.81999969482422,118.0,118.61000061035156,76322100,-0.011391243967704412,-0.012218588254869656,115.88349990844726,115.22019989013671,0.3943289798353064,52.61968678739839,0.9939200064698213,0.5619836419413938,0.43193636452842743,0.6372436865258242
2020-11-19,115.17687225341797,118.63999938964844,119.05999755859375,116.80999755859375,117.58999633789062,74113000,0.005168182806577715,-0.004781475540657554,116.02799987792969,115.3231999206543,0.39265567400858353,53.763603640378825,0.9889811410323546,0.647383141759586,0.34159799927276857,0.6719817520230272
2020-11-20,113.9148178100586,117.33999633789062,118.7699966430664,117.29000091552734,118.63999938964844,73604300,-0.010957544322705348,-0.016099327217407144,116.14299964904785,115.4299998474121,0.3942738022127614,50.94092064919388,0.8701372720618252,0.6919339678200338,0.17820330424179143,0.5979497094444143
2020-11-23,110.52669525146484,113.8499984741211,117.62000274658203,113.75,117.18000030517578,127959300,-0.02974261098253128,-0.05361599679146867,116.08299942016602,115.3997998046875,0.4094039796100109,44.22766454764146,0.48870549644732364,0.6512882735454918,-0.16258277709816815,0.3992027371965459
2020-11-24,111.80816650390625,115.16999816894531,115.8499984741211,112.58999633789062,113.91000366210938,113874200,0.011594200373434838,-0.03534635432010069,116.01149940490723,115.39239974975585,0.4086252482655038,47.068921563853245,0.2895927647530101,0.5789491717869955,-0.28935640703398535,0.4743735404333895
2020-11-25,112.64307403564453,116.02999877929688,116.75,115.16999816894531,115.55000305175781,76499200,0.007467227785225905,-0.01694484470630031,116.25299949645996,115.47039978027344,0.37118331619775885,48.89558982392704,0.19889659613448885,0.5029386566564942,-0.30404206052200533,0.5233485037745071
2020-11-27,113.18672180175781,116.58999633789062,117.48999786376953,116.22000122070312,116.56999969482422,46691300,0.0048263170256421795,-0.01727918966878117,116.31649932861328,115.59539978027344,0.3481848332952262,50.10311021484607,0.17024388640797383,0.4363997026067901,-0.2661558161988163,0.5552390159126704
2020-11-30,115.57491302490234,119.05000305175781,120.97000122070312,116.80999755859375,116.97000122070312,169410200,0.021099637971836005,0.014573093295001227,116.8259994506836,115.83959991455077,0.2828116304536208,55.1198880262816,0.3420949327551597,0.41753874863646406,-0.07544381588130439,0.6903935849503118
2020-12-01,119.13777160644531,122.72000122070312,123.47000122070312,120.01000213623047,121.01000213623047,127728200,0.030827367281542672,0.07790955525219645,117.52349967956543,116.09239990234374,0.29668584714714774,61.361365405259576,0.7656009348774404,0.48715118588465933,0.2784497489927811,0.9027777532491157
2020-12-02,119.4872817993164,123.08000183105469,123.37000274658203,120.88999938964844,122.0199966430664,89004200,0.0029335121151452537,0.06868111303176394,118.15549964904785,116.31779998779297,0.2948827051861859,61.92079243209,1.117400832125199,0.6132011151327673,0.5041997169924316,0.9236111233754422
2020-12-03,119.35134887695312,122.94000244140625,123.77999877929688,122.20999908447266,123.5199966430664,78967600,-0.0011374665873064016,0.05955359592180165,118.55499992370605,116.63419998168945,0.2644173599701944,61.54759354609201,1.3691255771521895,0.7643860075366518,0.6047395696155378,0.909765200436639
2020-12-04,118.68150329589844,122.25,122.86000061035156,121.5199966430664,122.5999984741211,78260400,-0.005612513646525374,0.04854622042963319,118.71599998474122,116.91479995727539,0.2373131544126951,59.6397242095094,1.4957003185038644,0.9106488697300943,0.5850514487737701,0.8624439632617678
2020-12-07,120.1376953125,123.75,124.56999969482422,122.25,122.30999755859375,86712000,0.012269938650306678,0.03947918376951942,118.9689998626709,117.14419998168945,0.23974162173917718,62.370530893344124,1.6974816649360491,1.0680154287712853,0.6294662361647638,0.9584132231082232
2020-12-08,120.74932098388672,124.37999725341797,124.9800033569336,123.08999633789062,124.37000274658203,82225500,0.005090886896306879,0.013526695047284543,119.37199974060059,117.33259994506835,0.22506496307778537,63.48792263004093,1.8864841341805203,1.2317091698531324,0.6547749643273879,0.9987201365187713
2020-12-09,118.22523498535156,121.77999877929688,125.94999694824219,121.0,124.52999877929688,115089200,-0.020903670457748325,-0.01056226058187959,119.66249961853028,117.48639999389648,0.24032321202204476,56.08590347223296,1.805657311474306,1.346498798177367,0.4591585132969389,0.8323735170765614
2020-12-10,119.64260864257812,123.23999786376953,123.87000274658203,120.1500015258789,120.5,81312200,0.011988824922872787,0.0024401774557167855,119.84999961853028,117.635,0.2201450470759128,58.97816987954945,1.8382213253635484,1.4448433036146033,0.3933780217489451,0.925783538085457
2020-12-11,118.83683013916016,122.41000366210938,122.76000213623047,120.55000305175781,122.43000030517578,86939800,-0.00673477942264844,0.0013088234119376096,120.0099998474121,117.74740005493165,0.22174439539166824,56.692228807193516,1.7765756868211184,1.5111897802559064,0.265385906565212,0.8726809186120071
2020-12-14,118.22523498535156,121.77999877929688,123.3499984741211,121.54000091552734,122.5999984741211,79184500,-0.005146678081568545,-0.015919201783459624,120.13599967956543,117.92260009765624,0.22295379536226895,54.95120581725117,1.6577751453248055,1.5405068532696864,0.11726829205511913,0.8323735170765614
2020-12-15,124.14715576171875,127.87999725341797,127.9000015258789,124.12999725341797,124.33999633789062,157243700,0.050090314791152,0.028139572899884557,120.51499938964844,118.1502000427246,0.282120215097108,65.87787012295745,2.0324153384376444,1.638888550303278,0.3935267881343665,1.0
2020-12-16,124.07920837402344,127.80999755859375,128.3699951171875,126.55999755859375,127.41000366210938,98208600,-0.0005473858017489563,0.04951551026228129,120.93599929809571,118.4431999206543,0.2796551949448265,65.68099300479511,2.297191407660449,1.7705491217747122,0.5266422858857369,0.9963370124234167
2020-12-17,124.94322204589844,128.6999969482422,129.5800018310547,128.0399932861328,128.89999389648438,94359800,0.006963456745552543,0.04430379080749569,121.46949920654296,118.71559982299804,0.2741766415922614,67.03011544473762,2.549455328788028,1.9263303631773754,0.6231249656106526,1.0
2020-12-18,122.96277618408203,126.66000366210938,129.10000610351562,126.12000274658203,128.9600067138672,192541500,-0.015850764059871847,0.034719384632414085,121.87049942016601,118.94939987182617,0.2834678321472993,61.10101521973553,2.5553098728997554,2.0521262651218515,0.5031836077779039,0.8976420845511462
2020-12-21,124.48694610595703,128.22999572753906,128.30999755859375,123.44999694824219,125.0199966430664,121251600,0.012395326227985448,0.05296433743550599,122.41499938964844,119.1745997619629,0.27984897162149264,63.7579733036349,2.656017958287663,2.172904603755014,0.4831133545326489,0.9764174002254749
2020-12-22,128.03042602539062,131.8800048828125,134.41000366210938,129.64999389648438,131.61000061035156,168904800,0.028464550236973585,0.03127938469898295,123.31649971008301,119.32419982910156,0.26074775435943987,69.05068936280577,2.995821114971946,2.3374879059984,0.6583332089735459,1.0
2020-12-23,127.13726806640625,130.9600067138672,132.42999267578125,130.77999877929688,132.16000366210938,88223700,-0.006976024680639181,0.024646030947847786,124.1060001373291,119.52139999389648,0.26517856130240786,66.4178251408778,3.1545180804927924,2.500893940897279,0.6536241395955136,0.9601904871949357
2020-12-24,128.11776733398438,131.97000122070312,133.4600067138672,131.10000610351562,131.32000732421875,54930100,0.007712236217600754,0.02540795920745831,124.90300025939942,119.73699996948243,0.2651909158653077,67.86638600858541,3.323473748263922,2.665409902370608,0.6580638458933139,1.0
2020-12-28,132.7000274658203,136.69000244140625,137.33999633789062,133.50999450683594,133.99000549316406,124486200,0.035765713245766495,0.07918836640849847,125.90800056457519,120.05660003662109,0.28450304130836074,73.59795234558842,3.7944963916362724,2.891227200223741,0.9032691914125315,1.0
2020-12-29,130.93309020996094,134.8699951171875,138.7899932861328,134.33999633789062,138.0500030517578,121047300,-0.013314853257091142,0.051781951266355764,126.69900016784668,120.37360000610352,0.2898779988370051,68.52263161024368,3.97510333261269,3.108002426701531,0.8671009059111592,0.9348135047906412
2020-12-30,129.81668090820312,133.72000122070312,135.99000549316406,133.39999389648438,135.5800018310547,96452100,-0.008526684497060733,0.013952049361278362,127.24900016784667,120.7283999633789,0.2793881479726293,65.45132423899543,3.979566769468832,3.282315295254991,0.6972514742138407,0.8936246202040644
2020-12-31,128.8167724609375,132.69000244140625,134.74000549316406,131.72000122070312,134.0800018310547,99116600,-0.007702653080273847,0.013210107199512544,127.72950019836426,121.03199996948243,0.2826834562807668,62.73893358765716,3.855547431113436,3.3969617224266804,0.45858570868675574,0.8567335541084363
2021-01-04,125.63250732421875,129.41000366210938,133.61000061035156,126.76000213623047,133.52000427246094,143301900,-0.024719260825586842,-0.019398329430280747,128.05300025939943,121.28279998779297,0.3001282015656532,54.93199397230726,3.4527910960920423,3.408127597159753,0.04466349893228916,0.7392551121988036
2021-01-05,127.1858139038086,131.00999450683594,131.74000549316406,128.42999267578125,128.88999938964844,97664900,0.01236373386484213,-0.041553938350429975,128.49099998474122,121.58799987792969,0.30027981811224397,57.69728251095945,3.2255278115823387,3.3716076400442705,-0.1460798284619318,0.7965613626445575
2021-01-06,122.90451049804688,126.5999984741211,131.0500030517578,126.37999725341797,127.72000122070312,155088000,-0.0336615236823381,-0.061318283847201616,128.63349990844728,121.81919982910156,0.32592691287121406,48.80796887389693,2.6589198246805807,3.229070076971533,-0.5701502522909521,0.6386102481438195
2021-01-07,127.09841918945312,130.9199981689453,131.6300048828125,127.86000061035156,128.36000061035156,109578200,0.03412322074954277,-0.020939298730161093,128.96049995422362,122.13659973144532,0.3460334194077972,55.96511576133257,2.52931046786685,3.0891181551505964,-0.5598076872837465,0.7933379987763459
2021-01-08,128.1954345703125,132.0500030517578,132.6300048828125,130.22999572753906,132.42999267578125,105158200,0.008631262592551314,-0.004823267600217673,129.47400016784667,122.44559982299805,0.3349149858224505,57.633667681083615,2.489083464230106,2.9691112169664984,-0.48002775273639253,0.8338109446265108
2021-01-11,125.2150650024414,128.97999572753906,130.1699981689453,128.5,129.19000244140625,100384500,-0.023248824333729434,-0.0033228338026561888,129.76100006103516,122.80119979858398,0.34726726940524355,51.88188596811152,2.1843000883464754,2.812148991242494,-0.6278489028960186,0.7238536850760384
2021-01-12,125.04027557373047,128.8000030517578,129.69000244140625,126.86000061035156,128.5,91951100,-0.0013955084644402538,-0.016868876786059306,130.08050003051758,123.07079986572266,0.3458977491230658,51.55701269177502,1.9062589953457518,2.630970992063146,-0.7247119967173941,0.7174069573396153
2021-01-13,127.06927490234375,130.88999938964844,131.4499969482422,128.49000549316406,128.75999450683594,88636800,0.016226679257536736,0.03388626356424718,130.53600006103517,123.51139984130859,0.347724346688129,55.0747553068596,1.8334201375234045,2.4714608211551976,-0.6380406836317931,0.7922635441536088
2021-01-14,125.14710235595703,128.91000366210938,131.0,128.75999450683594,130.8000030517578,90221800,-0.015127173479807188,-0.0153528455159474,130.58750038146974,123.91419998168945,0.30739445887865824,51.27592366313624,1.59751060241706,2.29667077740757,-0.6991601749905101,0.7036190941220238
2021-01-15,123.42875671386719,127.13999938964844,130.22000122070312,127.0,128.77999877929688,111598500,-0.013730542410815172,-0.037182912144158475,130.55400047302246,124.2481999206543,0.3115686082075028,48.08303284042353,1.2532790235201219,2.0879924266300804,-0.8347134031099586,0.5818738444425515
2021-01-19,124.09859466552734,127.83000183105469,128.7100067138672,126.94000244140625,127.77999877929688,90757300,0.005427107477730786,-0.008916063998898327,130.5105007171631,124.50580001831055,0.31115538866022896,49.40564833864491,1.024342465311122,1.875262434366289,-0.850919969055167,0.6120841037049656
2021-01-20,128.17605590820312,132.02999877929688,132.49000549316406,128.5500030517578,128.66000366210938,104319500,0.0328561127128284,0.025077605986089102,130.77900047302245,124.76580001831054,0.3262408687562696,56.64566910528471,1.1683452891916204,1.7338790053313553,-0.5655337161397349,0.7959718540861848
2021-01-21,132.87472534179688,136.8699951171875,139.6699981689453,133.58999633789062,133.8000030517578,120150900,0.03665830782882318,0.04568718584631615,131.21100044250488,125.12939987182617,0.3469324446656421,63.183849450014925,1.6539501121868057,1.7178932267024456,-0.06394311451563994,1.0
2021-01-22,135.01051330566406,139.07000732421875,139.85000610351562,135.02000427246094,136.27999877929688,114459400,0.016073736286376095,0.07881470307564431,131.57050056457518,125.58440002441407,0.3377696727223563,65.71486608065204,2.1910608462944765,1.812526750620852,0.3785340956736245,1.0
2021-01-25,138.74810791015625,142.9199981689453,145.08999633789062,136.5399932861328,143.07000732421875,157611700,0.027683832904034755,0.12411513964960474,132.1685001373291,126.1233999633789,0.3466565643138752,69.64739464893765,2.8940265219263495,2.0288267048819515,0.865199817044398,1.0
2021-01-26,138.9811248779297,143.16000366210938,144.3000030517578,141.3699951171875,143.60000610351562,98390600,0.0016792995818566414,0.11992491286447327,132.7280002593994,126.5968000793457,0.3466007367075414,69.87933523864555,3.430948483520808,2.309251060609723,1.121697422911085,1.0
2021-01-27,137.91326904296875,142.05999755859375,144.3000030517578,140.41000366210938,143.42999267578125,140843800,-0.007683752971338942,0.07596757458176717,132.9965000152588,127.05380004882812,0.3281107857674044,67.33947902843276,3.7247649353896293,2.5923538355657048,1.1324110998239245,0.9624699451105377
2021-01-28,133.08828735351562,137.08999633789062,141.99000549316406,136.6999969482422,139.52000427246094,142621100,-0.03498522670784365,0.0016073736286374984,133.10750007629395,127.41039993286132,0.34993187392998315,57.22007626325358,3.51604821271917,2.777092710996398,0.738955501722772,0.7929032326918066
2021-01-29,128.1080780029297,131.9600067138672,136.74000549316406,130.2100067138672,135.8300018310547,177523800,-0.037420597863168426,-0.05112533426259025,133.01950035095214,127.64360000610351,0.37457890194885013,49.0299393754729,2.9032248478818588,2.8023191383734902,0.10090570950836852,0.6178780291437093
2021-02-01,130.22439575195312,134.13999938964844,135.3800048828125,130.92999267578125,133.75,106239800,0.01652010127968695,-0.061432961739322556,133.09200019836425,127.93860000610351,0.37816464866356464,52.1634136931182,2.5639099481669803,2.7546373003321882,-0.19072735216520798,0.6922551117064462
2021-02-02,131.04962158203125,134.99000549316406,136.30999755859375,134.61000061035156,135.72999572753906,83305400,0.0063367087176327,-0.0570689994408522,133.371000289917,128.27780014038086,0.3662334281057228,53.367212906194545,2.336653348976597,2.6710405100610703,-0.3343871610844733,0.7212556559937591
2021-02-03,130.03025817871094,133.94000244140625,135.77000427246094,133.61000061035156,135.75999450683594,89880900,-0.007778376242906226,-0.05715891353467284,133.51750068664552,128.583800201416,0.3659197160950191,51.63850839865244,2.0482138514766746,2.5464751783441915,-0.4982613268675169,0.6854316073447291
2021-02-04,133.37954711914062,137.38999938964844,137.39999389648438,134.58999633789062,136.3000030517578,84183100,0.025757778746879012,0.0021883657434667025,134.05700073242187,128.98480026245116,0.35097665282190077,56.61166422451663,2.0741004535632612,2.4520002333880053,-0.3778997798247441,0.8031387495343884
2021-02-05,132.9663543701172,136.75999450683594,137.4199981689453,135.86000061035156,137.35000610351562,75693800,-0.004585522131241526,0.03637456463136379,134.3490005493164,129.44300018310548,0.33387506033641035,55.48950845746708,2.0204887072407587,2.365697928158556,-0.3452092209177975,0.771346627393964
2021-02-08,133.11216735839844,136.91000366210938,136.9600067138672,134.9199981689453,136.02999877929688,71297200,0.0010968789214593766,0.020650099038800995,134.59200057983398,129.87780029296874,0.33307866553110194,55.71460368780773,1.9674262322550646,2.286043588977858,-0.31861735672279323,0.7696277598549375
2021-02-09,132.23716735839844,136.00999450683594,137.8800048828125,135.85000610351562,136.6199951171875,76774200,-0.006573728224378961,0.007556033574082077,134.94350051879883,130.27740020751952,0.3213544311487949,53.95172242551881,1.8316366541988032,2.195162202022047,-0.36352554782324376,0.7308992403341886
2021-02-10,131.63436889648438,135.38999938964844,136.99000549316406,134.39999389648438,136.47999572753906,73046600,-0.004558452630158305,0.010825719888100771,135.27300033569335,130.6534002685547,0.3221041423749836,52.714326439193286,1.654917156012118,2.0871131928200612,-0.43219603680794316,0.6777269151488571
2021-02-11,131.3815460205078,135.1300048828125,136.38999938964844,133.77000427246094,135.89999389648438,64280000,-0.0019203376025409558,-0.01644948334577412,135.48500061035156,130.97500030517577,0.3184116834826121,52.17392378342921,1.4768619514058798,1.9650629445372252,-0.48820099313134535,0.6244154843129978
2021-02-12,131.6149444580078,135.3699951171875,135.52999877929688,133.69000244140625,134.35000610351562,60145100,0.0017759951580194056,-0.01016378652734562,135.80800018310546,131.22800018310548,0.3120935589667249,52.656387092137955,1.3396741949675857,1.8399851946232975,-0.5003109996557118,0.6356404693254161
2021-02-16,129.49539184570312,133.19000244140625,136.00999450683594,132.7899932861328,135.49000549316406,80576300,-0.016103957704172722,-0.027171142511134505,136.11050033569336,131.4302001953125,0.31385264910281885,47.92679114928082,1.0430214179810662,1.6805924392948512,-0.6375710213137851,0.5336763824259899
2021-02-17,127.21055603027344,130.83999633789062,132.22000122070312,129.47000122070312,131.25,97918500,-0.017644012767020212,-0.03801189896148016,136.26100006103516,131.58820007324218,0.3216001169222553,43.401218472294005,0.6112499927911585,1.4667239499941127,-0.8554739572029542,0.4237603128836107
2021-02-18,126.1119155883789,129.7100067138672,130.0,127.41000366210938,129.1999969482422,96856700,-0.008636423537534132,-0.041952822966151326,136.14500045776367,131.73740020751953,0.3007529416051658,41.37794646345799,0.1758601028451494,1.20855118056432,-1.0326910777191707,0.3709076764966171
2021-02-19,126.2674560546875,129.8699951171875,130.7100067138672,128.8000030517578,130.24000549316406,87668800,0.0012334314627955312,-0.038925550030036504,135.79500045776368,131.85980010986327,0.2667294607111443,41.79169458868766,-0.15449882836159645,0.9359411787791367,-1.0904400071407332,0.3783907619401068
2021-02-22,122.50483703613281,126.0,129.72000122070312,125.5999984741211,128.00999450683594,103916400,-0.029798993321709433,-0.06921766606459623,135.14150009155273,131.89220016479493,0.27399631690349074,35.30128478222218,-0.7202839396141769,0.604696155100474,-1.3249800947146508,0.19738074167118674
2021-02-23,122.36870574951172,125.86000061035156,126.70999908447266,118.38999938964844,123.76000213623047,158273000,-0.0011111062670511318,-0.05503417446275183,134.28850021362305,131.97380020141603,0.24642322376869316,35.08898315191652,-1.1665225514265956,0.2504524137950601,-1.4169749652216557,0.19083259584915355
2021-02-24,121.87284851074219,125.3499984741211,125.55999755859375,122.2300033569336,124.94000244140625,111039900,-0.004052138358153767,-0.04195963021576188,133.39799995422362,132.01600021362304,0.24482104401892313,34.2801916215719,-1.5435299242390101,-0.10834405381175394,-1.4351858704272562,0.1669784321562134
2021-02-25,117.63379669189453,120.98999786376953,126.45999908447266,120.54000091552734,124.68000030517578,148199500,-0.0347826139882379,-0.0672269555064745,132.34449996948243,131.98760009765624,0.26464375629191833,28.279095711375845,-2.1691223029179696,-0.520499703632997,-1.6486225992849726,0.0
2021-02-26,117.89630889892578,121.26000213623047,124.8499984741211,121.19999694824219,122.58999633789062,164560400,0.002231624739467808,-0.06629701474299621,131.55300025939943,131.9772001647949,0.2463966007013723,29.106772630152136,-2.613000637094956,-0.9389998903253889,-1.674000746769567,0.012178809284802092
2021-03-01,124.24517059326172,127.79000091552734,127.93000030517578,122.79000091552734,123.75,116307900,0.05385121774911972,0.014206356472439285,131.34449996948243,131.9754002380371,0.2993413438294662,45.49054990686001,-2.4100791941604456,-1.2332157510924002,-1.1768634430680454,0.30672085129842486
2021-03-02,121.64925384521484,125.12000274658203,128.72000122070312,125.01000213623047,128.41000366210938,102260900,-0.02089363917220921,-0.0058795317033286665,130.8935001373291,131.92160034179688,0.2990333949880719,41.28885359791466,-2.4366211746357465,-1.4738968358010696,-0.9627243388346769,0.18628794779664726
2021-03-03,118.67412567138672,122.05999755859375,125.70999908447266,121.83999633789062,124.80999755859375,112966300,-0.024456562666370862,-0.026246517395902336,130.2469997406006,131.7888003540039,0.30576246219748654,37.06365087175586,-2.673751388868908,-1.7138677464146372,-0.9598836424542707,0.04826339264666965
2021-03-04,116.79765319824219,120.12999725341797,123.5999984741211,118.62000274658203,121.75,178155000,-0.015811898605432195,-0.007108030626795214,129.55649948120117,131.6582002258301,0.30810458593109835,34.65486167561785,-2.9830272062579724,-1.9676996383833045,-1.0153275678746678,0.0
2021-03-05,118.05187225341797,121.41999816894531,121.94000244140625,117.56999969482422,120.9800033569336,153766600,0.01073837463598748,0.0013194460654477602,128.75799942016602,131.5220002746582,0.29226243770931015,37.57514805941082,-3.08843665162037,-2.1918470410307176,-0.8965896105896523,0.056013919086036555
2021-03-08,113.13224792480469,116.36000061035156,121.0,116.20999908447266,120.93000030517578,154376600,-0.04167351041756073,-0.08944362018379926,127.7379997253418,131.21160018920898,0.3183664624496176,31.608146358287712,-3.5394730690243534,-2.4613722466294448,-1.0781008223949087,0.0
2021-03-09,117.73102569580078,121.08999633789062,122.05999755859375,118.79000091552734,119.02999877929688,129525800,0.04064967087253768,-0.032209129797205804,126.94699935913086,131.01419998168944,0.36119333716012775,41.03459061655873,-3.4751917075967214,-2.6641361388229003,-0.811055568773821,0.17649235779578845
2021-03-10,116.65181732177734,119.9800033569336,122.16999816894531,119.44999694824219,121.69000244140625,111943300,-0.009166677797724065,-0.017040752443581497,126.14549980163574,130.77440002441406,0.36137691340487205,39.65335541165552,-3.4737719419095896,-2.8260632994402384,-0.6477086424693512,0.13507471396890738
2021-03-11,118.57688903808594,121.95999908447266,123.20999908447266,121.26000213623047,122.54000091552734,103026500,0.016502714386902317,0.01523351263543482,125.47399978637695,130.4797999572754,0.3701233289878134,43.31847194551643,-3.2751240681127456,-2.91587545317474,-0.3592486149380054,0.20895514315076877
2021-03-12,117.67268371582031,121.02999877929688,121.16999816894531,119.16000366210938,120.4000015258789,88105100,-0.007625453527034254,-0.003211986456347904,124.76899948120118,130.2030000305176,0.3700572534361444,42.02734156187066,-3.1563529768829284,-2.963970957916378,-0.19238201896655038,0.17425364317781328
2021-03-15,120.55056762695312,123.98999786376953,124.0,120.41999816894531,121.41000366210938,92403800,0.0244567389434609,0.06557233768817272,124.19999961853027,130.0083999633789,0.3842451171930375,47.40097273246885,-2.7912035855411546,-2.9294174834413336,0.13821389790017902,0.2847013576335215
2021-03-16,122.0867691040039,125.56999969482422,127.22000122070312,124.72000122070312,125.69999694824219,115227900,0.012742978129499427,0.036997303595852404,123.81899948120117,129.86599990844726,0.3859371047550766,50.06186711047946,-2.3472692600976046,-2.812987838772588,0.46571857867498334,0.3436566431237243
2021-03-17,121.29920959472656,124.76000213623047,125.86000061035156,122.33999633789062,124.05000305175781,111932600,-0.006450565903976302,0.03983996203997964,123.51499977111817,129.7729998779297,0.3822012090874008,48.70166167608985,-2.037323149280681,-2.6578549008742067,0.6205317515935258,0.31343285706558716
2021-03-18,117.18655395507812,120.52999877929688,123.18000030517578,120.31999969482422,122.87999725341797,121229700,-0.033905124114334995,-0.011725158379062628,123.05599937438964,129.5633999633789,0.3981236677035461,42.24620655489651,-2.108706684672029,-2.548025257633771,0.43931857296174215,0.155596928884372
2021-03-19,116.66153717041016,119.98999786376953,121.43000030517578,119.68000030517578,119.9000015258789,185549500,-0.004480220036475302,-0.00859291849968391,122.56199951171875,129.43119995117186,0.3977646047786922,41.49012901065402,-2.1836801066911278,-2.4751562274452428,0.291476120754115,0.13544764328599124
2021-03-22,119.96721649169922,123.38999938964844,123.87000274658203,120.26000213623047,120.33000183105469,111912300,0.028335707862409354,-0.004839087704318845,122.43149948120117,129.28059997558594,0.400597745367092,47.822042795239625,-1.9463095309186969,-2.3693868881399336,0.42307735722123674,0.26231335741716555
2021-03-23,119.14080810546875,122.54000091552734,124.23999786376953,122.13999938964844,123.33000183105469,95467100,-0.006888714468965329,-0.024129957686236825,122.26549949645997,129.09039993286132,0.4011922935152473,46.46814795432047,-1.8059614135805049,-2.256701793228048,0.4507403796475433,0.23059700005408898
2021-03-24,116.75875854492188,120.08999633789062,122.9000015258789,120.06999969482422,122.81999969482422,88530500,-0.019993508726392273,-0.03743191502385901,122.00249938964843,128.91259994506837,0.4067352555808407,42.71440441394379,-1.8708632661488878,-2.1795340878122165,0.3086708216633287,0.1391789292089059
2021-03-25,117.24488830566406,120.58999633789062,121.66000366210938,119.0,119.54000091552734,98844700,0.0041635441356262515,0.0004977811267019572,121.9824993133545,128.74839981079103,0.3879471763419978,43.713713018490736,-1.8605058769514926,-2.115728445640072,0.2552225686885792,0.1578356435023472
2021-03-26,117.84770965576172,121.20999908447266,121.4800033569336,118.91999816894531,120.3499984741211,94071200,0.005141411107143501,0.01016752431388701,121.9799991607666,128.5547998046875,0.3882949453822635,44.99505259517631,-1.7817298585999453,-2.0489287282320463,0.26719886963210104,0.18097007171060686
2021-03-29,118.02271270751953,121.38999938964844,122.58000183105469,120.7300033569336,121.6500015258789,80819200,0.0014850285169158983,-0.016208769024175784,121.65999908447266,128.40439971923828,0.33299375762311895,45.38378216091418,-1.6853471434261849,-1.976212411270874,0.29086526784468925,0.18768650024340044
2021-03-30,116.57405853271484,119.9000015258789,120.4000015258789,118.86000061035156,120.11000061035156,85671900,-0.012274469653688724,-0.021543980495547066,121.3989990234375,128.2595997619629,0.32799795574686497,42.69404285886706,-1.7094876133380126,-1.922867451684302,0.21337983834628949,0.13208957135902843
2021-03-31,118.76164245605469,122.1500015258789,123.5199966430664,121.1500015258789,121.6500015258789,118323800,0.018765637792876655,0.017153845039616478,121.40349922180175,128.14599975585938,0.32448273456750104,47.73170875268241,-1.5294325671055304,-1.844180474768548,0.3147479076630175,0.2160447856795142
2021-04-01,119.5880355834961,123.0,124.18000030517578,122.48999786376953,123.66000366210938,75089100,0.006958644809685222,0.019985104364350414,121.54699935913087,127.96539978027344,0.31957649712710556,49.536501180427436,-1.3031282216418845,-1.7359700241432154,0.432841802501331,0.2477611430425908
2021-04-05,122.40760803222656,125.9000015258789,126.16000366210938,123.06999969482422,123.87000274658203,88651200,0.02357724817787732,0.0386931975648126,121.77099952697753,127.74599990844726,0.3277121427471822,55.21793366844071,-0.8796346301499227,-1.564702945344557,0.6850683151946342,0.35597014288032386
2021-04-06,122.70901489257812,126.20999908447266,127.12999725341797,125.6500015258789,126.5,80171300,0.002462252222689809,0.03970672805881281,122.2634994506836,127.48879974365235,0.2842352121965655,55.79091015020691,-0.5130841805159747,-1.3543791923788406,0.8412950118628659,0.3675372146450197
2021-04-07,124.35213470458984,127.9000015258789,127.91999816894531,125.13999938964844,125.83000183105469,83466700,0.013390400551981152,0.06672226770800593,122.603999710083,127.18839981079101,0.2526113757615502,58.8797947478113,-0.08523865706648337,-1.1005510853163691,1.0153124282498858,0.43059700005408896
2021-04-08,126.74386596679688,130.36000061035156,130.38999938964844,128.52000427246094,128.9499969482422,88844600,0.019233769000189582,0.06721243538202715,123.12299957275391,126.93239974975586,0.25478454773521003,62.9389875970768,0.447178573537812,-0.7910051535455329,1.238183727083345,0.5447471463983019
2021-04-09,129.31068420410156,133.0,133.0399932861328,129.47000122070312,129.8000030517578,106686700,0.020251606146730827,0.08130081300813008,123.67499961853028,126.75119979858398,0.25750288836023855,66.73419890883531,1.0698167702107355,-0.4188407687942793,1.4886575390050147,0.7912506112948422
2021-04-12,127.5994644165039,131.24000549316406,132.85000610351562,130.6300048828125,132.52000427246094,91420000,-0.013233041404781432,0.042414645770973314,124.18549995422363,126.63419998168945,0.261730266763065,62.16385588350611,1.4050486528682882,-0.054062884461765826,1.459111537330054,0.7075609009288779
2021-04-13,130.70098876953125,134.42999267578125,134.66000366210938,131.92999267578125,132.44000244140625,91266500,0.024306515156183428,0.06512949568921989,124.70749969482422,126.68359970092773,0.26157645956934955,66.62534139214205,1.9061546763230979,0.3379806276952069,1.568174048627891,0.859248364922342
2021-04-14,128.36758422851562,132.02999877929688,135.0,131.66000366210938,134.94000244140625,87222800,-0.017853113347054084,0.032290830368616685,125.03049964904785,126.6413996887207,0.27067914120624803,60.81515193097729,2.0855840456769954,0.6875013112915647,1.3980827343854307,0.7451259666439805
2021-04-15,130.76904296875,134.5,135.0,133.63999938964844,133.82000732421875,89347100,0.018707878842231906,0.03175820320853617,125.51749954223632,126.63159957885742,0.2741700310227256,64.26874258659566,2.3994324062732773,1.0298875302879074,1.36954487598537,0.8625772916119464
2021-04-16,130.43846130371094,134.16000366210938,134.6699981689453,133.27999877929688,134.3000030517578,84922400,-0.002527853813313219,0.00872183204593524,126.19899978637696,126.63599960327149,0.23685846254923584,63.439890805795,2.590858822449775,1.342081788720281,1.248777033729494,0.8464100848774726
2021-04-19,131.09957885742188,134.83999633789062,135.47000122070312,133.33999633789062,133.50999450683594,94264200,0.005068520104500429,0.027430590475814087,126.94149971008301,126.58499954223633,0.23394193579068495,64.42798913994963,2.7655557571523843,1.6267765824067015,1.1387791747456828,0.89926973154188
2021-04-20,129.41758728027344,133.11000061035156,135.52999877929688,131.80999755859375,135.02000427246094,94812300,-0.012829989428388311,-0.00981917828868184,127.42749977111816,126.51199966430664,0.22724565061490762,59.98608977410233,2.7329049128319127,1.8480022484917438,0.884902664340169,0.815085037107439
2021-04-21,129.79678344726562,133.5,133.75,131.3000030517578,132.36000061035156,68847100,0.002929902996470446,0.011133842568312069,127.97549972534179,126.44379959106445,0.22371075379107563,60.644808110326444,2.707290613888034,2.019859921571002,0.6874306923170321,0.8722648709175932
2021-04-22,128.28004455566406,131.94000244140625,134.14999389648438,131.41000366210938,133.0399932861328,84566500,-0.011685374970739737,-0.019033439097351335,128.56800003051757,126.36239974975587,0.21340863386210115,56.62900540448162,2.531925866578206,2.122273110572443,0.4096527560057628,0.8187074529928237
2021-04-23,130.59405517578125,134.32000732421875,135.1199951171875,132.16000366210938,132.16000366210938,78657500,0.01803853902359487,0.0011926331077953822,129.25450057983397,126.34099990844726,0.21848107952899012,60.884643141115994,2.555535917125866,2.2089256718831276,0.3466102452427382,0.944766538854539
2021-04-26,130.9829559326172,134.72000122070312,135.05999755859375,133.55999755859375,134.8300018310547,66905100,0.002977917470767144,-0.0008899074491726111,129.9300006866455,126.33279983520508,0.21866250263509676,61.56718248910266,2.5768192485608097,2.282504387218664,0.2943148613421456,0.965807780941197
2021-04-27,130.6620635986328,134.38999938964844,135.41000366210938,134.11000061035156,135.00999450683594,66015800,-0.002449538509980198,0.009616097764463039,130.58000068664552,126.3131999206543,0.22003556011961395,60.62725154929421,2.537803829417925,2.3335642756585164,0.2042395537594084,0.9756495101580788
2021-04-28,129.8745574951172,133.5800018310547,135.02000427246094,133.0800018310547,134.30999755859375,107760100,-0.0060272160300057775,0.0005992646520951439,131.2640007019043,126.32099990844726,0.21450669408775627,58.27553498049967,2.4137001621170953,2.349591452950232,0.06410870916686306,0.9318184633041726
2021-04-29,129.77728271484375,133.47999572753906,137.07000732421875,132.4499969482422,136.47000122070312,151101000,-0.0007486607437100501,0.011671921006797925,131.83050041198732,126.37379989624023,0.20963317111488133,57.9765174141448,2.2809836947249664,2.335869901305179,-0.054886206580212704,0.9264068763649724
2021-04-30,127.8133544921875,131.4600067138672,133.55999755859375,131.07000732421875,131.77999877929688,109839500,-0.015133271488823707,-0.021292439356768056,132.25350074768068,126.40879989624024,0.22061457801752837,52.15527292084151,1.9898707155382453,2.2666700641517927,-0.2767993486135474,0.8171000862848391
2021-05-03,128.8634033203125,132.5399932861328,134.07000732421875,131.8300018310547,132.0399932861328,75135100,0.008215324183090233,-0.01618176896390422,132.58550033569335,126.46219985961915,0.20840205831268066,54.77010228457623,1.8252669317346317,2.178389437668361,-0.35312250593372907,0.8755409316285541
2021-05-04,124.30351257324219,127.8499984741211,131.49000549316406,126.69999694824219,131.19000244140625,137564700,-0.035385506636376296,-0.04866434217746629,132.6675003051758,126.49919982910156,0.24834162441377566,43.620924774464804,1.3013724502267792,2.0029860401800446,-0.7016135899532654,0.6217532749018458
2021-05-05,124.54655456542969,128.10000610351562,130.4499969482422,127.97000122070312,129.1999969482422,84000900,0.0019554762016296134,-0.04102407285837506,132.67750053405763,126.54399993896484,0.24390711886398897,44.27215879615779,0.8960269841512059,1.781594228974277,-0.8855672448230711,0.6352818294037264
2021-05-06,126.14108276367188,129.74000549316406,129.75,127.12999725341797,127.88999938964844,78128300,0.01280249267375666,-0.028019106638339397,132.64650077819823,126.63180007934571,0.2382500921033956,48.47651471132382,0.699063655953978,1.565088114370217,-0.8660244584162391,0.7240264056378266
2021-05-07,126.81309509277344,130.2100067138672,131.25999450683594,129.47999572753906,130.85000610351562,78973300,0.003622639130594907,-0.009508595284957844,132.5070011138916,126.81620025634766,0.22639882870263023,49.64891540538403,0.5742740955597583,1.3669253106081254,-0.7926512150483671,0.7494593780060358
2021-05-10,123.54073333740234,126.8499984741211,129.5399932861328,126.80999755859375,129.41000366210938,88071200,-0.025804531652698692,-0.042930399126608676,132.28750076293946,126.92800018310547,0.2394571225139468,42.24774495222782,0.20192521748700187,1.133925291983901,-0.932000074496899,0.5676407082788032
2021-05-11,122.62525177001953,125.91000366210938,126.2699966430664,122.7699966430664,123.5,126142800,-0.007410286348592199,-0.015173991671219356,131.86150131225585,126.8904002380371,0.21960511247396175,40.43187668875672,-0.16708759469617007,0.8737227146478868,-1.0408103093440568,0.5167751763885047
2021-05-12,119.56718444824219,122.7699966430664,124.63999938964844,122.25,123.4000015258789,112172300,-0.02493850311901713,-0.04160819052687725,131.39850120544435,126.8434001159668,0.22719453458468675,35.01742094599648,-0.7047809551086743,0.5580219806965746,-1.262802935805249,0.3468613373737207
2021-05-13,121.70977020263672,124.97000122070312,126.1500015258789,124.26000213623047,124.58000183105469,105861300,0.017919724996269926,-0.03676587074533666,130.9220012664795,126.90160018920898,0.22618628864706222,40.9809179767548,-0.942520049465287,0.2579135746642023,-1.2004336241294893,0.4659092316520863
2021-05-14,124.12507629394531,127.44999694824219,127.88999938964844,125.8499984741211,126.25,81918000,0.019844728361323005,-0.021196602590537017,130.58650093078614,127.04800018310547,0.24100979798180683,46.89701183102685,-0.9202074864428198,0.02228936244279786,-0.9424968488856177,0.6001081656834049
2021-05-17,122.9758529663086,126.2699966430664,126.93000030517578,125.16999816894531,126.81999969482422,74244600,-0.009258535374112142,-0.004572344012861884,130.15800094604492,127.1450001525879,0.24044536276408904,44.60587745166208,-0.9863705171207897,-0.1794426134699197,-0.8069279036508701,0.5362553205543698
2021-05-18,121.59291076660156,124.8499984741211,126.98999786376953,124.77999877929688,126.55999755859375,63342900,-0.011245729046459818,-0.008418752737335278,129.7450008392334,127.31480010986328,0.23966552866499063,41.94988685737301,-1.1402431669738604,-0.37160272417070783,-0.7686404428031526,0.3313252119915331
2021-05-19,121.43710327148438,124.69000244140625,124.91999816894531,122.86000061035156,123.16000366210938,92612000,-0.0012815060846637083,0.01563904741255273,129.30450096130372,127.38680023193359,0.23872713672058188,41.648971164821944,-1.260567654032883,-0.5493957101431428,-0.7111719438897401,0.3206159691351563
2021-05-20,123.9887466430664,127.30999755859375,127.72000122070312,125.0999984741211,125.2300033569336,76857100,0.021012070461853494,0.018724464391722817,129.0730007171631,127.5334001159668,0.251372722655944,48.20147638321001,-1.131471072961233,-0.6658107827067609,-0.4656602902544721,0.4959838424279254
2021-05-21,122.15778350830078,125.43000030517578,128.0,125.20999908447266,127.81999969482422,79295400,-0.014767082628783457,-0.01584932672761641,128.62850036621094,127.60280014038086,0.24413615047946702,44.35271909950424,-1.1674040615912986,-0.7661294384836685,-0.40127462310763007,0.37014730251785427
2021-05-24,123.7842025756836,127.0999984741211,127.94000244140625,125.94000244140625,126.01000213623047,63092900,0.01331418452429367,0.006573230800036356,128.24750022888185,127.72420013427734,0.25034235284645073,48.30165671365614,-1.0490337108688976,-0.8227102929607144,-0.22632341790818322,0.48192767392753094
2021-05-25,123.58943176269531,126.9000015258789,128.32000732421875,126.31999969482422,127.81999969482422,72009500,-0.0015735401309459052,0.016419728288444846,127.87300033569336,127.78240020751953,0.25037737855841946,47.86359660019121,-0.9602927799818417,-0.8502267903649399,-0.11006598961690184,0.46854099268977106
2021-05-26,123.54073333740234,126.8499984741211,127.38999938964844,126.41999816894531,126.95999908447266,56575900,-0.0003940350760958111,0.017322928786771552,127.53650016784668,127.80800018310546,0.250196160886398,47.747002755284065,-0.8838117495982232,-0.8569437822115966,-0.026867967386626557,0.4651940670457534
2021-05-27,122.01168823242188,125.27999877929688,127.63999938964844,125.08000183105469,126.44000244140625,94625600,-0.012376820762394547,-0.01594532101347801,127.12650032043457,127.8184001159668,0.2525333818448583,44.11346863376671,-0.9390609265247036,-0.873367211074218,-0.06569371545048563,0.36010703625495666
2021-05-28,121.35917663574219,124.61000061035156,125.80000305175781,124.55000305175781,125.56999969482422,71311100,-0.005348005870638883,-0.006537508513347112,126.78400001525878,127.9000001525879,0.24867978513431377,42.622790971277304,-1.0250929170635743,-0.9037123522720892,-0.12138056479148507,0.31526109237239014
2021-06-01,121.03777313232422,124.27999877929688,125.3499984741211,123.94000244140625,125.08000183105469,67637100,-0.002648277260559384,-0.0221872519959031,126.37100028991699,127.98580017089844,0.2454078209079133,41.87226384230707,-1.1071398600820004,-0.9443978538340715,-0.1627420062479289,0.2931726087278465
2021-06-02,121.79742431640625,125.05999755859375,125.23999786376953,124.05000305175781,124.27999877929688,59278900,0.006276140867059743,-0.014499637077702632,126.23150024414062,128.01920013427736,0.2154365188100745,44.365871137180356,-1.0965825497384856,-0.9748347930149543,-0.12174775672353122,0.34538138049192757
2021-06-03,120.31707763671875,123.54000091552734,124.8499984741211,123.12999725341797,124.68000030517578,76229200,-0.012154139395007202,-0.02609379265596945,126.00349998474121,128.03920013427734,0.21865395128390436,40.70158513972004,-1.197067778976205,-1.0192813902072044,-0.17778638876900055,0.2436412753451485
2021-06-04,122.60577392578125,125.88999938964844,126.16000366210938,123.8499984741211,124.06999969482422,75169300,0.019022166559055975,0.004869098150505069,125.81099967956543,128.1552001953125,0.225151152381074,47.87021153538129,-1.074689458888102,-1.030363003943384,-0.044326454944717986,0.4009370779000263
2021-06-07,122.61552429199219,125.9000015258789,126.31999969482422,124.83000183105469,126.16999816894531,71057600,7.945139629006448e-05,0.010352306469856298,125.59549942016602,128.26140029907228,0.2244510368041422,47.89908162353604,-0.9657639441467012,-1.0174431919840474,0.05167924783734623,0.4016065651626609
2021-06-08,123.43360137939453,126.73999786376953,128.4600067138672,126.20999908447266,126.5999984741211,74403800,0.006671932706195927,0.019794006345632997,125.58999938964844,128.3720002746582,0.2068924481473449,50.38422384329232,-0.8024093293563652,-0.9744364194585111,0.1720270901021459,0.45783123916423885
2021-06-09,123.81342315673828,127.12999725341797,127.75,126.5199966430664,127.20999908447266,56877900,0.003077161087438496,0.01655205289648576,125.65099906921387,128.4868002319336,0.20522786216373418,51.539965601487246,-0.6341696162654102,-0.906383058819891,0.27221344255448077,0.4839356250462794
2021-06-10,122.8200454711914,126.11000061035156,128.19000244140625,125.94000244140625,127.0199966430664,71186400,-0.008023257021182562,0.02080297616786897,125.81799926757813,128.61100021362304,0.18515343981444926,48.36669624888,-0.5764981246437202,-0.8404060719846569,0.2639079473409367,0.3120567930196723
2021-06-11,124.0276870727539,127.3499984741211,127.44000244140625,126.0999984741211,126.52999877929688,53522400,0.009832668763525065,0.011597419108357876,125.93699913024902,128.7150001525879,0.17766149514171672,52.218215361967715,-0.42582691985714405,-0.7574902415591543,0.3316633217020103,0.37945335102358413
2021-06-14,127.07601165771484,130.47999572753906,130.5399932861328,127.06999969482422,127.81999969482422,96906500,0.024577913552578545,0.03637803134354001,126.08849906921387,128.86460006713867,0.1849636222389249,60.27364278928972,-0.053240560622271005,-0.6166403053717777,0.5633997447495067,0.638773759686076
2021-06-15,126.25792694091797,129.63999938964844,130.60000610351562,129.38999938964844,129.94000244140625,62746300,-0.006437740384699686,0.022881502088993644,126.25699920654297,128.93940002441406,0.18310180046062333,57.47330442599979,0.1722703042527769,-0.45885818344686685,0.6311284876996437,0.5691800265353761
2021-06-16,126.7546157836914,130.14999389648438,130.88999938964844,128.4600067138672,130.3699951171875,91815000,0.003933928642679829,0.02375518530883336,126.52199897766113,129.0181999206543,0.17704641389616743,58.72708350265551,0.3876727339252426,-0.289551999972445,0.6772247338976876,0.6114330936215858
2021-06-17,128.3518524169922,131.7899932861328,132.5500030517578,129.64999389648438,129.8000030517578,96721700,0.012600841079968284,0.04503998610967419,126.87699851989746,129.09599975585937,0.18031600862213962,62.55063312574658,0.6828435605189185,-0.09507288787417231,0.7779164483930908,0.7473071144263826
2021-06-18,127.05656433105469,130.4600067138672,131.50999450683594,130.24000549316406,130.7100067138672,108953300,-0.010091711359132227,0.02442095231259911,127.03449897766113,129.09799987792968,0.17235234911249772,57.86861676538618,0.8002252672076366,0.08398674314218949,0.7162385240654472,0.6371176690334436
2021-06-21,128.84857177734375,132.3000030517578,132.41000366210938,129.2100067138672,130.3000030517578,79663300,0.014103911108376721,0.013948554443695693,127.37799911499023,129.08399993896484,0.16709108123756272,62.0957287562806,1.0298519502033798,0.2731597845544276,0.7566921656489523,0.7895614457039302
2021-06-22,130.48471069335938,133.97999572753906,134.0800018310547,131.6199951171875,132.1300048828125,74783600,0.012698357044814257,0.033477293723569446,127.72199897766113,129.13879974365236,0.16658685455434785,65.49934429942778,1.3320392007586292,0.4849356677952679,0.8471035329633614,0.9287489120053298
2021-06-23,130.2120361328125,133.6999969482422,134.32000732421875,133.22999572753906,133.77000427246094,60214200,-0.002089855114387973,0.02727624447359811,128.0619987487793,129.12419982910157,0.16677215190398317,64.4604317552278,1.531279574773862,0.6942044491909867,0.8370751255828752,0.9055510009550966
2021-06-24,129.92959594726562,133.41000366210938,134.63999938964844,132.92999267578125,134.4499969482422,68711000,-0.0021689849869261923,0.012292362535138102,128.3899990081787,129.1517999267578,0.1673221428805989,63.33987025800195,1.6467957358660783,0.884722706526005,0.7620730293400733,0.8815250445785471
2021-06-25,129.63742065429688,133.11000061035156,133.88999938964844,132.80999755859375,133.4600067138672,70783700,-0.00224872980678148,0.020312691707095265,128.78149909973143,129.12399993896486,0.15897086413771983,62.13646626138594,1.6946010803324043,1.046698381287285,0.6479026990451193,0.8566697786843435
2021-06-28,131.2638397216797,134.77999877929688,135.25,133.35000610351562,133.41000366210938,62111300,0.012546000760933262,0.018745243162003877,129.2899990081787,129.1363998413086,0.1590730347748441,66.00802365382773,1.8459629439716707,1.206551293824162,0.6394116501475087,0.9950291996594268
2021-06-29,132.77342224121094,136.3300018310547,136.49000549316406,134.35000610351562,134.8000030517578,64556100,0.011500245331623304,0.017539977447786903,129.8924991607666,129.16619995117188,0.159184335758872,69.15998169149407,2.067161651020456,1.3786733652634209,0.6884882857570349,1.0
2021-06-30,133.38699340820312,136.9600067138672,137.41000366210938,135.8699951171875,136.1699981689453,63261400,0.0046211756352296796,0.02438302049391239,130.48749961853028,129.24320007324218,0.15907333388990824,70.36289900807475,2.2671648833654388,1.5563716688838245,0.7107932144816143,1.0
2021-07-01,133.6888885498047,137.27000427246094,137.3300018310547,135.75999450683594,136.60000610351562,52485800,0.002263416642797056,0.028933367096877438,131.17399978637695,129.3186001586914,0.14667966334637447,70.96306443234896,2.4227550856504365,1.729648352237147,0.6931067334132894,1.0
2021-07-02,136.30873107910156,139.9600067138672,140.0,137.75,137.89999389648438,78852600,0.01959643299833358,0.05146124312302747,131.87750015258788,129.47900024414062,0.1474033713742368,75.58363264798125,2.731633586063964,1.9300453990025106,0.8015881870614534,1.0
2021-07-06,138.31495666503906,142.02000427246094,143.14999389648438,140.07000732421875,140.07000732421875,108181800,0.01471847284778427,0.0537172099624339,132.683500289917,129.63300018310548,0.14960097633211442,78.41614801333925,3.1068329732721907,2.165402913856447,0.9414300594157439,1.0
2021-07-07,140.79844665527344,144.57000732421875,144.88999938964844,142.66000366210938,143.5399932861328,104911600,0.01795523852305836,0.060441615069993126,133.57500076293945,129.8300003051758,0.15543659190344736,81.30701759316946,3.5688061500197534,2.4460835610891083,1.1227225889306451,1.0
2021-07-08,139.503173828125,143.24000549316406,144.05999755859375,140.6699981689453,141.5800018310547,105575500,-0.009199707848613237,0.04585279257774033,134.38050117492676,130.00700042724608,0.1649927096057604,75.61819885929603,3.7839837788971806,2.7136636046507228,1.0703201742464579,0.9389907715868888
2021-07-09,141.32435607910156,145.11000061035156,145.64999389648438,142.64999389648438,142.75,99890800,0.013054977977341231,0.05711368903529257,135.33050117492675,130.23760040283204,0.15798932740060462,77.95380994933292,4.058621317663409,2.98265514725326,1.0759661704101489,1.0
2021-07-12,140.7302703857422,144.5,146.32000732421875,144.0,146.2100067138672,76299700,-0.004203711720665804,0.03243778985674339,136.1880012512207,130.45800048828124,0.16254622362146903,75.41592298591756,4.178880066381993,3.221900131079007,0.9569799353029858,0.9726946955226664
2021-07-13,141.84051513671875,145.63999938964844,147.4600067138672,143.6300048828125,144.02999877929688,100827100,0.007889269132515198,0.025489332546721144,136.94600143432618,130.74160034179687,0.14791009740044345,76.92769057098324,4.3164174411462,3.440803593092446,0.8756138480537539,1.0
2021-07-14,145.2589874267578,149.14999389648438,149.57000732421875,147.67999267578125,148.10000610351562,127050800,0.024100484218248397,0.03168006045676086,137.92150115966797,131.0738003540039,0.15464599144953642,80.83536352028037,4.654984263046401,3.6836397270832375,0.9713445359631638,1.0
2021-07-15,144.60641479492188,148.47999572753906,150.0,147.08999633789062,149.24000549316406,106820300,-0.004492109932034749,0.03658189076671792,138.8380012512207,131.48640029907227,0.15972764339846096,78.11568695118991,4.813747768003424,3.909661335267275,0.9040864327361486,0.9746020379566755
2021-07-16,142.57098388671875,146.38999938964844,149.75999450683594,145.8800048828125,148.4600067138672,93251400,-0.014075945568625792,0.008820886044469844,139.5680015563965,131.8522001647949,0.17399464559006428,70.18326143555538,4.716554250425702,4.071039918298961,0.6455143321267407,0.8953754816453465
2021-07-19,138.73377990722656,142.4499969482422,144.07000732421875,141.6699981689453,143.75,121434600,-0.026914423511397723,-0.014186872330503864,140.16750106811523,132.10639999389647,0.20178973778975606,58.18737922786339,4.272353388046952,4.11130261224856,0.1610507757983921,0.7460198011440623
2021-07-20,142.33721923828125,146.14999389648438,147.10000610351562,142.9600067138672,143.4600067138672,96350000,0.025974005107115117,0.0035017475211016613,140.86000061035156,132.42519973754884,0.21336318487347092,64.34978580414234,4.170801433187762,4.1232023764364,0.04759905675136178,0.8862774711012792
2021-07-21,141.60678100585938,145.39999389648438,146.1300048828125,144.6300048828125,145.52999877929688,74993500,-0.005131714206784155,-0.025142475048323787,141.43100051879884,132.7961996459961,0.2143000823384883,62.344010516804715,3.9838783752987865,4.095337576208878,-0.1114592009100912,0.857846838876599
2021-07-22,142.97032165527344,146.8000030517578,148.1999969482422,145.80999755859375,145.94000244140625,77338200,0.009628674099327439,-0.011314606170005792,142.08600082397462,133.21399963378906,0.21378577290830278,64.56440045843894,3.903710004720409,4.057012061911184,-0.15330205719077483,0.9109176994162848
2021-07-23,144.68435668945312,148.55999755859375,148.72000122070312,146.9199981689453,147.5500030517578,71447400,0.011989063148829748,0.014823404453806921,142.84350051879883,133.72979965209962,0.21359722453743432,67.18406169486315,3.936811726268786,4.032971994782705,-0.0961602685139189,0.9769622608514835
2021-07-26,145.10317993164062,148.99000549316406,149.8300018310547,147.6999969482422,148.27000427246094,72434100,0.002894506876931713,0.045910906879823354,143.63750076293945,134.21019973754883,0.21190289862267075,67.81020451723214,3.9521847994559494,4.016814555717354,-0.06462975626140466,0.9937528915591942
2021-07-27,142.94105529785156,146.77000427246094,149.2100067138672,145.5500030517578,149.1199951171875,104818600,-0.014900336524955593,0.004242288073003309,144.23700103759765,134.5965998840332,0.2223425472721571,61.30655783274099,3.74209597252991,3.9618708390798654,-0.21977486654995548,0.9070679314206318
2021-07-28,141.19775390625,144.97999572753906,146.97000122070312,142.5399932861328,144.80999755859375,118931200,-0.012196010716187922,-0.002888570746738317,144.66950073242188,134.97079986572265,0.2280903961521627,56.593377333775365,3.392058791468372,3.847908429557567,-0.455849638089195,0.8371730061759087
2021-07-29,141.84051513671875,145.63999938964844,146.5500030517578,144.5800018310547,144.69000244140625,56699500,0.0045523774421245555,-0.007901932138927759,145.10350036621094,135.38659988403322,0.2280847557078915,57.879195972085334,3.1318070609306687,3.7046881558321876,-0.5728810949015188,0.8629443393660481
2021-07-30,142.0548095703125,145.86000061035156,146.3300018310547,144.11000061035156,144.3800048828125,70440600,0.001510582406104799,-0.018174454716029964,145.53300018310546,135.80999984741212,0.22814031681112928,58.32238601765601,2.909765978418136,3.545703720349377,-0.6359377419312411,0.8715347837627612
2021-08-02,141.7237091064453,145.52000427246094,146.9499969482422,145.25,146.36000061035156,62880000,-0.002330977214232255,-0.023290161036085943,145.81100006103514,136.17419998168944,0.22030169298289956,57.318641774648114,2.675520226094619,3.3716670214984257,-0.6961467954038065,0.858258859081976
2021-08-03,143.51565551757812,147.36000061035156,148.0399932861328,145.17999267578125,145.80999755859375,64786600,0.012644284523559701,0.004019870005558923,146.0779998779297,136.61279998779298,0.21883676565065588,61.20946057811756,2.6082844274267813,3.218990502684097,-0.6107060752573155,0.9301056705691482
2021-08-04,143.11639404296875,146.9499969482422,147.7899932861328,146.27999877929688,147.27000427246094,56368300,-0.00278232668574363,0.013588089934871705,146.19699935913087,137.0097999572754,0.2109427877412577,59.899136277258386,2.493175923488252,3.073827586844928,-0.5806516633566758,0.91409615184674
2021-08-05,143.2234649658203,147.05999755859375,147.83999633789062,146.1699981689453,146.97999572753906,46397700,0.0007485580989179397,0.009750056130845008,146.38799896240235,137.41299987792968,0.20755358678437466,60.14564261894136,2.383353914407877,2.935732852357518,-0.5523789379496411,0.9183913740450965
2021-08-06,142.54078674316406,146.13999938964844,147.11000061035156,145.6300048828125,146.35000610351562,54126800,-0.006255937605185613,0.001919640601434347,146.4394989013672,137.79879989624024,0.20446490849771787,56.99026323251153,2.1967601341081604,2.7879383087076466,-0.5911781745994862,0.8824679683015104
2021-08-09,142.49200439453125,146.08999633789062,146.6999969482422,145.52000427246094,146.1999969482422,48908700,-0.0003421585600564825,0.003916932715054555,146.5189987182617,138.21499984741212,0.20376185481184383,56.81579725384667,2.0215452749398537,2.634659701954088,-0.6131144270142341,0.8805154862451899
2021-08-10,142.01406860351562,145.60000610351562,147.7100067138672,145.3000030517578,146.44000244140625,69023100,-0.00335403002709167,-0.011943502304195164,146.5169990539551,138.6347999572754,0.20234947325839545,55.03773787349104,1.8221435828215249,2.4721564781275753,-0.6500128953060504,0.8613827112093144
2021-08-11,142.2676544189453,145.86000061035156,146.72000122070312,145.52999877929688,146.0500030517578,48493500,0.00178567648308392,-0.007417464175072719,146.35249938964844,139.06639999389648,0.18163475013162056,55.82766842336537,1.665892319367316,2.3109036463755235,-0.6450113270082074,0.8715347837627612
2021-08-12,145.22300720214844,148.88999938964844,149.0500030517578,145.83999633789062,146.19000244140625,72282600,0.020773335846824503,0.012443913106455318,146.3729995727539,139.5430000305176,0.1967968963437939,63.80793026937171,1.7661980147887846,2.201962520058176,-0.4357645052693915,0.9898479274465533
2021-08-13,145.4278564453125,149.10000610351562,149.44000244140625,148.27000427246094,148.97000122070312,59375000,0.0014104823341263284,0.020254596457024876,146.50849990844728,140.05420013427735,0.18942513033787467,64.289476999101,1.8414101577233453,2.1298520475912097,-0.28844188986786445,0.9978509112306945
2021-08-16,147.39810180664062,151.1199951171875,151.19000244140625,146.47000122070312,148.5399932861328,103296000,0.013547880154139325,0.03443082281734755,146.94199981689454,140.55880004882812,0.16298922308512523,68.61507910259864,2.040491043931098,2.1119798468591875,-0.07148880292808935,1.0
2021-08-17,146.49098205566406,150.19000244140625,151.67999267578125,149.08999633789062,150.22999572753906,92229700,-0.006154001494375949,0.03152469880136777,147.1440002441406,141.04460006713867,0.14141809124358046,64.72770978773352,2.099025188117821,2.109388915110914,-0.01036372699309318,0.9628151587347588
2021-08-18,142.75535583496094,146.36000061035156,150.72000122070312,146.14999389648438,149.8000030517578,86326000,-0.025501043803157875,0.003427944590070897,147.19200057983397,141.43700012207032,0.16957947752002653,51.72961698428148,1.8154375460361791,2.0505986412959674,-0.23516109525978823,0.809676307384438
2021-08-19,143.08692932128906,146.6999969482422,148.0,144.5,145.02999877929688,86960300,0.002323014050784167,-0.014708861914056182,147.1870002746582,141.8284001159668,0.16624691935843686,52.63884255449839,1.599686963997243,1.9604163058362227,-0.36072934183897964,0.8232707261196238
2021-08-20,144.54026794433594,148.19000244140625,148.5,146.77999877929688,147.44000244140625,60549600,0.010156820205591055,-0.006103310696564224,147.16850051879882,142.2700001525879,0.16461627964891856,56.50540068660104,1.531282393888688,1.8745895234467158,-0.3433071295580279,0.8767356714526119
2021-08-23,146.02281188964844,149.7100067138672,150.19000244140625,147.88999938964844,148.30999755859375,60131800,0.010257131030562805,-0.009330257073042691,147.204500579834,142.7172003173828,0.16840783236666673,60.08534475590898,1.5814924601949656,1.8159701107963657,-0.23447765060140013,0.9343580687256564
2021-08-24,145.93502807617188,149.6199951171875,150.86000061035156,149.14999389648438,149.4499969482422,48606400,-0.0006012396810035625,-0.0037952414605034734,147.3470001220703,143.10000030517577,0.15866299587187532,59.77160168639911,1.5956277128628074,1.771901631209654,-0.1762739183468467,0.9301675838754064
2021-08-25,144.70608520507812,148.36000061035156,150.32000732421875,147.8000030517578,149.80999755859375,58991300,-0.008421297606974743,0.01366493571781624,147.51600036621093,143.47440032958986,0.1550200216039211,55.4099757804673,1.4880061671100862,1.7151225383897406,-0.22711637127965445,0.8683836744791856
2021-08-26,143.90625,147.5399932861328,149.1199951171875,147.50999450683594,148.35000610351562,48597200,-0.005527145597501004,0.005725946526004222,147.61100006103516,143.82220031738282,0.15625157038202017,52.714016128581115,1.321316267313648,1.636361284174522,-0.31504501686087405,0.8267181103315945
2021-08-27,144.94017028808594,148.60000610351562,148.75,146.8300018310547,147.47999572753906,55802400,0.007184579541948732,0.002766743068726818,147.74800033569335,144.15840057373046,0.15793368064850363,55.713683220450704,1.2602204592607507,1.561133119191768,-0.30091265993101723,0.878025632712026
2021-08-30,149.3488006591797,153.1199951171875,153.49000549316406,148.61000061035156,149.0,90956700,0.03041715227469921,0.02277729109876825,148.12799987792968,144.61160034179687,0.18862994299524807,65.70428121905772,1.558560810631775,1.5606186574797694,-0.0020578468479943712,1.0
2021-08-31,148.09059143066406,151.8300018310547,152.8000030517578,151.2899932861328,152.66000366210938,86453100,-0.008424721311841354,0.014770797928019164,148.35149993896485,145.0022003173828,0.18859880070727164,61.44401936556782,1.6716364270784254,1.5828222113995007,0.08881421567892467,0.9355325517109904
2021-09-01,148.75384521484375,152.50999450683594,154.97999572753906,152.33999633789062,152.8300018310547,80313700,0.004478644981759983,0.02797245807098503,148.62949981689454,145.37280029296875,0.18814103003078497,62.81281130980561,1.7954228764698712,1.6253423444135748,0.17008053205629636,0.9695152035077685
2021-09-02,149.8657684326172,153.64999389648438,154.72000122070312,152.39999389648438,153.8699951171875,71115500,0.007474915944589711,0.04141250432689181,148.95899963378906,145.77180023193358,0.1890957371490137,65.05278698188226,1.9628860245807687,1.6928510804470138,0.27003494413375484,1.0
2021-09-03,150.49977111816406,154.3000030517578,154.6300048828125,153.08999633789062,153.75999450683594,57808700,0.0042304535053308,0.03835798596314688,149.36699981689452,146.18960021972657,0.18647659498182192,66.29927673833471,2.1235728564321334,1.7789954356440378,0.3445774207880956,1.0
2021-09-07,152.83090209960938,156.69000244140625,157.25999450683594,154.38999938964844,154.97000122070312,82278300,0.01548930228372547,0.023315095598628544,149.89700012207032,146.66120025634766,0.1913582210164098,70.46992627844645,2.4159220594052044,1.9063807603962712,0.5095412990089332,1.0
2021-09-08,151.28981018066406,155.11000061035156,157.0399932861328,153.97999572753906,156.97999572753906,74420200,-0.010083616098260806,0.021603100439573364,150.37249984741212,147.06780029296874,0.19602527337950973,64.76380115769422,2.4913986728252553,2.023384342882068,0.46801432994318715,0.9223967689739964
2021-09-09,150.27545166015625,154.07000732421875,156.11000061035156,153.9499969482422,155.49000549316406,57305700,-0.006704875778740793,0.010228921864611884,150.78300018310546,147.42260040283202,0.19915312261420298,61.248285487903644,2.439178336607341,2.1065431416271228,0.33263519498021843,0.8672075172560468
2021-09-10,145.30105590820312,148.97000122070312,155.47999572753906,148.6999969482422,155.0,140893200,-0.03310187486902216,-0.030458788556374516,150.7870002746582,147.66280029296874,0.2248807195192627,47.60218808350992,1.9636299699270126,2.077960507287101,-0.11433053736008825,0.6024715783419462
2021-09-13,145.86676025390625,149.5500030517578,151.4199981689453,148.75,150.6300048828125,102404300,0.003893413615506436,-0.030784186040532235,150.80950012207032,147.9084002685547,0.22524174771568067,48.99399562936549,1.6149397435814876,1.9853563545459783,-0.37041661096449063,0.5732216848151752
2021-09-14,144.47198486328125,148.1199951171875,151.07000732421875,146.91000366210938,150.35000610351562,109296300,-0.009562072252685905,-0.05469402763857556,150.6595001220703,148.0716000366211,0.22205673913868754,45.76620953902194,1.209270816552106,1.830139246947204,-0.620868430395098,0.41581401541273105
2021-09-15,145.3595428466797,149.02999877929688,149.44000244140625,146.3699951171875,148.55999755859375,83281300,0.006143692223250508,-0.03919800017490893,150.60149993896485,148.2117999267578,0.22249425116036972,48.10905087121804,0.9502510568363789,1.654161608925039,-0.7039105520886602,0.46207860202114587
2021-09-16,145.12545776367188,148.7899932861328,148.97000122070312,147.22000122070312,148.44000244140625,68034100,-0.0016104508832446296,-0.03427022643657629,150.7229995727539,148.2961996459961,0.2017939273297783,47.525919811166276,0.7173405384381795,1.4667973948276671,-0.7494568563894877,0.4452242901826232
2021-09-17,142.4626922607422,146.05999755859375,148.82000732421875,145.75999450683594,148.82000732421875,129868800,-0.018347979371765355,-0.01953415881227072,150.69099960327148,148.3525994873047,0.2128959659682172,41.38162069205134,0.30890852965086424,1.2352196217923066,-0.9263110921414424,0.2535111810233886
2021-09-20,139.41957092285156,142.94000244140625,144.83999633789062,141.27000427246094,143.8000030517578,123478900,-0.02136105141269684,-0.044199267639358775,150.4284996032715,148.30919952392577,0.2218973465690661,35.700965704914836,-0.2634968829313493,0.9354763208475755,-1.198973203778925,0.034410484841406165
2021-09-21,139.8974609375,143.42999267578125,144.60000610351562,142.77999877929688,143.92999267578125,75834000,0.003427943374884501,-0.03166353359447305,150.1144989013672,148.28779937744142,0.21830802269387972,37.159933637063084,-0.6698723084751919,0.6144065949830221,-1.284278903458214,0.06881989813904994
2021-09-22,142.25790405273438,145.85000610351562,146.42999267578125,143.6999969482422,144.4499969482422,76404300,0.016872436389261614,-0.02133793666931849,149.9259994506836,148.29199951171876,0.22842330249406564,43.92713469031104,-0.7875742367204737,0.334010428642323,-1.1215846653627968,0.23876459576547335
2021-09-23,143.2137451171875,146.8300018310547,147.0800018310547,145.63999938964844,146.64999389648438,64838200,0.0067192025130498045,-0.013172871453182577,149.84949951171876,148.24559967041014,0.22837676388656894,46.44240465090639,-0.7926393448386477,0.10868047394612887,-0.9013198187847766,0.3075844939045233
2021-09-24,143.30152893066406,146.9199981689453,147.47000122070312,145.55999755859375,145.66000366210938,53477900,0.0006129288072487249,0.005887995513669475,149.81849975585936,148.2143997192383,0.2275941323363096,46.67895079891125,-0.7803956123378271,-0.06913474331066231,-0.7112608690271648,0.3139044590150584
2021-09-27,141.7897186279297,145.3699951171875,145.9600067138672,143.82000732421875,145.47000122070312,74150700,-0.010549980064493591,0.017000088388674506,149.65699920654296,148.19399963378908,0.22875564040940077,43.14456988402498,-0.8855565142242767,-0.2324190974933852,-0.6531374167308915,0.20505597208842807
2021-09-28,138.41493225097656,141.91000366210938,144.75,141.69000244140625,143.25,108972300,-0.0238012765446467,-0.010597427952937055,149.09649963378905,148.1831997680664,0.2102021062885217,36.5007064872785,-1.2338664364580723,-0.4327085652863226,-0.8011578711717496,0.0
2021-09-29,139.31227111816406,142.8300018310547,144.4499969482422,142.02999877929688,142.47000122070312,74602000,0.006482969101571312,-0.02070623343215716,148.64649963378906,148.1167999267578,0.21241661852576227,39.18246687245417,-1.4193075023782455,-0.6300283527047073,-0.7892791496735383,0.06224616000875471
2021-09-30,138.0150146484375,141.5,144.3800048828125,141.27999877929688,143.66000366210938,89056700,-0.009311781936598096,-0.03630049557029558,148.09599990844725,148.03880004882814,0.21164624196092172,36.76513017546946,-1.654518654480995,-0.8349264130599648,-0.8195922414210303,0.0
2021-10-01,139.13670349121094,142.64999389648438,142.9199981689453,139.11000061035156,141.89999389648438,94639600,0.00812716534617941,-0.029063465325876225,147.54599990844727,147.95579986572267,0.212113292350245,40.20048059529226,-1.7282085778678322,-1.0135828460215384,-0.7146257318462939,0.07570728845636128
2021-10-04,135.71316528320312,139.13999938964844,142.2100067138672,138.27000427246094,141.75999450683594,98322000,-0.02460564077824645,-0.04285613219231976,146.7879997253418,147.76739990234375,0.22240260062934036,34.10952217253141,-2.046247725478395,-1.2201158219129098,-0.826131903565485,0.0
2021-10-05,137.6346435546875,141.11000061035156,142.24000549316406,139.36000061035156,139.49000549316406,80861100,0.014158410445197056,-0.00563739716096856,146.00899963378907,147.6097998046875,0.22081585765493136,39.63750067317501,-2.11495353890092,-1.399083365310512,-0.7158701735904083,0.11225076228723557
2021-10-06,138.50267028808594,142.0,142.14999389648438,138.3699951171875,139.47000122070312,83221100,0.00630713192402288,-0.005811116855101939,145.35349960327147,147.51439971923827,0.22358668499132714,42.00475004396485,-2.0736837429619754,-1.5340034408408048,-0.5396803021211707,0.16296296940330754
2021-10-07,139.7609405517578,143.2899932861328,144.22000122070312,142.72000122070312,143.05999755859375,61732700,0.009084459761498742,0.012650129230620477,144.8144989013672,147.48059967041016,0.22831867426698754,45.35015107551794,-1.914812686361472,-1.6101652899449383,-0.3046473964165337,0.23646684756950573
2021-10-08,139.38050842285156,142.89999389648438,144.17999267578125,142.55999755859375,144.02999877929688,58773200,-0.00272174895611621,0.0017525412597032552,144.51099853515626,147.42579956054686,0.1998006127841205,44.514134560140214,-1.7996308960468639,-1.6480584111653236,-0.1515724848815403,0.21424466398935102
2021-10-11,139.29275512695312,142.80999755859375,144.80999755859375,141.80999755859375,142.27000427246094,64452200,-0.0006297854565047167,0.026376298584476876,144.17399826049805,147.36479949951172,0.19867235561436375,44.31113523737459,-1.696059333483447,-1.6576585956289485,-0.0384007378544986,0.20911666842005047
2021-10-12,138.0247344970703,141.50999450683594,143.25,141.0399932861328,143.22999572753906,73035900,-0.009103025516294383,0.0028346247236501476,143.84349822998047,147.28459930419922,0.1984541701328921,41.37586583582205,-1.6992891580142953,-1.665984708106018,-0.0333044499082773,0.13504243333736177
2021-10-13,137.4395751953125,140.91000366210938,141.39999389648438,139.1999969482422,141.24000549316406,78762700,-0.004239918507647045,-0.007676030548525503,143.4374984741211,147.15559936523437,0.1960687097295509,40.05700638612438,-1.7303170462373032,-1.678851175732275,-0.051465870505028155,0.10085492676217248
2021-10-14,140.2193145751953,143.75999450683594,143.8800048828125,141.50999450683594,142.11000061035156,69907100,0.02022561046524851,0.0032800700867128274,143.18599853515624,147.09179931640625,0.21235837799011104,48.46075408213779,-1.5075582354795927,-1.6445925876817387,0.137034352202146,0.26324753924898947
2021-10-15,141.27276611328125,144.83999633789062,144.89999389648438,143.50999450683594,143.77000427246094,67940300,0.007512533892058082,0.01357594488640479,143.1249984741211,147.04739929199218,0.20507587667071087,51.24992771629306,-1.2296979586424754,-1.5616136618738863,0.33191570323141084,0.32478609442015305
2021-10-18,142.9406280517578,146.5500030517578,146.83999633789062,143.16000366210938,143.4499969482422,85589200,0.01180617755525204,0.026188681164493133,143.30549850463868,147.05559936523437,0.19344826771698004,55.36841568686927,-0.8615767166109833,-1.4216062728213057,0.5600295562103224,0.4222223574694585
2021-10-19,145.09617614746094,148.75999450683594,149.1699981689453,146.5500030517578,147.00999450683594,76378900,0.01508011879261173,0.05123313038959787,143.5719985961914,147.1089993286133,0.19946158009978596,60.0641443525536,-0.3870484853651419,-1.2146947153300731,0.8276462299649312,0.5481477746081622
2021-10-20,145.5838623046875,149.25999450683594,149.75,148.1199951171875,148.6999969482422,58418800,0.003361118704377386,0.05925761569596677,143.74249801635742,147.18219909667968,0.191623031703066,61.062292851927545,0.0290297412276459,-0.9659498240185294,0.9949795652461753,0.5766377981440794
2021-10-21,145.79849243164062,149.47999572753906,149.63999938964844,147.8699951171875,148.80999755859375,61421000,0.0014739463272126496,0.03978854646124197,143.87499771118163,147.25459899902344,0.19053004982415225,61.518045349564545,0.3722360874606636,-0.6983126417226908,1.0705487291833544,0.5891734780556046
2021-10-22,145.02792358398438,148.69000244140625,150.17999267578125,148.63999938964844,149.69000244140625,58883400,-0.005284943194491021,0.026581097768976214,143.9634979248047,147.2505990600586,0.19181978889332357,58.85414056249538,0.5738685343339398,-0.4438764065113647,1.0177449408453045,0.5441596234253236
2021-10-25,144.97915649414062,148.63999938964844,149.3699951171875,147.6199951171875,148.67999267578125,50720600,-0.0003362906109138919,0.014261318965326009,144.12699813842772,147.24139892578125,0.18726931253245155,58.68093135992296,0.7213140138313747,-0.2108383224428168,0.9321523362741915,0.5413104471824282
2021-10-26,145.64244079589844,149.32000732421875,150.83999633789062,149.00999450683594,149.3300018310547,60893400,0.004574865025313457,0.0037645391103928727,144.49749832153321,147.20539916992186,0.16251821605075936,60.38827088135622,0.882859520881027,0.007901246221951957,0.874958274659075,0.5800573313034655
2021-10-27,145.1840057373047,148.85000610351562,149.72999572753906,148.49000549316406,149.36000061035156,56094900,-0.0031476104851951847,-0.0027468070374445652,144.79849853515626,147.17859924316406,0.1630593288424449,58.58635087530002,0.961872461551792,0.19869548928791997,0.7631769722638719,0.5532766396239818
2021-10-28,148.8123779296875,152.57000732421875,153.1699981689453,149.72000122070312,149.82000732421875,100077900,0.02499160946030532,0.020671739931755972,145.35199890136718,147.3027993774414,0.17611341143753712,66.9836673968599,1.3095679117453756,0.42086997377941116,0.8886979379659644,0.7652424842869278
2021-10-29,146.11056518554688,149.8000030517578,149.94000244140625,146.41000366210938,147.22000122070312,124953200,-0.0181556278395828,0.007465200027748864,145.70949935913086,147.36479949951172,0.19163793193931036,57.61543030246959,1.3460860243589252,0.605913183895314,0.7401728404636112,0.6074075104529207
2021-11-01,145.29129028320312,148.9600067138672,149.6999969482422,147.8000030517578,148.99000549316406,74588300,-0.005607452074619768,0.002152901813325947,146.20049972534179,147.38019958496093,0.16614462054002127,55.098837086081346,1.2923488147017963,0.7432003100566105,0.5491485046451858,0.5595444795797443
2021-11-02,146.32518005371094,150.02000427246094,151.57000732421875,148.64999389648438,148.66000366210938,69122000,0.007115987586049588,0.0046878978965108065,146.64599990844727,147.3863995361328,0.16196225823633675,57.61478014410526,1.320077600246293,0.8585757680945469,0.4615018321517461,0.6199431903644459
2021-11-03,147.7589569091797,151.49000549316406,151.97000122070312,149.82000732421875,150.38999938964844,54511500,0.009798701365408391,0.01773597098687718,147.12050018310546,147.42379974365235,0.16334318980840604,60.88783016449222,1.4440238674925183,0.9756653879741413,0.46835847951837706,0.7037039291157642
2021-11-04,147.24203491210938,150.9600067138672,152.42999267578125,150.63999938964844,151.5800018310547,60394600,-0.003498572579567205,-0.01055253675730794,147.50400085449218,147.47579986572265,0.1635294623193224,59.11535419624774,1.4823975489809413,1.0770118201755012,0.4053857288054401,0.6735045737234134
2021-11-05,147.7694854736328,151.27999877929688,152.1999969482422,150.05999755859375,151.88999938964844,65463900,0.0021197141706292832,0.00987981106400726,147.92300109863282,147.55059997558592,0.16231441049197115,59.8748331321371,1.5210954123581928,1.1658285386120397,0.35526687374615307,0.6917377366742106
2021-11-08,146.94895935058594,150.44000244140625,151.57000732421875,150.16000366210938,151.41000366210938,55020900,-0.005552593499925207,0.009935524038891419,148.30450134277345,147.58739990234375,0.16465911241257272,56.887424496386146,1.4670715756583945,1.2260771460213107,0.24099442963708384,0.6438747058010341
2021-11-09,147.31039428710938,150.80999755859375,151.42999267578125,150.05999755859375,150.1999969482422,56787900,0.0024594197765426262,0.005265919634944494,148.76950149536134,147.54119995117188,0.15871452104138395,57.88420290954411,1.4375417234822976,1.268370061513508,0.16917166196878952,0.6649570449947269
2021-11-10,144.48748779296875,147.9199981689453,150.1300048828125,147.85000610351562,150.02000427246094,65187100,-0.01916318172822462,-0.023565959434728834,149.12000122070313,147.4629998779297,0.17594123632409253,48.45963884534522,1.1674822956973117,1.248192508350269,-0.0807102126529573,0.5002847437349858
2021-11-11,144.43862915039062,147.8699951171875,149.42999267578125,147.67999267578125,148.9600067138672,41000000,-0.0003380411869712274,-0.02046907431937628,149.32550125122071,147.37019989013672,0.16312049644336665,48.31306743429795,0.9386037849483841,1.186274763669892,-0.2476709787215079,0.4974355674920902
2021-11-12,146.50946044921875,149.99000549316406,150.39999389648438,147.47999572753906,148.42999267578125,63804000,0.014336988205730705,-0.008527189955988779,149.58300170898437,147.2970001220703,0.16819840912042017,54.584913625531925,0.9177043118190511,1.132560673299724,-0.21485636148067289,0.6182338585080124
2021-11-15,146.5192108154297,150.0,151.8800048828125,149.42999267578125,150.3699951171875,59222800,6.663448543164918e-05,-0.0029247702357464433,149.7555015563965,147.21100006103515,0.1640479807863811,54.61287479824158,0.8916691945357229,1.0843823775469237,-0.19271318301120077,0.6188033459779839
2021-11-16,147.49598693847656,151.0,151.49000549316406,149.33999633789062,149.94000244140625,59256200,0.006666666666666599,0.0012598796133023171,149.86750183105468,147.09720001220703,0.1571916020897801,57.43655386832782,0.9408819180939645,1.055682285656332,-0.11480036756236744,0.7426424360554552
2021-11-17,149.92822265625,153.49000549316406,155.0,150.99000549316406,151.0,88807000,0.016490102603735624,0.03765553943461408,150.0790023803711,147.06480010986328,0.16665855855755593,63.52207498699064,1.167349511013441,1.0780157307277538,0.08933378028568728,0.9611519408699243
2021-11-18,154.20655822753906,157.8699951171875,158.6699981689453,153.0500030517578,153.7100067138672,137827700,0.02853599235957094,0.06762697186859956,150.4985023498535,147.14079986572267,0.19240467584836704,71.29628910368638,1.6808791391657394,1.198588412415351,0.4822907267503884,1.0
2021-11-19,156.8243865966797,160.5500030517578,161.02000427246094,156.52999877929688,157.64999389648438,117305600,0.016976043690765552,0.07040467479064816,151.09150238037108,147.37239990234374,0.1961815411853316,74.83090090896505,2.277851655841488,1.4144410611005784,0.8634105947409094,1.0
2021-11-22,157.28350830078125,161.02000427246094,165.6999969482422,161.0,161.67999267578125,117467900,0.002927444483147079,0.07346669514973958,151.71050262451172,147.60179992675782,0.19558428508883402,75.40295127437048,2.75709971750004,1.6829727923804707,1.0741269251195693,1.0
2021-11-23,157.66439819335938,161.41000366210938,161.8000030517578,159.05999755859375,161.1199951171875,96041900,0.0024220555167078217,0.06894042160337333,152.31500244140625,147.86760009765624,0.19566128965833474,75.89258007367334,3.1322700907087437,1.9728322520461254,1.1594378386626183,1.0
2021-11-24,158.18212890625,161.94000244140625,162.13999938964844,159.63999938964844,160.75,69463600,0.003283555958565998,0.05505242456075443,152.9695022583008,148.12580017089843,0.19388106530891855,76.57501141852454,3.4327907120473924,2.264823944046379,1.1679667680010133,1.0
2021-11-26,153.171142578125,156.80999755859375,160.4499969482422,156.36000061035156,159.57000732421875,76959800,-0.031678429081589354,-0.006714369996698277,153.18150177001954,148.28620025634766,0.21665805813812083,59.12775277365357,3.2198900604838627,2.455837167333876,0.7640528931499868,0.7749998159576127
2021-11-29,156.52159118652344,160.24000549316406,161.19000244140625,158.7899932861328,159.3699951171875,88748200,0.02187365594013646,-0.0019308474163891587,153.70350189208983,148.56980041503905,0.21517784520611824,64.88818918008073,3.290012518449828,2.6226722375570666,0.6673402808927613,0.925438740320207
2021-11-30,161.4641571044922,165.3000030517578,165.52000427246094,159.9199981689453,159.99000549316406,174048100,0.031577617231232535,0.026580540713778023,154.52050170898437,149.0170004272461,0.23404744100790556,71.3116889981989,3.7111052748813904,2.8403588450219313,0.8707464298594592,1.0
2021-12-01,160.94651794433594,164.77000427246094,170.3000030517578,164.52999877929688,167.47999572753906,152052500,-0.003206284147078464,0.02081655742592803,155.25800170898438,149.4438006591797,0.23585850341131823,69.86984747379785,3.9564503492370307,3.0635771458649512,0.8928732033720794,0.9797401106612025
2021-12-02,159.95986938476562,163.75999450683594,164.1999969482422,157.8000030517578,158.74000549316406,136739200,-0.006129815739731703,0.011238681227562664,155.87150115966796,149.8020004272461,0.2381513385341489,67.08613137261747,4.023013940728077,3.2554645048375765,0.7675494358905008,0.9411311800711843
2021-12-03,158.0844268798828,161.83999633789062,164.9600067138672,159.72000122070312,164.02000427246094,118023100,-0.011724464053185835,0.032077028618136216,156.41550064086914,150.10220031738282,0.24332425736007887,62.02700117696116,3.8761563429122816,3.379602872452518,0.4965534704597636,0.8677367649271883
2021-12-06,161.48370361328125,165.32000732421875,167.8800048828125,164.27999877929688,164.2899932861328,107497000,0.021502787105003085,0.03170245667066829,157.11750106811525,150.4702005004883,0.25135814246762683,66.89940614210516,3.9945319635567103,3.502588690673357,0.49194327288335327,1.0
2021-12-07,167.20773315429688,171.17999267578125,171.5800018310547,168.33999633789062,169.0800018310547,120405400,0.035446316791349686,0.03557162441299133,158.15450057983398,150.98640045166016,0.2708423498306348,73.14757306680933,4.509217882835202,3.703914529105726,0.8053033537294758,1.0
2021-12-08,171.0172576904297,175.0800018310547,175.9600067138672,170.6999969482422,172.1300048828125,116998900,0.02278308985945654,0.06257205371886321,159.36800079345704,151.64980041503907,0.27625898900830387,76.34754936954212,5.1721865797522355,3.997568939235028,1.1746176405172073,1.0
2021-12-09,170.50926208496094,174.55999755859375,176.75,173.9199981689453,174.91000366210938,108923700,-0.0029700951966102895,0.0659501918297083,160.70000076293945,152.28440032958986,0.26098483263634736,75.06310379847582,5.591182379479534,4.316291627283929,1.2748907521956045,0.9855313233962988
2021-12-10,175.28578186035156,179.4499969482422,179.6300048828125,174.69000244140625,175.2100067138672,115402700,0.028013287454401015,0.10881117776093663,162.27900085449218,153.04340026855468,0.2676523525848309,78.69325195950779,6.245823685226668,4.702198038872478,1.5436256463541902,1.0
2021-12-13,171.66188049316406,175.74000549316406,182.1300048828125,175.52999877929688,181.1199951171875,153237000,-0.020674235264256824,0.0630292626863369,163.56650085449218,153.70520050048827,0.2879661463999951,70.32834459262307,6.391588082939961,5.040076047685975,1.351512035253986,0.9079634909507162
2021-12-14,170.2845916748047,174.3300018310547,177.74000549316406,172.2100067138672,175.25,139380400,-0.008023236702153325,0.018401736710198513,164.78300094604492,154.4090005493164,0.29236105960358916,67.39616321457076,6.320473423396749,5.29615552282813,1.0243179005686187,0.8671511154873569
2021-12-15,175.13929748535156,179.3000030517578,179.5,172.30999755859375,175.11000061035156,131063300,0.02850915601733095,0.024103273798084857,166.1980010986328,155.17280059814453,0.3014713865190579,71.85111113012263,6.589195956478562,5.554763609558217,1.0344323469203456,0.9961080974931475
2021-12-16,168.26266479492188,172.25999450683594,181.13999938964844,170.75,179.27999877929688,150185800,-0.039263850669816525,-0.013176003001408088,167.1365005493164,155.77800048828124,0.344490993135264,59.457876087640884,6.163046878170235,5.676420263280621,0.4866266148896141,0.8134404853673572
2021-12-17,167.16867065429688,171.13999938964844,173.47000122070312,169.69000244140625,169.92999267578125,195432700,-0.006501771466984829,-0.04630815101652275,167.80000076293945,156.33500061035156,0.3364599492739098,57.75124300410565,5.669590902874745,5.6750543911994455,-0.0054634883247004495,0.784379890860443
2021-12-20,165.81089782714844,169.75,170.5800018310547,167.4600067138672,168.27999877929688,107499100,-0.00812200183829448,-0.03408447311899654,168.26000061035157,156.87200073242187,0.33567017687678197,55.61757908434697,5.107486231285236,5.561540759216603,-0.45405452793136725,0.7483134759202884
2021-12-21,168.9757080078125,172.99000549316406,173.1999969482422,169.1199951171875,171.55999755859375,91185900,0.01908692484927288,-0.007686550357460686,168.8585006713867,157.4756008911133,0.34048881004956044,59.384387281360084,4.867347838682207,5.422702175109724,-0.5553543364275173,0.8323821333564552
2021-12-22,171.56419372558594,175.63999938964844,175.86000061035156,172.14999389648438,173.0399932861328,92135300,0.01531876878626437,-0.020412736195285275,169.57000045776368,158.15820098876952,0.34286066493343237,62.20945876495002,4.835132396462825,5.305188219380345,-0.47005582291752024,0.9011417171168882
2021-12-23,172.1893768310547,176.27999877929688,176.85000610351562,175.27000427246094,175.85000610351562,68356600,0.0036438134358485197,0.023336841986845602,170.2870002746582,158.86560089111327,0.3428467233532749,62.88096868932649,4.805845236103778,5.205319622725032,-0.3994743866212538,0.9111796595097008
2021-12-27,176.14541625976562,180.3300018310547,180.4199981689453,177.07000732421875,177.08999633789062,74919600,0.022974830268908786,0.05369874064614555,171.46300048828124,159.59700103759766,0.3205763531755369,66.89040785730501,5.051209154639594,5.174497529107945,-0.12328837446835106,1.0
2021-12-28,175.12953186035156,179.2899932861328,181.3300018310547,178.52999877929688,180.16000366210938,79144300,-0.00576725189575622,0.056200254999309696,172.41549987792968,160.2860009765625,0.31881209565700613,64.95026303383807,5.102918561252068,5.16018173553677,-0.05726317428470207,0.9692122977352126
2021-12-29,175.21739196777344,179.3800048828125,180.6300048828125,178.13999938964844,179.3300018310547,62348900,0.0005020447322792165,0.03693854666014773,173.11949996948243,160.9426010131836,0.30426857181715394,65.04476238038399,5.0924591233046215,5.14663721309034,-0.0541780897857187,0.9707333101740752
2021-12-30,174.06478881835938,178.1999969482422,180.57000732421875,178.08999633789062,179.47000122070312,59773000,-0.006578257901939555,0.0145752537433943,173.79099960327147,161.53140106201172,0.305599973053315,62.65968012570013,4.932098997672938,5.10372957000686,-0.17163057233392198,0.9343806394869738
2021-12-31,173.44943237304688,177.57000732421875,179.22999572753906,177.25999450683594,178.08999633789062,64062300,-0.0035352953693170708,0.007317951859853178,174.48150024414062,162.09760131835938,0.3045850028970834,61.3659267980577,4.699998883678461,5.02298343274118,-0.3229845490627188,0.9149724603828611
2022-01-03,177.78639221191406,182.00999450683594,182.8800048828125,177.7100067138672,177.8300018310547,104487900,0.025004150472947684,0.009316212824947323,175.4900001525879,162.7482012939453,0.30695973343388705,66.60003109106961,4.818779835900926,4.98214271337313,-0.16336287747220357,1.0
2022-01-04,175.53001403808594,179.6999969482422,182.94000244140625,179.1199951171875,182.6300048828125,99310400,-0.012691597320536152,0.002286818436403326,176.20899963378906,163.36840118408202,0.3081497556733691,61.90124428679009,4.672653656063147,4.920244901911134,-0.2475912458479863,0.9323375043968465
2022-01-05,170.86093139648438,174.9199981689453,180.1699981689453,174.63999938964844,179.61000061035156,94537600,-0.02659988236212174,-0.024863455192683626,176.39599990844727,163.89400115966797,0.30380178651705697,53.49126166871451,4.123607274581815,4.760917376445271,-0.6373101018634557,0.7923258211879062
2022-01-06,168.00865173339844,172.0,175.3000030517578,171.63999938964844,172.6999969482422,96904000,-0.016693335236175,-0.03479235159607197,176.24199981689452,164.3476010131836,0.29897863226018945,49.10252965472295,3.4135157283249384,4.491437046821204,-1.0779213184962657,0.7067957034038185
2022-01-07,168.1747283935547,172.1699981689453,174.13999938964844,171.02999877929688,172.88999938964844,86709100,0.0009883614473564784,-0.030410592625666477,176.12249984741212,164.81400085449218,0.29891339966204644,49.363007310216354,2.831836841135555,4.159517005684075,-1.3276801645485197,0.7117751460512854
2022-01-10,168.1942596435547,172.19000244140625,172.5,168.1699981689453,169.0800018310547,106765600,0.00011618907285648739,-0.05395303753531444,175.7595001220703,165.20640075683593,0.2793563319306325,49.39582619473651,2.345429656768829,3.7966995359010256,-1.4512698791321967,0.7123610942885019
2022-01-11,171.0172576904297,175.0800018310547,175.17999267578125,170.82000732421875,172.32000732421875,76138300,0.016783781570778755,-0.025709489124355223,175.72649993896485,165.71200073242187,0.2776324351149495,54.03114171446192,2.1681541256640458,3.47099045385363,-1.302836328189584,0.7970125131905396
2022-01-12,171.45675659179688,175.52999877929688,177.17999267578125,174.82000732421875,176.1199951171875,74805200,0.0025702361408266317,0.0034873120097016486,175.78649978637696,166.24340057373047,0.276136029966364,54.726539265681986,2.0404519233686926,3.184882747756643,-1.1444308243879502,0.8101934433688404
2022-01-13,168.1942596435547,172.19000244140625,176.6199951171875,171.7899932861328,175.77999877929688,84505800,-0.019028065636177538,0.001104665357013035,175.43099975585938,166.68680053710938,0.26341822359164063,48.82296906812042,1.6507088726973222,2.878047972744779,-1.2273391000474567,0.7123610942885019
2022-01-14,169.05384826660156,173.07000732421875,173.77999877929688,171.08999633789062,171.33999633789062,80440800,0.005110661887074208,0.005227444762996969,175.47150039672852,167.11840057373047,0.22406886372821647,50.34289327728299,1.3967429533051359,2.5817869688568504,-1.1850440155517146,0.7381374533554363
2022-01-18,165.8597412109375,169.8000030517578,172.5399932861328,169.41000366210938,171.50999450683594,90956700,-0.018894112983626976,-0.013880012519668306,175.40450057983398,167.4952005004883,0.23321087020922054,44.99526092302047,0.9209944653422326,2.249628468153927,-1.3286340028116945,0.6423552526840318
2022-01-19,162.37258911132812,166.22999572753906,171.0800018310547,165.94000244140625,170.0,94815000,-0.021024777738847034,-0.05054835510029032,175.22850036621094,167.79420043945314,0.24323941288903564,39.999686548228894,0.25297447352087943,1.8502976692273176,-1.5973231957064382,0.5377856162445769
2022-01-20,160.69247436523438,164.50999450683594,169.67999267578125,164.17999267578125,166.97999572753906,91420500,-0.010347117036099251,-0.06278131572436785,174.80449981689452,168.0756002807617,0.23334187598805092,37.82099411073053,-0.41049398751800936,1.3981393378782523,-1.8086333253962616,0.4874047945851411
2022-01-21,158.64120483398438,162.41000366210938,166.3300018310547,162.3000030517578,164.4199981689453,122848900,-0.01276512622240289,-0.056797715550441774,174.14300003051758,168.30760040283204,0.22623180992223083,35.29340634925646,-1.093148102868298,0.8998818497289421,-1.9930299525972401,0.4258936381038876
2022-01-24,157.86952209472656,161.6199951171875,162.3000030517578,154.6999969482422,160.02000427246094,162294600,-0.00486428500159064,-0.06615826961618776,173.4099998474121,168.58160034179687,0.22452244945869243,34.363019228606916,-1.6785541671636963,0.3841946463504145,-2.0627488135141108,0.4027533756831035
2022-01-25,156.07223510742188,159.77999877929688,162.75999450683594,157.02000427246094,158.97999572753906,115798400,-0.011384707297859231,-0.05901062480786101,172.38249969482422,168.81980041503905,0.2012061926359051,32.23181656874483,-2.2648571542677303,-0.14561571377321447,-2.1192414404945157,0.3057463037214875
2022-01-26,155.98434448242188,159.69000244140625,164.38999938964844,157.82000732421875,163.5,108275300,-0.0005632515870458432,-0.03934303948880713,171.4025001525879,169.0138003540039,0.202116467723308,32.12686369673834,-2.705580203548294,-0.6576086117282304,-2.0479715918200636,0.30271802887491556
2022-01-27,155.52525329589844,159.22000122070312,163.83999633789062,158.27999877929688,162.4499969482422,121954600,-0.0029432100539642514,-0.0321560601955585,170.3944999694824,169.19820037841797,0.20108282873236824,31.54909333577571,-3.0575361919176487,-1.1375941277661141,-1.9199420641515346,0.2650758683266159
2022-01-28,166.37741088867188,170.3300018310547,170.35000610351562,162.8000030517578,165.7100067138672,179935700,0.06977766942076213,0.04876545773265728,170.00100021362306,169.58480041503907,0.33534239915452047,53.04543411878467,-2.412173613410687,-1.3925100248950288,-1.019663588515658,0.5904629321497246
2022-01-31,170.72418212890625,174.77999877929688,175.0,169.50999450683594,170.16000366210938,115541600,0.026125737688043937,0.081425591261572,169.86149978637695,170.0106002807617,0.34981487299264724,58.64715017722244,-1.5240729920607237,-1.4188226183281678,-0.10525037373255586,0.7130953728927579
2022-02-01,170.55813598632812,174.61000061035156,174.83999633789062,172.30999755859375,174.00999450683594,86213900,-0.0009726408635577499,0.09281513296003507,169.49150009155272,170.345400390625,0.3365310779847692,58.36071058505738,-0.8244604162515543,-1.2999501779128453,0.475489761661291,0.7063494129906807
2022-02-02,171.75953674316406,175.83999633789062,175.8800048828125,173.3300018310547,174.75,84914300,0.007044245594408194,0.10113340628453038,169.29850006103516,170.65120025634766,0.3353997094380863,59.887265544357724,-0.1688160276942483,-1.073723347869126,0.9049073201748776,0.7551587731689905
2022-02-03,168.88780212402344,172.89999389648438,176.24000549316406,172.1199951171875,174.47999572753906,89418100,-0.016719759455390393,0.08591880775593452,169.1974998474121,170.88880004882813,0.32708058624779757,54.72300826781289,0.11225919340165547,-0.8365268396149698,0.9487860330166252,0.6384919954926016
2022-02-04,168.60421752929688,172.38999938964844,174.10000610351562,170.67999267578125,171.67999267578125,82465400,-0.0029496502304173777,0.012094155676913632,169.21699981689454,171.1083999633789,0.32158341106925786,53.85543646773007,0.29051219293543795,-0.6111190331048882,0.9016312260403262,0.6182541157863697
2022-02-07,167.89022827148438,171.66000366210938,173.9499969482422,170.9499969482422,172.86000061035156,77251200,-0.004234559603942367,-0.017850984889451027,169.19150009155274,171.30279998779298,0.3219699557507588,52.570686500981935,0.36862514373021327,-0.41517019773786795,0.7837953414680812,0.5892860278521375
2022-02-08,170.9906005859375,174.8300018310547,175.35000610351562,171.42999267578125,171.72999572753906,74829200,0.018466725511581794,0.001259957734002004,169.32350006103516,171.6632000732422,0.32854799327802103,57.33089499641931,0.6785012395254171,-0.19643591028521099,0.8749371498106281,0.6849497678373556
2022-02-09,172.40872192382812,176.27999877929688,176.64999389648438,174.89999389648438,176.0500030517578,71285000,0.008293753549481586,0.0025022887316303866,169.38349990844728,171.98399993896484,0.32448143409699876,59.341043421094255,1.029218720825554,0.04869501593694203,0.9805237048886121,0.748574049338328
2022-02-10,168.34011840820312,172.1199951171875,175.47999572753906,171.5500030517578,174.13999938964844,90865900,-0.02359884099680365,-0.004511271294571961,169.2129997253418,172.12039978027343,0.3354162560514223,51.80114856315918,0.9604162420083924,0.2310392611512321,0.7293769808571603,0.5660376347865677
2022-02-11,164.93653869628906,168.63999938964844,173.0800018310547,168.0399932861328,172.3300018310547,98670700,-0.020218427993619836,-0.021753001991281273,169.0354995727539,172.1977996826172,0.33630093863709737,46.480653792407495,0.6179597547894673,0.30842335987887914,0.30953639491058815,0.4133392252764359
2022-02-14,165.1712646484375,168.8800048828125,169.5800018310547,166.55999755859375,167.3699951171875,86185500,0.0014231824835904128,-0.0161947962250365,168.82599945068358,172.30019989013672,0.335690722192641,46.8858357867979,0.36175685109779465,0.3190900581226623,0.04266679297513237,0.4238704040333029
2022-02-15,168.99534606933594,172.7899932861328,172.9499969482422,170.25,170.97000122070312,62527400,0.023152465006342826,-0.011668526703404236,168.97549896240236,172.51919982910155,0.3391539816582933,53.11351184600709,0.4688134020190944,0.3490347269019487,0.11977867511714568,0.5954364222514588
2022-02-16,168.7606658935547,172.5500030517578,173.33999633789062,170.0500030517578,171.85000610351562,61177400,-0.0013889128057177347,-0.021159494856867078,169.29149932861327,172.66379974365233,0.3291920107477396,52.70503209924862,0.5282024941352574,0.3848682803486105,0.14333421378664696,0.5849059130335807
2022-02-17,165.1712646484375,168.8800048828125,171.91000366210938,168.47000122070312,171.02999877929688,69589300,-0.021269186346200564,-0.018824020022595644,169.5099998474121,172.61779998779298,0.3368486350178749,46.78009709674206,0.27594962127184886,0.3630845485332582,-0.08713492726140937,0.4238704040333029
2022-02-18,163.62594604492188,167.3000030517578,170.5399932861328,166.19000244140625,169.82000732421875,82772700,-0.009355766137921773,-0.00794589861681938,169.75449981689454,172.46220001220703,0.3351439935330456,44.46268322542547,-0.050869153064496686,0.28029380821370725,-0.33116296127820394,0.3545416503466538
2022-02-22,160.71139526367188,164.32000732421875,166.69000244140625,162.14999389648438,164.97999572753906,91162800,-0.017812287347162448,-0.02700140589028277,169.8895004272461,172.25740020751954,0.3415924509526558,40.39784372122202,-0.5440644997919435,0.11542214661257712,-0.6594866464045206,0.22378269442575316
2022-02-23,156.5547637939453,160.07000732421875,166.14999389648438,159.75,165.5399932861328,90009200,-0.02586416632525068,-0.0736152928766558,169.90400085449218,171.86980041503907,0.3522791661060313,35.42388781895859,-1.2633022842673824,-0.1603227395634148,-1.1029795447039676,0.0372973389172885
2022-02-24,159.16612243652344,162.74000549316406,162.85000610351562,152.0,152.5800018310547,141147500,0.01668019020913314,-0.056853070907516345,170.05650100708007,171.60980041503908,0.3569918791023936,40.389504533725486,-1.5994197568121251,-0.4481421430131569,-1.1512776137989682,0.1544539407391041
2022-02-25,161.22976684570312,164.85000610351562,165.1199951171875,160.8699951171875,163.83999633789062,91974200,0.012965469700934706,-0.023863090139613186,170.3380012512207,171.42020050048828,0.35901438122661355,44.05093217179113,-1.6762135141702856,-0.6937564172445827,-0.9824570969257029,0.24703846166721904
2022-02-28,161.4938201904297,165.1199951171875,165.4199981689453,162.42999267578125,163.05999755859375,95056600,0.0016377858882354879,-0.013030531349696894,170.07750091552734,171.13660034179688,0.25464570669928077,44.520510853318655,-1.6957398299366844,-0.8941530997830031,-0.8015867301536813,0.25888528453733184
2022-03-01,159.61599731445312,163.1999969482422,166.60000610351562,161.97000122070312,164.6999969482422,83474400,-0.011627896231359958,-0.00681603168241518,169.4985008239746,170.955400390625,0.23496350155284007,41.83169892770163,-1.8448758021488914,-1.0842976402561808,-0.7605781618927105,0.17463786309936294
2022-03-02,162.90220642089844,166.55999755859375,167.36000061035156,162.9499969482422,164.38999938964844,79724800,0.02058823941900667,0.04054469880312839,169.09600067138672,170.8638003540039,0.24981248243968504,47.77591209655512,-1.6726617624335631,-1.2019704646916574,-0.47069129774190577,0.3220710180005557
2022-03-03,162.57945251464844,166.22999572753906,168.91000366210938,165.5500030517578,168.47000122070312,76678400,-0.001981279033932526,0.021445189360778327,168.61550064086913,170.79340026855468,0.2474066427070698,47.26504288608505,-1.544999492627511,-1.2705762702788281,-0.2744232223486829,0.3075908982869845
2022-03-04,159.58665466308594,163.1699981689453,165.5500030517578,162.10000610351562,164.49000549316406,83737200,-0.01840821534766368,-0.010191130557285932,168.12900085449218,170.5970001220703,0.24874547459330856,42.70500042829879,-1.6714747332926265,-1.3507559628815877,-0.3207187704110388,0.1733215494471282
2022-03-07,155.80165100097656,159.3000030517578,165.02000427246094,159.0399932861328,163.36000061035156,96418800,-0.02371756548762427,-0.035247046012199634,167.47450103759766,170.2702001953125,0.25962462673173026,37.745196168007304,-2.0602344356601066,-1.4926516574372914,-0.5675827782228151,0.003510392918955653
2022-03-08,153.9824981689453,157.44000244140625,162.8800048828125,155.8000030517578,158.82000732421875,131148300,-0.011676086470301161,-0.03529408464794692,166.7635009765625,169.8934002685547,0.26112412959620623,35.604857899431465,-2.4897159100140698,-1.692064507952647,-0.7976514020614227,0.0
2022-03-09,159.37149047851562,162.9499969482422,163.41000366210938,159.41000366210938,161.47999572753906,91454900,0.034997423916368176,-0.021673875259764053,166.16950073242188,169.54580017089845,0.2855904808974248,45.46953152414035,-2.3582876923955496,-1.8253091448412277,-0.5329785475543218,0.2242570731062048
2022-03-10,155.0387420654297,158.52000427246094,160.38999938964844,155.97999572753906,160.1999969482422,105342000,-0.027186209013482565,-0.046381469369194184,165.28150100708007,169.130400390625,0.29403422644514815,40.14482463530824,-2.5818315223305888,-1.9766136203391,-0.6052179019914887,0.043956132675120586
2022-03-11,151.33200073242188,154.72999572753906,159.27999877929688,154.5,158.92999267578125,96970100,-0.02390870831928371,-0.05172521012513287,164.41200103759766,168.63740020751953,0.294294272196241,36.235259390889226,-3.029886982161429,-2.187268292703566,-0.8426186894578631,0.0
2022-03-14,147.312255859375,150.6199951171875,154.1199951171875,150.10000610351562,151.4499969482422,108732100,-0.026562403695717718,-0.05448843545690396,163.5110008239746,168.08580017089844,0.2994198076308327,32.53496999408928,-3.674262254567907,-2.484667085076434,-1.189595169491473,0.0
2022-03-15,151.68409729003906,155.08999633789062,155.57000732421875,150.3800048828125,150.89999389648438,92964300,0.029677342754030223,-0.014926359673998468,162.8215003967285,167.63619995117188,0.3238423058595281,39.74219473810427,-3.7806614474847606,-2.7438659575580995,-1.0367954899266612,0.14240208052304737
2022-03-16,156.0852813720703,159.58999633789062,160.0,154.4600067138672,157.0500030517578,102300200,0.02901541109199557,-0.02061982616310698,162.1615005493164,167.18779998779297,0.3309652692810112,45.99678053197395,-3.4619638186021575,-2.8874855297669115,-0.574478288835246,0.30845944483827414
2022-03-17,157.09263610839844,160.6199951171875,161.0,157.6300048828125,158.61000061035156,75615400,0.006454030972694147,0.013247481630880742,161.56500015258788,166.80619995117186,0.33287582680806777,47.344011007261976,-3.0906542202048684,-2.928119267854503,-0.1625349523503652,0.38971155778774946
2022-03-18,160.37881469726562,163.97999572753906,164.47999572753906,159.75999450683594,160.50999450683594,123511700,0.020918943546848645,0.059781556617426235,161.31999969482422,166.58739990234375,0.33645028777608726,51.58699700504654,-2.4964867742507124,-2.841792769133745,0.3453059948830326,0.520654664990539
2022-03-21,161.74810791015625,165.3800048828125,166.35000610351562,163.00999450683594,163.50999450683594,95811400,0.008537682593916074,0.09799502220233913,161.22399978637696,166.455,0.336733665230812,53.276411505851925,-1.8908393352705275,-2.6516020823611015,0.760762747090574,0.5752146398724113
2022-03-22,165.1125946044922,168.82000732421875,169.4199981689453,164.91000366210938,165.50999450683594,81532000,0.0208005946295855,0.08852931401465058,161.44899978637696,166.38800018310548,0.33808823740414773,57.226122968467074,-1.1203650577206474,-2.3453546774330105,1.224989619712363,0.7092755108958204
2022-03-23,166.47207641601562,170.2100067138672,172.63999938964844,167.64999389648438,167.99000549316406,98062700,0.008233617636201895,0.06654558944591638,161.95599975585938,166.34840026855468,0.32271032642730557,58.74373118870638,-0.39306628430961155,-1.9548969988083307,1.5618307144987191,0.7634453936422118
2022-03-24,170.24728393554688,174.07000732421875,174.13999938964844,170.2100067138672,171.05999755859375,90131400,0.02267787120671727,0.08373809373620134,162.52249984741212,166.32820037841796,0.3266931461176115,62.70133065844922,0.4891543564741596,-1.4660867277518328,1.9552410842259924,0.9138740787343889
2022-03-25,170.88299560546875,174.72000122070312,175.27999877929688,172.75,173.8800048828125,80546200,0.003734094727035453,0.06549582737524351,163.0159996032715,166.3120004272461,0.3248105505952928,63.33908262705549,1.2266298205516648,-0.9275434180911333,2.154173238642798,0.9392050921295344
2022-03-28,171.7436981201172,175.60000610351562,175.72999572753906,172.0,172.1699981689453,90371900,0.005036657947940837,0.061797078963354624,163.54000015258788,166.3802005004883,0.3248302601532193,64.23080191384,1.8606451198618004,-0.3699057105005466,2.230550830362347,0.9734998995037029
2022-03-29,175.02992248535156,178.9600067138672,179.00999450683594,176.33999633789062,176.69000244140625,100589400,0.019134399166084615,0.06006396724159946,164.32800064086913,166.49800048828126,0.32445827544425493,67.48298141981356,2.60421105695778,0.22491764299111877,2.3792934139666615,1.0
2022-03-30,173.86602783203125,177.77000427246094,179.61000061035156,176.6999969482422,178.5500030517578,92633200,-0.006649544014093012,0.0444157056600234,164.8885009765625,166.65740051269532,0.3212895909832277,65.22121692493906,3.0621703735223775,0.7923681890973706,2.269802184425007,0.9580098110635329
2022-03-31,170.77542114257812,174.61000061035156,178.02999877929688,174.39999389648438,177.83999633789062,103049300,-0.017775797863323284,0.00310216156380716,165.30750122070313,166.82500061035157,0.32961873586037505,59.51672987475757,3.1339938151808724,1.260693314314071,1.8733005008668013,0.8465065517466029
2022-04-01,170.48199462890625,174.30999755859375,174.8800048828125,171.94000244140625,174.02999877929688,78751300,-0.0017181321270783867,-0.002346632665091719,165.86450119018554,167.02100067138673,0.32066796112525336,58.98922899213629,3.130618845796647,1.6346784206105864,1.4959404251860606,0.8359207038638533
2022-04-04,174.52130126953125,178.44000244140625,178.49000549316406,174.44000244140625,174.57000732421875,76468400,0.023693448113463633,0.01617309931194688,166.82150115966797,167.34160064697267,0.3113180092989946,63.75217499550157,3.4217571499416692,1.9920941664768033,1.429662983464866,0.9816512328978065
2022-04-05,171.2155303955078,175.05999755859375,178.3000030517578,174.4199981689453,177.5,73401800,-0.018941968373500706,-0.02179262968797846,167.70250091552734,167.6104006958008,0.31775180635141426,57.83245953265959,3.341232558264636,2.2619218448343696,1.0793107134302664,0.8623850543614329
2022-04-06,168.05645751953125,171.8300018310547,173.6300048828125,170.1300048828125,172.36000061035156,89058800,-0.018450792714411857,-0.03341397479128283,168.14650115966796,167.85140075683594,0.30846678763763596,52.788045634921765,2.982403289559983,2.4060181337794924,0.5763851557804904,0.7484120689757287
2022-04-07,168.3596649169922,172.13999938964844,173.36000061035156,169.85000610351562,171.16000366210938,77594700,0.0018040944846089424,-0.014145817605344502,168.82750091552734,168.10040069580077,0.28749608020630774,53.2098725511775,2.692010895225536,2.4632166860687015,0.22879420915683468,0.7593505810344205
2022-04-08,166.3546905517578,170.08999633789062,171.77999877929688,169.1999969482422,171.77999877929688,76575500,-0.01190892912179875,-0.024209748607704418,169.59550094604492,168.31780059814454,0.27476138633868386,50.0266662244992,2.270284292740911,2.4246302074031436,-0.1543459146622328,0.687014581990652
2022-04-11,162.11000061035156,165.75,169.02999877929688,165.5,168.7100067138672,72246700,-0.025515882364234077,-0.07111635433637264,170.35200119018555,168.22620056152343,0.27319336226766866,44.02232840540447,1.5677889926977002,2.253261964462055,-0.6854729717643546,0.5338743363317865
2022-04-12,163.97804260253906,167.66000366210938,169.8699951171875,166.63999938964844,168.02000427246094,79265200,0.01152340067637625,-0.04227118701979615,170.9805015563965,168.0838006591797,0.2585994247231676,47.03519862366711,1.1518993603797014,2.0329894436455844,-0.881090083265883,0.6012703448194171
2022-04-13,166.65785217285156,170.39999389648438,171.0399932861328,166.77000427246094,167.38999938964844,70618900,0.016342539511671417,-0.008322224985927162,171.52100143432617,167.99960052490235,0.24596358833677942,51.10116346475533,1.0315075661732465,1.8326930681511169,-0.8011855019778704,0.6979530940493439
2022-04-14,161.66006469726562,165.2899932861328,171.27000427246094,165.0399932861328,170.6199951171875,75329400,-0.02998826756681583,-0.03979322718603162,171.75450134277344,167.7886004638672,0.2725358087042129,44.27479875828235,0.5177930625797558,1.5697130670368447,-1.0519200044570889,0.517642631122425
2022-04-18,161.44491577148438,165.07000732421875,166.60000610351562,163.57000732421875,163.9199981689453,69023900,-0.0013309091345490298,-0.029513722862921754,171.80900192260742,167.6320007324219,0.2628615513531354,44.00228238411019,0.09186067604952086,1.27414258883938,-1.1822819127898592,0.5098802503215705
2022-04-19,163.72372436523438,167.39999389648438,167.82000732421875,163.91000366210938,165.02000427246094,67723800,0.014115141872437453,0.009954714307597978,171.910001373291,167.5322006225586,0.26586267674196773,47.67579691830567,-0.05702600479543207,1.0079088701124177,-1.0649348749078498,0.5920956920590258
2022-04-20,163.55746459960938,167.22999572753906,168.8800048828125,166.10000610351562,168.75999450683594,67929800,-0.0010155207595194948,-0.002564761572097507,171.83050079345702,167.4436004638672,0.25509058440177323,47.43131199481738,-0.18658635221325426,0.7690098256472834,-0.9555961778605376,0.5860971705564718
2022-04-21,162.7652587890625,166.4199981689453,171.52999877929688,165.91000366210938,168.91000366210938,87227800,-0.004843614060203949,-0.023356783275220394,171.64100036621093,167.275400390625,0.2534726738927824,46.21522854933106,-0.35058259657699864,0.545091341202427,-0.8956739377794256,0.5575157581660601
2022-04-22,158.23695373535156,161.7899932861328,167.8699951171875,161.5,166.4600067138672,84882400,-0.02782120498590701,-0.02117490557302626,171.02699966430663,166.98560028076173,0.25427813190052295,39.91549500657622,-0.8444195582079601,0.26718916132034953,-1.1116087195283098,0.39414232880038724
2022-04-25,159.30300903320312,162.8800048828125,163.1699981689453,158.4600067138672,161.1199951171875,96046400,0.006737200333224225,-0.013267113008026965,170.43499984741212,166.80080047607422,0.2556356356961955,41.92263798291491,-1.1347533516799047,-0.013199341279701293,-1.1215540104002033,0.43260426072166397
2022-04-26,153.35653686523438,156.8000030517578,162.33999633789062,156.72000122070312,162.25,95623200,-0.03732810442527357,-0.06332133351976887,169.49499969482423,166.5640005493164,0.280190501608282,34.91616254300823,-1.8343055769437058,-0.3774205884125022,-1.4568849885312036,0.2180665280777218
2022-04-27,153.13156127929688,156.57000732421875,159.7899932861328,155.3800048828125,155.91000366210938,88063200,-0.001466809458308127,-0.06374447572604258,168.3754997253418,166.31780059814454,0.265318487590191,34.680043304411114,-2.3798312749803756,-0.7779027257260769,-1.6019285492542987,0.20995094468233572
2022-04-28,160.0463104248047,163.63999938964844,164.52000427246094,158.92999267578125,159.25,130216800,0.04515546870218534,-0.01670471583874611,167.66899948120118,166.13480072021486,0.322553629883415,46.628192112470636,-2.2161288932940977,-1.065547959239681,-1.1505809340544166,0.4594212753951858
2022-04-29,154.18785095214844,157.64999389648438,166.1999969482422,157.25,161.83999633789062,131747600,-0.036604775821961866,-0.025588723415833625,166.8209991455078,165.83680053710938,0.3397352416935781,39.95914349906589,-2.540452207458486,-1.360528808883442,-1.1799233985750441,0.24805913559049175
2022-05-02,154.49107360839844,157.9600067138672,158.22999572753906,153.27000427246094,156.7100067138672,123055300,0.0019664626031408172,-0.03020627468967174,166.00349960327148,165.61840057373047,0.340440823316681,40.433987490697334,-2.7408702806170595,-1.6365971032301654,-1.1042731773868941,0.2589981860677729
2022-05-03,155.97772216796875,159.47999572753906,160.7100067138672,156.32000732421875,158.14999389648438,88966500,0.009622619328101267,0.017091789691461967,165.0554992675781,165.4620004272461,0.3283277130390508,42.8216934279227,-2.7454053137034578,-1.858358745324824,-0.8870465683786337,0.3126322154148165
2022-05-04,162.37408447265625,166.02000427246094,166.47999572753906,159.25999450683594,159.6699981689453,108256500,0.0410083315784322,0.06035636779829434,164.60349960327147,165.49600036621095,0.3626909507168505,51.778367488260955,-2.195961648706657,-1.9258793260011906,-0.2700823227054663,0.5434016532681201
2022-05-05,153.32720947265625,156.77000427246094,164.0800018310547,154.9499969482422,163.85000610351562,130525300,-0.05571617733980727,-0.041982370708943395,163.8504997253418,165.43000030517578,0.406089772075611,41.804073136282,-2.478352376715378,-2.0363739361440283,-0.44197844057134983,0.21700799713130575
2022-05-06,154.052001953125,157.27999877929688,159.44000244140625,154.17999267578125,156.00999450683594,116124600,0.0032531383104996703,-0.0023469402569749054,163.1074996948242,165.32080017089845,0.406409368460403,42.462178889789676,-2.6306720191772683,-2.1552335527506763,-0.47543846642659204,0.2350035616389677
2022-05-09,148.9391632080078,152.05999755859375,155.8300018310547,151.49000549316406,154.92999267578125,131577900,-0.03318922470255159,-0.03735128453090575,162.20599975585938,165.065,0.4186063666586819,37.755899465310975,-3.136441955872442,-2.3514752333750293,-0.7849667224974128,0.05081163910232699
2022-05-10,151.3388671875,154.50999450683594,156.74000549316406,152.92999267578125,155.52000427246094,115366700,0.01611204121779708,-0.0311637907815977,161.64399948120118,164.85279998779296,0.4179624790715792,41.057925351066174,-3.3015161730145905,-2.541483421302942,-0.7600327517116487,0.13726174304403563
2022-05-11,143.49322509765625,146.5,155.4499969482422,145.80999755859375,153.5,142689800,-0.05184127106082803,-0.11757621834791676,160.58599929809571,164.51880004882813,0.4478613599167903,34.59603024012411,-4.032197629463127,-2.839626262934979,-1.1925713665281479,0.0
2022-05-12,139.63412475585938,142.55999755859375,146.1999969482422,138.8000030517578,142.77000427246094,182602000,-0.026894214617107504,-0.0906423826408187,159.19399948120116,164.03880004882814,0.44510413381392644,31.933704665647028,-4.873020074947078,-3.2463050253373993,-1.626715049609679,0.0
2022-05-13,144.09071350097656,147.11000061035156,148.10000610351562,143.11000061035156,144.58999633789062,113990900,0.03191640803646689,-0.06466173860553215,158.2849998474121,163.65640014648437,0.45948127646849446,37.8789972687746,-5.1132879004715335,-3.619701600364226,-1.4935863001073075,0.12500005239967454
2022-05-16,142.552978515625,145.5399932861328,147.52000427246094,144.17999267578125,145.5500030517578,86643800,-0.010672335787539122,-0.042877840175872484,157.30849914550782,163.30380004882812,0.4595782942151135,36.68818839767854,-5.36850358564385,-3.969461997420151,-1.3990415882236995,0.08186799390151628
2022-05-17,146.17701721191406,149.24000549316406,149.77000427246094,146.67999267578125,148.86000061035156,78336300,0.02542264929033622,-0.03410775484454964,156.4004997253418,163.10260009765625,0.4677812640269694,41.36636456053131,-5.2121216975610025,-4.2179939374483215,-0.994127760112681,0.18351665534135034
2022-05-18,137.92984008789062,140.82000732421875,147.36000061035156,139.89999389648438,146.85000610351562,109742900,-0.056419176219683176,-0.03877128106335326,155.0800003051758,162.7702001953125,0.5011831067871687,35.024001271952756,-5.701883642624949,-4.514771878483647,-1.187111764141302,0.0
2022-05-19,134.5310516357422,137.35000610351562,141.66000366210938,136.60000610351562,139.8800048828125,136095600,-0.024641393553644142,-0.036545956399422375,153.6265007019043,162.25820037841797,0.5044040119406478,32.7925795605981,-6.297430749467594,-4.871303652680437,-1.426127096787157,0.0
2022-05-20,134.76614379882812,137.58999633789062,140.6999969482422,132.61000061035156,139.08999633789062,137426100,0.0017472895792529641,-0.0647135084831959,152.4165008544922,161.83960021972655,0.500731633823534,33.10999332766578,-6.67311737289026,-5.231666396722401,-1.441450976167859,0.005767609489419143
2022-05-23,140.17282104492188,143.11000061035156,143.25999450683594,137.64999389648438,137.7899932861328,117726300,0.04011922682885327,-0.016696391286784462,151.42800064086913,161.60720031738282,0.5267459345323924,40.11570126990809,-6.451069601724356,-5.475547037722793,-0.9755225640015635,0.13842812839091836
2022-05-24,137.4792938232422,140.36000061035156,141.97000122070312,137.3300018310547,140.80999755859375,104132700,-0.019215987619813357,-0.059501504663367566,150.60600051879882,161.4020004272461,0.5162421322355898,37.98147445343972,-6.422957306916601,-5.665029091561555,-0.7579282153550455,0.07233824712050409
2022-05-25,137.635986328125,140.52000427246094,141.7899932861328,138.33999633789062,138.42999267578125,92482700,0.0011399519906925004,-0.00213040076803217,149.80350036621093,161.1106005859375,0.5165627150896005,38.18752994566526,-6.3149720851534425,-5.795017690279932,-0.5199543948735101,0.07618356458655504
2022-05-26,140.8291015625,143.77999877929688,144.33999633789062,137.13999938964844,137.38999938964844,90601500,0.02319950475175747,0.04681465154748676,148.81050033569335,160.79440063476562,0.4937266820375167,42.38754429290233,-5.8983462432250064,-5.815683400868947,-0.08266284235605958,0.15452998273164223
2022-05-27,146.56881713867188,149.63999938964844,149.67999267578125,145.25999450683594,145.38999938964844,90978500,0.04075671623385313,0.08757906368545632,148.41000061035157,160.57480072021485,0.506298201656855,49.08467359552319,-5.037247928145064,-5.659996306324171,0.6227483781791072,0.2953615262162568
2022-05-31,145.78521728515625,148.83999633789062,150.66000366210938,146.83999633789062,149.07000732421875,103718400,-0.005346184543042365,0.040039100713445075,147.95400009155273,160.27200073242187,0.5061814818478022,48.25989508673719,-4.369011623557185,-5.401799369770774,1.0327877462135886,0.27613530559565935
2022-06-01,145.65789794921875,148.7100067138672,151.74000549316406,147.67999267578125,149.89999389648438,74286600,-0.0008733514325567349,0.05948992638362682,147.41550064086914,159.93860076904298,0.5042198349658931,48.11841202725995,-3.806044897678987,-5.082648475352416,1.2766035776734288,0.27301130602544305
2022-06-02,148.1066131591797,151.2100067138672,151.27000427246094,146.86000061035156,147.8300018310547,72348100,0.016811242600575316,0.07607459519200477,146.67500076293945,159.58640075683593,0.4830770718356098,51.088343605004724,-3.1221701705929092,-4.690552814400514,1.5683826438076052,0.3330930162712742
2022-06-03,142.39620971679688,145.3800048828125,147.97000122070312,144.4600067138672,146.89999389648438,88570300,-0.03855566147871903,0.011128154938794044,146.10550079345703,159.08980072021484,0.46220238958853865,44.66690401956864,-3.0158619672837403,-4.35561464497716,1.3397526776934194,0.19298242397283707
2022-06-06,143.14065551757812,146.13999938964844,148.57000732421875,144.89999389648438,147.02999877929688,71598400,0.005227641225136415,-0.023389468152070325,145.54850082397462,158.53120056152343,0.46262994585989653,45.62636081959419,-2.8375769246326,-4.052007100908248,1.2144301762756475,0.21124713187209312
2022-06-07,145.65789794921875,148.7100067138672,149.0,144.10000610351562,144.35000610351562,67808200,0.017585926747997416,-0.0008733514325567349,145.3810012817383,158.0110006713867,0.45409190965862173,48.855928179999935,-2.460543022906876,-3.7337142853079737,1.2731712624010978,0.27301130602544305
2022-06-08,144.9232940673828,147.9600067138672,149.8699951171875,147.4600067138672,148.5800018310547,53950200,-0.005043372780172639,-0.005043372780172639,145.05350189208986,157.45820068359376,0.4498803165951041,47.96066094287689,-2.1969347748550376,-3.4263583832173867,1.229423608362349,0.2549867929516937
2022-06-09,139.71249389648438,142.63999938964844,147.9499969482422,142.52999877929688,147.0800018310547,69473000,-0.0359557115626985,-0.05667619167847582,144.86050186157226,156.73180053710936,0.42950708648874986,42.07143283453462,-2.389755851107026,-3.2190378767953147,0.8292820256882889,0.12874163440250083
2022-06-10,134.3155517578125,137.1300048828125,140.75999450683594,137.05999755859375,140.27999877929688,91437900,-0.038628677302390724,-0.0567478313585843,144.5890022277832,155.9190005493164,0.4407678353156474,37.00340978854811,-2.9531365313243043,-3.165857607701113,0.2127210763768086,0.0
2022-06-13,129.17330932617188,131.8800048828125,135.1999969482422,131.44000244140625,132.8699951171875,122207100,-0.03828483784046022,-0.09757762807166137,143.82750244140624,155.06440063476563,0.4404675972224329,32.932689194217176,-3.7796810923911437,-3.2886223046391194,-0.4910587877520243,0.0
2022-06-14,130.03524780273438,132.75999450683594,133.88999938964844,131.47999572753906,133.1300048828125,84784300,0.006672653862921818,-0.1072558098778158,143.1885025024414,154.23340057373048,0.4418483695695886,34.23857056138087,-4.3139868486622674,-3.493695213443749,-0.8202916352185183,0.01890012178192253
2022-06-15,132.6504364013672,135.42999267578125,137.33999633789062,132.16000366210938,134.2899932861328,91533000,0.020111466401181888,-0.08468514104839919,142.49800186157228,153.37320037841798,0.4375042943333398,38.17221086477126,-4.470448919458363,-3.689045954646672,-0.7814029648116909,0.08221371920148249
2022-06-16,127.39066314697266,130.05999755859375,132.38999938964844,129.0399932861328,132.0800018310547,108123900,-0.039651446559871295,-0.08819406817781883,141.96000137329102,152.47320037841797,0.41454866771942783,33.79387561840905,-4.970463554992108,-3.9453294747157597,-1.0251340802763482,0.0
2022-06-17,128.85987854003906,131.55999755859375,133.0800018310547,129.80999755859375,130.07000732421875,134520300,0.011533138767930717,-0.040618443271979165,141.6705009460449,151.66780029296876,0.4101068903131041,36.00203252884923,-5.185911334341995,-4.193445846641007,-0.9924654877009882,0.03564638628159499
2022-06-21,133.08140563964844,135.8699951171875,137.05999755859375,133.32000732421875,133.4199981689453,81000500,0.032760699593918474,0.030254701900568337,141.58450088500976,150.94240020751954,0.4280791398358204,41.98907081687211,-4.951793278339778,-4.345115332980761,-0.6066779453590172,0.14402573341675107
2022-06-22,132.5720977783203,135.35000610351562,137.75999450683594,133.91000366210938,134.7899932861328,73409200,-0.003827107031419197,0.019508976377264897,141.19650115966797,150.24760040283203,0.40061072800925074,41.48483114889254,-4.753417363436256,-4.426775739071861,-0.32664162436439526,0.13113557325618957
2022-06-23,135.43218994140625,138.27000427246094,138.58999633789062,135.6300048828125,136.82000732421875,72433800,0.021573683319320303,0.020970329692615808,141.09200134277344,149.69800048828125,0.40415785168797475,45.44665552125755,-4.310890312773296,-4.403598653812148,0.09270834103885228,0.20352026423353137
2022-06-24,138.75259399414062,141.66000366210938,141.91000366210938,139.77000427246094,139.89999389648438,89116800,0.024517243689154977,0.0891896534004597,141.14900131225585,149.17800048828124,0.41377408790679887,49.70420910781446,-3.644626828176257,-4.25180428868497,0.607177460508713,0.2875559533112786
2022-06-27,138.75259399414062,141.66000366210938,143.49000549316406,140.97000122070312,142.6999969482422,70207900,0.0,0.07677110284999289,141.0430015563965,148.60320068359374,0.4051695325066521,49.70420910781446,-3.0810913137122213,-4.017661693690421,0.9365703799781997,0.31065900485224635
2022-06-28,134.6191864013672,137.44000244140625,143.4199981689453,137.32000732421875,142.1300048828125,67083400,-0.029789645006425114,0.011555217344820123,140.43300170898436,148.04620086669922,0.38703262824411483,44.6709816044626,-2.941101007294037,-3.8023495564111447,0.8612485491171076,0.19764342813616367
2022-06-29,136.37246704101562,139.22999572753906,140.6699981689453,136.6699981689453,137.4600067138672,66242400,0.013023815878466127,0.028666342438551595,139.9525016784668,147.52940063476564,0.3916245934729836,47.11717909156488,-2.6551136844852294,-3.572902382025962,0.9177886975407326,0.24558112127183285
2022-06-30,133.91395568847656,136.72000122070312,138.3699951171875,133.77000427246094,137.25,98964500,-0.01802768500939822,-0.011209973268703544,139.3530014038086,146.91580078125,0.3950846738808446,44.16831069048106,-2.6010193189041786,-3.3785257694016053,0.7775064504974267,0.17917686279774037
2022-07-01,136.07858276367188,138.92999267578125,139.0399932861328,135.66000366210938,136.0399932861328,71051600,0.016164360995803317,-0.019271572185186492,138.7390007019043,146.34980072021483,0.39464138868823107,47.295990408148114,-2.3527008329993464,-3.173360782121154,0.8206599491218074,0.24394925655370434
2022-07-05,138.6546630859375,141.55999755859375,141.61000061035156,136.92999267578125,137.77000427246094,73353800,0.018930432746441683,-0.0007059586399147388,138.54800033569336,145.8526007080078,0.3802360591516117,50.82639286053111,-1.9215369478865796,-2.922996015274239,1.0014590673876596,0.31979971782278
2022-07-06,139.98670959472656,142.9199981689453,144.1199951171875,141.0800018310547,141.35000610351562,74064300,0.009607238159132114,0.039871912326800985,138.3870002746582,145.47520080566406,0.38151155406269677,52.59476669284305,-1.4533425510563802,-2.6290653224306673,1.175722771374287,0.35761952751227893
2022-07-07,143.34634399414062,146.35000610351562,146.5500030517578,143.27999877929688,143.2899932861328,66253700,0.02399949607133145,0.05113848017283429,138.2690002441406,145.14460083007813,0.38626870374202144,56.81304563636099,-0.7963424043313125,-2.2625207388107964,1.4661783344794839,0.45300349008666874
2022-07-08,144.0221405029297,147.0399932861328,147.5500030517578,145.0,145.25999450683594,64547800,0.004714637197412497,0.07548267973440415,138.2229995727539,144.94940063476562,0.38630468539021595,57.62981594027374,-0.21748185994380265,-1.8535129630373977,1.636031103093595,0.4721911167216523
2022-07-11,141.8966827392578,144.8699951171875,146.63999938964844,143.77999877929688,145.6699981689453,63141600,-0.014757877230874183,0.04275536424498583,138.33449935913086,144.715400390625,0.36700248381417255,54.16058106088262,0.06541451730933545,-1.4697274669680511,1.5351419842773866,0.4118463513212471
2022-07-12,142.86639404296875,145.86000061035156,148.4499969482422,145.0500030517578,145.75999450683594,77588800,0.006833751132270249,0.030375834458304274,138.7709991455078,144.35980041503908,0.3360118934909697,55.477411325839,0.36528631071095674,-1.1027247114322496,1.4680110221432063,0.439377088482714
2022-07-13,142.5039825439453,145.49000549316406,146.4499969482422,142.1199951171875,142.99000549316406,71185600,-0.0025366455206311533,0.017982139358697413,139.45149917602538,144.11660064697264,0.2992782240342474,54.84331178357156,0.5665505120253727,-0.7688696667407252,1.335420178766098,0.42908801595468193
2022-07-14,145.42282104492188,148.47000122070312,148.9499969482422,143.25,144.0800018310547,78140700,0.0204824772494705,0.014485787692335217,140.23699951171875,143.9268005371094,0.30421903973812564,58.91631688976097,0.9555001806420478,-0.42399569726417063,1.3794958779062183,0.5119577370659935
2022-07-15,147.08790588378906,150.1699981689453,150.86000061035156,148.1999969482422,149.77999877929688,76259900,0.011450103955445545,0.02128675888009357,140.97399978637696,143.7406005859375,0.3003372545168226,61.07335128769183,1.3849562282141221,-0.06220531216851205,1.4471615403826341,0.5592323930962054
2022-07-18,144.05157470703125,147.07000732421875,151.57000732421875,146.6999969482422,150.74000549316406,81420900,-0.020643210245224752,0.015186113627267073,141.8245002746582,143.36160064697265,0.2684481941831118,55.36488959377817,1.4583489476360967,0.2419055397924097,1.216443407843687,0.6249084865098185
2022-07-19,147.90089416503906,151.0,151.22999572753906,146.91000366210938,147.9199981689453,82982400,0.026721917998667744,0.0352392662014267,142.7965003967285,143.24620056152344,0.27763195962679244,60.41616677755071,1.8127346939961626,0.5560713706331604,1.2566633233630022,0.76928734395058
2022-07-20,149.89901733398438,153.0399932861328,153.72000122070312,150.3699951171875,151.1199951171875,64823400,0.013509889312137924,0.05189351507257656,143.65500030517578,143.16140045166014,0.261963328216143,62.77134416943222,2.232463906203435,0.8913498777472153,1.3411140284562197,0.9398772431826905
2022-07-21,152.16162109375,155.35000610351562,155.57000732421875,151.94000244140625,154.5,65086600,0.015094177461599134,0.04633936031687136,144.65500030517578,143.2272006225586,0.2610643095689481,65.28979398828815,2.720144922211716,1.2571088866401157,1.4630360355716006,1.0
2022-07-22,150.92745971679688,154.08999633789062,156.27999877929688,153.41000366210938,155.38999938964844,66675400,-0.008110780277571505,0.026103737209447253,145.44599990844728,143.2188006591797,0.2604147870464238,62.794499794983544,2.9707187862456976,1.599830866561232,1.3708879196844657,0.9501775666312298
2022-07-25,149.8108673095703,152.9499969482422,155.0399932861328,152.27999877929688,154.00999450683594,53623900,-0.0073982699509488326,0.03998088890456697,146.0104995727539,143.34780059814454,0.25416591051842735,60.54007974877913,3.0422428732947253,1.8883132679079306,1.1539296053867947,0.9051005004205367
2022-07-26,148.4886016845703,151.60000610351562,153.08999633789062,150.8000030517578,152.25999450683594,55138700,-0.0088263541788981,0.003973550354408051,146.50749969482422,143.52860076904298,0.25789506148652086,57.88959895882233,2.9559192516222197,2.1018344646507883,0.8540847869714314,0.851720097550027
2022-07-27,153.57205200195312,156.7899932861328,157.3300018310547,152.16000366210938,152.5800018310547,78620700,0.034234742570348864,0.02450339887946007,147.47499923706056,143.7222006225586,0.2481621316421251,64.35128304325721,3.26861716657055,2.3351910050347406,0.9334261615358095,1.0
2022-07-28,154.12054443359375,157.35000610351562,157.63999938964844,154.41000366210938,156.97999572753906,81378700,0.0035717382573059453,0.012874154627759316,148.38099975585936,143.95840087890625,0.24724569132289004,64.9757953355531,3.521032599138124,2.5723593238554177,0.9486732752827063,1.0
2022-07-29,159.17466735839844,162.50999450683594,163.6300048828125,159.5,161.24000549316406,101786900,0.03279306134837845,0.054643379642127066,149.670499420166,144.2238006591797,0.24686772008375024,70.16253501628879,4.09029125683756,2.875945710451846,1.2143455463857138,1.0
2022-08-01,158.1951904296875,161.50999450683594,163.58999633789062,160.88999938964844,161.00999450683594,67829400,-0.00615346768692393,0.055965987115975,150.79949951171875,144.63760040283202,0.2507087695665553,68.05900965451323,4.40990654413099,3.182737877187675,1.2271686669433155,0.9691833561157185
2022-08-02,156.7259521484375,160.00999450683594,162.41000366210938,159.6300048828125,160.10000610351562,59907000,-0.009287350944318873,0.05547485530823648,151.72199935913085,145.09080017089843,0.25389632558955355,64.9151407643743,4.49040391686367,3.444271085122874,1.0461328317407959,0.9229583902892963
2022-08-03,162.7203826904297,166.1300048828125,166.58999633789062,160.75,160.83999633789062,82507500,0.038247675683253046,0.05957020215974307,152.88249969482422,145.66160034179688,0.27809713283498927,70.83471655334496,4.990504920742211,3.7535178522467416,1.2369870684954694,1.0
2022-08-04,162.40692138671875,165.80999755859375,167.19000244140625,164.42999267578125,166.00999450683594,55474100,-0.0019262464022948844,0.053765434553034286,153.85549926757812,146.11560028076173,0.27312187667327087,70.1680590772156,5.299922445829168,4.0627987709632265,1.2371236748659413,0.9911281602650553
2022-08-05,162.1813507080078,165.35000610351562,165.85000610351562,163.0,163.2100067138672,56697000,-0.0027742082012610636,0.01747591959065775,154.77099990844727,146.615400390625,0.27502207444603866,69.16045717665646,5.44525113207817,4.339289243186215,1.1059618888919545,0.9783754194368252
2022-08-08,161.71055603027344,164.8699951171875,167.80999755859375,164.1999969482422,166.3699951171875,60276900,-0.0029029995077690662,0.020803669894307042,155.77099990844727,147.10240020751954,0.2662179815984853,68.06210656140063,5.458767019750468,4.563184798499066,0.8955822212514022,0.9650676598344081
2022-08-09,161.7595672607422,164.9199981689453,165.82000732421875,163.25,164.02000427246094,63135500,0.0003032877615012364,0.03068560609130966,156.72399978637696,147.5252001953125,0.2671556927799056,68.11890630437591,5.4111370667023095,4.732775252139715,0.6783618145625949,0.9664539376720686
2022-08-10,165.99679565429688,169.24000549316406,169.33999633789062,166.89999389648438,167.67999267578125,70170500,0.026194563256017656,0.018720282423065893,157.91149978637696,147.91720031738282,0.27394210204999697,72.64523194400346,5.656770741127019,4.917574349937176,0.7391963911898429,1.0
2022-08-11,165.26119995117188,168.49000549316406,170.99000549316406,168.19000244140625,170.05999755859375,57149200,-0.0044315763156265175,0.016163126313437415,158.9125,148.3102005004883,0.27283099821560286,70.7667657025703,5.724925092985387,5.079044498546819,0.6458805944385686,0.9808575842748046
2022-08-12,168.80197143554688,172.10000610351562,172.1699981689453,169.39999389648438,169.82000732421875,68039400,0.021425606817361276,0.04082249622521483,160.0090003967285,148.77800048828124,0.27749749776963123,74.22199082766151,6.001058322270154,5.263447263291486,0.7376110589786684,1.0
2022-08-15,169.87109375,173.19000244140625,173.38999938964844,171.35000610351562,171.52000427246094,54091700,0.006333505515595528,0.05046404785967873,161.31500015258788,149.21760040283203,0.25769350614636605,75.17604472228848,6.235965166216488,5.457950843876487,0.7780143223400007,1.0
2022-08-16,169.71417236328125,173.02999877929688,173.7100067138672,171.66000366210938,172.77999877929688,56377100,-0.0009238620004263787,0.049175361996085076,162.41650009155273,149.77060028076173,0.2500982567777212,74.7387653194986,6.336180034824224,5.6335966820660355,0.7025833527581886,0.9962902006956846
2022-08-17,171.20504760742188,174.5500030517578,176.14999389648438,172.57000732421875,172.77000427246094,79542000,0.00878462857992468,0.03137554588893132,163.49200057983398,150.3388003540039,0.24901418112239654,76.15759165213365,6.46374267971521,5.799625881595871,0.6641167981193394,1.0
2022-08-18,170.8126983642578,174.14999389648438,174.89999389648438,173.1199951171875,173.75,62290100,-0.0022916594000563784,0.03359242814880159,164.43199996948243,150.84760009765625,0.24889978135398663,74.96432066222276,6.4581144753804836,5.931323600352794,0.5267908750276895,0.9910090108814462
2022-08-19,168.23312377929688,171.52000427246094,173.74000549316406,171.30999755859375,173.02999877929688,70346300,-0.015101864577650947,-0.0033701441631898144,165.30350036621093,151.31880004882814,0.25525407909581876,67.47817930198046,6.170308425334213,5.979120565349079,0.191187859985134,0.931894843668598
2022-08-22,164.35882568359375,167.57000732421875,169.86000061035156,167.13999938964844,169.69000244140625,69026800,-0.023029365962279114,-0.032449881852093965,166.03450088500978,151.81740020751954,0.27125379499371344,58.094636098120226,5.559402977998531,5.895177047878969,-0.3357740698804381,0.8431109268212712
2022-08-23,164.02532958984375,167.22999572753906,168.7100067138672,166.64999389648438,167.0800018310547,54147100,-0.0020290719210975805,-0.03352021668309568,166.81600036621094,152.41940002441407,0.26780538253905006,57.3552717642805,4.990294902111486,5.714200618725473,-0.7239057166139862,0.8354685003277089
2022-08-24,164.31956481933594,167.52999877929688,168.11000061035156,166.25,167.32000732421875,53841500,0.001793954789346408,-0.040217726437846935,167.35300064086914,153.13239990234376,0.24467762452023453,57.86481842202949,4.511474916276285,5.473655478235635,-0.9621805619593502,0.8422116564238328
2022-08-25,166.77166748046875,170.02999877929688,170.13999938964844,168.35000610351562,168.77999877929688,51218200,0.014922700520600518,-0.023657739084598783,167.98700027465821,153.87779998779297,0.2480590875590586,61.94542310224703,4.284348432601689,5.235794069108846,-0.9514456365071569,0.8984040522729214
2022-08-26,160.48451232910156,163.6199951171875,171.0500030517578,163.55999755859375,170.57000732421875,78961000,-0.03769925135640162,-0.046058820886712426,168.0425003051758,154.44160003662108,0.2651408947575023,48.875481318347184,3.5462365258210866,4.897882560451295,-1.3516460346302086,0.7543266670027784
2022-08-29,158.28746032714844,161.3800048828125,162.89999389648438,159.82000732421875,161.14999389648438,73314000,-0.013690198638440787,-0.03693979931283098,168.0360008239746,155.06800018310548,0.26896120156602504,45.28010475494705,2.7488420898368986,4.468074466328416,-1.7192323764915178,0.6936497677107879
2022-08-30,155.86476135253906,158.91000366210938,162.55999755859375,157.72000122070312,162.1300048828125,77906200,-0.015305497248539135,-0.049751792608935475,167.9810012817383,155.61500030517578,0.2725700150270841,41.64242029098838,1.8957398891682828,3.9536075508963897,-2.057867661728107,0.601020392672511
2022-08-31,154.2071533203125,157.22000122070312,160.5800018310547,157.13999938964844,160.30999755859375,87991100,-0.010634965719336975,-0.0615412023740064,167.5355010986328,156.04200042724608,0.23354143894645385,39.31512186384335,1.070936091162821,3.377073258949676,-2.306137167786855,0.5579080821374451
2022-09-01,154.9329833984375,157.9600067138672,158.4199981689453,154.6699981689453,156.63999938964844,74229900,0.004706815210650195,-0.07098742664285285,167.14300155639648,156.49420043945312,0.2349960924084852,40.87335223496618,0.4715496666398451,2.7959685404877104,-2.3244188738478653,0.5614592774280048
2022-09-02,152.8241424560547,155.80999755859375,160.36000061035156,154.97000122070312,159.75,76957800,-0.013611098150736467,-0.047732537536137265,166.6660011291504,156.84500030517577,0.23839920081596666,37.83372496502128,-0.17493956913801867,2.2017869185625645,-2.376726487700583,0.5046258370048406
2022-09-06,151.56871032714844,154.52999877929688,157.08999633789062,153.69000244140625,156.47000122070312,73714800,-0.008215126110989845,-0.04244643633819334,166.14900131225585,157.10240020751954,0.23915662174650487,36.11191762502888,-0.781562781054447,1.6051169786391624,-2.3866797596936093,0.47079029068334605
2022-09-07,152.97129821777344,155.9600067138672,156.6699981689453,153.61000061035156,154.82000732421875,87449600,0.00925391798269981,-0.01856394739323508,165.70100173950195,157.38840026855468,0.2429388280615467,39.42847515024426,-1.1338559718944055,1.057322388532449,-2.1911783604268544,0.5085911858817285
2022-09-08,151.50003051757812,154.4600067138672,156.36000061035156,152.67999267578125,154.63999938964844,84923800,-0.009617850316921195,-0.017554983369841737,164.9620018005371,157.7288003540039,0.21852141179422196,37.24440673831526,-1.5166058396819437,0.5425367428895704,-2.059142582571514,0.4689401172220212
2022-09-09,154.3542938232422,157.3699951171875,157.82000732421875,154.75,155.47000122070312,68028800,0.01883975318420772,-0.003735196072436553,164.40600128173827,158.09160034179686,0.23366148593149266,43.753714232904706,-1.567062007744255,0.12061699276280535,-1.6876790005070603,0.5458628838746916
2022-09-12,160.298095703125,163.42999267578125,164.25999450683594,159.3000030517578,159.58999633789062,104956000,0.038507960517385253,0.04890568793136607,163.97250061035157,158.62580017089843,0.2635914111306504,54.36853438764956,-1.1053163283867775,-0.12456967146711123,-0.9807466569196663,0.6878156334430406
2022-09-13,150.89190673828125,153.83999633789062,160.5399932861328,153.3699951171875,159.89999389648438,122656600,-0.05867953721882391,-0.004465168231779559,163.00500030517577,158.92400024414061,0.32800698111491877,41.1376483595035,-1.4959675258913308,-0.3988492423519551,-1.0971182835393756,0.37223391132327766
2022-09-14,152.33375549316406,155.30999755859375,157.10000610351562,153.61000061035156,154.7899932861328,87965400,0.009555390377639084,-0.004167793840032186,162.11900024414064,159.19900024414062,0.33211469323511716,43.410952907725935,-1.667720161305823,-0.6526234261427288,-1.0150967351630942,0.3917166448615083
2022-09-15,149.4500732421875,152.3699951171875,155.24000549316406,151.3800048828125,154.64999389648438,90481100,-0.018929898188280392,-0.013531085755754124,161.0099998474121,159.38800018310548,0.33123113109260893,40.07720952878906,-2.0178089432235993,-0.9256605295589029,-1.0921484136646964,0.25269535023487116
2022-09-16,147.8120880126953,150.6999969482422,151.35000610351562,148.3699951171875,151.2100067138672,162278800,-0.010960151095764759,-0.042384179804914046,159.8375,159.475,0.33117782844530036,38.27897578319197,-2.4023192793630983,-1.220992279519742,-1.1813269998433562,0.19642858060910726
2022-09-19,151.51963806152344,154.47999572753906,154.55999755859375,149.10000610351562,149.30999755859375,81474200,0.025082938658552933,-0.05476349109307943,158.9854995727539,159.62380004882812,0.3484037331776908,44.36403288501248,-2.374658594179607,-1.4517255424517153,-0.9229330517278918,0.3237869959986818
2022-09-20,153.8932342529297,156.89999389648438,158.0800018310547,153.0800018310547,153.39999389648438,107689800,0.01566544689199456,0.01989078023554325,158.45199890136718,159.86440002441407,0.34890067855312545,47.90510492762271,-2.132877193801704,-1.5879558727217131,-0.544921321079991,0.3926355595974956
2022-09-21,150.7742462158203,153.72000122070312,158.74000549316406,153.60000610351562,157.33999633789062,101696800,-0.02026764053209118,-0.010237565919030911,157.7764991760254,160.0216000366211,0.35415819843631485,43.9468593916057,-2.1728156583109524,-1.7049278298395611,-0.4678878284713912,0.2832070343758598
2022-09-22,149.81295776367188,152.74000549316406,154.47000122070312,150.91000366210938,152.3800048828125,86652500,-0.006375199842290069,0.002428367709088608,157.03699951171876,160.1666000366211,0.3535832737321129,42.77390117306696,-2.2575213434331545,-1.8154465325582798,-0.44207481087487466,0.20633184317649392
2022-09-23,147.54725646972656,150.42999267578125,151.47000122070312,148.55999755859375,151.19000244140625,96029900,-0.015123823060790742,-0.0017916674049679449,156.05699920654297,160.20579986572267,0.3478757558135909,40.059727814914986,-2.4824339842353993,-1.9488440228937038,-0.5335899613416955,0.12227022830994448
2022-09-26,147.8807373046875,150.77000427246094,153.77000427246094,149.63999938964844,149.66000366210938,93339400,0.0022602646628622214,-0.024015999208218175,155.41449966430665,160.21779998779297,0.3277249138878951,40.65661881716737,-2.603234313513582,-2.0797220810176795,-0.5235122324959023,0.13464328688138177
2022-09-27,148.8517303466797,151.75999450683594,154.72000122070312,149.9499969482422,152.74000549316406,84442700,0.0065662280713738586,-0.03275971695091062,154.93349914550782,160.3115997314453,0.32756791108369687,42.45349093206782,-2.5892383782855006,-2.181625340471244,-0.4076130378142566,0.05514101405111186
2022-09-28,146.96856689453125,149.83999633789062,150.63999938964844,144.83999633789062,147.63999938964844,146691400,-0.012651543479456517,-0.025240728935734258,154.47999877929686,160.28839965820313,0.3263642363505142,39.92837618824369,-2.701928158996651,-2.2856859041763253,-0.41624225482032573,0.0
2022-09-29,139.74960327148438,142.47999572753906,146.72000122070312,140.67999267578125,146.10000610351562,128138200,-0.049119065604851575,-0.06717303520120788,153.74299850463868,160.07719970703124,0.36502441372971217,32.05697617133043,-3.346549224949399,-2.4978585683309404,-0.8486906566184587,0.0
2022-09-30,135.5516357421875,138.1999969482422,143.10000610351562,138.0,141.27999877929688,124925300,-0.030039296095161427,-0.08130024810875403,152.75499801635743,159.73419952392578,0.3739324603462699,28.53418943090965,-4.154881310583363,-2.829263116781425,-1.325618193801938,0.0
2022-10-03,139.72018432617188,142.4499969482422,143.07000732421875,137.69000244140625,138.2100067138672,114311700,0.030752533240588242,-0.055183438936457274,152.08699798583984,159.50139953613282,0.3951323355222174,36.04935721239347,-4.401809510888228,-3.143772395602786,-1.258037115285442,0.11691882493491404
2022-10-04,143.30029296875,146.10000610351562,146.22000122070312,144.25999450683594,145.02999877929688,87830100,0.02562309044204225,-0.03729565503552623,151.66549835205078,159.3643997192383,0.40857093405407213,41.71782656788407,-4.253939883231908,-3.3658058931286106,-0.8881339901032974,0.21733171468461956
2022-10-05,143.59451293945312,146.39999389648438,147.3800048828125,143.00999450683594,144.07000732421875,79471000,0.0020533044519943644,-0.022957838530968777,151.18749771118163,159.26039947509764,0.406622328799152,42.17151428503466,-4.065679013312973,-3.505780517165483,-0.5598984961474902,0.2255844723902018
2022-10-06,142.64305114746094,145.42999267578125,147.5399932861328,145.22000122070312,145.80999755859375,68402200,-0.0066256916744750205,0.02070463950520751,150.73599700927736,159.03319946289062,0.4060994809712203,41.05855737549876,-3.9492276711441434,-3.5944699479612154,-0.354757723182928,0.19889943641136848
2022-10-07,137.40541076660156,140.08999633789062,143.10000610351562,139.4499969482422,142.5399932861328,85925600,-0.03671867294799025,0.01367582801290701,149.8719970703125,158.68799926757814,0.4148194962794156,35.50355380046429,-4.238968034904616,-3.7233695653498957,-0.5155984695547202,0.051994472415388245
2022-10-10,137.7290802001953,140.4199981689453,141.88999938964844,138.57000732421875,140.4199981689453,74899000,0.0023556416566585803,-0.014250605986565579,148.72149734497071,158.2461993408203,0.3825805033023919,36.07910449348539,-4.3913403329814855,-3.856963718876214,-0.5343766141052715,0.061072925665572736
2022-10-11,136.31666564941406,138.97999572753906,141.35000610351562,138.22000122070312,139.89999389648438,77033700,-0.01025496695758199,-0.04873381299472257,147.97849731445314,157.79559936523438,0.3314943404766266,34.62701169489216,-4.5755485637467075,-4.000680687850313,-0.5748678758963948,0.021458009582601877
2022-10-12,135.6889190673828,138.33999633789062,140.36000061035156,138.16000366210938,139.1300048828125,70433700,-0.004604974883602009,-0.05505463042773595,147.12999725341797,157.36219940185546,0.32711033990065236,33.97257431949653,-4.718782330457827,-4.144301016371816,-0.574481314086011,0.0038514268539530543
2022-10-13,140.24984741210938,142.99000549316406,143.58999633789062,134.3699951171875,134.99000549316406,113224000,0.0336129050048255,-0.016777743969614622,146.6609977722168,156.8993994140625,0.35094133701149327,42.47885202389803,-4.4062863195634066,-4.196698077010135,-0.2095882425532718,0.13177462835305012
2022-10-14,135.72821044921875,138.3800048828125,144.52000427246094,138.19000244140625,144.30999755859375,88598000,-0.03224001981433555,-0.0122063780411108,146.0449981689453,156.35079956054688,0.3652308675199882,37.34254513101637,-4.478988509921351,-4.253156163592378,-0.2258323463289731,0.004952074397393371
2022-10-17,139.6809539794922,142.41000366210938,142.89999389648438,140.27000427246094,141.07000732421875,85250900,0.02912269574429982,0.014171809707402172,145.44149856567384,155.89199951171875,0.36975126517052925,43.746077628026356,-4.1634249272673,-4.235209916327362,0.07178498906006148,0.11581859716551775
2022-10-18,140.99525451660156,143.75,146.6999969482422,140.61000061035156,145.49000549316406,99136600,0.009409425626236034,0.03432151690241958,144.78399887084962,155.469599609375,0.3660311274402403,45.73205203741343,-3.761847769432933,-4.140537486948476,0.3786897175155435,0.15268231416393183
2022-10-19,141.1031951904297,143.86000061035156,144.9499969482422,141.5,141.69000244140625,61758300,0.0007652216372282528,0.039901723424789814,144.29099884033204,155.04839965820312,0.36130299939528265,45.900896597454874,-3.3955767535582027,-3.991545340270422,0.5959685867122193,0.15570846524732668
2022-10-20,140.64218139648438,143.38999938964844,145.88999938964844,142.64999389648438,143.02000427246094,64522000,-0.003267073673773546,0.0027973556270930455,143.82349853515626,154.53139953613282,0.36109331476926737,45.25303835139973,-3.107409225922595,-3.8147181174008566,0.7073088914782617,0.1427785851431891
2022-10-21,144.44781494140625,147.27000427246094,147.85000610351562,142.64999389648438,142.8699951171875,86548600,0.027059103837980825,0.06424338109524541,143.66549911499024,154.10699951171875,0.37301179680892477,51.35681701921396,-2.5367088164575478,-3.559116257212195,1.0224074407546473,0.24951872905852238
2022-10-24,146.58604431152344,149.4499969482422,150.22999572753906,146.0,147.19000244140625,75981900,0.014802693097965003,0.049434682291254806,143.5994987487793,153.65399932861328,0.37701076705362596,54.43090706764277,-1.8867679538062987,-3.224646596531016,1.3378786427247173,0.3094910071806548
2022-10-25,149.42066955566406,152.33999633789062,152.49000549316406,149.36000061035156,150.08999633789062,74732300,0.019337567404898115,0.05975649626358703,143.62849884033204,153.23699920654298,0.3827196340703273,58.20208176760119,-1.1255121362721923,-2.8048197044792516,1.6793075682070593,0.3889957913454346
2022-10-26,146.4879608154297,149.35000610351562,151.99000549316406,148.0399932861328,150.9600067138672,88194300,-0.019627086164182295,0.03816214006584007,143.60399932861327,152.76339935302735,0.3866718393037768,53.2885178387033,-0.7547780285671308,-2.3948113692968276,1.6400333407296968,0.30674022787014205
2022-10-27,142.02513122558594,144.8000030517578,149.0500030517578,144.1300048828125,148.07000732421875,109180200,-0.03046536903791064,0.009833347291381411,143.71999969482422,152.16839935302735,0.35991013716132547,46.81199575692927,-0.8186785804647343,-2.0795848115304088,1.2609062310656745,0.18358850246963204
2022-10-28,152.75552368164062,155.74000549316406,157.5,147.82000732421875,148.1999969482422,164762400,0.07555250145606562,0.057513417362526686,144.5970001220703,151.80019958496095,0.42770732039836185,59.54366083580243,0.01329330246801419,-1.6610091887307243,1.6743024911987385,0.5264107049632268
2022-10-31,150.4014892578125,153.33999633789062,154.24000549316406,151.9199981689453,153.16000366210938,97943200,-0.015410357458724877,0.02602876861212411,145.14150009155273,151.43659942626954,0.42412353407733205,56.35655760128059,0.4735179128639402,-1.2341037684117915,1.7076216812757317,0.4756518541848533
2022-11-01,147.7630157470703,150.64999389648438,155.4499969482422,149.1300048828125,155.0800018310547,80379300,-0.0175427318745901,-0.011093622699437478,145.36899948120117,151.09819915771484,0.42264238847325813,52.936449247782974,0.6141094451945719,-0.8644611256905188,1.4785705708850907,0.39114031517571096
2022-11-02,142.25071716308594,145.02999877929688,152.1699981689453,145.0,148.9499969482422,93604600,-0.03730498071609045,-0.028925391012200707,145.3004997253418,150.65419921875,0.4449146771357431,46.57680207330224,0.26894240909453515,-0.637780418733508,0.9067228278280431,0.21457748784642075
2022-11-03,136.2185821533203,138.8800048828125,142.8000030517578,138.75,142.05999755859375,97918500,-0.04240497792352105,-0.04088396439349007,144.97300033569337,150.08119934082032,0.46932977972586365,40.80029921202399,-0.495150279411007,-0.6092543908690078,0.11410411145800081,0.021363741610183264
2022-11-04,135.95333862304688,138.3800048828125,142.6699981689453,134.3800048828125,142.08999633789062,140814800,-0.003600230288167805,-0.11146783098780322,144.88750076293945,149.4481994628906,0.45110331334355697,40.36202264564016,-1.1280416988451236,-0.713011852464231,-0.4150298463808926,0.007081351201284572
2022-11-07,136.48385620117188,138.9199981689453,139.14999389648438,135.6699981689453,137.11000061035156,83374600,0.003902249364639898,-0.09403937989649025,144.81250076293946,148.95419952392578,0.45125450900067027,41.097922228154886,-1.5679652359883676,-0.8840025291690584,-0.6839627068193092,0.028537508625783428
2022-11-08,137.05368041992188,139.5,141.42999267578125,137.49000549316406,140.41000366210938,89908500,0.004175078021159573,-0.07401257449864773,144.8385009765625,148.51659942626952,0.4498770671614824,41.926812424857474,-1.8484981718884228,-1.0769016577129313,-0.7715965141754915,0.05152609084031006
2022-11-09,132.50485229492188,134.8699951171875,138.5500030517578,134.58999633789062,138.5,74917800,-0.03318999915994625,-0.07005449732900171,144.66500091552734,148.0357992553711,0.4654073131396077,37.402024148686245,-2.416568546257963,-1.3448350354219378,-1.0717335108360253,0.0
2022-11-10,144.29446411132812,146.8699951171875,146.8699951171875,139.5,141.24000549316406,118854000,0.08897457132383879,0.05753160968792437,144.8590003967285,147.82879913330078,0.5530416676518127,51.893039474468985,-1.8768337279291814,-1.4512347739233866,-0.4255989540057947,0.42016810314429387
2022-11-11,147.07481384277344,149.6999969482422,150.00999450683594,144.3699951171875,145.82000732421875,93979700,0.019268754171310798,0.08180366863706978,145.425,147.66359893798827,0.5409572247592958,54.56435609662419,-1.2068210178959475,-1.4023520227178987,0.19553100482195118,0.5192578115817211
2022-11-14,145.6797332763672,148.27999877929688,150.27999877929688,147.42999267578125,148.97000122070312,73374100,-0.009485625904429806,0.06737691285432179,145.71849975585937,147.51299896240235,0.5349547892169754,52.974811846972734,-0.7814055461003306,-1.2781627273943852,0.49675718129405455,0.46953798348887754
2022-11-15,147.40887451171875,150.0399932861328,153.58999633789062,148.55999755859375,152.22000122070312,89868300,0.011869399253607638,0.07555550742747541,146.03299942016602,147.42319885253906,0.535444345859872,54.73490336846002,-0.2987994973265131,-1.0822900813808107,0.7834905840542976,0.5311624462790137
2022-11-16,146.1807861328125,148.7899932861328,149.8699951171875,147.2899932861328,149.1300048828125,64218300,-0.00833111207633952,0.10321048915921094,146.27949905395508,147.2797985839844,0.5368453466146416,53.21157269177455,-0.0169993223917686,-0.8692319295830023,0.8522326071912337,0.48739493553481633
2022-11-17,148.07696533203125,150.72000122070312,151.47999572753906,146.14999389648438,146.42999267578125,80389400,0.01297135574741759,0.026213700766066772,146.6459991455078,147.20499847412108,0.5377394638880921,55.281025070017236,0.35793876183782913,-0.6237977912988361,0.9817365531366652,0.5549722499449701
2022-11-18,148.636962890625,151.2899932861328,152.6999969482422,149.97000122070312,152.30999755859375,74829600,0.003781794458686649,0.010621218238503705,146.8469985961914,147.0833984375,0.5302379361278177,55.90137457630994,0.693084049438454,-0.36042142315137804,1.053505472589832,0.5749299570232109
2022-11-21,145.41445922851562,148.00999450683594,150.3699951171875,147.72000122070312,150.16000366210938,58724100,-0.02168020969565021,-0.0018209082457764092,146.7749984741211,146.7749984741211,0.5342294178851413,51.476104038421646,0.6861115482194009,-0.15111482887722225,0.8372263770966232,0.5964593789263851
2022-11-22,147.54640197753906,150.17999267578125,150.4199981689453,146.92999267578125,148.1300048828125,51804100,0.014661159715434469,0.0009330804846241492,146.66699829101563,146.7017984008789,0.532243118543997,54.06678849222301,0.8459350943799393,0.04829515577421006,0.7976399386057292,0.6949613439371418
2022-11-23,148.4208221435547,151.07000732421875,151.8300018310547,149.33999633789062,149.4499969482422,58301400,0.0059263196953200925,0.015323705497461315,146.75299835205078,146.6169985961914,0.5275774447735598,55.12503168048121,1.0325110059835936,0.24513832581608677,0.7873726801675068,0.7353614663953377
2022-11-25,145.51271057128906,148.11000061035156,148.8800048828125,147.1199951171875,148.30999755859375,35195900,-0.01959360938875554,-0.01731688289021227,146.91849822998046,146.5317987060547,0.5203161993177539,50.9230576113816,0.9307963156097685,0.38226992377482316,0.5485263918349453,0.6009989208717804
2022-11-28,141.69093322753906,144.22000122070312,146.63999938964844,143.3800048828125,145.13999938964844,69246000,-0.02626425881856731,-0.04673139255190728,146.3424980163574,146.4021987915039,0.44909792782773994,45.964363827407745,0.5301846118337039,0.4118528613865993,0.11833175044710459,0.4244215443308366
2022-11-29,138.69436645507812,141.1699981689453,144.80999755859375,140.35000610351562,144.2899932861328,83763800,-0.021148266717113118,-0.046213070682701196,145.73399810791017,146.13599884033204,0.45157735582308234,42.47221196596061,-0.03303203328019322,0.32287588245324084,-0.35590791573343405,0.2859738266385364
2022-11-30,145.43411254882812,148.02999877929688,148.72000122070312,140.5500030517578,141.39999389648438,111380900,0.04859389884061516,-0.01431611400545163,145.60299835205078,145.95859893798828,0.48460200025431316,51.413429774842236,0.07331431377576791,0.2729635687177463,-0.19964925494197838,0.6305700584249749
2022-12-01,145.70921325683594,148.30999755859375,149.1300048828125,146.61000061035156,148.2100067138672,71250400,0.0018915002472865705,-0.018269740066283346,145.76699829101562,145.8503988647461,0.4646196805439661,51.74311158135672,0.17813469555812844,0.25399779408582274,-0.0758630985276943,0.643986380422552
2022-12-02,145.21795654296875,147.80999755859375,148.0,145.64999389648438,145.9600067138672,65447400,-0.0033713168918532155,-0.002025542168128558,146.2134979248047,145.7517987060547,0.4354223623097251,51.07661277375952,0.21834286139261394,0.246866807547181,-0.028523946154567048,0.6200285581219196
2022-12-05,144.0586700439453,146.6300048828125,150.9199981689453,145.77000427246094,147.77000427246094,68826400,-0.00798317228381984,0.016710606307798415,146.6259979248047,145.67579895019531,0.43664219675332433,49.45751484960129,0.1532262780223448,0.22813870164221375,-0.07491242361986897,0.5634884484370899
2022-12-06,140.40391540527344,142.91000366210938,147.3000030517578,141.9199981689453,147.07000732421875,64727200,-0.025369986338581674,0.0123256039932913,146.82549819946288,145.5185989379883,0.44826912397269664,44.65199526542065,-0.19628939069161788,0.14325308317544744,-0.3395424738670653,0.385242192029608
2022-12-07,138.4684295654297,140.94000244140625,143.3699951171875,140.0,142.19000244140625,69721100,-0.013784907775671984,-0.04789567247420812,146.8974983215332,145.3021990966797,0.4515204602550185,42.30758101566346,-0.6250406314701422,-0.010405659753670485,-0.6146349717164717,0.29084831367433944
2022-12-08,140.14842224121094,142.64999389648438,143.52000427246094,141.10000610351562,142.36000061035156,62128300,0.012132761639400691,-0.03816333190804111,147.28649826049804,145.15839904785156,0.4344932003395865,45.00666067667174,-0.8174243008320161,-0.17180938796933962,-0.6456149128626765,0.3727836565070624
2022-12-09,139.6670684814453,142.16000366210938,145.57000732421875,140.89999389648438,142.33999633789062,76097000,-0.0034349124103753015,-0.038224707325664076,147.05099868774414,145.15199920654297,0.2932731030119606,44.366149285871096,-0.9979244103297162,-0.337032392441415,-0.6608920178883013,0.34930545857865947
2022-12-12,141.95619201660156,144.49000549316406,144.5,141.05999755859375,142.6999969482422,70462700,0.01638999557563814,-0.014594553081811124,146.79049911499024,145.2777993774414,0.2907405217521276,48.14527973605248,-0.9421004251474017,-0.45804599898261233,-0.48405442616478933,0.46094899823577196
2022-12-13,142.9190216064453,145.47000122070312,149.97000122070312,144.24000549316406,149.5,93886200,0.006782446468835079,0.01791335450978293,146.64999923706054,145.33819946289063,0.29063153361976246,49.69314285415458,-0.809451200085249,-0.5283270392031397,-0.28112416088210923,0.5079061252272915
2022-12-14,140.69862365722656,143.2100067138672,146.66000366210938,141.16000366210938,145.35000610351562,82291200,-0.015535811424151502,0.01610617449367968,146.30849990844726,145.28039947509765,0.29106895825442936,46.26348728478815,-0.8765836915353304,-0.5979783696695778,-0.2786053218657526,0.3996170316369302
2022-12-15,134.10629272460938,136.5,141.8000030517578,136.02999877929688,141.11000061035156,98931900,-0.04685431463789913,-0.04311247220204717,145.69400024414062,145.08239959716798,0.3312365249100137,37.899903667754856,-1.4544620059823785,-0.769275096932138,-0.6851869090502405,0.07810273466316989
2022-12-16,132.15121459960938,134.50999450683594,137.64999389648438,133.72999572753906,136.69000244140625,160156900,-0.014578794821714758,-0.05381266852986466,144.88349990844728,144.86399963378906,0.3268170634389146,35.83105089069147,-2.0493874824997533,-1.0252975740456611,-1.0240899084540922,0.0
2022-12-19,130.04872131347656,132.3699951171875,135.1999969482422,131.32000732421875,135.11000061035156,79592600,-0.01590959391154889,-0.08388130607794853,143.9375,144.709599609375,0.32689667190077953,33.70059241678561,-2.6628545452417427,-1.3528089682848776,-1.310045576956865,0.0
2022-12-20,129.97994995117188,132.3000030517578,133.25,129.88999938964844,131.38999938964844,77432800,-0.0005287608069164396,-0.09053411740173256,143.1520004272461,144.54719970703124,0.3224235304119882,33.63016166467243,-3.1187286247434827,-1.7059928995765987,-1.412735725166884,0.0
2022-12-21,133.07472229003906,135.4499969482422,136.80999755859375,132.75,132.97999572753906,85928000,0.023809477126406797,-0.05418622583496879,142.41550064086914,144.4765997314453,0.3314807175770347,39.73450694952937,-3.189072295006838,-2.0026087786626467,-1.1864635163441912,0.13438539114313316
2022-12-22,129.91116333007812,132.22999572753906,134.55999755859375,130.3000030517578,134.35000610351562,77852100,-0.02377261936693542,-0.03128208258213139,141.47350006103517,144.35439971923827,0.33530769290768275,36.08124469622853,-3.464708347206482,-2.295028692371414,-1.1696796548350683,0.0
2022-12-23,129.54771423339844,131.86000061035156,132.4199981689453,129.63999938964844,130.9199981689453,63814900,-0.0027981178941416385,-0.0197010928905339,140.66100006103517,144.13179962158202,0.3318423214284715,35.67535690564253,-3.6706939433527452,-2.57016174256768,-1.1005322007850653,0.0
2022-12-27,127.74974060058594,130.02999877929688,131.41000366210938,128.72000122070312,131.3800048828125,69007800,-0.01387836965405731,-0.017677694524495635,139.95149993896484,143.9647994995117,0.3244359018043457,33.65856851298905,-3.9362304517183873,-2.8433754843978214,-1.0928549673205659,0.0
2022-12-28,123.8297348022461,126.04000091552734,131.02999877929688,125.87000274658203,129.6699981689453,85438400,-0.03068521034551308,-0.04731671951497585,139.19500007629395,143.63739944458007,0.3324125302257781,29.714325176251222,-4.4177049764455205,-3.158241382807361,-1.2594635936381593,0.0
2022-12-29,127.33714294433594,129.61000061035156,130.47999572753906,127.7300033569336,127.98999786376953,75703700,0.02832433885189234,-0.04311551472475994,138.27400016784668,143.3545994567871,0.2943123954133983,36.84537423250273,-4.459798090232113,-3.4185527242923115,-1.041245365939801,0.1202019914001067
2022-12-30,127.65148162841797,129.92999267578125,129.9499969482422,127.43000030517578,128.41000366210938,77034200,0.00246888406699175,-0.017393958451734304,137.35499992370606,143.0759992980957,0.2945366918713593,37.457886613535656,-4.41642668310493,-3.6181275160548356,-0.7982991670500947,0.13097613335665823
2023-01-03,122.87674713134766,125.06999969482422,130.89999389648438,124.16999816894531,130.27999877929688,112117500,-0.03740470449409117,-0.05149401550203159,136.21800003051757,142.70959930419923,0.31398369069889864,32.329407746866565,-4.719808334883851,-3.838463679820639,-0.881344655063212,0.0
2023-01-04,124.14411163330078,126.36000061035156,128.66000366210938,125.08000183105469,126.88999938964844,89113600,0.010314231379827232,-0.02822424212411545,135.20449981689453,142.29139923095704,0.32074244413404335,34.87806624800292,-4.8008074666926746,-4.030932437195046,-0.7698750294976282,0.04206066748109878
2023-01-05,122.82762908935547,125.0199966430664,127.7699966430664,124.76000213623047,127.12999725341797,80962700,-0.010604653061194957,-0.008092702832845466,134.30999946594238,141.80279922485352,0.31386655971417005,33.46799170584532,-4.916453171720178,-4.208036584100073,-0.7084165876201052,0.0
2023-01-06,127.34693908691406,129.6199951171875,130.2899932861328,124.88999938964844,126.01000213623047,87754700,0.036794101724815675,7.711215792660653e-05,133.74399909973144,141.34839920043945,0.3477667856609933,42.1189178187692,-4.584079379470268,-4.2832451431741125,-0.30083423629615513,0.1497394905244785
2023-01-09,127.86767578125,130.14999389648438,133.41000366210938,129.88999938964844,130.47000122070312,70790800,0.004088865910060413,0.0016932289163757996,133.11899909973144,140.96439895629882,0.34398499526568055,43.03792652250228,-4.229153236430619,-4.272426761825414,0.043273525394794454,0.1669920499844407
2023-01-10,128.43748474121094,130.72999572753906,131.25999450683594,128.1199951171875,130.25999450683594,63896200,0.004456410743407302,0.04525462578176587,132.54749870300293,140.68299880981445,0.3454012322813334,44.08422716654194,-3.856613767623884,-4.189264162985108,0.33265039536122387,0.18587231248322067
2023-01-11,131.1490936279297,133.49000549316406,133.50999450683594,130.4600067138672,131.25,69458900,0.02111229140844828,0.05642612257338331,131.99749870300292,140.23799880981446,0.34947338868344396,48.89484999442557,-3.3006163817838683,-4.01153460674486,0.7109182249609916,0.2990822366303076
2023-01-12,131.07049560546875,133.41000366210938,134.25999450683594,131.44000244140625,133.8800048828125,71379600,-0.0005993095195339082,0.06710932046332196,131.39449882507324,139.83939895629882,0.3475078935163824,48.76388980068784,-2.8337739448505204,-3.7759824743659918,0.9422085295154714,0.3193760217421799
2023-01-13,132.39678955078125,134.75999450683594,134.9199981689453,131.66000366210938,132.02999877929688,57809700,0.010119112567793076,0.03965437110996217,130.97199821472168,139.52159896850586,0.3482310920205724,51.141976398080644,-2.3280289032881,-3.4863917601504135,1.1583628568623134,0.3707650973887835
2023-01-17,133.55613708496094,135.94000244140625,137.2899932861328,134.1300048828125,134.8300018310547,63646600,0.008756366745847899,0.04448719797503031,130.943998336792,139.33979904174805,0.30863210550140346,53.187263732252234,-1.8111279796106317,-3.151339004042457,1.3402110244318255,0.4156835627621606
2023-01-18,132.8389434814453,135.2100067138672,138.61000061035156,135.02999877929688,136.82000732421875,69672800,-0.005369984658148752,0.034269189418969725,130.97899894714357,139.26639907836915,0.30457731395806004,51.74415256706105,-1.4437422657683214,-2.80981965638763,1.3660773906193087,0.38789537011571296
2023-01-19,132.8978729248047,135.27000427246094,136.25,133.77000427246094,134.0800018310547,58280400,0.00044373608175840573,0.01333432246647126,131.12399940490724,139.20419906616212,0.29840736046913896,51.859763339564076,-1.1346654224340398,-2.4747888095969124,1.3401233871628726,0.39017925158737604
2023-01-20,135.4522705078125,137.8699951171875,138.02000427246094,134.22000122070312,135.27999877929688,80223600,0.01922074933545259,0.03343071233529127,131.40249900817872,139.18319900512697,0.30500562121015395,56.70092814068026,-0.6721738632915617,-2.1142658203358424,1.4420919570442807,0.48915112737605426
2023-01-23,138.63548278808594,141.11000061035156,143.32000732421875,137.89999389648438,138.1199951171875,81760300,0.02350043960188808,0.04712085457374737,131.68549919128418,139.215399017334,0.3047175938316317,61.84964323669894,-0.04370084897266224,-1.7001528260632064,1.6564519770905441,0.6124859544484139
2023-01-24,140.03057861328125,142.52999877929688,143.16000366210938,140.3000030517578,140.30999755859375,66435100,0.010063058343160014,0.04847724157376776,132.20049934387208,139.36859909057617,0.28973223514101826,63.877002766282345,0.5624667608964558,-1.247628908671274,1.8100956695677297,0.6665399457084432
2023-01-25,139.372314453125,141.86000061035156,142.42999267578125,138.80999755859375,140.88999938964844,65799300,-0.00470075194473818,0.049182705171793684,132.70049934387208,139.26839920043946,0.2903949837710406,62.19751924444474,0.977527378958996,-0.80259765114522,1.780125030104216,0.6410356345336586
2023-01-26,141.4354705810547,143.9600067138672,144.25,141.89999389648438,143.1699981689453,54105100,0.014803370185255682,0.06424190261650953,133.3969997406006,139.15359939575194,0.2850061460343484,65.27897136883699,1.45909926314647,-0.35025826828688195,1.809357531433352,0.7209749711102353
2023-01-27,143.37091064453125,145.92999267578125,147.22999572753906,143.0800018310547,143.16000366210938,70555800,0.013684258613779976,0.05846085329692552,134.3914993286133,139.10659927368164,0.25245449836975553,67.92069472459241,1.976921137883096,0.11517761294711365,1.8617435249359824,0.7959649297569948
2023-01-30,140.4923095703125,143.0,145.5500030517578,142.85000610351562,144.9600067138672,64015300,-0.020078070464177533,0.01339380186714978,135.0609992980957,138.965799407959,0.2578397654680874,60.54260483457486,2.1263614116129474,0.5174143726802805,1.608947038932667,0.6844311250294416
2023-01-31,141.7597198486328,144.2899932861328,144.33999633789062,142.27999877929688,142.6999969482422,65874500,0.009020932070858745,0.012348239120953286,135.77899932861328,138.875799407959,0.25801755270961513,62.47530545903307,2.322117655604302,0.8783550292650848,1.4437626263392171,0.7335363192043821
2023-02-01,142.87969970703125,145.42999267578125,146.61000061035156,141.32000732421875,143.97000122070312,77663600,0.007900751560697472,0.02516560024016523,136.79699897766113,138.76999923706055,0.20252480555159147,64.1466565502113,2.539965175220715,1.210677058456211,1.3292881167645039,0.7769318097001651
2023-02-02,148.1751708984375,150.82000732421875,151.17999267578125,148.1699981689453,148.89999389648438,118339000,0.03706260688917107,0.04765212760781812,138.0199993133545,138.76059951782227,0.2278690097726263,70.77462740820033,3.1116706377560206,1.590875774316173,1.5207948634398476,0.9904030749522541
2023-02-03,151.79067993164062,154.5,157.3800048828125,147.8300018310547,148.02999877929688,154357300,0.024399897209064214,0.058726839953038956,139.49399948120117,138.89039962768555,0.2217536524961436,74.2716933701803,3.8176880581777937,2.036238231088497,1.7814498270892964,1.0
2023-02-06,149.0692138671875,151.72999572753906,153.10000610351562,150.77999877929688,152.57000732421875,69858300,-0.01792883024246561,0.06104892117160188,140.59949951171876,138.9213996887207,0.22153501519386906,67.7045045990587,4.106360191381157,2.4502626231470295,1.6560975682341272,0.9060378576310629
2023-02-07,151.93801879882812,154.64999389648438,155.22999572753906,150.63999938964844,150.63999938964844,83322600,0.019244699473851767,0.07179985510018883,141.82449951171876,138.99299942016603,0.22450049755176218,70.6505717588618,4.518666016440619,2.8639433018057474,1.6547227146348717,1.0
2023-02-08,149.25588989257812,151.9199981689453,154.5800018310547,151.1699981689453,153.8800048828125,64120100,-0.017652737376545935,0.04462632070423567,142.88399963378907,139.0691993713379,0.24306561089375167,64.70739458599598,4.572425439387899,3.205639729322178,1.3667857100657215,0.907863787357451
2023-02-09,148.2242889404297,150.8699951171875,154.3300018310547,150.4199981689453,153.77999877929688,56007100,-0.006911552556695955,0.00033144006458840636,143.75299911499025,139.20219924926758,0.24283484957995954,62.528703300620094,4.478676305780311,3.460247044613805,1.0184292611665064,0.8724266240402424
2023-02-10,148.58839416503906,151.00999450683594,151.33999633789062,149.22000122070312,149.4600067138672,57450700,0.0009279472007650558,-0.022589032318213964,144.63299865722655,139.3989991760254,0.24232357352343065,62.70899103500452,4.365355126136279,3.6412686609183,0.7240864652179795,0.8771515448173541
2023-02-13,151.38282775878906,153.85000610351562,154.25999450683594,150.9199981689453,150.9499969482422,62199000,0.01880677902118011,0.013972256216123968,145.58749923706054,139.51539932250978,0.24606096213031167,66.255855073812,4.453376721009164,3.8036902729364725,0.6496864480726914,0.9730007469752139
2023-02-14,150.7432861328125,153.1999969482422,153.77000427246094,150.86000061035156,152.1199951171875,61707600,-0.004224953717818392,-0.009375990982662064,146.45049896240235,139.61319931030275,0.24896130398392827,64.73815905134576,4.419736194964571,3.926899457342093,0.49283673762247826,0.9510632101703984
2023-02-15,152.83909606933594,155.3300018310547,155.5,152.8800048828125,153.11000061035156,65573800,0.013903426404976438,0.022446048599324087,147.4564987182617,139.76359939575195,0.24656174594569638,67.37540970093204,4.512927212846705,4.044105008443015,0.4688222044036898,1.0
2023-02-16,151.2450714111328,153.7100067138672,156.3300018310547,153.35000610351562,153.50999450683594,68167900,-0.010429376798369527,0.0188242307191282,148.37849884033204,139.90519943237305,0.25336679356635206,63.486350298034516,4.405280368929169,4.116340080540246,0.2889402883889236,0.9465524632166841
2023-02-17,150.10369873046875,152.5500030517578,153.0,150.85000610351562,152.35000610351562,59144100,-0.007546702305912589,0.01019805708854693,149.11249923706055,140.09799942016602,0.2534010121573934,60.78089366369022,4.178203143595539,4.1287126931513045,0.04949045044423439,0.9082811513209976
2023-02-21,146.09893798828125,148.47999572753906,151.3000030517578,148.41000366210938,150.1999969482422,58867200,-0.026679824600448265,-0.03490419345426243,149.48099899291992,140.24879928588868,0.26752503056195537,52.35127392230242,3.6280058369879953,4.028571321918642,-0.40056548493064703,0.7740018168578127
2023-02-22,146.5220489501953,148.91000366210938,149.9499969482422,147.16000366210938,148.8699951171875,51011300,0.0028960664530148783,-0.028002567699672798,149.79999923706055,140.37399948120117,0.2661087107687945,53.091489981888884,3.1898974025233997,3.860836538039594,-0.6709391355161944,0.7881888132605952
2023-02-23,147.00418090820312,149.39999389648438,150.33999633789062,147.24000549316406,150.08999633789062,48394200,0.0032905125399556034,-0.03817683554153373,150.1769989013672,140.51879928588866,0.2648191783297161,53.969002328471966,2.8493854864967716,3.6585463277310297,-0.8091608412342581,0.8043547700572368
2023-02-24,144.35731506347656,146.7100067138672,147.19000244140625,145.72000122070312,147.11000061035156,55469600,-0.018005269695533066,-0.04554030117915864,150.3144989013672,140.56319931030274,0.27051754190321264,48.59452307306017,2.335545144711631,3.39394609112715,-1.058400946415519,0.7156056205294361
2023-02-27,145.5479278564453,147.9199981689453,149.1699981689453,147.4499969482422,147.7100067138672,44998500,0.008247504598905886,-0.030350736087770613,150.41399917602538,140.61219924926758,0.267833916532269,50.9602105667368,2.0028713161430574,3.1157311361303317,-1.1128598199872743,0.7555261499906992
2023-02-28,145.0460968017578,147.41000366210938,149.0800018310547,146.8300018310547,147.0500030517578,50547000,-0.003447772533457294,-0.007206304527332619,150.63449935913087,140.6961991882324,0.25691284095594347,49.91748844912417,1.6787213608372156,2.828329181071709,-1.1496078202344933,0.7387002041133278
2023-03-01,142.9797821044922,145.30999755859375,147.22999572753906,145.00999450683594,146.8300018310547,55479000,-0.014246021649447993,-0.02417571697657317,150.6854995727539,140.8723991394043,0.26128931637845904,45.76498117503095,1.2381051384700186,2.5102843725513706,-1.272179234081352,0.6694159499374873
2023-03-02,143.57015991210938,145.91000366210938,146.7100067138672,143.89999389648438,144.3800048828125,52238100,0.0041291453691869595,-0.023360042683757576,150.70950012207032,141.10039932250976,0.26020944489839437,47.1185514649647,0.9266472729246402,2.193556952626025,-1.2669096797013846,0.6892115949660604
2023-03-03,148.60804748535156,151.02999877929688,151.11000061035156,147.3300018310547,148.0399932861328,70732300,0.035090089703815774,0.029445790114747128,150.71999969482422,141.47359939575196,0.2565813650798474,56.98423593383396,1.0805001537354144,1.9709455928479027,-0.8904454391124883,0.8581325530930003
2023-03-06,151.36317443847656,153.8300018310547,156.3000030517578,153.4600067138672,153.7899932861328,87558000,0.01853938339660255,0.0399540544569188,150.68649978637694,141.90419937133788,0.25000724652459755,61.24268275015223,1.4120888348101346,1.8591742412403491,-0.44708540643021455,0.9505113908527326
2023-03-07,149.16891479492188,151.60000610351562,154.02999877929688,151.1300048828125,153.6999969482422,56182000,-0.014496494188358522,0.028424139049684216,150.68000030517578,142.22719955444336,0.24704004937495938,56.449602666449344,1.4778969589845588,1.7829187847891912,-0.30502182580463244,0.8769384662125613
2023-03-08,150.4185333251953,152.8699951171875,153.47000122070312,151.8300018310547,152.80999755859375,47204800,0.00837723590066819,0.05202668560740498,150.59100036621095,142.63999954223632,0.23872538116005812,58.444276729128376,1.6139235649527564,1.7491197408219044,-0.135196175869148,0.9188384594918487
2023-03-09,148.1750946044922,150.58999633789062,154.5399932861328,150.22999572753906,153.55999755859375,53833600,-0.014914625839747453,0.03207451551175966,150.5245002746582,143.0145994567871,0.2362972168461399,53.689918543166215,1.5202245807964516,1.703340708816814,-0.18311612802036237,0.8436158138619354
2023-03-10,146.11862182617188,148.5,150.94000244140625,147.61000061035156,150.2100067138672,68572400,-0.0138787196275717,-0.016751630800143302,150.40600051879883,143.38399948120116,0.24013221680021093,49.69882740327098,1.2627658445368866,1.6152257359608284,-0.35245989142394185,0.7746618059385425
2023-03-13,148.05703735351562,150.47000122070312,153.13999938964844,147.6999969482422,147.80999755859375,84457100,0.013266001486216261,-0.021842297148521927,150.37900085449218,143.87259948730468,0.24517098577334231,53.22813296253431,1.2038137600074208,1.532943340770147,-0.32912958076272614,0.839656886225887
2023-03-14,150.14303588867188,152.58999633789062,153.39999389648438,150.10000610351562,151.27999877929688,73695900,0.01408915464869298,0.006530278327950834,150.31600036621094,144.33219940185546,0.24088888078311924,56.74533377543432,1.3130239736701697,1.4889594673501516,-0.17593549367998196,0.909600626058292
2023-03-15,150.53665161132812,152.99000549316406,153.25,149.9199981689453,151.19000244140625,77167900,0.0026214638237991306,0.0007850486021443448,150.30550079345704,144.79339965820313,0.24063586778579457,57.39633111434756,1.4155338574599625,1.4742743453721139,-0.05874048791215136,0.9227978905520625
2023-03-16,153.35076904296875,155.85000610351562,156.4600067138672,151.63999938964844,152.16000366210938,76161100,0.018694035607962345,0.034929343871041185,150.33150100708008,145.40899978637697,0.2448601289608295,61.82073430870939,1.7078646258423191,1.5209924014661549,0.18687222437616424,1.0
2023-03-17,152.51441955566406,155.0,156.74000549316406,154.27999877929688,156.0800018310547,98944600,-0.00545400109224925,0.04377104377104368,150.39600067138673,145.98179977416993,0.2426005137308073,59.831977607892895,1.84962910419938,1.5867197420128,0.2629093621865799,0.9724292623196866
2023-03-20,154.8759002685547,157.39999389648438,157.82000732421875,154.14999389648438,155.07000732421875,73641400,0.015483831590221708,0.04605564311531185,150.63850021362305,146.62939971923828,0.2461804602512177,63.41104802523056,2.131072250162248,1.6955902436426897,0.43548200651955815,1.0
2023-03-21,156.7257537841797,159.27999877929688,159.39999389648438,156.5399932861328,157.32000732421875,73938300,0.011944122971497162,0.043842994966669435,151.17850036621093,147.22259979248048,0.2243779002639311,65.9690309002712,2.477262315284463,1.8519246579710444,0.6253376573134186,1.0
2023-03-22,155.29898071289062,157.8300018310547,162.13999938964844,157.80999755859375,159.3000030517578,75701800,-0.009103446505241086,0.03163602957127076,151.6245002746582,147.77619995117186,0.2288828304282762,62.348545634714064,2.6045936659872666,2.002458459574289,0.6021352064129775,0.9492120212522039
2023-03-23,156.38137817382812,158.92999267578125,161.5500030517578,157.67999267578125,158.8300018310547,67622100,0.006969466083539766,0.019762505304105726,152.10100021362305,148.34019989013672,0.22931448871265253,63.964267848832584,2.7624212740546454,2.1544510224703606,0.6079702515842849,0.9864705771326919
2023-03-24,157.6802215576172,160.25,160.33999633789062,157.85000610351562,158.86000061035156,59196500,0.008305589788276002,0.03387096774193554,152.7779998779297,148.87539978027343,0.21566442047467163,65.85769967024223,2.9598945281869646,2.315539723613681,0.6443548045732834,1.0
2023-03-27,155.74180603027344,158.27999877929688,160.77000427246094,157.8699951171875,159.94000244140625,52390300,-0.012293299349161457,0.0055908825726591616,153.29599990844727,149.3727996826172,0.2231397899588365,60.72921756053707,2.9237279543805528,2.4371773697670553,0.4865505846134974,0.922714758879458
2023-03-28,155.12188720703125,157.64999389648438,158.49000549316406,155.97999572753906,157.97000122070312,45992200,-0.003980318976947728,-0.010233581713364304,153.80799942016603,149.83059967041015,0.2233670913827703,59.14305339773901,2.8118166827764526,2.512105232368935,0.2997114504075178,0.8961658625940802
2023-03-29,158.19186401367188,160.77000427246094,161.0500030517578,159.35000610351562,159.3699951171875,51305700,0.019790742129842442,0.018627652583780074,154.58099975585938,150.32719970703124,0.22024152767320268,64.13851397298718,2.940983133218367,2.597880812538821,0.34310232067954605,1.0
2023-03-30,159.75636291503906,162.36000061035156,162.47000122070312,161.27000427246094,161.52999877929688,49501700,0.009889881791605992,0.021581879397475134,155.40349960327148,150.87019958496094,0.22083275765254468,66.39356728213716,3.1355037565790553,2.7054054013468685,0.43009835523218687,1.0
2023-03-31,162.25563049316406,164.89999389648438,165.0,161.91000366210938,162.44000244140625,68749800,0.015644205941022005,0.029017122598966383,156.09699935913085,151.4627993774414,0.1955530056954864,69.67422940492428,3.454794264868468,2.8552831740511886,0.5995110908172796,1.0
2023-04-03,163.50526428222656,166.1699981689453,166.2899932861328,164.22000122070312,164.27000427246094,56976200,0.00770166355044366,0.049848366505550246,156.7139991760254,152.02879943847657,0.18888500843233888,71.18869468312342,3.7668906533272093,3.0376046699063926,0.7292859834208167,1.0
2023-04-04,162.97389221191406,165.6300048828125,166.83999633789062,165.11000061035156,166.60000610351562,46278300,-0.003249643690696802,0.05061853025866858,157.41549911499024,152.51919952392578,0.17825034121997213,69.59719314786055,3.9254066994842844,3.215165075821971,0.7102416236623132,0.9777871929097779
2023-04-05,161.1339111328125,163.75999450683594,165.0500030517578,161.8000030517578,164.74000549316406,51511700,-0.011290287513422759,0.018597935901698337,157.95999908447266,152.94379943847656,0.18606909063421537,64.24108612163391,3.8556915865723624,3.3432703779720496,0.5124212086003128,0.9008636814421471
2023-04-06,162.01950073242188,164.66000366210938,164.9600067138672,162.0,162.42999267578125,45390100,0.005495903672834368,0.014166069494404576,158.6634994506836,153.39979949951172,0.1728999054282604,65.61273438896276,3.8289275807335628,3.4404018185243523,0.3885257622092104,0.9348297528629165
2023-04-10,159.43162536621094,162.02999877929688,162.02999877929688,160.0800018310547,161.4199981689453,47716900,-0.01597233586979263,-0.017404458601673056,159.33999938964843,153.76119934082033,0.17598886316967743,58.54554682725731,3.5545231686328407,3.46322608854605,0.0912970800867905,0.8213206855062566
2023-04-11,158.2213897705078,160.8000030517578,162.36000061035156,160.50999450683594,162.35000610351562,47644200,-0.007591160506113748,-0.032316273553351205,159.85649948120118,154.05859954833986,0.17766091566066916,55.532950381975766,3.200907253039304,3.410762321444701,-0.20985506840539703,0.768234978784552
2023-04-12,157.5325927734375,160.10000610351562,162.05999755859375,159.77999877929688,161.22000122070312,50133100,-0.004353214769634461,-0.03338766296124607,160.23199996948242,154.40059967041014,0.17496358963747702,53.835136280173614,2.831539958591577,3.2949178488740767,-0.46337789028249965,0.7225781210772089
2023-04-13,162.905029296875,165.55999755859375,165.8000030517578,161.4199981689453,161.6300048828125,68445600,0.03410363052421039,0.010991714167911004,160.8604995727539,154.82599975585939,0.20792564463640795,63.26836127176405,2.9454362404568144,3.2250215271906244,-0.27958528673381,0.9707574020851727
2023-04-14,162.5606689453125,165.2100067138672,166.32000732421875,163.82000732421875,164.58999633789062,49386500,-0.0021139819394035975,0.0033402346624893386,161.3284996032715,155.22160003662108,0.2014902356283755,62.388323415992524,2.973185496578651,3.17465432106823,-0.20146882448957903,0.953979317977501
2023-04-17,162.58035278320312,165.22999572753906,165.38999938964844,164.02999877929688,165.08999633789062,41516200,0.0001209915432451858,0.019749410432329473,161.83999938964843,155.5097998046875,0.19934958107020004,62.42047374589339,2.9626384761513407,3.1322511520848524,-0.1696126759335117,0.9549375640507036
2023-04-18,163.80043029785156,166.47000122070312,167.41000366210938,165.64999389648438,166.10000610351562,49923000,0.0075047238711354325,0.035261181973487155,162.2934997558594,155.74919982910157,0.194829149144587,64.45055089650197,3.019530696340695,3.1097070609360213,-0.09017636459532641,1.0
2023-04-19,164.9418487548828,167.6300048828125,168.16000366210938,165.5399932861328,165.8000030517578,47720200,0.006968244450070493,0.047033094892127814,162.71100006103515,156.06720001220702,0.19254472083838017,66.28539733222559,3.122229671570807,3.1122115830629786,0.01001808850782826,1.0
2023-04-20,163.9775848388672,166.64999389648438,167.8699951171875,165.55999755859375,166.08999633789062,52456400,-0.0058462742813449875,0.006583693850954919,163.15199966430663,156.30720001220703,0.19024613948646843,63.312286408720034,3.088933352154328,3.1075559368812486,-0.0186225847269208,0.9560927121531566
2023-04-21,162.37374877929688,165.02000427246094,166.4499969482422,164.49000549316406,165.0500030517578,58337300,-0.00978091619394783,-0.0011500661805269319,163.4565002441406,156.56920013427734,0.19460703445051072,58.60403799482393,2.897617310214713,3.0655682115479417,-0.16795090133322876,0.8830645271554399
2023-04-24,162.67872619628906,165.3300018310547,165.60000610351562,163.88999938964844,165.0,41949600,0.001878545331279513,0.000605253925446636,163.71050033569335,156.85840026855467,0.19315612458690548,59.22508229668358,2.7394336944493887,3.0003413081282315,-0.26090761367884285,0.8969533021047824
2023-04-25,161.14376831054688,163.77000427246094,166.30999755859375,163.72999572753906,165.19000244140625,48714100,-0.0094356592349637,-0.016219120132416998,163.98500061035156,157.1136004638672,0.19067421304126675,54.771878540482014,2.4598377948656776,2.892240605475721,-0.43240281061004326,0.8270609613033955
2023-04-26,161.1339111328125,163.75999450683594,165.27999877929688,162.8000030517578,163.05999755859375,45498800,-6.112087295517821e-05,-0.023086620910630073,164.29050064086914,157.3118002319336,0.1896099640256031,54.7434350027366,2.211950339018159,2.7561825521842085,-0.5442322131660493,0.8266124952487209
2023-04-27,165.7093505859375,168.41000366210938,168.55999755859375,165.19000244140625,165.19000244140625,64902300,0.02839526936524983,0.010561115092018847,164.67250061035156,157.61600036621093,0.20236672471725203,64.07641318837278,2.3634700103386876,2.6776400438151047,-0.31417003347641703,1.0
2023-04-28,166.9589385986328,169.67999267578125,169.85000610351562,167.8800048828125,168.49000549316406,55275900,0.007541054486406518,0.028238930327660894,165.03850021362305,157.90300018310546,0.20138314012280692,66.13076531459728,2.556557537274898,2.6534235425070634,-0.09686600523216526,1.0
2023-05-01,166.8704376220703,169.58999633789062,170.4499969482422,168.63999938964844,169.27999877929688,52472900,-0.0005303886243240852,0.02576661501031796,165.27300033569335,158.22059997558594,0.19524058096630334,65.84341142874894,2.6715231848458814,2.657043470974827,0.0144797138710544,0.9963070842871383
2023-05-02,165.83724975585938,168.5399932861328,170.35000610351562,167.5399932861328,170.08999633789062,48425700,-0.006191420923589042,0.029126145748498145,165.39150009155273,158.54039978027345,0.19559117096765133,62.43470204413925,2.6473903497844162,2.6551128467367446,-0.007722496952328406,0.95322118924659
2023-05-03,164.76473999023438,167.4499969482422,170.9199981689453,167.16000366210938,169.5,65136000,-0.006467285993302041,0.022532990749778214,165.4824996948242,158.9197998046875,0.1968000543147747,59.01893546592415,2.511361892513804,2.6263626558921565,-0.1150007633783523,0.9084942070437139
2023-05-04,163.13134765625,165.7899932861328,167.0399932861328,164.30999755859375,164.88999938964844,81235400,-0.009913429037699317,-0.015557332219012565,165.58399963378906,159.25739959716796,0.19575289364340814,54.15929813476672,2.2437454370763703,2.549839212128999,-0.3060937750526289,0.8403775063990503
2023-05-05,170.78662109375,173.57000732421875,174.3000030517578,170.75999450683594,170.97999572753906,113453200,0.04692692172716728,0.022925594155761342,166.02949981689454,159.74079986572266,0.25540535246776674,67.61732140854915,2.629132576884956,2.5656978850801906,0.06343469180476546,1.0
2023-05-08,170.7177276611328,173.5,173.85000610351562,172.11000061035156,172.47999572753906,55962800,-0.0004033376808469935,0.02305562678543316,166.60299987792968,160.27659973144532,0.24606948100130055,67.42549784280257,2.8955278135279627,2.6316638707697453,0.26386394275821745,0.9975227423911259
2023-05-09,169.01547241210938,171.77000427246094,173.5399932861328,171.60000610351562,173.0500030517578,45326900,-0.009971156931060876,0.019164655957025545,167.15149993896483,160.75359985351562,0.24763712370012292,62.692403587491754,2.933239205128018,2.6919789376414,0.24126026748661822,0.9363056465059221
2023-05-10,170.7767791748047,173.55999755859375,174.02999877929688,171.89999389648438,173.02000427246094,53724500,0.010420872338650744,0.03648850834103112,167.82449951171876,161.27659973144532,0.24703970990629215,65.3988681881361,3.0721494270118512,2.7680130355154904,0.30413639149636085,0.999645797517127
2023-05-11,170.96371459960938,173.75,174.58999633789062,172.1699981689453,173.85000610351562,49514700,0.0010947363682816125,0.0480125884324587,168.23399963378907,161.84539978027342,0.2203094344986134,65.68344611597735,3.1611288619673132,2.8466362008058548,0.31449266116145846,1.0
2023-05-12,170.03749084472656,172.57000732421875,174.05999755859375,171.0,173.6199951171875,45533100,-0.006791324752697836,-0.005761364047949025,168.60199966430665,162.37859985351562,0.2222278539022986,62.25879427039387,3.100687364084166,2.8974464334615173,0.2032409306226488,0.9532676168007426
2023-05-15,169.54481506347656,172.07000732421875,173.2100067138672,171.47000122070312,173.16000366210938,37266700,-0.002897374855299284,-0.008242032713436598,168.94400024414062,162.79940002441407,0.2228728583467103,60.81194019230667,2.9781114057531113,2.9135794279198364,0.06453197783327491,0.9334656366027227
2023-05-16,169.54481506347656,172.07000732421875,173.13999938964844,171.8000030517578,171.99000549316406,42110300,0.0,0.0017465392344169217,169.2240005493164,163.16420013427734,0.22205946859572998,60.81194019230667,2.8481375192458245,2.900491046185034,-0.052353526939209694,0.9334656366027227
2023-05-17,170.15574645996094,172.69000244140625,172.92999267578125,170.4199981689453,171.7100067138672,57951600,0.0036031562201266354,-0.005012647668964143,169.47700042724608,163.58600006103515,0.22133007852384476,62.07926632406034,2.7633070190030082,2.873054240748629,-0.10974722174562057,0.9580198986695545
2023-05-18,172.4811248779297,175.0500030517578,175.24000549316406,172.5800018310547,173.0,65496700,0.013666110237923634,0.0074820319525630286,169.89700088500976,164.02960021972658,0.2234753175969752,66.5179590405744,2.853615855034491,2.869166563605801,-0.015550708571310246,1.0
2023-05-19,172.58950805664062,175.16000366210938,176.38999938964844,174.94000244140625,176.38999938964844,55809500,0.0006283953638037687,0.015008380529442977,170.40400085449218,164.52100036621093,0.21886183916364446,66.71353420248926,2.9006257797591672,2.8754584068364744,0.025167372922692888,1.0
2023-05-22,171.6436004638672,174.1999969482422,174.7100067138672,173.4499969482422,173.97999572753906,43570900,-0.005480741572254533,0.012378622266285166,170.84750061035157,165.03500030517577,0.22094434225599857,63.241622759960606,2.8278196207619715,2.865930649621574,-0.03811102885960249,0.9611175934005899
2023-05-23,169.0423126220703,171.55999755859375,173.3800048828125,171.27999877929688,173.1300048828125,50747300,-0.015154991021227304,-0.002963966664242812,171.23700027465821,165.45680023193358,0.22598828230207207,54.79623406695699,2.5279536517663814,2.7983352500505356,-0.2703815982841542,0.8404960152736576
2023-05-24,169.31820678710938,171.83999633789062,172.4199981689453,170.52000427246094,171.08999633789062,45143500,0.00163207497832496,-0.004922150046318019,171.64100036621093,165.8418002319336,0.22582151766332062,55.475365751414536,2.2865434231038932,2.6959768846612073,-0.4094334615573141,0.8502477402605626
2023-05-25,170.45135498046875,172.99000549316406,173.89999389648438,171.69000244140625,172.41000366210938,56058300,0.0066923253013353445,-0.01176805211471299,171.87000045776367,166.24180023193358,0.20500093020949867,58.2497601155417,2.163085502229393,2.589398608174845,-0.4263131059454519,0.8923612214900629
2023-05-26,172.8555145263672,175.42999267578125,175.77000427246094,173.11000061035156,173.32000732421875,54835000,0.014104787011603337,0.0015413850652383765,172.15750045776366,166.6333999633789,0.20888736743469705,63.45317460409395,2.2363515160866427,2.5187891897572046,-0.28243767367056183,1.0
2023-05-30,174.69808959960938,177.3000030517578,178.99000549316406,176.57000732421875,176.9600067138672,55964400,0.010659581907596527,0.01779567254778258,172.54300079345703,167.07940002441407,0.21103373674305081,66.86194404864573,2.4174427932198057,2.498519910449725,-0.08107711722991917,1.0
2023-05-31,174.6488037109375,177.25,179.35000610351562,176.75999450683594,177.3300018310547,99625300,-0.0002820251037627397,0.03316625391920347,172.9785011291504,167.47640014648437,0.20890891824421062,66.68284253661962,2.527785370397936,2.504373002439367,0.023412367958568936,0.9974553166177842
2023-06-01,177.44715881347656,180.08999633789062,180.1199951171875,176.92999267578125,177.6999969482422,68901800,0.016022546335066945,0.04800977755945679,173.61050109863282,167.89260009765624,0.21119806470899632,71.37313565965727,2.8119818510342043,2.5658947721583347,0.24608707887586956,1.0
2023-06-02,178.2945098876953,180.9499969482422,181.77999877929688,179.25999450683594,181.02999877929688,61996900,0.004775393568990927,0.04601416961856031,174.36850128173828,168.355,0.20495858700744451,72.62967934470063,3.071201571434983,2.6669561320136643,0.40424543942131885,1.0
2023-06-05,176.94464111328125,179.5800018310547,184.9499969482422,178.0399932861328,182.6300048828125,121946500,-0.0075711253953729685,0.023656212327063386,174.66900100708008,168.76800018310547,0.13432145525773423,67.54349295720326,3.130007137085215,2.7595663330279745,0.37044080405724067,0.9412019340021441
2023-06-06,176.580078125,179.2100067138672,180.1199951171875,177.42999267578125,179.97000122070312,64848400,-0.002060335858196427,0.01077272210509661,174.95450134277343,169.1472003173828,0.13479963774075485,66.1952546622567,3.110894996698363,2.8298320657620524,0.28106293093631063,0.9253223173185924
2023-06-07,175.21046447753906,177.82000732421875,181.2100067138672,177.32000732421875,178.44000244140625,61944600,-0.007756259904993845,0.0032158382184415135,175.25700149536132,169.53800048828126,0.13247531645890614,61.24890544573783,2.949586160506527,2.8537828847109474,0.09580327579557979,0.8656656989670521
2023-06-08,177.92013549804688,180.57000732421875,180.83999633789062,177.4600067138672,177.89999389648438,50214900,0.01546507640721173,0.0026653950585211472,175.60750198364258,169.99640075683592,0.13794367196047574,66.57101568968505,3.0089642955641693,2.884819166881592,0.12414512868257743,0.981775069981887
2023-06-09,178.3043670654297,180.9600067138672,182.22999572753906,180.6300048828125,181.5,48900000,0.002159823746078704,5.531785462187244e-05,175.96800231933594,170.40020080566407,0.13790097718881755,67.257805113264,3.0523064974694307,2.9183166329991597,0.13398986447027106,1.0
2023-06-12,181.0928497314453,183.7899932861328,183.88999938964844,180.97000122070312,181.27000427246094,54274900,0.015638740424785524,0.023443542778436965,176.52900161743165,170.82880065917968,0.1417145586538887,71.7873038200593,3.277233858032133,2.9901000780057547,0.28713378002637846,1.0
2023-06-13,180.61988830566406,183.30999755859375,184.14999389648438,182.44000244140625,182.8000030517578,54929100,-0.002611653218746124,0.02287813565719432,177.09100112915038,171.19700073242188,0.14155525622644202,70.01805039506209,3.377821346213068,3.0676443316472173,0.3101770145658507,0.9797384555829872
2023-06-14,181.25051879882812,183.9499969482422,184.38999938964844,182.02000427246094,183.3699951171875,57462900,0.003491350161869189,0.03447300287670463,177.68500061035155,171.55260070800782,0.14104790688130747,71.0428184142155,3.4691895991335002,3.147953385144474,0.32123621398902635,1.0
2023-06-15,183.28025817871094,186.00999450683594,186.52000427246094,183.77999877929688,183.9600067138672,65433200,0.011198682211304156,0.0301267484186869,178.35100021362305,171.96020050048827,0.14375732778994885,74.1101899743761,3.6655697780429364,3.2514766637241665,0.41409311431876983,1.0
2023-06-16,182.20628356933594,184.9199981689453,186.99000549316406,184.27000427246094,186.72999572753906,101256200,-0.005859880490725833,0.02188324109282136,178.84449996948243,172.38340057373046,0.14261719377648902,69.89150124521151,3.690704742792178,3.339322279537769,0.35138246325440914,0.9579314231668685
2023-06-20,182.294921875,185.00999450683594,186.10000610351562,184.41000366210938,184.41000366210938,49799100,0.0004866771511018442,0.006638017657488948,179.33699951171874,172.790400390625,0.14264649562405615,70.04312961947458,3.6755172607289524,3.406561275776006,0.26895598495294637,0.9614048457130204
2023-06-21,181.26034545898438,183.9600067138672,185.41000366210938,182.58999633789062,184.89999389648438,49515700,-0.0056753030870986265,0.0035459558340000807,179.825,173.2290005493164,0.1427974806319546,65.87486564172535,3.5379722897505133,3.4328434785709074,0.10512881117960582,0.9208804048439463
2023-06-22,184.25575256347656,187.0,187.0500030517578,183.6699981689453,183.74000549316406,51245300,0.016525294494369236,0.016580609417547354,180.5970001220703,173.75300048828126,0.13407234271031543,71.21579640575044,3.632396950245237,3.472754172905774,0.1596427773394633,1.0
2023-06-23,183.94046020507812,186.67999267578125,187.55999755859375,185.00999450683594,185.5500030517578,53117000,-0.0017112691134693048,0.003601947146558704,181.33899993896483,174.28460021972657,0.13548962099546666,69.97427850805931,3.639453898270716,3.506094117978763,0.13335978029195328,0.9862303249320281
2023-06-26,182.55116271972656,185.27000427246094,188.0500030517578,185.22999572753906,186.8300018310547,48088700,-0.007552970101992296,0.0018927433862283571,181.9529998779297,174.6788003540039,0.14130370343357548,64.62815812458035,3.4910298806666162,3.5030812705163337,-0.012051389849717431,0.9255595818147319
2023-06-27,185.30018615722656,188.05999755859375,188.38999938964844,185.6699981689453,185.88999938964844,50730800,0.015059066345298966,0.016485612357796775,182.58450012207032,175.13580017089845,0.14229320071376225,69.58063787465427,3.5575230078686673,3.5139696179868007,0.04355338988186652,1.0
2023-06-28,186.47271728515625,189.25,189.89999389648438,187.60000610351562,187.92999267578125,51216800,0.006327780797909854,0.028756213813151854,183.18199996948243,175.61620025634767,0.14022628075663618,71.41876443500007,3.6640061597446447,3.5439769263383694,0.12002923340627536,1.0
2023-06-29,186.80772399902344,189.58999633789062,190.07000732421875,188.94000244140625,189.0800018310547,46347300,0.0017965460390521049,0.013850247796206583,183.79899978637695,176.07860015869142,0.1397145452634024,71.94045974071213,3.7328002896245494,3.5817415989956056,0.15105869062894373,1.0
2023-06-30,191.12344360351562,193.97000122070312,194.47999572753906,191.25999450683594,191.6300048828125,85213200,0.023102510509079632,0.039050829392214936,184.49300003051758,176.60540008544922,0.15006975337805256,77.6102835345688,4.093561888704983,3.684105656937481,0.4094562317675017,1.0
2023-07-03,189.63563537597656,192.4600067138672,193.8800048828125,191.75999450683594,193.77999877929688,31458200,-0.007784680606965799,0.03880823811518086,185.06850051879883,177.12160034179686,0.15546966701149875,72.1942995169332,4.209104185003838,3.7891053625507527,0.4199988224530853,0.9500167437519036
2023-07-05,188.522216796875,191.3300018310547,192.97999572753906,190.6199951171875,191.57000732421875,46920300,-0.005871375056598072,0.017388090582326488,185.65600051879883,177.64780029296875,0.15402783398785788,68.35025943464647,4.161518937207262,3.863588077482055,0.29793085972520705,0.9126117575989612
2023-07-06,188.99514770507812,191.80999755859375,192.02000427246094,189.1999969482422,189.83999633789062,45094300,0.002508732153585047,0.013527067680812355,186.28600006103517,178.17740020751953,0.15279997220741934,69.10282697167125,4.115102588142378,3.91389097961412,0.2012116085282578,0.9285003911926349
2023-07-07,187.88169860839844,190.67999267578125,192.6699981689453,190.24000549316406,191.41000366210938,46815000,-0.0058912720775532446,0.0057492291731890965,186.9289993286133,178.71559997558595,0.15112056420520587,65.17387686659109,3.9416979070478533,3.919452365100867,0.022245541946986247,0.8910954050396925
2023-07-10,185.84213256835938,188.61000061035156,189.99000549316406,187.0399932861328,189.25999450683594,59922200,-0.010855843008916843,-0.027633142117954868,187.33099899291992,179.21260009765626,0.1524486854403889,58.600955450292425,3.595792332229564,3.8547203585266065,-0.25892802629704237,0.8097942121664171
2023-07-11,185.31988525390625,188.0800018310547,189.3000030517578,186.60000610351562,189.16000366210938,46638100,-0.002810024800285138,-0.022758000259889388,187.6869987487793,179.60600006103516,0.15349358567494184,57.01544796358973,3.241526895693198,3.732081665959925,-0.4905547702667268,0.7909865957694505
2023-07-12,186.98509216308594,189.77000427246094,191.6999969482422,188.47000122070312,189.67999267578125,60750200,0.008985550962107736,-0.00815343931251955,187.9859992980957,180.00780029296874,0.14733186064163278,60.66961922089852,3.0618430373716023,3.598033940242261,-0.5361909028706586,0.8509582765911939
2023-07-13,187.74375915527344,190.5399932861328,191.19000244140625,189.77999877929688,190.5,41342300,0.004057485357729984,-0.006621157857389481,188.34749908447264,180.42680023193358,0.14667798099950097,62.24446837664487,2.947595912570705,3.4679463347079498,-0.5203504221372448,0.8782822225410912
2023-07-14,187.8916015625,190.69000244140625,191.17999267578125,189.6300048828125,190.22999572753906,41616200,0.0007872843526774975,5.249510179083927e-05,188.68449935913085,180.86980041503907,0.14662159412226877,62.55900851392719,2.8364617626479856,3.341649420295957,-0.5051876576479715,0.8836054699873566
2023-07-17,191.14315795898438,193.99000549316406,194.32000732421875,191.80999755859375,191.89999389648438,50520200,0.017305590274832694,0.028524494276032764,189.08349990844727,181.4006005859375,0.15324380044190733,68.73058953684615,2.9803146035878,3.269382456954326,-0.2890678533665261,1.0
2023-07-18,190.886962890625,193.72999572753906,194.3300018310547,192.4199981689453,193.35000610351562,48288200,-0.0013403255748356546,0.030040375592720103,189.52399978637695,181.95940063476561,0.15093433423903632,67.78254881727045,3.0383146018972127,3.2231688859429033,-0.1848542840456906,0.9884079503501084
2023-07-19,192.2368621826172,195.10000610351562,198.22999572753906,192.64999389648438,193.10000610351562,80507300,0.007071751438550322,0.028086640201589352,190.02850036621095,182.39000061035156,0.15165138661895153,70.12116755435343,3.158420105187332,3.2102191297917892,-0.05179902460445707,1.0
2023-07-20,190.29580688476562,193.1300048828125,196.47000122070312,192.5,195.08999633789062,59581200,-0.010097391896840224,0.013593007704111093,190.48700027465821,182.7826007080078,0.15565080927726543,63.03550003101257,3.059375372436193,3.18005037832067,-0.12067500588447677,0.9163126378249298
2023-07-21,189.12326049804688,191.94000244140625,194.97000122070312,191.22999572753906,194.10000610351562,71951700,-0.006161665258219817,0.0065551417693441305,190.7340003967285,183.18600067138672,0.14919874881761377,59.14743443268825,2.851982576551052,3.1144368179667463,-0.2624542414156945,0.8657603009752917
2023-07-24,189.9213409423828,192.75,194.91000366210938,192.25,193.41000366210938,45377800,0.004220055998181094,-0.006392110201820511,191.03750076293946,183.56980072021486,0.14907206378326712,60.914624301507125,2.7216093072234457,3.0358713158180866,-0.3142620085946408,0.9001697004896553
2023-07-25,190.77857971191406,193.6199951171875,194.44000244140625,192.9199981689453,193.3300018310547,37283200,0.004513593344682265,-0.0005678037102022637,191.4550003051758,183.9672006225586,0.1453053897208732,62.77710513307598,2.6578508371016767,2.9602672200748046,-0.3024163829731279,0.9371278483818819
2023-07-26,191.64569091796875,194.5,195.63999938964844,193.32000732421875,193.6699981689453,47471900,0.00454501035536059,-0.0030753771642492156,191.7770004272461,184.4058004760742,0.13759731614217638,64.61391010962484,2.6478085410528536,2.8977754842704146,-0.24996694321756108,0.9745112198081568
2023-07-27,190.3844757080078,193.22000122070312,197.1999969482422,192.5500030517578,196.02000427246094,47460200,-0.006580970587644619,0.0004659883788913355,191.97550048828126,184.8288003540039,0.13948114203412895,59.9778114129151,2.5076580242495936,2.8197519922662506,-0.312093968016657,0.9201357603917242
2023-07-28,192.9561767578125,195.8300018310547,196.6300048828125,194.13999938964844,194.6699981689453,48291400,0.013507921508448373,0.020266746588356144,192.28750076293946,185.30400024414064,0.14631235444889645,65.42534852448168,2.5774813657650952,2.7712978669660195,-0.1938165012009243,1.0
2023-07-31,193.5670623779297,196.4499969482422,196.49000549316406,195.25999450683594,196.05999755859375,38824100,0.003165986372825502,0.019195833713318677,192.4115005493164,185.77920013427735,0.12278423364862606,66.58873659304878,2.6522715558931793,2.747492604751452,-0.09522104885827254,1.0
2023-08-01,192.73939514160156,195.61000061035156,196.72999572753906,195.27999877929688,196.24000549316406,35175100,-0.004275878599845129,0.01027789248708344,192.56900024414062,186.19040008544923,0.12018631685301832,63.47252884542773,2.613634286949349,2.7207209411910314,-0.1070866542416824,0.9662516529333475
2023-08-02,189.7538604736328,192.5800018310547,195.17999267578125,191.85000610351562,195.0399932861328,50389300,-0.015489999334607263,-0.009871455881466873,192.63150024414062,186.53880004882814,0.13161557775184446,53.708702759773345,2.3118686119417475,2.6389504753411748,-0.32708186339942724,0.8445160621901421
2023-08-03,188.3645477294922,191.1699981689453,192.3699951171875,190.69000244140625,191.57000732421875,61235200,-0.007321651514710981,-0.010609683463443376,192.5995002746582,186.8782000732422,0.13408772935807559,49.86464885557836,1.936617507628597,2.498483881798659,-0.5618663741700622,0.7878666569396227
2023-08-04,179.3192596435547,181.99000549316406,187.3800048828125,181.9199981689453,185.52000427246094,115956800,-0.04802004898105661,-0.07067352401819704,192.16500091552734,187.08680023193358,0.21628025602605205,33.20272074431135,0.8882405314504922,2.176435211729026,-1.2881946802785338,0.4124343317165176
2023-08-07,176.225341796875,178.85000610351562,183.1300048828125,177.35000610351562,182.1300048828125,97576100,-0.017253691383433578,-0.0895901813089035,191.67700119018554,187.22700042724608,0.22080570435014515,29.56385921886617,-0.19374412235274008,1.7023993449126729,-1.896143467265413,0.24978698826776907
2023-08-08,177.16140747070312,179.8000030517578,180.27000427246094,177.5800018310547,179.69000244140625,67823000,0.005311696482092065,-0.08082407601483899,191.26300125122071,187.36320037841796,0.22255859260510008,31.992298683795482,-0.9634617541353236,1.1692271251030735,-2.132688879238397,0.20789769209047546
2023-08-09,175.5750274658203,178.19000244140625,180.92999267578125,177.00999450683594,180.8699951171875,60378500,-0.00895439701348677,-0.0747221894943817,190.68400115966796,187.41840057373048,0.21974230486979848,30.098371648300613,-1.6839703547436216,0.5985876291337344,-2.282557983877356,0.04895846827164781
2023-08-10,175.3582305908203,177.97000122070312,180.75,177.60000610351562,179.47999572753906,54686900,-0.0012346440186814522,-0.06904847556977411,190.05550155639648,187.43180053710938,0.21826988500214187,29.838429032312902,-2.2468308046809398,0.029503942370799563,-2.2763347470517394,0.03750006953876329
2023-08-11,175.41744995117188,177.7899932861328,178.6199951171875,176.5500030517578,177.32000732421875,52036700,-0.0010114509936260951,-0.023078257488096,189.4105010986328,187.44260040283203,0.21791459211663136,29.613072991828673,-2.676573034544191,-0.5117114530121986,-2.1648615815319925,0.0
2023-08-14,177.065185546875,179.4600067138672,179.69000244140625,177.30999755859375,177.97000122070312,43675600,0.009393180104611876,0.0034106826364797005,188.68400115966796,187.43000061035156,0.20959178687817248,34.55168297860034,-2.849542963597372,-0.9792777551292333,-1.8702652084681388,0.08949695069596746
2023-08-15,175.0819854736328,177.4499969482422,179.47999572753906,177.0500030517578,178.8800048828125,43622600,-0.01120032146677552,-0.013070111588591837,187.87000122070313,187.36000061035156,0.21097437718289924,31.67135308939295,-3.1129299495595717,-1.406008194015301,-1.7069217555442706,0.0
2023-08-16,174.21377563476562,176.57000732421875,178.5399932861328,176.5,177.1300048828125,46964900,-0.004959085033290345,-0.0090913917447204,186.9435012817383,187.29980072021485,0.20665633967385608,30.473617102270524,-3.3540108920496436,-1.7956087336221696,-1.558402158427474,0.0
2023-08-17,171.67803955078125,174.0,177.50999450683594,173.47999572753906,177.13999938964844,66062900,-0.014555174817995509,-0.022307137121271747,185.98700103759765,187.1956005859375,0.20873998400344457,27.23430848776239,-3.7096844552823995,-2.1784238779542155,-1.531260577328184,0.0
2023-08-18,172.16152954101562,174.49000549316406,175.10000610351562,171.9600067138672,172.3000030517578,61172200,0.0028161235239314575,-0.018561155956948516,185.11450119018554,187.1290005493164,0.2105692795022494,28.78858822903146,-3.9069817152803523,-2.524135445419443,-1.3828462698609094,0.021826528274981768
2023-08-21,173.49346923828125,175.83999633789062,176.1300048828125,173.74000549316406,175.07000732421875,46311900,0.007736780344014926,-0.02017168305219308,184.26900100708008,187.03440032958986,0.21289549014916373,33.032636221421555,-3.909343755126457,-2.801177107360846,-1.1081666477656111,0.0819597589314904
2023-08-22,174.8649139404297,177.22999572753906,177.67999267578125,176.25,177.05999755859375,42038900,0.007904910251348207,-0.0012397927556306865,183.44950103759766,186.9598001098633,0.21512707805450254,37.18380854178068,-3.7557602879669503,-2.9920937434820667,-0.7636665444848836,0.1438751076441446
2023-08-23,178.7030029296875,181.1199951171875,181.5500030517578,178.3300018310547,178.52000427246094,52722800,0.021948877071738204,0.025768746696680056,182.78050079345704,186.90640014648437,0.23278853853318035,47.07191909400949,-3.282317332038531,-3.0501384611933595,-0.2321788708451713,0.3171490461046583
2023-08-24,174.0262908935547,176.3800048828125,181.10000610351562,176.00999450683594,180.6699981689453,54945800,-0.02617044148719283,0.01367818898168105,181.9385009765625,186.76780029296876,0.24627387320163877,39.013202071771886,-3.252099794585604,-3.0905307278718084,-0.16156906671379545,0.10601359493720787
2023-08-25,176.2265167236328,178.61000061035156,179.14999389648438,175.82000732421875,177.3800048828125,51449600,0.01264313224744873,0.023611639563785314,181.07750091552734,186.66100036621094,0.2454560720149056,43.88092420320773,-3.013472722366231,-3.075119126770693,0.06164640440446201,0.20534526668220865
2023-08-28,177.78543090820312,180.19000244140625,180.58999633789062,178.5500030517578,180.08999633789062,43820700,0.008846099466185864,0.024738433769964097,180.26450119018554,186.54460052490234,0.2486095103753044,47.10246492416547,-2.6661325884080327,-2.993321819098161,0.3271892306901285,0.275723976964323
2023-08-29,181.6629638671875,184.1199951171875,184.89999389648438,179.5,179.6999969482422,53003900,0.02181027039532446,0.03887603428169473,179.69000091552735,186.52860046386718,0.26518482730736104,54.15244837342144,-2.0501130382256747,-2.804680062923664,0.7545670246979892,0.4507793538020897
2023-08-30,185.1458740234375,187.64999389648438,187.85000610351562,184.74000549316406,184.94000244140625,60813900,0.019172272827023162,0.03605343946189854,179.44350051879883,186.58140045166016,0.2717986056586857,59.38812911572604,-1.2625181827459926,-2.49624768688813,1.2337295041421372,0.608017628151756
2023-08-31,185.36294555664062,187.8699951171875,189.1199951171875,187.47999572753906,187.83999633789062,60794500,0.001172401960345848,0.0651433831289947,179.27850036621095,186.65960021972657,0.27091342968193494,59.69703714821587,-0.6135190597614439,-2.119701961462793,1.506182901701349,0.617817238423879
2023-09-01,186.9317626953125,189.4600067138672,189.9199981689453,188.27999877929688,189.49000549316406,45766500,0.008463361036912254,0.0607469126389264,179.6520004272461,186.7088003540039,0.2067330509007683,61.94969009429083,0.02878623871953323,-1.6900043214263278,1.718790560145861,0.688641818059476
2023-09-05,187.16851806640625,189.6999969482422,189.97999572753906,187.61000061035156,188.27999877929688,45280000,0.0012667065653462206,0.052777592419026575,180.19449996948242,186.76920043945313,0.19379197068599796,62.29227295324302,0.5508333574941844,-1.2418367856422254,1.7926701431364098,0.6993318076807793
2023-09-06,180.46914672851562,182.91000366210938,188.85000610351562,181.47000122070312,188.39999389648438,81755800,-0.03579332311737149,-0.0065717547641036544,180.35,186.7220004272461,0.23737271182397204,48.88250306044022,0.411915443594836,-0.9110863397948132,1.3230017833896492,0.39688217698430556
2023-09-07,175.19052124023438,177.55999755859375,178.2100067138672,173.5399932861328,175.17999267578125,112488800,-0.029249390390909014,-0.05377029931296817,180.31849975585936,186.5120004272461,0.25860311606705194,41.33248073810319,-0.1283986845964762,-0.7545488087551459,0.6261501241586697,0.15857452305232916
2023-09-08,175.80224609375,178.17999267578125,180.24000549316406,177.7899932861328,178.35000610351562,65551300,0.0034917499758519988,-0.05157823331693778,180.3289993286133,186.2906002807617,0.2588600305053242,42.44196070768675,-0.5008001866846996,-0.7037990843410566,0.20299889765635704,0.18619123581255273
2023-09-11,176.9665069580078,179.36000061035156,180.3000030517578,177.33999633789062,180.07000732421875,58953100,0.006622561359722834,-0.05330943600550597,180.40749969482422,186.08600036621092,0.2598081328744015,44.58975723576862,-0.692728933577996,-0.7015850541884446,0.008856120610448603,0.2387528436065665
2023-09-12,173.94735717773438,176.3000030517578,180.1300048828125,174.82000732421875,179.49000549316406,90370200,-0.017060646455066664,-0.07063781819743742,180.24949951171874,185.73260040283202,0.26481126191102905,40.38160399831998,-1.0793084814468443,-0.7771297396401247,-0.30217874180671966,0.10245003850380927
2023-09-13,171.88525390625,174.2100067138672,177.3000030517578,173.97999572753906,176.50999450683594,84267900,-0.011854771989295187,-0.04756435828580341,180.0875,185.36760040283204,0.2651636089417664,37.76039248763327,-1.5366077384243226,-0.9290253393969643,-0.6075823990273583,0.009354420597532902
2023-09-14,173.3948211669922,175.74000549316406,176.10000610351562,173.5800018310547,174.0,60895800,0.008782496529087691,-0.010250011773226708,180.04599990844727,185.0558004760742,0.26677774968128964,40.79038118560566,-1.7553282480961343,-1.0942859211367983,-0.661042326959336,0.07750582314891152
2023-09-15,172.67453002929688,175.00999450683594,176.5,173.82000732421875,176.47999572753906,109259500,-0.004153926047057777,-0.017790988322204493,180.09649963378905,184.71980041503906,0.2618115977084303,39.79491896366325,-1.964921224690272,-1.2684129818474932,-0.6965082428427789,0.04498862557373395
2023-09-18,175.5950164794922,177.97000122070312,179.3800048828125,176.1699981689453,176.47999572753906,67257600,0.016913358132535583,-0.007749773555521533,180.270499420166,184.4656005859375,0.26822649009577354,45.59282507800012,-1.870614089865029,-1.3888532034510004,-0.4817608864140286,0.17683749489391232
2023-09-19,176.68040466308594,179.07000732421875,179.6300048828125,177.1300048828125,177.52000427246094,51826900,0.006180851244426799,0.01571187875503166,180.43199996948243,184.27480072021484,0.2677742510969025,47.61192385383747,-1.687659419395402,-1.4486144466398807,-0.23904497275552128,0.2258355462545275
2023-09-20,173.14816284179688,175.49000549316406,179.6999969482422,175.39999389648438,179.25999450683594,58436200,-0.01999219123598317,0.007347446931674995,180.34500045776366,184.02300079345704,0.27646689908940825,42.13186848246478,-1.8106704712837427,-1.521025651568653,-0.2896448197150896,0.06636996417412558
2023-09-21,171.60897827148438,173.92999267578125,176.3000030517578,173.86000061035156,174.5500030517578,63149100,-0.008889468166570769,-0.010299378404498905,179.98550033569336,183.70620056152345,0.2649096177352058,39.97281428936996,-2.0108576971266814,-1.6189920606802588,-0.3918656364464226,0.0
2023-09-22,172.45748901367188,174.7899932861328,177.0800018310547,174.0500030517578,174.6699981689453,56725400,0.0049445216268977354,-0.001257078039017534,179.90599975585937,183.39120056152345,0.24967058495110772,41.745127029538466,-2.0761797462106415,-1.7104295977863353,-0.3657501484243062,0.038188296944651666
2023-09-25,173.73028564453125,176.0800018310547,176.97000122070312,174.14999389648438,174.1999969482422,46172700,0.00738033408360006,-0.010619763874163413,179.77949981689454,183.0990005493164,0.24672396375500236,44.39709555588574,-2.0007911571947545,-1.7685019096680192,-0.2322892475267353,0.09547108114462578
2023-09-26,169.66526794433594,171.9600067138672,175.1999969482422,171.66000366210938,174.82000732421875,64588900,-0.023398427273646605,-0.03970514502452893,179.36800003051758,182.65840057373046,0.25670179985255437,38.38666855938438,-2.247585563670839,-1.8643186404685832,-0.38326692320225564,0.0
2023-09-27,168.15567016601562,170.42999267578125,173.0399932861328,169.0500030517578,172.6199951171875,66921800,-0.008897499292564004,-0.02883362390446742,178.68349990844726,182.19240051269531,0.24127061221921564,36.41508368871687,-2.537381895843623,-1.9989312915435913,-0.5384506043000319,0.0
2023-09-28,168.4122314453125,170.69000244140625,172.02999877929688,167.6199951171875,169.33999633789062,56294400,0.0015256103784480057,-0.018628128389648113,177.83550033569335,181.70420043945313,0.2267325147621161,37.00719712247677,-2.7147727514750954,-2.1420995835298924,-0.5726731679452031,0.009992687276388698
2023-09-29,168.92526245117188,171.2100067138672,173.07000732421875,170.33999633789062,172.02000427246094,51861100,0.003046483478957418,-0.020481644886873762,177.00250091552735,181.26580047607422,0.22746473029243117,38.245764104343905,-2.781334787554414,-2.2699466243347968,-0.5113881632196171,0.02997747540385645
2023-10-02,171.43138122558594,173.75,174.3000030517578,170.92999267578125,171.22000122070312,52164500,0.014835542237771948,-0.013232631797052585,176.21700057983398,180.9020004272461,0.2333424566280228,44.03420475552513,-2.599167860944391,-2.3357908716567155,-0.2633769892876754,0.12759441887304301
2023-10-03,170.09939575195312,172.39999389648438,173.6300048828125,170.82000732421875,172.25999450683594,49594600,-0.007769819300809333,0.002558659952539344,175.35200042724608,180.49500030517578,0.2327307742245813,41.79199723139563,-2.5345171334141696,-2.3755361240082062,-0.15898100940596338,0.07571102602731451
2023-10-04,171.34255981445312,173.66000366210938,174.2100067138672,170.97000122070312,171.08999633789062,53020300,0.00730864159068112,0.01895212770719734,174.8895004272461,180.09580047607423,0.20489886773350352,44.62608775961612,-2.3544678683373377,-2.3713224728740325,0.01685460453669485,0.12413568239674369
2023-10-05,172.57591247558594,174.91000366210938,175.4499969482422,172.67999267578125,173.7899932861328,48527900,0.007197972898999483,0.024723189175369198,174.7570007324219,179.70400054931642,0.18130398391534852,47.36409085320701,-2.0868569869428484,-2.3144293756877956,0.22757238874494723,0.1721756437630443
2023-10-06,175.12147521972656,177.49000549316406,177.99000549316406,173.17999267578125,173.8000030517578,57266700,0.014750453244736894,0.036680091893181554,174.722501373291,179.38940063476562,0.1889893604455634,52.5762676859901,-1.647596384091571,-2.1810627773685507,0.5334663932769796,0.27133019439412587
2023-10-09,176.60142517089844,178.99000549316406,179.0500030517578,175.8000030517578,176.80999755859375,42390800,0.008451180086631815,0.03015830499662764,174.70400161743163,179.05260070800782,0.18996441575831652,55.34489234014914,-1.1650121922953929,-1.9778526603539193,0.8128404680585264,0.32897814803368663
2023-10-10,176.00946044921875,178.38999938964844,179.72000122070312,177.9499969482422,178.10000610351562,43698000,-0.00335217657467779,0.03474481267534557,174.80850143432616,178.69140075683595,0.17961949025084537,53.98717901973962,-0.8215064070683411,-1.7465834096968036,0.9250770026284625,0.3161240748831806
2023-10-11,177.400634765625,179.8000030517578,179.85000610351562,177.60000610351562,178.1999969482422,47551100,0.007904051050695804,0.0353564393652499,175.0880012512207,178.37520080566406,0.17500854237713132,56.676853829777,-0.4305371218695484,-1.4833741521313526,1.0528370302618042,0.42302512429191325
2023-10-12,178.29852294921875,180.7100067138672,182.33999633789062,179.0399932861328,180.07000732421875,56743100,0.005061199369654101,0.03315992756459063,175.33650131225585,178.1378009033203,0.17348563365812772,58.36827927591229,-0.046722864159562505,-1.1960438945369947,1.1493210303774322,0.4956611048861219
2023-10-13,176.4633026123047,178.85000610351562,181.92999267578125,178.13999938964844,181.4199981689453,51427100,-0.01029273721015711,0.007662406717340087,175.52850189208985,177.8914010620117,0.17744018665725336,53.749159935814916,0.1061426493363058,-0.9356065857623346,1.0417492350986404,0.43694922474758074
2023-10-16,176.3350372314453,178.72000122070312,179.0800018310547,176.50999450683594,176.75,52517000,-0.0007268933652552212,-0.0015084879835441933,175.56600189208984,177.8260009765625,0.1674143101617001,53.43088246345097,0.21432871456497082,-0.7056195256968736,0.9199482402618444,0.4302027351789047
2023-10-17,174.78598022460938,177.14999389648438,178.4199981689453,174.8000030517578,176.64999389648438,57549400,-0.0087847320585005,-0.00695109309606301,175.47000122070312,177.79200073242188,0.1688207004911399,49.61027392292675,0.17140463479717027,-0.5302146935980648,0.7016193283952351,0.3487285796976591
2023-10-18,173.49346923828125,175.83999633789062,177.5800018310547,175.11000061035156,175.5800018310547,54764400,-0.007394849583563845,-0.022024508602078496,175.48750076293945,177.71280059814453,0.15485923605679763,46.61511127173853,0.03132009885425191,-0.4179077351076015,0.4492278339618534,0.28074740335376547
2023-10-19,173.11859130859375,175.4600067138672,177.83999633789062,175.19000244140625,176.0399932861328,59302900,-0.002160996541954341,-0.029052071301799876,175.56400146484376,177.65820068359375,0.15145736635620774,45.75223790679998,-0.1091022295000812,-0.35614663398609747,0.24704440448601628,0.2610281745123642
2023-10-20,170.57298278808594,172.8800048828125,175.4199981689453,172.63999938964844,175.30999755859375,64244000,-0.014704215959948308,-0.03337993299954256,175.46850204467773,177.55640075683593,0.15961713907917527,40.29796998995497,-0.42368850485325993,-0.36965500815952995,-0.05403349669372998,0.12714123839259342
2023-10-23,170.6913604736328,173.0,174.00999450683594,169.92999267578125,170.91000366210938,55980100,0.0006940948276166203,-0.03200537814253612,175.314501953125,177.46060089111327,0.15698112213217336,40.652339195010434,-0.6557586143161416,-0.4268757293908523,-0.2288828849252893,0.13336827993814135
2023-10-24,171.12550354003906,173.44000244140625,173.6699981689453,171.4499969482422,173.0500030517578,43816600,0.0025433667133309967,-0.020942656409268734,175.38850173950195,177.34020080566407,0.13264999784277262,42.01154313014476,-0.79500698265133,-0.5005019800429479,-0.2945050026083821,0.15620182139381525
2023-10-25,168.81671142578125,171.10000610351562,173.05999755859375,170.64999389648438,171.8800048828125,57157000,-0.013491676112499795,-0.026956268955253715,175.42200241088867,177.21320098876953,0.1378497047808586,37.13998869800604,-1.0817111730288502,-0.6167438186401284,-0.46496735438872183,0.03476976020663896
2023-10-26,164.6628875732422,166.88999938964844,171.3800048828125,165.6699981689453,170.3699951171875,70625300,-0.02460553222493822,-0.04884308102298407,175.23200225830078,177.01960083007813,0.1634307711781229,30.326449132630742,-1.6298507617752591,-0.8193652072671546,-0.8104855545081046,0.0
2023-10-27,165.9751434326172,168.22000122070312,168.9600067138672,166.8300018310547,166.91000366210938,58499100,0.007969332110484562,-0.026955133795074637,175.08250198364257,176.90400085449218,0.16599130663274872,34.41961293081033,-1.9346340455035431,-1.0424189749144324,-0.8922150705891108,0.05830784626952336
2023-10-30,168.01756286621094,170.2899932861328,171.1699981689453,168.8699951171875,169.02000427246094,51131000,0.012305267212035398,-0.01566477869287397,174.9095016479492,176.82000061035157,0.1630412134112954,40.29828348852962,-1.9862496837121455,-1.2311851166739751,-0.7550645670381704,0.14905717932457274
2023-10-31,168.4911651611328,170.77000427246094,170.89999389648438,167.89999389648438,169.35000610351562,44846000,0.0028187856318813154,-0.015394361919749855,174.82800216674804,176.71860076904298,0.16149606850156034,41.6054904221226,-1.9657624875734996,-1.37810059085388,-0.5876618967196197,0.17010106523885593
2023-11-01,171.64845275878906,173.97000122070312,174.22999572753906,170.1199951171875,171.0,56934900,0.018738635990994235,0.0167737873454612,174.84350204467773,176.65340087890624,0.17341295849254265,49.53791238290272,-1.6720390019917488,-1.4368882730814536,-0.2351507289102952,0.3103902932417137
2023-11-02,175.2003936767578,177.57000732421875,177.77999877929688,175.4600067138672,175.52000427246094,77334800,0.020693257908003027,0.06399429548582503,174.97650222778321,176.58240112304688,0.18679201681753985,56.66921274327787,-1.1356792144094072,-1.3766464613470444,0.24096724693763716,0.4682160928398075
2023-11-03,174.29266357421875,176.64999389648438,176.82000732421875,173.35000610351562,174.24000549316406,79829200,-0.005181130764130404,0.05011290342770347,174.93450164794922,176.5878009033203,0.1803664664417857,54.54765332568409,-0.7759034808874219,-1.25649786525512,0.4805943843676981,0.4278823126466677
2023-11-06,176.83824157714844,179.22999572753906,179.42999267578125,176.2100067138672,176.3800048828125,63841300,0.014605162299448304,0.052498695131102835,174.94650115966797,176.60020080566406,0.18551962371730088,59.164604843337436,-0.27937358940133095,-1.0610730100843622,0.7816994206830312,0.5409906908666672
2023-11-07,179.39369201660156,181.82000732421875,182.44000244140625,178.97000122070312,179.17999267578125,70530000,0.014450770844278482,0.06470693198629718,175.11800155639648,176.63280090332032,0.19174380988814838,63.20525440004229,0.3194399126594192,-0.7849704255356059,1.104410338195025,0.6545379014714264
2023-11-08,180.44940185546875,182.88999938964844,183.4499969482422,181.58999633789062,182.35000610351562,49340300,0.005884897273828127,0.05127319713948353,175.27250137329102,176.60820098876954,0.19091478246787458,64.75676148935727,0.8703109418562462,-0.45391415205723556,1.3242250939134819,0.7014468089660948
2023-11-09,179.9757843017578,182.41000366210938,184.1199951171875,181.80999755859375,182.9600067138672,53763500,-0.0026245050529877245,0.027256834703247135,175.3575012207031,176.50340118408204,0.1906532996368878,63.463946050514345,1.2536967221713553,-0.11239197721151739,1.3660886993828727,0.6804035920036177
2023-11-10,184.1548614501953,186.39999389648438,186.57000732421875,183.52999877929688,183.97000122070312,66133400,0.02187374680264753,0.05519388812271031,175.73500061035156,176.47400115966798,0.20036286351058363,69.00359105509051,1.8580728739106291,0.2817009930129119,1.5763718808977172,0.8553264618603817
2023-11-13,182.57415771484375,184.8000030517578,186.02999877929688,184.2100067138672,185.82000732421875,43627500,-0.008583642151914983,0.031077428203960533,176.03900070190429,176.38080108642578,0.2037685408539539,64.76308056658394,2.1827777359627873,0.661916341602887,1.5208613943599003,0.7851821823348558
2023-11-14,185.182373046875,187.44000244140625,188.11000061035156,186.3000030517578,187.6999969482422,60108400,0.01428571074703422,0.03090966280276297,176.5535011291504,176.33560119628908,0.20440039185022532,68.23209449451608,2.622899414112794,1.0541129561048685,1.5687864580079256,1.0
2023-11-15,185.7454833984375,188.00999450683594,189.5,187.77999877929688,187.85000610351562,53790500,0.003040930740533243,0.027994943049233223,177.16200103759766,176.43760101318358,0.20074926719350777,68.94300864414201,2.98330295162512,1.439950955208919,1.5433519964162012,1.0
2023-11-16,187.42501831054688,189.7100067138672,190.9600067138672,188.64999389648438,189.57000732421875,54412900,0.009042137421952035,0.040019751686865224,177.87450103759767,176.68060119628908,0.20055145437452862,71.02563077571156,3.3672861505033893,1.8254179942678133,1.541868156235576,1.0
2023-11-17,187.40524291992188,189.69000244140625,190.3800048828125,188.57000732421875,190.25,50922700,-0.0001054465855937492,0.017650261012073676,178.71500091552736,176.91080139160155,0.18885907011599465,70.96532586150485,3.6281582743227716,2.185966050278805,1.4421922240439664,0.9991233888676404
2023-11-20,189.14402770996094,191.4499969482422,191.91000366210938,189.8800048828125,189.88999938964844,46505100,0.009278267089376957,0.035984814862918935,179.63750076293945,177.1526013183594,0.18889154180109394,73.12716937506934,3.9315971550761333,2.535092271238271,1.3965048838378622,1.0
2023-11-21,188.34378051757812,190.63999938964844,191.52000427246094,189.74000549316406,191.41000366210938,38134500,-0.004230856994020926,0.017072113244570142,180.49750061035155,177.43940124511718,0.1916404846468172,70.52458442274026,4.05991445406832,2.840056707804281,1.2198577462640388,0.9670196401012945
2023-11-22,189.00570678710938,191.30999755859375,192.92999267578125,190.8300018310547,191.49000549316406,39617700,0.0035144679557825853,0.017552274603347406,181.50800018310548,177.78140106201172,0.1792061436999352,71.43032947991931,4.167628266424572,3.1055710195283392,1.0620572468962326,0.994299698551906
2023-11-24,187.681884765625,189.97000122070312,190.89999389648438,189.25,190.8699951171875,24048300,-0.0070043194552873445,0.0013704838840056244,182.6620002746582,178.0660009765625,0.14794666135212373,66.99617592135074,4.0976307959725204,3.3039829748171754,0.793647821155345,0.939739581650683
2023-11-27,187.5040283203125,189.7899932861328,190.6699981689453,188.89999389648438,189.9199981689453,40552600,-0.0009475597905649336,0.0005271276474227982,183.7404998779297,178.36160095214845,0.1501720083548164,66.39987149211122,3.9817332184050827,3.439533023534757,0.5422001948703254,0.9324102676252699
2023-11-28,188.10667419433594,190.39999389648438,191.0800018310547,189.39999389648438,189.77999877929688,38415400,0.003214082048213829,-0.005484476722356302,184.74599990844726,178.61020080566405,0.14864329429117804,67.45693193159772,3.894215413234633,3.530469501474733,0.36374591175990023,0.9572474284961642
2023-11-29,187.0890655517578,189.3699951171875,192.08999633789062,188.97000122070312,190.89999389648438,43014200,-0.0054096576277038455,-0.006661793309520436,185.6759994506836,178.81620056152343,0.15350351261952186,63.806733158366924,3.6991036642456834,3.5641963340289236,0.13490733021675982,0.9153093632809879
2023-11-30,187.66209411621094,189.9499969482422,190.32000732421875,188.19000244140625,189.83999633789062,48794400,0.0030627968844576525,-0.007108884155074158,186.47499923706056,179.105400390625,0.1450551850545311,64.9566665346617,3.5503512586632837,3.561427318955796,-0.011076060292512402,0.9389250753620235
2023-12-01,188.93655395507812,191.24000549316406,191.55999755859375,189.22999572753906,190.3300018310547,45704800,0.006791305952341675,0.006685288541876,187.15849914550782,179.45160064697265,0.13222538330406686,67.4349159045463,3.4962541723043614,3.5483926896255094,-0.05213851732114794,0.9914498584709897
2023-12-04,187.14837646484375,189.42999267578125,190.0500030517578,187.4499969482422,189.97999572753906,43389500,-0.00946461391650355,-0.0018968366251471691,187.79749908447266,179.7444006347656,0.1368550190371836,60.924546319884975,3.2696385759378757,3.492641866887983,-0.2230032909501074,0.9177522608607052
2023-12-05,191.0902862548828,193.4199981689453,194.39999389648438,190.17999267578125,190.2100067138672,66628400,0.02106321938149014,0.015861367485667133,188.50699920654296,180.09120056152344,0.14543533309849863,68.21042686204535,3.3731209420462562,3.468737681919638,-0.09561673987338182,1.0
2023-12-06,190.00357055664062,192.32000732421875,194.75999450683594,192.11000061035156,194.4499969482422,41089700,-0.0056870585003612195,0.015578033918233425,189.03199920654296,180.49840057373046,0.1435336701612824,64.6325173787491,3.3280081877991563,3.4405917830955417,-0.1125835952963854,0.9585378478952302
2023-12-07,191.9300994873047,194.27000427246094,195.0,193.58999633789062,193.6300048828125,47477700,0.010139334827264257,0.022742865983808702,189.6009994506836,180.97520080566406,0.14550777940226367,67.85183829055032,3.410292730197,3.4345319725158334,-0.024239242318833565,1.0
2023-12-08,193.35272216796875,195.7100067138672,195.99000549316406,193.6699981689453,194.1999969482422,53406400,0.00741237663940475,0.023373776889286324,190.2659996032715,181.4756008911133,0.1446641993568526,70.02192852529329,3.550768931330879,3.4577793642788426,0.0929895670520362,1.0
2023-12-11,190.8531951904297,193.17999267578125,193.49000549316406,191.4199981689453,193.11000061035156,60943700,-0.012927361664163084,0.019796231563067757,190.60499954223633,181.91500061035157,0.13887221800850139,62.09147521530181,3.4185395481972307,3.4499314010625204,-0.03139185286528967,0.9122132756725619
2023-12-12,192.36474609375,194.7100067138672,194.72000122070312,191.72000122070312,193.0800018310547,52696900,0.007920147510585007,0.0066694682924932636,191.1004997253418,182.3342007446289,0.13476283594398045,64.69553386497856,3.3980357148976736,3.439552263829551,-0.041516548931877395,0.9653018825168842
2023-12-13,195.57559204101562,197.9600067138672,198.0,194.85000610351562,195.08999633789062,70404200,0.016691489332522957,0.02932611883765346,191.62649993896486,182.84540100097655,0.13775534881550833,69.48988988796687,3.6025066635673113,3.472143143777103,0.13036351979020822,1.0
2023-12-14,195.7238006591797,198.11000061035156,199.6199951171875,196.16000366210938,198.02000427246094,66831600,0.000757697976345284,0.01976628534225533,192.13150024414062,183.33440093994142,0.1379340189411906,69.6944391269684,3.733615818357748,3.524437678693232,0.20917813966451604,1.0
2023-12-15,195.19032287597656,197.57000732421875,198.39999389648438,197.0,197.52999877929688,128538400,-0.002725724519050843,0.009503860541331122,192.5245002746582,183.7876010131836,0.13702934326988964,67.92877801695855,3.7507119502159014,3.5696925329977662,0.1810194172181352,0.9827036109859367
2023-12-18,193.5305633544922,195.88999938964844,196.6300048828125,194.38999938964844,196.08999633789062,55751900,-0.008503355126233125,0.014028402612145552,192.83450012207032,184.1556008911133,0.14194939017860989,62.61396391393054,3.587345472415791,3.573223120881371,0.014122351534419764,0.928891699746925
2023-12-19,194.5679168701172,196.94000244140625,196.9499969482422,195.88999938964844,196.16000366210938,40714100,0.005360166700849378,0.011452907660858491,193.1090003967285,184.51460083007814,0.13982111429516633,64.48429555777808,3.502231290548366,3.55902475481477,-0.0567934642664043,0.9625240831775034
2023-12-20,192.4833221435547,194.8300018310547,197.67999267578125,194.8300018310547,196.89999389648438,52242800,-0.010713925988598105,-0.015811299134459222,193.31850051879883,184.84340087890624,0.14510927199302576,58.18493512486199,3.2273157855181864,3.4926829609554533,-0.26536717543726684,0.8949391847838306
2023-12-21,192.3351287841797,194.67999267578125,197.0800018310547,193.5,196.10000610351562,46482500,-0.0007699489496669765,-0.017313653646978455,193.48700027465821,185.1410006713867,0.1449712867637721,57.75298184249691,2.9631810750537397,3.3867825837751107,-0.4236015087213709,0.8901342792935015
2023-12-22,191.26815795898438,193.60000610351562,195.41000366210938,192.97000122070312,195.17999267578125,37149600,-0.005547496470601487,-0.020094149281415064,193.66850051879882,185.3988006591797,0.1440050661821476,54.609713928757074,2.6363167055341705,3.2366894081269226,-0.6003727025927521,0.8555415012653749
2023-12-26,190.72476196289062,193.0500030517578,193.88999938964844,192.8300018310547,193.61000061035156,28919300,-0.0028409247645567737,-0.014497913863594114,193.83150100708008,185.68280059814452,0.1444981965226155,53.02688305157299,2.3063080049950315,3.0506131275005446,-0.7443051225055131,0.8379244919683642
2023-12-27,190.82354736328125,193.14999389648438,193.5,191.08999633789062,192.49000549316406,48087700,0.0005179530854488856,-0.019244483080828045,193.96900100708007,185.97140045166014,0.14424002801538516,53.29193822151598,2.0294479451206655,2.846380091024569,-0.8169321459039036,0.8411272735448189
2023-12-28,191.24835205078125,193.5800018310547,194.66000366210938,193.1699981689453,194.13999938964844,34049900,0.002226290179438317,-0.006415849654838768,194.17950134277345,186.30000061035156,0.14244620648072226,54.48146998749512,1.8237098081464183,2.641846034448939,-0.8181362263025207,0.8549007494499113
2023-12-29,190.2110137939453,192.52999877929688,194.39999389648438,191.72999572753906,193.89999389648438,42672100,-0.005424129774904141,-0.011043733189701532,194.30850143432616,186.63380065917968,0.1441012723637339,51.06183765920385,1.557975015127255,2.4250718305846024,-0.8670968154573475,0.8212683660193331
2024-01-02,183.40399169921875,185.63999938964844,188.44000244140625,183.88999938964844,187.14999389648438,82488700,-0.03578662771169838,-0.041115735862172764,194.02850112915038,186.83740051269533,0.19168538386632752,35.3723736657564,0.7823939580020749,2.096536256068097,-1.314142298066022,0.6005765300087877
2024-01-03,182.03073120117188,184.25,185.8800048828125,183.42999267578125,184.22000122070312,58414500,-0.007487607165581278,-0.045584060671568505,193.76950149536134,187.06480041503906,0.1907102440674839,33.158816237552145,0.054945668966212224,1.68821813864772,-1.6332724696815077,0.5560538094674868
2024-01-04,179.7189483642578,181.91000366210938,183.08999633789062,180.8800048828125,182.14999389648438,71983600,-0.012700115809447077,-0.058193065439074765,193.19400177001953,187.24300048828124,0.17518697438963543,29.7801959037089,-0.7022849852265551,1.210117513872865,-1.9124024990994202,0.48110197582249364
2024-01-05,178.9977264404297,181.17999267578125,182.75999450683594,180.1699981689453,181.99000549316406,62379700,-0.004013033761925966,-0.064056250841941,192.63700103759766,187.39780029296875,0.174947598399455,28.794487128601972,-1.3457881122330662,0.6989363886516788,-2.0447245008847448,0.4577191776871743
2024-01-08,183.32496643066406,185.55999755859375,185.60000610351562,181.5,182.08999633789062,59144500,0.024174881663950876,-0.036202156884097114,192.2015007019043,187.68700012207032,0.19481076203784103,41.34010929482108,-1.4852185132562,0.26210540827010315,-1.747323921526303,0.5980140114973651
2024-01-09,182.91000366210938,185.13999938964844,185.14999389648438,182.72999572753906,183.9199981689453,42841800,-0.002263409002323802,-0.002693385055181574,191.67300033569336,188.05200012207033,0.19146500354242538,40.601394126123296,-1.6110374162727226,-0.11252315663846199,-1.4985142596342607,0.5660755608715429
2024-01-10,183.94737243652344,186.19000244140625,186.39999389648438,183.9199981689453,184.35000610351562,46792900,0.005671400319862574,0.010529185570725907,191.3235008239746,188.41140014648437,0.18966545329011092,43.3278767130775,-1.6074931519286793,-0.4115171556965055,-1.1959759962321739,0.5715314510874215
2024-01-11,183.3546142578125,185.58999633789062,187.0500030517578,183.6199951171875,186.5399932861328,49128400,-0.0032225473744458277,0.02022974328897642,190.86750030517578,188.71740020751952,0.18620526906188378,42.13760499525744,-1.6342610311198769,-0.6560659307811798,-0.978195100338697,0.5420626938742706
2024-01-12,183.68064880371094,185.9199981689453,186.74000549316406,185.19000244140625,186.05999755859375,40477800,0.0017781229460982484,0.026161859392754394,190.2654998779297,189.0204000854492,0.17306048639313848,43.064031107933936,-1.6102840265146483,-0.8469095499278736,-0.7633744765867747,0.49502888361159236
2024-01-16,181.41824340820312,183.6300048828125,184.25999450683594,180.92999267578125,182.16000366210938,65603000,-0.012317089655153213,-0.010400909146228154,189.54150009155273,189.2136001586914,0.17542636595841185,38.46200720798226,-1.7558253360281242,-1.0286927071479237,-0.7271326288802005,0.32525670095982445
2024-01-17,180.47967529296875,182.67999267578125,182.92999267578125,180.3000030517578,181.27000427246094,47317400,-0.005173512943255187,-0.01328727839460464,188.79699935913087,189.31579986572265,0.17545580151355822,36.70937480243049,-1.9256284715522156,-1.208079860028782,-0.7175486115234335,0.2809877396450377
2024-01-18,186.35800170898438,188.6300048828125,189.13999938964844,185.8300018310547,186.08999633789062,78005800,0.032570683411353496,0.013104905791996524,188.43399963378906,189.5554000854492,0.21673434344548234,51.58858878519791,-1.562075783763163,-1.2788790447756584,-0.2831967389875045,0.4978817120874147
2024-01-19,189.252685546875,191.55999755859375,191.9499969482422,188.82000732421875,189.3300018310547,68903000,0.015533014896551123,0.03216768866051356,188.16499938964844,189.80200012207033,0.22407440695823505,56.955139851579084,-1.0257080139656978,-1.2282448386136664,0.20253682464796863,0.613112818548478
2024-01-22,191.5546417236328,193.88999938964844,195.3300018310547,192.25999450683594,192.3000030517578,60133900,0.01216330058858972,0.04286790716005062,188.1179992675781,190.0433999633789,0.2260188292850908,60.687257112706796,-0.4079187831403601,-1.0641796275190052,0.6562608443786451,0.750738379036074
2024-01-23,192.82907104492188,195.17999267578125,195.75,193.8300018310547,195.02000427246094,42355600,0.006653222395139657,0.06289815109649233,188.14299926757812,190.28919982910156,0.2272792619855277,62.61964062314482,0.18365821293161844,-0.8146120594288805,0.9982702723604989,0.8269340483540254
2024-01-24,192.15728759765625,194.5,196.3800048828125,194.33999633789062,195.4199981689453,53631300,-0.0034839261261312426,0.06470334901532859,188.18799896240233,190.53099975585937,0.22670135356606844,60.91975540969563,0.5908070623509332,-0.5335282350729178,1.124335297423851,0.7867691129086771
2024-01-25,191.83128356933594,194.1699981689453,196.27000427246094,193.11000061035156,195.22000122070312,54822100,-0.0016966675118492702,0.029369629129652797,188.2439987182617,190.6863998413086,0.22652547505925252,60.06754718440807,0.8767405497337393,-0.2514744781115864,1.1282150278453256,0.7672769879002276
2024-01-26,190.10235595703125,192.4199981689453,194.75999450683594,191.94000244140625,194.27000427246094,44594000,-0.009012720896651283,0.004489458244477662,188.20749893188477,190.83879974365234,0.2289649297938844,55.623750113476696,0.9511700278857518,-0.010945576912118782,0.9621156047978705,0.6639102318559744
2024-01-29,189.42063903808594,191.72999572753906,192.1999969482422,189.5800018310547,192.00999450683594,47145600,-0.003585918553020817,-0.01114035622728815,188.114998626709,190.924599609375,0.22911436267472446,53.92964957475888,0.9436012473184405,0.1799637879339931,0.7636374593844475,0.623154052409815
2024-01-30,185.7751007080078,188.0399932861328,191.8000030517578,187.47000122070312,190.94000244140625,55859400,-0.01924582758897042,-0.03658161521457215,187.89049835205077,190.92519958496095,0.23822141857361512,45.88179650085186,0.6325588313507637,0.2704827966173472,0.36207603473341654,0.4051977197449359
2024-01-31,182.17893981933594,184.39999389648438,187.10000610351562,184.35000610351562,187.0399932861328,55467800,-0.01935758093816564,-0.05192805194609573,187.82849807739257,190.81899932861327,0.2121832785151709,39.60345597323949,0.0912856614742168,0.23464336958872112,-0.14335770811450432,0.19019490322435276
2024-02-01,184.60931396484375,186.86000061035156,186.9499969482422,183.82000732421875,183.99000549316406,64885400,0.013340600842146166,-0.03764741014331885,187.95899810791016,190.76239929199218,0.21561419353875372,45.07367436518486,-0.13758919998923602,0.1601968556731297,-0.2977860556623657,0.33549942542980105
2024-02-02,183.6115264892578,185.85000610351562,187.3300018310547,179.25,179.86000061035156,102551700,-0.0054050867148502935,-0.034144018958264466,188.15599822998047,190.65039947509766,0.21106733548041517,43.338151410313365,-0.39590850566986546,0.048975783404530654,-0.44488428907439614,0.27584236497600323
2024-02-05,185.41944885253906,187.67999267578125,189.25,185.83999633789062,188.14999389648438,69668800,0.009846577950857638,-0.021123471246059622,188.48099822998046,190.5911993408203,0.21229600857810052,47.29774126556291,-0.4478018134079207,-0.050379735957959616,-0.39742207744996105,0.38393366530722606
2024-02-06,187.01992797851562,189.3000030517578,189.30999755859375,186.77000427246094,186.86000061035156,43490800,0.0086317691773099,0.006700754151313326,188.66799850463866,190.5509994506836,0.1972520123233253,50.58953760713137,-0.35412421183238507,-0.11112863113284471,-0.24299558069954036,0.4796223609202136
2024-02-07,187.1286163330078,189.41000366210938,191.0500030517578,188.61000061035156,190.63999938964844,53439000,0.0005810914346444651,0.02716925125516778,188.88149871826172,190.53979949951173,0.19687227778933591,50.8141871630539,-0.26791949852622565,-0.1424868046115209,-0.12543269391470474,0.48611973592303015
2024-02-08,186.05174255371094,188.32000732421875,189.5399932861328,187.35000610351562,189.38999938964844,40962000,-0.005754692554861496,0.007813372091931337,188.98799896240234,190.51039978027345,0.19761711245360233,48.46287418548517,-0.2842782543884823,-0.1708450945669132,-0.1134331598215691,0.4217372298956761
2024-02-09,186.8134307861328,188.85000610351562,189.99000549316406,188.0,188.64999389648438,45155200,0.0028143519471321987,0.01614204951023268,189.1509994506836,190.47940002441408,0.1972126798435122,49.6820954231049,-0.25157620032652517,-0.1869913157188356,-0.06458488460768957,0.45304251819472297
2024-02-12,185.13174438476562,187.14999389648438,188.6699981689453,186.7899932861328,188.4199981689453,41781900,-0.009001917670574011,-0.00282394927525631,189.21249923706054,190.435,0.20029616177153498,45.928827741566906,-0.3587014770459689,-0.22133334798426224,-0.13736812906170665,0.3526283770081792
2024-02-13,183.04449462890625,185.0399932861328,186.2100067138672,183.50999450683594,185.77000427246094,56529500,-0.011274382469489308,-0.02250401319042894,189.28299865722656,190.3367999267578,0.1994501679823497,41.716406890440965,-0.6068629080417338,-0.2984392599957566,-0.3084236480459772,0.22799756652621617
2024-02-14,182.16409301757812,184.14999389648438,185.52999877929688,182.44000244140625,185.32000732421875,54630500,-0.004809767736384418,-0.02777049608746318,189.35649871826172,190.19499969482422,0.19931810672065864,40.04793707539826,-0.8653726653118667,-0.41182594105897863,-0.4535467242528881,0.17542822378945946
2024-02-15,181.87722778320312,183.86000061035156,184.49000549316406,181.35000610351562,183.5500030517578,65434500,-0.0015747667431138535,-0.023683127338608667,189.11799850463868,190.08359985351564,0.15920964772018747,39.493666490107564,-1.0811803707243257,-0.545696826992048,-0.5354835437322777,0.1582992722110813
2024-02-16,180.34393310546875,182.30999755859375,184.85000610351562,181.6699981689453,183.4199981689453,49752500,-0.008430343993322875,-0.034630703381269945,188.65549850463867,189.86139984130858,0.148075476113228,36.57953492888143,-1.3615863050683288,-0.7088747226073042,-0.6527115824610246,0.06674567945742547
2024-02-20,179.60203552246094,181.55999755859375,182.42999267578125,180.0,181.7899932861328,53665600,-0.004113872031395016,-0.029869070372412265,188.03899841308595,189.6461996459961,0.13770843593713392,35.22513248466784,-1.625589970949619,-0.8922177722757673,-0.7333721986738518,0.022445641152745544
2024-02-21,180.35385131835938,182.32000732421875,182.88999938964844,180.66000366210938,181.94000244140625,41371400,0.004185997884141424,-0.014699449095353478,187.3959991455078,189.40719970703125,0.13561922846691568,37.74081356322814,-1.7532776484312649,-1.064429747506867,-0.688847900924398,0.06733692345823664
2024-02-22,182.38174438476562,184.3699951171875,184.9600067138672,182.4600067138672,183.47999572753906,52292200,0.011243899246467626,0.0011946849198745113,186.88949890136718,189.18039947509766,0.1451898231701181,44.05251443630138,-1.669805689772005,-1.1855049359598946,-0.48430075381211046,0.18842297379509249
2024-02-23,180.55169677734375,182.52000427246094,185.0399932861328,182.22999572753906,185.00999450683594,45119700,-0.010034121026855192,-0.0072881340881230106,186.30699920654297,188.96719970703126,0.14747650541617804,40.101516928419855,-1.7329559241365189,-1.2949951335952194,-0.43796079054129944,0.07915008674883396
2024-02-26,179.20635986328125,181.16000366210938,182.75999450683594,180.64999389648438,182.24000549316406,40867400,-0.007451241390074692,-0.00630790363602951,185.74399948120117,188.6961996459961,0.1467411798610826,37.44287728896923,-1.8711738952007693,-1.4102308859163295,-0.46094300928443976,0.0
2024-02-27,180.66049194335938,182.6300048828125,183.9199981689453,179.55999755859375,181.10000610351562,54318900,0.008114380608232441,0.005893409003122629,185.28899993896485,188.389599609375,0.1518770620991005,41.924687918806434,-1.840875354694134,-1.4963597796718906,-0.3445155750222435,0.08672575134921028
2024-02-28,179.46351623535156,181.4199981689453,183.1199951171875,180.1300048828125,182.50999450683594,48953900,-0.006625454095802064,-0.004936425620436502,184.95800018310547,188.0557995605469,0.13938749653820903,39.42111411237155,-1.8926832975151626,-1.575624483240545,-0.3170588142746176,0.01584365928182354
2024-02-29,178.80076599121094,180.75,182.57000732421875,179.52999877929688,181.27000427246094,136682600,-0.003693077806788292,-0.01963440480044809,184.77550048828124,187.7193994140625,0.12331196078622823,38.06563099423121,-1.9651516730598644,-1.653529921204409,-0.3116217518554554,0.0
2024-03-01,177.72254943847656,179.66000366210938,180.52999877929688,177.3800048828125,179.5500030517578,73563100,-0.00603040850838521,-0.015669518646746372,184.41550064086914,187.39479949951172,0.11216137576593854,35.902766835147716,-2.086485274323394,-1.7401209918282061,-0.3463642824951878,0.0
2024-03-04,173.21170043945312,175.10000610351562,176.89999389648438,173.7899932861328,176.14999389648438,81510100,-0.025381261636673647,-0.03345107880377696,183.87800064086915,186.95799957275392,0.13944463059073628,28.585267037896188,-2.5215300916761123,-1.8964028117977874,-0.625127279878325,0.0
2024-03-05,168.28538513183594,170.1199951171875,172.0399932861328,169.6199951171875,170.75999450683594,95132400,-0.028440952671264008,-0.06849920293027567,183.00000076293946,186.46379943847657,0.15789668145100336,23.058037345066424,-3.230907618805645,-2.1633037731993587,-1.0676038456062864,0.0
2024-03-06,167.29617309570312,169.1199951171875,171.24000549316406,168.67999267578125,171.05999755859375,68587700,-0.005878203789690617,-0.0677984961740743,181.99100036621093,185.9525994873047,0.14964696817221923,22.132589659091636,-3.8296403523822846,-2.496571089035944,-1.3330692633463408,0.0
2024-03-07,167.17745971679688,169.0,170.72999572753906,168.49000549316406,169.14999389648438,71765100,-0.0007095264939214196,-0.06500691562932226,180.97050018310546,185.46059936523437,0.14901125210113048,22.018390380468546,-4.2646625848759925,-2.8501893882039537,-1.4144731966720387,0.0
2024-03-08,168.8888397216797,170.72999572753906,173.6999969482422,168.94000244140625,169.0,76267000,0.010236661109698675,-0.04970504148138155,180.09099960327148,185.01419921875,0.15930718266703559,27.802289304811723,-4.4188864687083935,-3.1639288043048417,-1.2549576644035518,0.06608083313711
2024-03-11,170.8870391845703,172.75,174.3800048828125,172.0500030517578,172.94000244140625,60139500,0.01183157220764297,-0.013420936731014965,179.2859992980957,184.60619934082033,0.16803215732312307,33.96140374493885,-4.328219524406933,-3.39678694832526,-0.9314325760816726,0.1432391539004926
2024-03-12,171.3618621826172,173.22999572753906,174.02999877929688,171.00999450683594,173.14999389648438,59825400,0.002778557033511264,0.01828121737370858,178.58999938964843,184.19919921875,0.16894618472153544,35.37226259121181,-4.169569472692871,-3.5513434531987826,-0.6182260194940881,0.16157360240410507
2024-03-13,169.2845001220703,171.1300048828125,173.19000244140625,170.75999450683594,172.77000427246094,52488700,-0.012122559005482425,0.011885110120966047,177.8944999694824,183.77119934082032,0.16946970404100456,32.13736382091551,-4.165275175086634,-3.674129797576353,-0.4911453775102812,0.08136002592479478
2024-03-14,171.1343536376953,173.0,174.30999755859375,172.0500030517578,172.91000366210938,72913500,0.010927336316434166,0.023668639053254337,177.3370002746582,183.51839935302735,0.17730709432876068,37.60911980534752,-3.965269773880607,-3.732357792837204,-0.23291198104340305,0.15278843082719212
2024-03-15,170.75845336914062,172.6199951171875,172.6199951171875,170.2899932861328,171.1699981689453,121752700,-0.002196560016257232,0.011070107403180707,176.775,183.2857992553711,0.1772518175629953,36.95700191375157,-3.793695905765418,-3.744625415422847,-0.04907049034257094,0.1382733433892939
2024-03-18,171.84658813476562,173.72000122070312,177.7100067138672,173.52000427246094,175.57000732421875,75604200,0.006372414173507979,0.005615057717528904,176.34550018310546,183.12199920654297,0.17911441478557485,40.189942811322,-3.5282891586053893,-3.7013581640593554,0.17306900545396608,0.18029039500341545
2024-03-19,174.18113708496094,176.0800018310547,176.61000061035156,173.02999877929688,174.33999633789062,55215200,0.013585082856137465,0.016452151323713027,176.0715003967285,183.01999938964843,0.18761803159960502,46.52581991746376,-3.0918788190233784,-3.5794622950521604,0.48758347602878205,0.27043559250512317
2024-03-20,176.74317932128906,178.6699981689453,178.6699981689453,175.08999633789062,175.72000122070312,53423100,0.014709202129471022,0.04406003080112164,175.88899993896484,182.88219940185547,0.19537931670988257,52.47584320330585,-2.508117405570175,-3.3651933171557635,0.8570759115855884,0.36936596158374385
2024-03-21,169.52191162109375,171.3699951171875,177.49000549316406,170.83999633789062,177.0500030517578,106181300,-0.04085746418856029,-0.009421993542268803,175.23899993896484,182.60679931640624,0.2356693812750447,39.22722254202815,-2.604508366046872,-3.213056326933985,0.6085479608871132,0.09052695875579636
2024-03-22,170.42213439941406,172.27999877929688,173.0500030517578,170.05999755859375,171.75999450683594,71160100,0.005310169154682409,-0.001969623146263033,174.72699966430665,182.32859924316406,0.23635723447910587,41.21949767638102,-2.5777544575791183,-3.0859959530630117,0.5082414954838934,0.1252864666509688
2024-03-25,169.00753784179688,170.85000610351562,171.94000244140625,169.4499969482422,170.57000732421875,54288300,-0.0083003986876804,-0.016520809906864442,174.21149978637695,182.03379943847656,0.2365991042399691,39.05294441880091,-2.641490788812547,-2.997094920212919,0.35560413140037195,0.07066488239422007
2024-03-26,167.87985229492188,169.7100067138672,171.4199981689453,169.5800018310547,170.0,57388400,-0.006672515943357493,-0.03617670973958409,173.56549987792968,181.709599609375,0.23333626350724318,37.36675058574564,-2.75226432398091,-2.948128800966517,0.19586447698560727,0.02712020292213469
2024-03-27,171.4409942626953,173.30999755859375,173.60000610351562,170.11000061035156,170.41000366210938,60273300,0.021212602099510702,-0.029999444032474343,173.1599998474121,181.50319946289062,0.24888761366334214,45.386087573562236,-2.5205091137901547,-2.862604863531245,0.34209574974109014,0.16462944096164203
2024-03-28,169.63075256347656,171.47999572753906,172.22999572753906,170.50999450683594,171.75,65672700,-0.010559124440792766,0.0006418895575992511,172.69649963378907,181.27919952392577,0.25063354748193617,42.41325829901464,-2.4561938203767966,-2.7813226549003556,0.325128834523559,0.09472866391720851
2024-04-01,168.19638061523438,170.02999877929688,171.25,169.47999572753906,171.19000244140625,46240500,-0.008455779008450959,-0.013060134757038266,172.21499938964843,180.90719940185548,0.25123262165680804,40.168189145308126,-2.493482804936889,-2.723754684907662,0.23027187997077325,0.039342974310673226
2024-04-02,167.0192108154297,168.83999633789062,169.33999633789062,168.22999572753906,169.0800018310547,49329500,-0.006998779332762939,-0.01176476262112136,171.9019989013672,180.4527993774414,0.23723800284209867,38.37296417136348,-2.589211032554118,-2.696845954436953,0.10763492188283497,0.0
2024-04-03,167.82046508789062,169.64999389648438,170.67999267578125,168.5800018310547,168.7899932861328,47691700,0.004797427008780275,-0.00035361979263837107,171.87849884033204,179.96799926757814,0.21595140206035038,40.32788249816324,-2.570089912394309,-2.6714947460284244,0.10140483363411557,0.03075162001554844
2024-04-04,166.99942016601562,168.82000732421875,171.9199981689453,168.82000732421875,170.2899932861328,53704400,-0.00489234660846527,-0.02590727769675838,171.8634994506836,179.44079956054688,0.21562659081382046,38.963951582309626,-2.592029958918289,-2.6556017886063974,0.06357182968810848,0.0
2024-04-05,167.751220703125,169.5800018310547,170.38999938964844,168.9499969482422,169.58999633789062,42104800,0.004501803541427263,-0.01107997401343086,171.89249954223632,178.94239959716796,0.21619195576071049,40.93387571109677,-2.5190543086818593,-2.62829229262149,0.10923798393963047,0.029980070268705267
2024-04-08,166.6334228515625,168.4499969482422,169.1999969482422,168.24000549316406,169.02999877929688,37425500,-0.0066635503633162285,-0.009292488633759088,171.77849960327148,178.42799957275392,0.21416199664060112,38.92238916685736,-2.52331532198383,-2.6072968984939577,0.08398157651012772,0.0
2024-04-09,167.84027099609375,169.6699981689453,170.0800018310547,168.35000610351562,168.6999969482422,42373800,0.007242512572309456,0.004915907658477048,171.62449951171874,177.9729995727539,0.21123274704824707,42.22342822283853,-2.400575957853988,-2.5659527103659636,0.1653767525119756,0.052405553465410135
2024-04-10,165.97064208984375,167.77999877929688,169.08999633789062,167.11000061035156,168.8000030517578,49709300,-0.01113926687125033,-0.01102266539619512,171.35199966430665,177.49399963378906,0.213854154354715,38.73110381969974,-2.4278248294866103,-2.538327134190093,0.11050230470348277,0.0
2024-04-11,173.15234375,175.0399932861328,175.4600067138672,168.16000366210938,168.33999633789062,91070300,0.04327091762818491,0.036843891079619384,171.54749908447266,177.23399963378907,0.26230127749740795,54.350290524886056,-1.8423612801692286,-2.3991339633859203,0.5567726832166917,0.33564460785696953
2024-04-12,174.6460723876953,176.5500030517578,178.36000061035156,174.2100067138672,174.25999450683594,101670900,0.00862665575607413,0.04110155174810681,171.72499923706056,177.07699981689453,0.26130183801532614,56.81614754432797,-1.2422125775468658,-2.1677496862181096,0.9255371086712438,0.4054554920341097
2024-04-15,170.82769775390625,172.69000244140625,176.6300048828125,172.5,175.36000061035156,73531800,-0.021863497839872292,0.02517070685650924,171.72849960327147,176.79359985351562,0.27366999381870877,49.46109321998874,-1.0657746104770922,-1.9473546710699063,0.8815800605928141,0.22699965574260833
2024-04-16,167.5533905029297,169.3800048828125,173.75999450683594,168.27000427246094,171.75,73711200,-0.019167279586534414,-0.0017091606604725529,171.51149978637696,176.46419982910157,0.28090225432377197,44.17955504705079,-1.1794395456751658,-1.7937716459909583,0.6143321003157924,0.07397160158697014
2024-04-17,166.18829345703125,168.0,170.64999389648438,168.0,169.61000061035156,50901200,-0.008147389556206863,0.0013112481958741373,171.1074996948242,176.07059997558594,0.27637353107566454,42.158316354679286,-1.3651382229273565,-1.708044961378238,0.3429067384508815,0.010171112854345262
2024-04-18,165.23861694335938,167.0399932861328,168.63999938964844,166.5500030517578,168.02999877929688,43122900,-0.0057143256777808515,-0.04570384087551138,170.5259994506836,175.62539978027343,0.26921376752198467,40.76123427316157,-1.5716532409926458,-1.6807666173011198,0.10911337630847395,0.0
2024-04-19,163.2206268310547,165.0,166.39999389648438,164.0800018310547,166.2100067138672,68149400,-0.012212603975853775,-0.06542057690235092,170.2074996948242,175.13719970703124,0.23284931200173006,37.88794798843072,-1.8782766854818362,-1.7202686309372632,-0.158008054544573,0.0
2024-04-22,164.05152893066406,165.83999633789062,167.25999450683594,164.77000427246094,165.52000427246094,48116400,0.005090886896306879,-0.03966648912313164,169.8854995727539,174.68759948730468,0.2327618973348603,39.77061427396246,-2.030095611497984,-1.7822340270494075,-0.24786158444857653,0.0352199632253681
2024-04-23,165.1001434326172,166.89999389648438,167.0500030517578,164.9199981689453,165.35000610351562,49537800,0.006391688265803275,-0.014641698635231126,169.68799896240233,174.24859924316405,0.2331638528457682,42.153413025054746,-2.0413488609789567,-1.8340569938353173,-0.20729186714363945,0.0857785291212175
2024-04-24,167.19728088378906,169.02000427246094,169.3000030517578,166.2100067138672,166.5399932861328,48251800,0.012702279529689164,0.006071454002743781,169.65349884033202,173.88599945068358,0.2370961872536938,46.69554975479742,-1.8577846377197318,-1.8388025226122002,-0.01898211510753156,0.2005990827972324
2024-04-25,168.05789184570312,169.88999938964844,170.61000061035156,168.14999389648438,169.52999877929688,50558300,0.005147290824730311,0.017061818834209763,169.48249893188478,173.58299957275392,0.22446522071244845,48.483248937225135,-1.623393859291184,-1.7957207899479972,0.17232693065681315,0.25245227786915725
2024-04-26,167.4742431640625,169.3000030517578,171.33999633789062,169.17999267578125,169.8800048828125,44838400,-0.003472813820767917,0.026060624556107914,169.3734992980957,173.28599975585936,0.22181544614024806,47.324122719641196,-1.4683193805331314,-1.7302405080650243,0.2619211275318929,0.22199298583933602
2024-04-29,171.6289520263672,173.5,176.02999877929688,173.10000610351562,173.3699951171875,68169400,0.024808014604454476,0.046189121027852,169.54699935913087,173.07879974365235,0.23699370513569165,55.48329920143099,-0.9950468057998307,-1.5832017676119856,0.5881549618121549,0.4388230326634274
2024-04-30,168.49313354492188,170.3300018310547,174.99000549316406,170.0,173.3300018310547,65934800,-0.01827088281812861,0.02055127657283018,169.62149963378906,172.83919982910157,0.24534296425139487,49.27902001627676,-0.86578698658505,-1.4397188114065986,0.5739318248215486,0.2751679491300046
2024-05-01,167.4742431640625,169.3000030517578,172.7100067138672,169.11000061035156,169.5800018310547,50383100,-0.006047077838456816,0.001656601421246684,169.60400009155273,172.59399993896486,0.2458732342433005,47.423420248630954,-0.8368136748754011,-1.3191377841003593,0.48232410922495816,0.22199298583933602
2024-05-02,171.1640167236328,173.02999877929688,173.4199981689453,170.88999938964844,172.50999450683594,94214900,0.02203187040935095,0.0184825440045282,169.81449966430665,172.4081997680664,0.25707318115695005,54.15572360180151,-0.5070279318818507,-1.1567158136566575,0.6496878817748069,0.4145586372487853
2024-05-03,181.4024200439453,183.3800048828125,187.0,182.66000366210938,186.64999389648438,163224100,0.05981625253732603,0.08316598687095245,170.50449981689454,172.3883999633789,0.3305372051063594,66.84289708282185,0.5827708201101984,-0.8088184869032864,1.3915893070134848,1.0
2024-05-06,179.75042724609375,181.7100067138672,184.1999969482422,180.4199981689453,182.35000610351562,78569700,-0.009106762593950823,0.04731992342286562,171.1675003051758,172.37220001220703,0.33170623867841903,63.77601412831001,1.2967412610985036,-0.3877065373029284,1.684447798401432,0.9091404937271285
2024-05-07,180.43296813964844,182.39999389648438,184.89999389648438,181.32000732421875,183.4499969482422,77305800,0.0037971886914498487,0.07086239614675494,171.80400009155272,172.39699981689452,0.3314848311496224,64.50073539400344,1.896383846114702,0.06911153938059766,1.8272723067341043,0.9466805916224456
2024-05-08,180.7693328857422,182.74000549316406,183.07000732421875,181.4499969482422,182.85000610351562,45057100,0.0018640987283840005,0.07938571883721357,172.5520004272461,172.39919982910158,0.32687970438227515,64.87368040984924,2.3717015105079042,0.529629533606059,1.8420719769018452,0.9651795854392339
2024-05-09,182.57958984375,184.57000732421875,184.66000366210938,182.11000061035156,182.55999755859375,48983000,0.01001423758369735,0.06669368679613408,173.02850112915038,172.46220001220703,0.29421610396793335,66.88985882766548,2.8630565046265133,0.99631492781015,1.8667415768163633,1.0
2024-05-10,181.32159423828125,183.0500030517578,185.08999633789062,182.1300048828125,184.89999389648438,50759500,-0.008235380680192916,-0.0017995518718934012,173.3535011291504,172.5082000732422,0.29588156033000307,63.62330008331925,3.094139916977525,1.4158799256436252,1.6782599913339,0.9223299078391317
2024-05-13,184.52108764648438,186.27999877929688,187.10000610351562,184.6199951171875,185.44000244140625,72044800,0.017645428427694565,0.025149919633352447,174.03300094604492,172.64059997558593,0.2867654980191382,67.2799696235932,3.4975907976034932,1.832222100035599,1.6653686975678943,1.0
2024-05-14,185.66018676757812,187.42999267578125,188.3000030517578,186.2899932861328,187.50999450683594,52393600,0.006173469529849429,0.02757674861629389,174.93550033569335,172.88719970703124,0.2734747163337369,68.49428105117443,3.865563612655592,2.2388904025595977,1.6266732100959942,1.0
2024-05-15,187.9285888671875,189.72000122070312,190.64999389648438,187.3699951171875,187.91000366210938,70400000,0.012217940748059153,0.03819632000503681,176.02150039672853,173.27919982910157,0.2698078923634566,70.81688064672872,4.292488139568746,2.6496099499614276,1.6428781896073188,1.0
2024-05-16,188.04745483398438,189.83999633789062,191.10000610351562,189.66000366210938,190.47000122070312,52845200,0.000632485327932919,0.028552791919298715,177.1615005493164,173.69359985351562,0.26700672594028046,70.93778025356202,4.5876281840818365,3.0372135967855094,1.550414587296327,1.0
2024-05-17,188.07717895507812,189.8699951171875,190.80999755859375,189.17999267578125,189.50999450683594,41282900,0.00015802138577525326,0.0372575359285916,178.40500030517578,174.11099975585938,0.2589673888766513,70.9701591858543,4.768975663640504,3.3835660101565086,1.385409653483995,1.0
2024-05-20,189.23611450195312,191.0399932861328,191.9199981689453,189.00999450683594,189.3300018310547,44361300,0.006162101432736655,0.025552901750206303,179.66500015258788,174.51719970703124,0.25888133877828384,72.26788520775492,4.950042908525205,3.6968613898302483,1.2531815186949569,1.0
2024-05-21,190.5337677001953,192.35000610351562,192.72999572753906,190.9199981689453,191.08999633789062,42309400,0.006857270013722827,0.02624987259240341,180.93750076293946,174.90919982910157,0.25886682067921685,73.68627543232364,5.1399964116474735,3.9854883941936934,1.15450801745378,1.0
2024-05-22,189.09742736816406,190.89999389648438,192.82000732421875,190.27000427246094,192.27000427246094,34648500,-0.0075384047882530725,0.006219653532515856,182.03150024414063,175.26259979248047,0.2631422810013435,69.45200745267061,5.1145744341977775,4.2113056021945106,0.9032688320032669,0.9469831121227844
2024-05-23,185.11544799804688,186.8800048828125,191.0,186.6300048828125,190.97999572753906,51005900,-0.021058088749084547,-0.015592032828581237,182.88100051879883,175.57759979248047,0.2804479829660884,59.28137630559556,4.715688297678497,4.3121821412913075,0.40350615638718956,0.8
2024-05-24,188.18614196777344,189.97999572753906,190.5800018310547,188.0399932861328,188.82000732421875,36327000,0.016588135507972,0.0005793469909960436,183.91500015258788,175.91719970703124,0.2815215013899847,63.69639985721108,4.5967233487292845,4.369090382778903,0.22763296595038174,0.913345160984373
2024-05-28,188.19606018066406,189.99000549316406,193.0,189.10000610351562,191.50999450683594,52280100,5.268852431883353e-05,-0.005496167451158329,184.7395004272461,176.2645999145508,0.2730868493289584,63.71008262934907,4.451931380300664,4.385658582283256,0.06627279801740826,0.913711148676921
2024-05-29,188.49319458007812,190.2899932861328,192.25,189.50999450683594,189.61000061035156,53068000,0.0015789661787211084,-0.010709710174244491,185.7375,176.59599975585937,0.25971586449213707,64.14622040210958,4.311686768802218,4.370864219587048,-0.059177450784829944,0.9246796212920035
2024-05-30,189.48374938964844,191.2899932861328,192.17999267578125,190.6300048828125,190.75999450683594,49889100,0.005255137081729533,0.002042951294487283,186.83699951171874,176.90019958496094,0.25601941090186564,65.62911255889797,4.232444560148991,4.343180287699437,-0.1107357275504457,0.9612426844304596
2024-05-31,190.43470764160156,192.25,192.57000732421875,189.91000366210938,191.44000244140625,75158300,0.005018593484036549,0.02873499024443449,187.7979995727539,177.17179962158204,0.24913564855197223,67.03853158056779,4.198708954359972,4.314286021031545,-0.1155770666715723,0.9963434705229273
2024-06-03,192.19790649414062,194.02999877929688,194.99000549316406,192.52000427246094,192.89999389648438,50080500,0.009258771283728873,0.021318050020203927,188.33049926757812,177.62499969482423,0.14591067740959254,69.53316555701949,4.266423593707231,4.304713535566682,-0.03828994185945156,1.0
2024-06-04,192.51486206054688,194.35000610351562,195.32000732421875,193.02999877929688,194.63999938964844,47471400,0.0016492672588364066,0.022948578789890206,188.96249923706054,178.0663998413086,0.1390373245736055,69.9731476364275,4.296383811723757,4.303047590798097,-0.006663779074339793,1.0
2024-06-05,194.02052307128906,195.8699951171875,196.89999389648438,194.8699951171875,195.39999389648438,54156800,0.007820884826019947,0.029323674538493494,189.6359992980957,178.56679962158202,0.13991881987785934,72.0386735110951,4.392147962978612,4.3208676652342,0.07128029774441202,1.0
2024-06-06,192.64364624023438,194.47999572753906,196.5,194.1699981689453,195.69000244140625,41181800,-0.007096540686677422,0.016676264066958435,190.22299880981444,179.06219940185548,0.14492395931328622,67.46802650289439,4.306240745978641,4.317942281383089,-0.011701535404447405,0.9549724778260646
2024-06-07,195.03089904785156,196.88999938964844,196.94000244140625,194.13999938964844,194.64999389648438,53103900,0.012392038847459208,0.024135237397391096,190.83899841308593,179.53379943847656,0.14665149800871347,70.91380007575793,4.382111557603025,4.330776136627076,0.05133542097594912,1.0
2024-06-10,191.29647827148438,193.1199951171875,197.3000030517578,192.14999389648438,196.89999389648438,97010200,-0.019147769232301326,-0.004690015295750638,191.3424980163574,179.96659942626954,0.16229419240424245,60.176143682502044,4.090874826370538,4.282795874575768,-0.1919210482052307,0.8817809863713987
2024-06-11,205.19400024414062,207.14999389648438,207.16000366210938,193.6300048828125,193.64999389648438,172373300,0.07264912559045644,0.06586049596597987,192.3859977722168,180.7089993286133,0.29363298385063114,75.21614937911004,4.935280425874481,4.4132927848355115,0.5219876410389697,1.0
2024-06-12,211.05810546875,213.07000732421875,220.1999969482422,206.89999389648438,207.3699951171875,198134300,0.02857839054869915,0.08781341009755272,193.66799850463866,181.59359954833985,0.30488802892295375,78.84641505272934,6.012861035950408,4.7332064350584915,1.2796546008919165,1.0
2024-06-13,212.21707153320312,214.24000549316406,216.75,211.60000610351562,214.74000549316406,97862700,0.005491144359726752,0.10160433052100748,194.8939987182617,182.48539978027344,0.3041786764340366,79.4859556098983,6.881929903065924,5.162951128659978,1.7189787744059455,1.0
2024-06-14,210.48358154296875,212.49000549316406,215.1699981689453,211.3000030517578,213.85000610351562,70122700,-0.008168409051202308,0.07923208975506646,196.0264991760254,183.35879974365236,0.3079213793481104,75.79481038138522,7.344796623420649,5.599320227612113,1.7454763958085362,0.9644597927544312
2024-06-17,214.62413024902344,216.6699981689453,218.9499969482422,212.72000122070312,213.3699951171875,93728300,0.019671478976528656,0.12194492360807785,197.3664993286133,184.30059967041015,0.3109340198282085,78.37764119172584,7.957186812952671,6.070893544680225,1.8862932682724454,1.0
2024-06-18,212.26657104492188,214.2899932861328,218.6300048828125,213.0,217.58999633789062,79943300,-0.010984469021671939,0.03446777504235121,198.52899932861328,185.21739959716797,0.317293083949849,73.56435264537969,8.15644156551889,6.488003148847959,1.6684384166709307,0.9539383594512506
2024-06-20,207.7001190185547,209.67999267578125,214.24000549316406,208.85000610351562,213.92999267578125,86172500,-0.021512906597537684,-0.015910332434912244,199.39549865722657,186.0175994873047,0.33185613398127645,65.21070041040971,7.85185260142714,6.760773039363796,1.091079562063344,0.864718294157688
2024-06-21,205.53082275390625,207.49000549316406,211.88999938964844,207.11000061035156,210.38999938964844,241805100,-0.010444426073609514,-0.03150672062606619,200.22499923706056,186.81179962158203,0.3334138759270933,61.630323912523984,7.349034890190012,6.87842540952904,0.47060948066097197,0.8223341784188681
2024-06-24,206.17466735839844,208.13999938964844,212.6999969482422,206.58999633789062,207.72000122070312,80727000,0.00313265159417897,-0.02047157979698755,201.28799896240236,187.47379974365234,0.3197109459318524,62.29207528853811,6.923191069536443,6.887378541530522,0.03581252800592161,0.8349138942988472
2024-06-25,207.09588623046875,209.07000732421875,211.3800048828125,208.61000061035156,209.14999389648438,55549700,0.004468184574312861,-0.03507634148222305,202.24249954223632,188.12419982910157,0.3170643333636638,63.268212440890686,6.5848446513315935,6.826871763490736,-0.24202711215914263,0.8529128872837022
2024-06-26,211.23643493652344,213.25,214.86000061035156,210.63999938964844,211.5,66213200,0.01999326794540668,-0.004853205089908941,203.40549926757814,188.93539978027343,0.320830056428826,67.35823242245047,6.578164170733885,6.777130244939366,-0.1989660742054813,0.9338107549808121
2024-06-27,212.07839965820312,214.10000610351562,215.74000549316406,212.35000610351562,214.69000244140625,49772700,0.003985960626099017,0.02107980533254228,204.59599990844725,189.8297998046875,0.32050571552929463,68.1352399480638,6.565772096805489,6.734858615312591,-0.1690865185071022,0.9502614252660395
2024-06-28,208.6312255859375,210.6199951171875,216.07000732421875,210.3000030517578,215.77000427246094,82542700,-0.016254137725925877,0.015085013933967772,205.5625,190.68219970703126,0.3302054396879208,61.66347404059377,6.2036318793276735,6.628613268115608,-0.4249813887879341,0.8829107167378616
2024-07-01,214.703369140625,216.75,217.50999450683594,211.9199981689453,212.08999633789062,60402900,0.029104572333703782,0.041366391061783414,206.7875,191.67639984130858,0.34108825421123795,67.51648019537758,6.338210367632627,6.5705326880190125,-0.23232232038638578,1.0
2024-07-02,218.1901092529297,220.27000427246094,220.3800048828125,215.10000610351562,216.14999389648438,58046200,0.016239927439266166,0.053570557975222144,208.0995002746582,192.7817999267578,0.3428064734748787,70.31878254138445,6.652217098237287,6.586869570062667,0.06534752817461964,1.0
2024-07-03,219.45802307128906,221.5500030517578,221.5500030517578,219.02999877929688,220.0,37369800,0.0058110444203451905,0.03892146800355367,209.45950012207032,193.89600006103515,0.34233076736280305,71.28874544834119,6.924533190384409,6.654402294127016,0.2701308962573927,1.0
2024-07-05,224.20281982421875,226.33999633789062,226.4499969482422,221.64999389648438,221.64999389648438,60412400,0.021620371113304726,0.05716949969845886,210.98300018310547,195.0848001098633,0.34636448355396193,74.62996160439418,7.441081921411893,6.811738219583992,0.6293437018279011,1.0
2024-07-08,225.66885375976562,227.82000732421875,227.85000610351562,223.25,227.08999633789062,59085900,0.006538884025246272,0.08166371952226692,212.65000076293944,196.26080017089845,0.3421110689574678,75.57573821008884,7.8790502432469225,7.025200624316579,0.8538496189303437,1.0
2024-07-09,226.52072143554688,228.67999267578125,229.39999389648438,226.3699951171875,227.92999267578125,48076100,0.00377484559702701,0.05504033529772201,214.2395004272461,197.4366000366211,0.342064085980293,76.13251973096914,8.201000891040081,7.2603606776612795,0.9406402133788019,1.0
2024-07-10,230.7801055908203,232.97999572753906,233.0800018310547,229.25,229.3000030517578,62627700,0.018803582252402418,0.057701871378531555,216.23250045776368,198.71019989013672,0.3287859597673839,78.74196866845095,8.702802913912393,7.548849124911502,1.1539537890008909,1.0
2024-07-11,225.4211883544922,227.57000732421875,232.38999938964844,225.77000427246094,231.38999938964844,64710600,-0.023220827978926883,0.027172214802698713,217.25350112915038,199.7916000366211,0.25225406338920464,68.58256517392645,8.565209379272119,7.752121175783627,0.8130882034884923,0.9150441421866269
2024-07-12,228.36314392089844,230.5399932861328,232.63999938964844,228.67999267578125,228.9199981689453,53046500,0.013050867277438316,0.01855614127505878,218.1270004272461,200.99579986572266,0.2385140368728431,70.8092080332249,8.596720910299013,7.921041122686704,0.6756797876123084,0.9616833743397362
2024-07-15,232.1867218017578,234.39999389648438,237.22999572753906,233.08999633789062,236.47999572753906,62631300,0.01674330147811176,0.02888239118920488,219.1349998474121,202.29779968261718,0.24271975363843323,73.44352445140136,8.83136137890591,8.103105173930546,0.7282562049753647,1.0
2024-07-16,232.60276794433594,234.82000732421875,236.27000427246094,232.3300018310547,235.0,43234300,0.0017918662059346335,0.02684981128691355,220.25149993896486,203.53359985351562,0.23829536482023772,73.72142180412243,8.948059553629122,8.27209604987026,0.6759635037588616,1.0
2024-07-17,226.71885681152344,228.8800048828125,231.4600067138672,226.63999938964844,229.4499969482422,57345900,-0.025295980990260425,-0.017598038114488346,220.86200027465821,204.44359985351562,0.25475548407706816,63.587171802268514,8.46367121025304,8.310411081946818,0.15326012830622204,0.8881566113134539
2024-07-18,222.06321716308594,224.17999267578125,230.44000244140625,222.27000427246094,230.27999877929688,66034600,-0.020534830945314275,-0.01489657924740384,221.35650024414062,205.2929995727539,0.26373993477393315,56.91974986157335,7.612782831146745,8.170885431786804,-0.5581026006400585,0.7970238091772773
2024-07-19,222.19198608398438,224.30999755859375,226.8000030517578,223.27999877929688,224.82000732421875,49151500,0.0005799129586043783,-0.0270234922745346,222.08800048828124,206.1311996459961,0.2483963484059305,57.05388965340662,6.869747791659364,7.910657903761316,-1.040910112101952,0.7981949040685707
2024-07-22,221.84530639648438,223.9600067138672,227.77999877929688,223.08999633789062,227.00999450683594,48201800,-0.0015602998017738567,-0.04453919562484154,222.9115005493164,206.95559967041015,0.24374239516587798,56.543451149348634,6.181390610240527,7.564804445057159,-1.3834138348166318,0.7902260051361722
2024-07-23,222.88534545898438,225.00999450683594,226.94000244140625,222.67999267578125,224.3699951171875,39960300,0.004688282557118395,-0.04177673329103515,223.75500030517577,207.7643994140625,0.24373671668288457,57.76426780656067,5.655395940360137,7.182922744117755,-1.5275268037576186,0.8105077842807664
2024-07-24,216.47645568847656,218.5399932861328,224.8000030517578,217.1300048828125,224.0,61777600,-0.02875428371474653,-0.04517656141249127,224.22849960327147,208.47419921875,0.270030565303702,48.68774207517766,4.662717444182817,6.6788816841307685,-2.016164239947951,0.664606279930515
2024-07-25,215.43638610839844,217.49000549316406,220.85000610351562,214.6199951171875,218.92999267578125,51391200,-0.004804556718339459,-0.0298420349771914,224.44049987792968,209.09839935302733,0.26279744214496803,47.386437370858786,3.748081790540027,6.09272170541262,-2.3446399148725927,0.6385064466311625
2024-07-26,215.90194702148438,217.9600067138672,219.49000549316406,216.00999450683594,218.6999969482422,41601300,0.002161024455525684,-0.028308996093978522,224.63349990844728,209.70899963378906,0.2626128314806259,48.05570016374346,3.0262666972800787,5.479430703786112,-2.453164006506033,0.6483103931636555
2024-07-29,216.17929077148438,218.24000549316406,219.3000030517578,215.75,216.9600067138672,36311800,0.0012846337432190769,-0.02554027973401085,225.0145004272461,210.27939971923828,0.25456398046755946,48.476183540406204,2.448590766752204,4.8732627163793305,-2.4246719496271263,0.6541510015290617
2024-07-30,216.73403930664062,218.8000030517578,220.3300018310547,216.1199951171875,219.19000244140625,41643800,0.0025659711533103646,-0.027598736085874043,225.11700057983398,210.8585998535156,0.23350913131034268,49.359114817887445,2.0127636661210317,4.301162906327671,-2.2883992402066395,0.6658322182598743
2024-07-31,219.98301696777344,222.0800018310547,223.82000732421875,220.6300048828125,221.44000244140625,50036300,0.014990853444005525,0.016198447211842604,225.20750045776367,211.50279998779297,0.23243733471790487,54.29899956403675,1.910018533591824,3.822934031780502,-1.9129154981886778,0.7342510462168772
2024-08-01,216.2981719970703,218.36000061035156,224.47999572753906,217.02000427246094,224.3699951171875,62501000,-0.016750725819666967,0.004000161364724697,225.04800033569336,212.04920013427736,0.23931026114028525,48.51836198246929,1.5110013832795914,3.36054750208032,-1.8495461188007285,0.6566540284601546
2024-08-02,217.78399658203125,219.86000061035156,225.60000610351562,217.7100067138672,219.14999389648438,105568600,0.006869389978967133,0.008717167544312954,224.7240005493164,212.59940002441405,0.22651724589131228,50.79315704165854,1.3008198394933288,2.9486019695629215,-1.6477821300695927,0.687943138255953
2024-08-05,207.29400634765625,209.27000427246094,213.5,196.0,199.08999633789062,119548600,-0.0481669985831521,-0.041101544148302804,223.7965003967285,212.9668002319336,0.2785047956390619,38.02015378068998,0.2765374994359888,2.4141890755375353,-2.1376515761015464,0.467042099487045
2024-08-06,205.27325439453125,207.22999572753906,209.99000549316406,201.07000732421875,205.3000030517578,69660500,-0.009748212850733573,-0.052879374601662255,222.7240005493164,213.37380004882812,0.27757549720270214,36.13504145455426,-0.691850058317101,1.7929812487666081,-2.4848313070837094,0.38470106018610684
2024-08-07,207.8388214111328,209.82000732421875,213.63999938964844,206.38999938964844,206.89999389648438,63516400,0.01249824663455068,-0.055205306221866035,221.56600112915038,213.77060028076173,0.2713061394248183,40.18969530783499,-1.23606331598603,1.1871723358160806,-2.4232356518021105,0.4423377430539837
2024-08-08,211.29583740234375,213.30999755859375,214.1999969482422,208.8300018310547,213.11000061035156,47161100,0.016633257613904107,-0.023126960238332273,220.85300064086914,214.2370001220703,0.27284190235015465,45.235149234761124,-1.3699512534006146,0.6757476179727416,-2.0456988713733564,0.5169547948664968
2024-08-09,214.19821166992188,216.24000549316406,216.77999877929688,211.97000122070312,212.10000610351562,42201600,0.013735914716165532,-0.01646500094213621,220.13800125122071,214.75600036621094,0.27338962524619387,49.11606475585796,-1.2255044032793307,0.2954972137223271,-1.5210016170016578,0.5731680257488915
2024-08-12,215.72540283203125,217.52999877929688,219.50999450683594,215.60000610351562,216.07000732421875,38028100,0.005965562584919537,0.03947051339513408,219.29450149536132,215.2808004760742,0.26560435178721536,50.77017300368221,-0.9954624847374873,0.03730527403036424,-1.0327677587678517,0.5938453002077517
2024-08-13,219.4344024658203,221.27000427246094,221.88999938964844,219.00999450683594,219.00999450683594,44155300,0.017193056195245138,0.06775085091147393,218.61700134277345,215.86120056152345,0.2751982581652822,55.30643099224385,-0.5055378940066078,-0.07126335957703016,-0.4342745344295776,0.675059973975905
2024-08-14,219.8806610107422,221.72000122070312,223.02999877929688,219.6999969482422,220.57000732421875,41960600,0.002033700635211577,0.05671524869454525,218.25900115966797,216.41500061035157,0.2623983207046906,55.833760257162865,-0.0800355333860523,-0.07301779433883458,-0.007017739047217711,0.6858512645397555
2024-08-15,222.8557586669922,224.72000122070312,225.35000610351562,222.75999450683594,224.60000610351562,46414000,0.01353057903429189,0.053490243273643046,218.28600158691407,217.0224005126953,0.25736040849902153,59.28289454575595,0.4935635871387092,0.04029848195667418,0.453265105182035,0.7577936895228867
2024-08-16,224.17474365234375,226.0500030517578,226.8300018310547,223.64999389648438,223.9199981689453,44340200,0.0059184844421056315,0.045366247268726845,218.37300186157228,217.62600067138672,0.25814839009957136,60.746466576896644,1.0434369633930771,0.2409261782439548,0.8025107851491223,0.7896882085089131
2024-08-19,224.01605224609375,225.88999938964844,225.99000549316406,223.0399932861328,225.72000122070312,40687800,-0.0007078241979617816,0.03843148373679495,218.46950149536133,218.25420074462892,0.2580752551306569,60.464885925128534,1.4495945932429777,0.48265986124375937,0.9669347319992183,0.7858511913561363
2024-08-20,224.63092041015625,226.50999450683594,227.1699981689453,225.4499969482422,225.77000427246094,30299000,0.0027446771387078517,0.02368143052920413,218.54450149536132,218.84660064697266,0.2577545934453425,61.21510387470568,1.8007479639466908,0.7462774817843456,1.0544704821623452,0.8007191754255262
2024-08-21,224.52182006835938,226.39999389648438,227.97999572753906,225.0500030517578,226.52000427246094,34765500,-0.00048563247988708813,0.021107670259854938,218.9375015258789,219.5122006225586,0.23366612203145518,60.99395600217769,2.0465718043965353,1.0063363463067836,1.0402354580897517,0.6956989757260191
2024-08-22,222.66734313964844,224.52999877929688,228.33999633789062,223.89999389648438,227.7899932861328,43695300,-0.008259695969967673,-0.0008455074776350102,219.28950119018555,219.85980072021485,0.23529193322515365,57.210162579592414,2.0666726751226747,1.218403612069962,0.8482690630527128,0.6270386292204305
2024-08-23,224.95816040039062,226.83999633789062,228.22000122070312,224.3300018310547,225.66000366210938,38677300,0.010288146667049025,0.0034947722869613784,219.7335006713867,220.13520050048828,0.2372632433677717,60.47226974842252,2.243142704723283,1.4233514306006263,0.8197912741226567,0.710764493216506
2024-08-26,225.2953643798828,227.17999267578125,227.27999877929688,223.88999938964844,226.75999450683594,30602200,0.0014988376978466444,0.005710714461102162,220.18050003051758,220.3940002441406,0.2372546183820285,60.944213647637994,2.3829620345871376,1.6152735513979288,0.7676884831892088,0.7230876608490829
2024-08-27,226.13832092285156,228.02999877929688,228.85000610351562,224.88999938964844,226.0,35934600,0.0037415535298863656,0.006710539531689763,220.64199981689453,220.70480010986327,0.23732078689744293,62.16058287765465,2.5331575857912583,1.798850358276595,0.7343072275146634,0.7538961329853512
2024-08-28,224.611083984375,226.49000549316406,229.86000061035156,225.67999267578125,227.9199981689453,38052200,-0.006753467940081581,0.00039757773456861045,220.8625,220.90120025634766,0.2342800827006151,58.59970611389824,2.4991158029600626,1.9389034472132884,0.5602123557467742,0.6980790746729095
2024-08-29,227.8837127685547,229.7899932861328,232.9199981689453,228.8800048828125,230.10000610351562,51906300,0.014570125448949867,0.02342668924167368,221.43399963378906,221.21120025634767,0.22896730972593524,63.43365060940771,2.7072118277825723,2.0925651233271454,0.6146467044554269,0.8176871357788311
2024-08-30,227.1002655029297,229.0,230.39999389648438,227.47999572753906,230.19000244140625,52990800,-0.0034378924636161434,0.009522146433523782,221.8909996032715,221.59760040283203,0.22937387719217778,61.5799760006789,2.7763791995869838,2.229327938579113,0.5470512610078706,0.7890538282731582
2024-09-03,220.92196655273438,222.77000427246094,229.0,221.1699981689453,228.5500030517578,50190600,-0.027205221517637823,-0.019411869643001567,222.56599960327148,221.90320037841798,0.17371337936985937,49.335903035932155,2.3019507952472793,2.243852509912746,0.058098285334533095,0.5632476264269506
2024-09-04,219.01788330078125,220.85000610351562,221.77999877929688,217.47999572753906,221.66000366210938,43840200,-0.00861874638471094,-0.0314870530816892,223.24700012207032,222.15740051269532,0.17264079507821087,46.28172941599133,1.7508523248630183,2.1452524729028006,-0.3944001480397823,0.49365729072820175
2024-09-05,220.53518676757812,222.3800048828125,225.47999572753906,221.52000427246094,221.6300048828125,36615400,0.006927773316790065,-0.018146498788775944,223.875,222.4236004638672,0.16978929769903003,48.99159255456491,1.421178470632782,2.000437672448797,-0.579259201816015,0.5491120981296239
2024-09-06,218.98812866210938,220.82000732421875,225.24000549316406,219.77000427246094,223.9499969482422,48423000,-0.007015008203708928,-0.039035581287235166,224.25050048828126,222.57500061035157,0.1652305437035998,46.420303908688325,1.0222469736627886,1.8047995326915953,-0.7825525590288067,0.49256998494031706
2024-09-09,219.07736206054688,220.91000366210938,221.27000427246094,216.7100067138672,220.82000732421875,67180000,0.00040755518026269755,-0.03532749492528653,224.4840003967285,222.71120056152344,0.1591023837756569,46.59444501923594,0.7052234634050762,1.5848843188342916,-0.8796608554292153,0.4958319023039711
2024-09-10,218.2840118408203,220.11000061035156,221.47999572753906,216.72999572753906,218.9199981689453,51591000,-0.0036213980285901837,-0.011940582713532821,224.61300048828124,222.90100067138673,0.1588665046615014,45.188461880553355,0.38498857843723044,1.3449051707548796,-0.9599165923176491,0.4668357908324526
2024-09-11,220.8128662109375,222.66000366210938,223.08999633789062,217.88999938964844,221.4600067138672,44587100,0.011585130365211915,0.008195596597563082,224.68250045776367,223.0192007446289,0.15222369602649263,50.33301339446257,0.33312401367743405,1.1425489393393904,-0.8094249256619563,0.5592606541864314
2024-09-12,220.92196655273438,222.77000427246094,223.5500030517578,219.82000732421875,222.5,37455600,0.0004940295003250661,0.0017537520509272042,224.73500061035156,223.06920074462892,0.15209683421174697,50.548635305177186,0.2974680755753809,0.9735327665865886,-0.6760646910112077,0.5632476264269506
2024-09-13,220.65419006347656,222.5,224.0399932861328,221.91000366210938,223.5800018310547,36766600,-0.001212031545013148,0.007607973100528964,224.6240005493164,223.08820068359375,0.14384075093038776,49.97512765446837,0.24460375959455405,0.8277469651881817,-0.5831432055936276,0.5534613212811625
2024-09-16,214.52545166015625,216.32000732421875,217.22000122070312,213.9199981689453,216.5399932861328,59357400,-0.027775247981039364,-0.02077767535105024,224.13750076293945,222.8878009033203,0.17116157840331186,39.05341385377693,-0.2925925277415331,0.6036790666022388,-0.8962715943437719,0.3294674800997047
2024-09-17,214.99154663085938,216.7899932861328,216.89999389648438,214.5,215.75,45519300,0.0021726421320320544,-0.01508340064064595,223.68250045776367,222.6672006225586,0.17178588507319437,40.125089511007545,-0.6726466644163622,0.3484139203985186,-1.0210605848148808,0.3465021217948399
2024-09-18,218.8591766357422,220.69000244140625,222.7100067138672,217.5399932861328,217.5500030517578,59894900,0.017989802463465043,-0.008847575623382453,223.3915008544922,222.5074008178711,0.18535534873104934,48.25600362093254,-0.6516325464113777,0.14840462703653937,-0.800037173447917,0.48785795782293284
2024-09-19,226.97134399414062,228.8699951171875,229.82000732421875,224.6300048828125,224.99000549316406,66781300,0.03706553348719566,0.02738246050965598,223.51500091552734,222.42520080566408,0.22993611348900425,60.402140655665505,0.024792546348919586,0.12368221089901542,-0.09888966455009583,0.784341801155774
2024-09-20,226.306884765625,228.1999969482422,233.08999633789062,227.6199951171875,229.97000122070312,318679900,-0.002927418111763669,0.025617963812324396,223.6985008239746,222.43780059814452,0.22796874969020994,59.176860184424086,0.5010255423410115,0.19915087718741464,0.30187466515359684,0.7600577168016397
2024-09-23,224.5912628173828,226.47000122070312,229.4499969482422,225.80999755859375,227.33999633789062,54146000,-0.007581050616453089,0.04692119800676431,223.68000106811525,222.35640075683594,0.2270399873975374,56.01706019981082,0.7304275120201282,0.30540620415395736,0.42502130786617087,0.6973540197960444
2024-09-24,225.48377990722656,227.3699951171875,229.35000610351562,225.72999572753906,228.64999389648438,43556100,0.0039740093241191765,0.048802999025377325,223.68950119018555,222.21580078125,0.2274241763872233,57.29458642213497,0.9736288245991886,0.4390507282430036,0.534578096356185,0.7299742995422365
2024-09-25,224.4920654296875,226.3699951171875,227.2899932861328,224.02000427246094,224.92999267578125,42308700,-0.004398117700115112,0.02573742631268172,223.60650100708008,222.04680053710936,0.2275493785365549,55.3701379215184,1.0733035985616937,0.5659013023067416,0.507402296254952,0.8484043200774843
2024-09-26,225.63253784179688,227.52000427246094,228.5,225.41000366210938,227.3000030517578,36636700,0.005080219022305155,-0.0058985051493331,223.65800094604492,222.01960052490233,0.2269522952746046,57.152532466429754,1.2309036122172188,0.6989017642888371,0.5320018479283817,0.8993799087178016
2024-09-27,225.90028381347656,227.7899932861328,229.52000427246094,227.3000030517578,228.4600067138672,34026000,0.0011866605511687833,-0.001796685659914199,223.55800094604493,222.09180053710938,0.2206956086861776,57.580853794512464,1.3618895999358074,0.8314993314182313,0.5303902685175761,0.911347508136669
2024-09-30,231.06707763671875,233.0,233.0,229.64999389648438,230.0399932861328,54541900,0.02287197360475246,0.028833835581310252,223.75800094604492,222.2656005859375,0.23509604544905913,64.87727114038172,1.8646069110786527,1.0381208473503156,0.8264860637283371,1.0
2024-10-01,224.3334197998047,226.2100067138672,229.64999389648438,223.74000549316406,229.52000427246094,63285000,-0.029141602086406926,-0.005101765528571445,223.93000106811525,222.3106005859375,0.2382532673648217,52.2607615196503,1.695572782612146,1.1696112344026817,0.5259615482094644,0.7365156321146239
2024-10-02,224.898681640625,226.77999877929688,227.3699951171875,223.02000427246094,225.88999938964844,32880600,0.002519747352073054,0.0018112102794238805,224.22650070190429,222.34600067138672,0.23563386897887792,53.08554037001569,1.589285322137215,1.2535460519495882,0.3357392701876267,0.7586340632721541
2024-10-03,223.79786682128906,225.6699981689453,226.80999755859375,223.32000732421875,225.13999938964844,34044200,-0.004894614235498862,-0.0081311799787952,224.39100036621093,222.48860076904296,0.23571239270129163,51.22936051733672,1.3993530998893107,1.282707461537533,0.11664563835177777,0.7155607056345008
2024-10-04,224.9185028076172,226.8000030517578,228.0,224.1300048828125,227.89999389648438,37245100,0.005007333238716605,-0.0043460655145260985,224.69000015258788,222.67480072021485,0.23425791776597596,53.02991770233647,1.3247415990375089,1.2911142890375282,0.03362730999998065,0.7594103251714319
2024-10-07,219.85089111328125,221.69000244140625,225.69000244140625,221.3300018310547,224.5,39505400,-0.022530866585506182,-0.048540762054050446,224.72900009155273,222.74940063476564,0.24926860745279192,44.948477402308384,0.8435531482676311,1.2016020608835487,-0.35804891261591765,0.5611177460812393
2024-10-08,223.89706420898438,225.77000427246094,225.97999572753906,223.25,224.3000030517578,31855700,0.01840408582309916,-0.0019451060003848886,225.0120002746582,222.90000061035155,0.2568272384472962,51.326479589627986,0.78241074004751,1.117763796716341,-0.335353056668831,0.7194414230165502
2024-10-09,227.63575744628906,229.5399932861328,229.75,224.8300018310547,225.22999572753906,33591100,0.016698360908574017,0.012170361238611482,225.3559997558594,223.11480041503907,0.26013816595735734,56.35784569012149,1.0263306464922266,1.0994771666715182,-0.07314652017929157,0.865735112913244
2024-10-10,227.13990783691406,229.0399932861328,229.5,227.1699981689453,227.77999877929688,28183500,-0.0021782696463562568,0.014933288184212135,225.66949920654298,223.25400024414063,0.2604684221317767,55.537877430459524,1.165853870669821,1.1127525074711788,0.053101363198642115,0.8463327102316766
2024-10-11,225.66229248046875,227.5500030517578,229.41000366210938,227.33999633789062,229.3000030517578,31759200,-0.006505371454991304,0.0033068782623819626,225.92199935913087,223.43780029296875,0.2618777821908424,53.06039143379103,1.1430212342129664,1.1188062528195364,0.024214981393430035,0.788513929193783
2024-10-14,229.3811798095703,231.3000030517578,231.72999572753906,228.60000610351562,228.6999969482422,39882100,0.01647989430765695,0.043348822700705725,226.6709991455078,223.66660034179688,0.24327265723702887,58.123579010201404,1.4112518326104748,1.1772953687777241,0.2339564638327507,0.9340319493055387
2024-10-15,231.9100341796875,233.85000610351562,237.49000549316406,232.3699951171875,233.61000061035156,64751400,0.011024656368842312,0.035788641883993,227.52399978637695,224.15820037841797,0.2446743162085455,61.189283760360304,1.8087404157389528,1.3035843781699699,0.505156037568983,1.0
2024-10-16,229.85719299316406,231.77999877929688,232.1199951171875,229.83999633789062,231.60000610351562,34082200,-0.008851859184055066,0.009758671946860975,228.0784996032715,224.64920043945312,0.242727374982289,57.50875193449745,1.9344218790416505,1.4297518783443062,0.5046700006973444,0.9138573687318631
2024-10-17,230.22412109375,232.14999389648438,233.85000610351562,230.52000427246094,233.42999267578125,32993800,0.001596320300009113,0.013578417313636182,228.24249954223632,225.09580017089843,0.20568889533743204,57.99509641780657,2.0403608481964284,1.5518736723147306,0.48848717588169777,0.9172341041965367
2024-10-18,233.05047607421875,235.0,236.17999267578125,234.00999450683594,236.17999267578125,46431500,0.01227657195109133,0.0327400432798397,228.5824996948242,225.52960021972658,0.20909474005916284,61.63748333412835,2.3274604038181224,1.7069910186154091,0.6204693852027132,1.0
2024-10-21,234.51820373535156,236.47999572753906,236.85000610351562,234.4499969482422,234.4499969482422,36254500,0.006297854159740712,0.022395125842787467,229.082999420166,225.93440002441406,0.2068461232502931,63.411781891371845,2.64393452504828,1.8943797199019834,0.7495548051462968,1.0
2024-10-22,233.90335083007812,235.86000061035156,236.22000122070312,232.60000610351562,233.88999938964844,38846600,-0.002621765597043635,0.008595229653088898,229.50749969482422,226.30100006103515,0.20743941418208012,62.11569695623877,2.8122957272045426,2.0779629213624955,0.7343328058420471,0.9692462562584913
2024-10-23,228.84564208984375,230.75999450683594,235.13999938964844,227.75999450683594,234.0800018310547,52287000,-0.021623022514703605,-0.004400743281702257,229.72699966430665,226.49079986572266,0.22283296191019888,52.5930260631155,2.5053156040869453,2.1634334579073857,0.3418821461795596,0.7162696175082595
2024-10-24,228.65724182128906,230.57000732421875,230.82000732421875,228.41000366210938,229.97999572753906,31109500,-0.0008233107433687215,-0.006805886770645975,229.87949981689454,226.66779998779296,0.22240343096331391,52.27154084781915,2.2210978337537313,2.1749663330766547,0.04613150067707661,0.706845644695562
2024-10-25,229.49026489257812,231.41000366210938,233.22000122070312,229.57000732421875,229.74000549316406,38802300,0.0036431292501519774,-0.015276580161236675,230.06050033569335,226.8016000366211,0.22263679547442414,53.62139939060445,2.040116692113486,2.147996404884021,-0.1078797127705351,0.7485121536778925
2024-10-28,231.4637451171875,233.39999389648438,234.72999572753906,232.5500030517578,233.32000732421875,36087100,0.008599413175243154,-0.01302436521778072,230.08050003051758,226.94859985351562,0.2093051438918713,56.74265235674962,2.033818817022251,2.125160887311667,-0.0913420702894161,0.8472220435133079
2024-10-29,231.73150634765625,233.6699981689453,234.3300018310547,232.32000732421875,233.10000610351562,35417200,0.0011568306749001334,-0.00928517949520491,230.4534996032715,227.10419982910156,0.17837716521582903,57.163888610179505,2.027245964346264,2.1055779027185864,-0.07833193837232244,0.860615120287919
2024-10-30,228.1911163330078,230.10000610351562,233.47000122070312,229.5500030517578,232.61000061035156,47070900,-0.015277922255336196,-0.002860064218370262,230.61949996948243,227.17600006103515,0.18818840219743793,50.20282913244385,1.7142080835049285,2.0273039388758547,-0.3130958553709262,0.6835320786706075
2024-10-31,224.03590393066406,225.91000366210938,229.8300018310547,225.3699951171875,229.33999633789062,64370100,-0.01820948426885871,-0.020210797215947762,230.63150024414062,227.16620025634765,0.1991427057154884,43.50646467189043,1.1151701406993482,1.8448771792405536,-0.7297070385412054,0.47569453642697385
2024-11-01,221.060791015625,222.91000366210938,225.35000610351562,220.27000427246094,220.97000122070312,65276700,-0.013279624414008095,-0.03673134205732598,230.4370002746582,227.1338003540039,0.20372674576921868,39.44913719705231,0.3938136881798471,1.5546644810284125,-1.1608507928485654,0.32688492701738187
2024-11-04,220.16824340820312,222.00999450683594,222.7899932861328,219.7100067138672,220.99000549316406,44944500,-0.004037544930633463,-0.04880034142031742,230.4529998779297,227.03720031738283,0.18747473555009403,38.29530628173744,-0.24763513103164314,1.1942045586164016,-1.4418396896480448,0.28224159006361615
2024-11-05,221.59629821777344,223.4499969482422,223.9499969482422,221.13999938964844,221.8000030517578,28111300,0.006486205472888695,-0.043736899476988,230.33699951171874,226.96260040283204,0.17652754987960756,41.255842160197666,-0.6325007048198188,0.8288635059291576,-1.4613642107489764,0.35367032368179047
2024-11-06,220.8723602294922,222.72000122070312,226.07000732421875,221.19000244140625,222.61000061035156,54561100,-0.0032669310248778505,-0.032073032103669075,229.99599990844726,226.85640045166016,0.1646167841283868,40.20278950153379,-0.9850588539468106,0.466079033953964,-1.4511378879007746,0.31746019731987085
2024-11-07,225.59286499023438,227.47999572753906,227.8800048828125,224.57000732421875,224.6300048828125,42137700,0.02137210165565251,0.006949634987293063,229.9180000305176,226.87620025634766,0.1833998693982835,49.29174743627428,-0.8703392226155415,0.1987953826400629,-1.0691346052556043,0.553571171771224
2024-11-08,225.3248291015625,226.9600067138672,228.66000366210938,226.41000366210938,227.1699981689453,38328800,-0.0022858669924307184,0.01816878105612907,229.88850021362305,226.81960052490234,0.18210669998521054,48.42581794011263,-0.8120213789581499,-0.003367969679579641,-0.8086534092785702,0.5277780510972938
2024-11-11,222.61448669433594,224.22999572753906,225.6999969482422,221.5,225.0,42005600,-0.01202859933719469,0.009999555315671982,229.5349998474121,226.7242004394531,0.17575538789632297,44.05045918287431,-0.9748556099996506,-0.19766549774359385,-0.7771901122560567,0.39236076157749933
2024-11-12,222.61448669433594,224.22999572753906,225.58999633789062,223.36000061035156,224.5500030517578,40398300,0.0,0.0034907083909136993,229.0539993286133,226.75340026855469,0.169590081990808,44.050459182874306,-1.0913228211005617,-0.37639696241498743,-0.7149258586855742,0.39236076157749933
2024-11-13,223.49806213378906,225.1199951171875,226.64999389648438,222.75999450683594,224.00999450683594,48566200,0.003969136184303723,0.010775834605470047,228.72099914550782,226.83880004882812,0.16886860213904545,45.89861987315621,-1.0991382309529456,-0.5209452161225792,-0.5781930148303664,0.43650758209361906
2024-11-14,226.57574462890625,228.22000122070312,228.8699951171875,225.0,225.02000427246094,44923900,0.013770460957508002,0.00325305744268789,228.52449951171874,226.95559997558593,0.17706658762530306,51.863176350294616,-0.8454416893208929,-0.5858445107622419,-0.25959717855865105,0.5902778145707895
2024-11-15,223.37893676757812,225.0,226.9199981689453,224.27000427246094,226.39999389648438,47923700,-0.014109198157391867,-0.00863591230122851,228.02449951171874,227.03919982910156,0.17600115400403818,46.16937889463262,-0.8939081237186031,-0.6474572333535141,-0.24645089036508894,0.4305554399203757
2024-11-18,226.37718200683594,228.02000427246094,229.74000549316406,225.1699981689453,225.25,44633700,0.013422241210937491,0.01690232625936039,227.60149993896485,227.1813998413086,0.18222385854078563,51.54265015312164,-0.6807813924809807,-0.6541220651790075,-0.02665932730197318,0.5803573253204461
2024-11-19,226.63528442382812,228.27999877929688,230.16000366210938,226.66000366210938,226.97999572753906,36211800,0.0011402267431117608,0.018061825486894056,227.2224998474121,227.3447998046875,0.18247624342962201,51.98698426767605,-0.4853032646984161,-0.6203583050828892,0.13505504038447314,0.5932538856574112
2024-11-20,227.35012817382812,229.0,229.92999267578125,225.88999938964844,228.05999755859375,35169600,0.0031540267415159917,0.01723527437353023,227.1345001220703,227.4715997314453,0.16689044894327945,53.265028044035255,-0.26918436903264364,-0.5501235178728401,0.28093914884019644,0.6289682524664983
2024-11-21,226.8735809326172,228.52000427246094,230.16000366210938,225.7100067138672,228.8800048828125,42108300,-0.002096051211960992,0.001314534441123394,227.03199996948243,227.58659973144532,0.16700143430300682,52.26618698868928,-0.1350830772573488,-0.46711542974974185,0.33203235249239305,0.6051589268887114
2024-11-22,228.21383666992188,229.8699951171875,230.72000122070312,228.05999755859375,228.05999755859375,38168300,0.005907539031537068,0.021644422743055447,226.95499954223632,227.73399963378907,0.1679183568619619,54.831654630444255,0.07921302302636946,-0.3578497391945196,0.4370627622208891,0.6721227969921397
2024-11-25,231.19223022460938,232.8699951171875,233.25,229.74000549316406,231.4600067138672,90152800,0.013050855108212911,0.02127002347974405,226.9284996032715,228.06499938964845,0.17174052824961578,59.97921167051377,0.48552235489506756,-0.18917532037660217,0.6746976752716698,0.8166581938679669
2024-11-26,233.36643981933594,235.05999755859375,235.57000732421875,233.3300018310547,233.3300018310547,45986200,0.009404399395912533,0.029700362780586076,226.9979995727539,228.43039947509766,0.17497910274876288,63.269972139417185,0.973023908181915,0.04326452533510125,0.9297593828468137,0.9100697420693401
2024-11-27,233.23736572265625,234.92999267578125,235.69000244140625,233.80999755859375,234.47000122070312,33498400,-0.000553071063399857,0.025895164523062286,227.2394989013672,228.71519927978517,0.1650568094205965,62.93912219761923,1.333510218160285,0.30131366390013803,1.032196554260147,0.8951992051807688
2024-11-29,235.6201171875,237.3300018310547,237.80999755859375,233.97000122070312,234.80999755859375,28481400,0.01021584825308186,0.038552412891125876,227.81049880981445,228.8843994140625,0.151234757616937,66.4291848526798,1.7921995364482086,0.5994908384097521,1.1927086980384565,1.0
2024-12-02,237.8638153076172,239.58999633789062,240.7899932861328,237.16000366210938,237.27000427246094,48137100,0.009522582435425697,0.04228477586101609,228.6444984436035,229.11219940185546,0.14096673857759168,69.35567305592006,2.311432045208278,0.9418790797694574,1.3695529654388205,1.0
2024-12-03,240.90174865722656,242.64999389648438,242.75999450683594,238.89999389648438,239.80999755859375,38861000,0.01277180852859261,0.041997676748244395,229.67649841308594,229.43579925537108,0.14143249292324028,72.81161672148143,2.9359994052334173,1.3407031448622495,1.5952962603711678,1.0
2024-12-04,241.25918579101562,243.00999450683594,244.11000061035156,241.25,242.8699951171875,44383900,0.0014836209330593153,0.03382113941467435,230.6544982910156,229.74859924316405,0.1416117778741016,73.1946225080533,3.4205921216887702,1.7566809402275536,1.6639111814612166,1.0
2024-12-05,241.28895568847656,243.0399932861328,244.5399932861328,242.1300048828125,243.99000549316406,40033900,0.00012344668933361724,0.03452092479968649,231.6704978942871,230.08199920654297,0.1397261441799519,73.22846639467386,3.763670738095527,2.1580788998011484,1.6055918382943788,1.0
2024-12-06,241.0904083251953,242.83999633789062,244.6300048828125,242.0800018310547,242.91000366210938,36870600,-0.0008228972752098995,0.02321659488612937,232.4384979248047,230.38839904785155,0.1254789363861996,72.57062133947456,3.9736195187470855,2.521187023590336,1.4524324951567493,0.9906324574236721
2024-12-09,244.9722442626953,246.75,247.24000549316406,241.75,241.8300018310547,44649200,0.01610115187396466,0.029884401567466634,233.42799758911133,230.76759918212892,0.13145099695611517,76.93342161581673,4.404735014881737,2.8978966218486164,1.5068383930331208,1.0
2024-12-10,245.98484802246094,247.77000427246094,248.2100067138672,245.33999633789062,246.88999938964844,36914800,0.004133755916761572,0.021100393590616662,234.60499801635743,231.06299926757814,0.116635942245034,77.92005728995137,4.773675017748957,3.2730523010286845,1.5006227167202724,1.0
2024-12-11,244.714111328125,246.49000549316406,250.8000030517578,246.25999450683594,247.9600067138672,45205800,-0.005166076430661581,0.014320443870592392,235.71799850463867,231.46859924316405,0.12095223370104247,73.66201955129245,4.90622155591754,3.599686152006456,1.306535403911084,0.9509202956507189
2024-12-12,246.1735076904297,247.9600067138672,248.74000549316406,245.67999267578125,246.88999938964844,32777500,0.005963735599591624,0.020243637111781787,236.85999908447266,231.89219940185546,0.12098402718751552,75.32939307165492,5.071422256636595,3.894033372932484,1.1773888837041109,1.0
2024-12-13,246.34230041503906,248.1300048828125,249.2899932861328,246.24000549316406,247.82000732421875,33155300,0.0006855870476785153,0.021783926143538856,237.85549926757812,232.34139953613283,0.11707031044608056,75.52238130300915,5.156620126726807,4.146550723691348,1.010069403035459,1.0
2024-12-16,249.23130798339844,251.0399932861328,251.3800048828125,247.64999389648438,247.99000549316406,51694800,0.011727676403724852,0.017385991027893954,239.15749893188476,232.82619934082032,0.09775860496667133,78.60732836132776,5.396741520062591,4.396588882965597,1.0001526370969938,1.0
2024-12-17,251.65371704101562,253.47999572753906,253.8300018310547,249.77999877929688,250.0800018310547,51356400,0.009719576588042456,0.02304553156805511,240.43049850463868,233.46199920654297,0.09461615686114051,80.79316653807602,5.718013558371609,4.6608738180468,1.0571397403248097,1.0
2024-12-18,246.26287841796875,248.0500030517578,254.27999877929688,247.74000549316406,252.16000366210938,56774100,-0.021421779893107784,0.006328847108719948,241.41899871826172,233.9075991821289,0.1336777470413114,64.90056115470429,5.471398063726639,4.822978667182768,0.6484193965438712,0.8274549582092476
2024-12-19,247.9903106689453,249.7899932861328,252.0,247.08999633789062,247.5,60882300,0.007014675319362729,0.00738016826389809,242.45849838256837,234.3125991821289,0.1339809834972385,67.13171618936866,5.354631320935312,4.929309197933277,0.42532212300203476,0.8827453988473724
2024-12-20,252.65647888183594,254.49000549316406,255.0,245.69000244140625,248.0399932861328,147495300,0.018815854651340613,0.025631727260696513,243.75699844360352,234.82159942626953,0.14093970158922947,72.26100503130048,5.5770557147971545,5.0588585013060525,0.5181972134911019,1.0
2024-12-23,253.43084716796875,255.27000427246094,255.64999389648438,253.4499969482422,254.77000427246094,40858800,0.0030649485734630666,0.016849948611601606,245.0269989013672,235.3759994506836,0.1411740011279411,73.01367315571277,5.749985775404383,5.197083956125719,0.5529018192786639,1.0
2024-12-24,256.3397521972656,258.20001220703125,258.2099914550781,255.2899932861328,255.49000549316406,23234700,0.011478073747524853,0.018620863811934285,246.2934997558594,235.91399963378908,0.14013406912148968,75.68289255598572,6.053678213391095,5.368402807578795,0.6852754058123001,1.0
2024-12-26,257.1538391113281,259.0199890136719,260.1000061035156,257.6300048828125,258.19000244140625,27237100,0.003175742710589624,0.04422489750836678,247.4914993286133,236.41739929199218,0.1394055099243364,76.38679565533391,6.288037353501409,5.552329716763317,0.7357076367380913,1.0
2024-12-27,253.74853515625,255.58999633789062,258.70001220703125,253.05999755859375,257.8299865722656,42355300,-0.013242192962953925,0.023219517225071318,248.52449951171874,236.89359924316406,0.1526392049368734,67.57501959271535,6.126375869724939,5.667138947355642,0.45923692236929625,0.9073225294549094
2024-12-30,250.38296508789062,252.1999969482422,253.5,250.75,252.22999572753906,35557500,-0.013263427513676485,-0.0089984223171522,249.26799926757812,237.2945993041992,0.16291075959360762,60.18531908420921,5.6594744610993075,5.665606050104375,-0.006131589005067717,0.8157256666393182
2024-12-31,248.61578369140625,250.4199981689453,253.27999877929688,249.42999267578125,252.44000244140625,39480700,-0.007057885808230857,-0.01899951432734337,249.80949935913085,237.60299926757813,0.16485170300004104,56.680397450696574,5.087178874100005,5.549920614903502,-0.46274174080349706,0.7676305830540423
