Date,Adj Close,Close,High,Low,Open,Volume,Daily_Return,Return_5D,SMA_20,SMA_50,Volatility_20,RSI_14,MACD,MACD_Signal,MACD_Histogram,Price_Position
2020-01-02,94.90049743652344,94.90049743652344,94.90049743652344,93.2074966430664,93.75,80580000,0.0,0.0,,,0.0,50.0,0.0,0.0,0.0,0.0
2020-01-03,93.74849700927734,93.74849700927734,94.30999755859375,93.2249984741211,93.2249984741211,75288000,-0.012139034655920922,0.0,,,0.0,0.0,-0.09189746997974169,-0.018379493995948338,-0.07351797598379335,0.0
2020-01-06,95.14399719238281,95.14399719238281,95.18450164794922,93.0,93.0,81236000,0.01488557393050649,0.0,,,0.0,56.60764919958025,-0.051527695727770606,-0.02500913434231279,-0.026518561385457814,1.0
2020-01-07,95.34300231933594,95.34300231933594,95.69450378417969,94.60199737548828,95.2249984741211,80898000,0.0020916204156393725,0.0,,,0.0,60.07824322683982,-0.0034366921468915734,-0.02069464590322855,0.017257953756336975,1.0
2020-01-08,94.59850311279297,94.59850311279297,95.55000305175781,94.3219985961914,94.9020004272461,70160000,-0.007808640261289357,0.0,,,0.0,45.43682184544842,-0.025109640949949608,-0.02157764491257276,-0.003531996037376847,0.533084523553195
2020-01-09,95.05249786376953,95.05249786376953,95.89099884033203,94.79000091552734,95.49449920654297,63346000,0.0047991747864684076,0.0016016820917905683,,,0.0,52.96453008229045,-0.0055876162482348946,-0.018379639179705188,0.012792022931470293,0.8178090384937439
2020-01-10,94.15799713134766,94.15799713134766,95.34700012207031,94.0,95.26850128173828,57074000,-0.009410596802031268,0.004368071330570711,,,0.0,40.97084604170188,-0.06158508989450695,-0.02702072932266554,-0.03456436057184141,0.2568195411373478
2020-01-13,94.56500244140625,94.56500244140625,94.9000015258789,94.04000091552734,94.56549835205078,55616000,0.004322578245699482,-0.006085457496659785,,,0.0,46.866597488426144,-0.07228826998428417,-0.036074237454989264,-0.03621403252929491,0.5120744515419029
2020-01-14,93.47200012207031,93.47200012207031,94.35549926757812,92.92749786376953,94.29399871826172,68818000,-0.011558211718052602,-0.019623906859981277,,,0.0,36.363001231737435,-0.16704122265140597,-0.06226763449427261,-0.10477358815713336,0.0
2020-01-15,93.10099792480469,93.10099792480469,93.94300079345703,92.75450134277344,93.61250305175781,57932000,-0.003969126548924895,-0.015830115051638338,,,0.0,33.60955008594614,-0.26896987967786856,-0.10360808353099181,-0.16536179614687674,0.0
2020-01-16,93.89700317382812,93.89700317382812,94.27950286865234,93.3010025024414,94.14949798583984,53190000,0.00854991102959346,-0.012156384270905485,,,0.0,43.495624345146524,-0.28226433606222656,-0.13933933403723875,-0.1429250020249878,0.35504178803800396
2020-01-17,93.23600006103516,93.23600006103516,94.33200073242188,92.86250305175781,94.29450225830078,79946000,-0.00703966144232826,-0.0097920208415897,,,0.0,38.38418889272702,-0.3421931261467108,-0.1799100924591332,-0.16228303368757763,0.060214929355075816
2020-01-21,94.5999984741211,94.5999984741211,94.7135009765625,93.0,93.25,74156000,0.014629525206926841,0.00037007383081832934,,,0.0,51.14320834628751,-0.2764372549280125,-0.19921552495290906,-0.07722172997510346,0.6685983992595214
2020-01-22,94.37300109863281,94.37300109863281,95.125,94.16699981689453,94.80449676513672,64326000,-0.0023995494624704516,0.009639260691820306,,,0.0,49.31309070716379,-0.239876892844876,-0.20734779853130247,-0.03252909431357354,0.5673508834018458
2020-01-23,94.22899627685547,94.22899627685547,94.4990005493164,93.63800048828125,94.25550079345703,49692000,-0.0015259112256781338,0.01211585672757054,,,0.0,48.136285732104724,-0.2199866588435242,-0.20987557059374684,-0.010111088249777356,0.5031204911115346
2020-01-24,93.08200073242188,93.08200073242188,94.74949645996094,92.37200164794922,94.56849670410156,75324000,-0.012172426638861644,-0.008679749234354883,,,0.0,39.95716967022821,-0.2933943917734325,-0.226579334829684,-0.06681505694374851,0.0
2020-01-27,91.41699981689453,91.41699981689453,92.05000305175781,90.76699829101562,91.0,70570000,-0.01788746376771211,-0.0195096340785732,,,0.0,31.571062294965486,-0.4803846328657073,-0.2773403944368887,-0.20304423842881864,0.0
2020-01-28,92.6624984741211,92.6624984741211,92.90550231933594,91.5009994506836,92.0250015258789,56160000,0.01362436592451366,-0.0204809728462102,,,0.0,41.46744834532665,-0.5220564715169047,-0.3262836098528919,-0.1957728616640128,0.3172434700314231
2020-01-29,92.9000015258789,92.9000015258789,93.73750305175781,92.7509994506836,93.19999694824219,41760000,0.0025630978623367717,-0.01560827308240853,,,0.0,43.155689366251316,-0.5298098740633321,-0.36698886269498,-0.16282101136835214,0.3777383504116878
2020-01-30,93.53399658203125,93.53399658203125,93.64350128173828,92.53050231933594,92.9000015258789,126548000,0.006824489189870775,-0.007375645738411873,93.90067443847656,,0.0,47.50810723591958,-0.47927165364096425,-0.3894454208841769,-0.08982623275678736,0.5392245073252635
2020-01-31,100.43599700927734,100.43599700927734,102.78600311279297,100.1135025024414,102.57350158691406,311346000,0.07379135586484753,0.07900556733836894,94.17744941711426,,0.30534590763500474,72.33878659338089,0.11637253209579512,-0.2882818302881825,0.4046543623839776,1.0
2020-02-03,100.20999908447266,100.20999908447266,102.42500305175781,100.01249694824219,100.52999877929688,117834000,-0.0022501685803328897,0.09618560317216973,94.50052452087402,,0.30082358750881305,71.15193279602784,0.5636908200009145,-0.11788730023036309,0.6815781202312776,0.9749420118463327
2020-02-04,102.4834976196289,102.4834976196289,102.98999786376953,100.76850128173828,101.49400329589844,105786000,0.022687342140775613,0.10598677250485133,94.86749954223633,,0.3059696249737403,75.50570633169234,1.089091745580049,0.12350850893171936,0.9655832366483297,1.0
2020-02-05,101.99349975585938,101.99349975585938,103.5510025024414,101.5999984741211,103.5510025024414,87524000,-0.004781236737139594,0.09788480172895708,95.2000244140625,,0.30747522661650656,72.95029760627907,1.4492311967663625,0.388653046498648,1.0605781502677145,0.9557224089767171
2020-02-06,102.5114974975586,102.5114974975586,102.81500244140625,101.23999786376953,102.0510025024414,63660000,0.0050787328892443195,0.09598115384339301,95.59567413330078,,0.30455026886035835,73.95385544689445,1.7561980373838821,0.6621620446756948,1.0940359927081873,1.0
2020-02-07,103.96399688720703,103.96399688720703,104.92649841308594,101.90499877929688,102.09950256347656,101906000,0.014169136390608683,0.035126846777891796,96.04124908447265,,0.3066065257662635,76.57793976677297,2.092554367670033,0.9482405092745625,1.1443138583954704,1.0
2020-02-10,106.69550323486328,106.69550323486328,106.77999877929688,104.24800109863281,104.25050354003906,101124000,0.026273579599096486,0.06471913191939693,96.66812438964844,,0.3110159425118317,80.54703169490527,2.550132575910453,1.2686189226017408,1.2815136533087124,1.0
2020-02-11,107.54000091552734,107.54000091552734,109.29750061035156,106.80000305175781,107.54499816894531,114920000,0.007915025985726132,0.049339683103574616,97.31687431335449,,0.310951971389945,81.58598377323453,2.9469400175659075,1.6042831415945742,1.3426568759713333,1.0
2020-02-12,108.0,108.0,109.01249694824219,107.7645034790039,108.16000366210938,66686000,0.004277469597884664,0.05889101029495314,98.04327430725098,,0.30366470818498126,82.14535989936697,3.2609407604440435,1.9356146653644681,1.3253260950795753,1.0
2020-02-13,107.49349975585938,107.49349975585938,108.51399993896484,107.0999984741211,107.24949645996094,60636000,-0.00468981707537619,0.048599448646425625,98.76289939880371,,0.30403369654705087,79.28923618783172,3.4293864425345646,2.2343690207984874,1.1950174217360772,0.969456658110838
2020-02-14,106.74349975585938,106.74349975585938,107.9520034790039,106.29450225830078,107.78399658203125,52124000,-0.006977166077050345,0.026735244429549,99.40522422790528,,0.308209578240925,75.12400602575431,3.4624491684740235,2.4799850503335947,0.9824641181404288,0.9242296188707319
2020-02-18,107.78350067138672,107.78350067138672,108.30349731445312,106.20549774169922,106.2509994506836,58912000,0.009742990607446878,0.01019721922233674,100.13259925842286,,0.3040845806433415,76.93352500650502,3.5318579393977245,2.690359628146421,0.8414983112513035,0.9869445018258006
2020-02-19,108.51100158691406,108.51100158691406,109.25499725341797,108.05599975585938,108.38999938964844,51224000,0.006749650094826309,0.00902920460405654,100.8281494140625,,0.30289930497672163,78.13186211859451,3.604023198318515,2.87309234218084,0.7309308561376753,1.0
2020-02-20,107.65499877929688,107.65499877929688,108.8395004272461,106.37249755859375,108.65350341796875,62626000,-0.007888626914309249,-0.0031944557472511903,101.4922492980957,,0.3057836269638382,73.3061175996698,3.5512063173973303,3.0087151372241383,0.542491180173192,0.9499237908633836
2020-02-21,104.79850006103516,104.79850006103516,107.22750091552734,104.4000015258789,107.10749816894531,92926000,-0.026533823330561868,-0.025071280597851353,102.02072448730469,,0.32694185855735564,59.99047877316928,3.2414871389521807,3.055269537569747,0.1862176013824337,0.7828184660428601
2020-02-24,100.4645004272461,100.4645004272461,101.96499633789062,99.39849853515625,100.15899658203125,130940000,-0.04135555023463999,-0.058823247719762106,102.3898494720459,,0.3623843433096719,46.26045698601248,2.616157474068089,2.967447124869415,-0.3512896508013261,0.5292792601800008
2020-02-25,98.63700103759766,98.63700103759766,101.7300033569336,97.9209976196289,101.32099914550781,124382000,-0.018190498951138112,-0.08485992361368144,102.75084953308105,,0.3626293501542622,41.90523557575253,1.950629637459656,2.764083627387463,-0.8134539899278073,0.422370450046752
2020-02-26,98.97949981689453,98.97949981689453,100.7334976196289,98.02249908447266,98.51399993896484,104492000,0.003472315416060967,-0.08783903595604625,103.06669960021972,,0.3608610799850949,42.98853617331014,1.4342971366139636,2.4981263292327633,-1.0638291926187997,0.4424066465971449
2020-02-27,94.21499633789062,94.21499633789062,98.75,94.13800048828125,96.71900177001953,162880000,-0.048136265467272676,-0.12484327336215528,103.13244934082032,,0.4048791775119749,33.60174555832454,0.6333435078643106,2.125169764959073,-1.4918262570947625,0.1636829432124773
2020-02-28,94.1875,94.1875,94.48799896240234,90.55650329589844,90.73149871826172,189620000,-0.0002918467224900523,-0.10125144973310929,103.16512451171874,,0.40431106787311927,33.55620700504606,-0.003595293840973568,1.6994167531990638,-1.7030120470400374,0.16207440600389636
2020-03-02,97.69750213623047,97.69750213623047,97.72550201416016,93.5,95.32450103759766,135234000,0.03726611425327642,-0.027542049970371574,103.0281997680664,,0.3307791464046644,43.99117376361867,-0.2225802781120052,1.31501734693685,-1.5375976250488552,0.36740971504700864
2020-03-03,95.44950103759766,95.44950103759766,99.81649780273438,94.40450286865234,98.76850128173828,150690000,-0.023009811402324054,-0.03231545937599034,102.79017486572266,,0.33976178951660163,39.6917458030786,-0.5709409058151635,0.9378256963864473,-1.5087666022016109,0.23590153288597193
2020-03-04,98.79149627685547,98.79149627685547,98.9000015258789,96.0999984741211,97.32849884033203,95458000,0.03501322901563819,-0.0018994189745034085,102.60557479858399,,0.354250149506133,47.85156274836587,-0.5707686616439105,0.6361068247803757,-1.2068754864242863,0.4314084296454657
2020-03-05,96.20149993896484,96.20149993896484,98.03600311279297,95.5,96.6500015258789,94964000,-0.026216794314283476,0.02108479200009583,102.31597480773925,,0.3648211516963086,42.99629986910153,-0.7707386208099081,0.3547377356623189,-1.125476356472227,0.2798935080527282
2020-03-06,95.05449676513672,95.05449676513672,95.54350280761719,93.4749984741211,93.75,105472000,-0.011922924014239333,0.009205008787118496,101.94312477111816,,0.3650253493273102,41.011693070509416,-1.010125723814454,0.08176504376696433,-1.0918907675814185,0.21279376223195695
2020-03-09,90.03050231933594,90.03050231933594,93.13849639892578,88.06449890136719,88.69300079345703,156264000,-0.05285383245165354,-0.07847692775403392,101.2464500427246,,0.39799568616707487,33.678885096027486,-1.586942803339852,-0.251976525654399,-1.334966277685453,0.0
2020-03-10,94.59100341796875,94.59100341796875,94.7135009765625,90.90850067138672,93.54399871826172,142666000,0.05065506668458686,-0.008994259899700707,100.64122505187989,,0.43281053983435686,43.54629482590378,-1.6569795409307488,-0.532977128709669,-1.1240024122210799,0.2467736954830911
2020-03-11,91.04299926757812,91.04299926757812,93.56600189208984,90.07499694824219,92.89250183105469,112496000,-0.03750889642974897,-0.07843283380952937,99.81637496948242,,0.44382379248223874,38.71971262650147,-1.97600034117211,-0.8215817712021573,-1.1544185699699527,0.05478731573115533
2020-03-12,83.83049774169922,83.83049774169922,88.25,83.75,86.0989990234375,226924000,-0.07922082514747941,-0.12859469140413016,98.60789985656739,,0.5077501629256043,31.15905939630926,-2.778783137258415,-1.213022044413409,-1.565761092845006,0.0
2020-03-13,89.25,89.25,89.31549835205078,84.03099822998047,87.75,176194000,0.06464833687376514,-0.06106493603851937,97.69572486877442,97.46510955810547,0.5762015716987806,40.55239284738407,-2.9437520066096425,-1.5591680368526557,-1.3845839697569868,0.21958637037110312
2020-03-16,84.4574966430664,84.4574966430664,87.97250366210938,81.30149841308594,82.07550048828125,178346000,-0.053697516604298,-0.06190130603184041,96.58142471313477,97.25624954223633,0.597884238322516,35.88880987333974,-3.4217620494566034,-1.9316868393734454,-1.490075210083158,0.02540462323214494
2020-03-17,90.39199829101562,90.39199829101562,92.88899993896484,84.46199798583984,88.77349853515625,218342000,0.07026613247879654,-0.044391168031054695,95.71184959411622,97.18911956787109,0.660956975634423,44.413507885551965,-3.2838693641076304,-2.2021233443202823,-1.081746019787348,0.265857641742941
2020-03-18,91.5,91.5,92.08300018310547,87.25,87.5,192904000,0.012257741060410998,0.005019614205357348,94.86129951477051,97.11623962402344,0.662866783368527,45.860935227384545,-3.050023171005165,-2.371703309657259,-0.678319861347906,0.3107514460158712
2020-03-19,94.04650115966797,94.04650115966797,97.25,91.63249969482422,93.0,207998000,0.027830613766863133,0.12186499774159243,94.18087463378906,97.09030960083008,0.6747250728705578,49.138879452725334,-2.6289125491877883,-2.423145157563365,-0.20576739162442337,0.4139300997272578
2020-03-20,92.30449676513672,92.30449676513672,97.8499984741211,91.0364990234375,96.31549835205078,196358000,-0.018522798541689034,0.03422405339088752,93.55617446899414,97.04442947387696,0.6720660646188188,47.04064446371822,-2.407986770983655,-2.420113480247423,0.01212670926376802,0.34334789421572015
2020-03-23,95.1415023803711,95.1415023803711,95.97000122070312,90.5999984741211,91.38749694824219,156170000,0.030735291504301987,0.12650156779400357,93.29002456665039,97.04620956420898,0.6697337599759251,50.73044704466601,-1.9811414908792813,-2.332319082373795,0.35117759149451366,0.4582971526679306
2020-03-24,97.00499725341797,97.00499725341797,97.75,95.01699829101562,97.57499694824219,142942000,0.019586561347294085,0.07315911903077854,93.2084243774414,97.10314956665039,0.6709483306785632,53.04463358281861,-1.4754865779518411,-2.160952581489404,0.685466003537563,0.5338018864745776
2020-03-25,94.29199981689453,94.29199981689453,97.51300048828125,94.28900146484375,96.03450012207031,129582000,-0.027967604900146936,0.030513659201033105,92.9740493774414,97.09768951416015,0.6780450553029059,49.406257694202445,-1.2789249849484179,-1.984547062181207,0.705622077232789,0.42387716801914604
2020-03-26,97.77449798583984,97.77449798583984,97.82450103759766,94.4645004272461,95.0999984741211,124426000,0.03693312450375408,0.039639931100069914,93.15202445983887,97.18373947143554,0.6676926166324423,53.78800221035308,-0.8325429714264629,-1.7541462440302582,0.9216032726037953,0.5649803720212196
2020-03-27,95.00499725341797,95.00499725341797,96.989501953125,94.99600219726562,96.54299926757812,107758000,-0.028325389436650084,0.0292564347666886,93.19289932250976,97.22181945800781,0.6767123182417929,50.073875439297,-0.6942546378184176,-1.5421679227878902,0.8479132849694726,0.45276626367922823
2020-03-30,98.19750213623047,98.19750213623047,98.68150329589844,95.61699676513672,96.1415023803711,122522000,0.03360354691971379,0.03212057492682474,93.21789932250977,97.30782943725586,0.6742507345245113,54.01568634701977,-0.32332458935049146,-1.2983992561004105,0.975074666749919,0.5821195744071807
2020-03-31,97.48600006103516,97.48600006103516,99.6510009765625,97.20050048828125,98.21749877929688,102472000,-0.007245622950859176,0.004958536376848732,93.31972427368164,97.39282943725586,0.6690720832502808,53.01115275659444,-0.08578326860802576,-1.0558760586019338,0.970092789993908,0.5532910675153628
2020-04-01,95.38500213623047,95.38500213623047,97.24800109863281,94.6500015258789,96.64849853515625,82438000,-0.02155179126735396,0.011591676085547453,93.14939956665039,97.40852951049804,0.6620353936900663,50.05114584597582,-0.06629878318328508,-0.8579606035182041,0.791661820334919,0.46816322985122055
2020-04-02,95.94149780273438,95.94149780273438,96.37650299072266,94.5,95.08200073242188,86720000,0.005834205106051371,-0.018747221625939003,93.13639945983887,97.43989944458008,0.6555396351222351,50.83423130027142,-0.0058848023096516044,-0.6875454432764936,0.681660640966842,0.4907112163102491
2020-04-03,95.32949829101562,95.32949829101562,96.31649780273438,94.4574966430664,95.55750274658203,72198000,-0.0063788821910731874,0.0034156207250033432,93.15014953613282,97.46190948486328,0.6544207802095029,49.90756371982644,-0.007305321906898143,-0.5514974190025745,0.5441920970956764,0.4659143355189598
2020-04-06,99.87950134277344,99.87950134277344,99.9260025024414,96.5009994506836,96.80000305175781,115464000,0.04772922477644714,0.017128737187321885,93.6425994873047,97.59785949707032,0.642009281210409,56.28752959419221,0.35462819332843765,-0.3702722965363721,0.7249004898648097,0.6502705010289271
2020-04-07,100.58000183105469,100.58000183105469,101.78600311279297,99.88099670410156,100.85549926757812,102280000,0.007013456003121421,0.03173790870568505,93.94204940795899,97.78111953735352,0.6200476709156602,57.1915070057819,0.6900333716426132,-0.15821116290057508,0.8482445345431884,0.6786532476970858
2020-04-08,102.1500015258789,102.1500015258789,102.19999694824219,100.55750274658203,101.05000305175781,79546000,0.015609461784076739,0.07092309312932188,94.49739952087403,97.97086959838867,0.6015012752567773,59.22669241183846,1.0701937192349504,0.08746981352653002,0.9827239057084204,0.7422661992263804
2020-04-09,102.13800048828125,102.13800048828125,102.6500015258789,100.88300323486328,102.21499633789062,92930000,-0.00011748445832981957,0.06458626170593584,95.41277465820312,98.15562957763672,0.5107514321995187,59.20352244038209,1.354886857862354,0.34095322239369485,1.0139336354686592,0.7417799434484221
2020-04-13,108.44349670410156,108.44349670410156,109.0,101.9000015258789,102.0,134334000,0.0617350661426328,0.13756495783762945,96.3724494934082,98.45381958007812,0.5067372808765261,66.5974166427801,2.0654992787570876,0.6858624336663734,1.3796368450907142,0.997264849889781
2020-04-14,114.16600036621094,114.16600036621094,114.5999984741211,109.31050109863281,110.02349853515625,161744000,0.052769449861283624,0.1430373483184313,97.85787467956543,98.7284196472168,0.46793278581428427,71.62380674569047,3.055204467275857,1.1597308403882702,1.8954736268875867,1.0
2020-04-15,115.38400268554688,115.38400268554688,116.66850280761719,112.25,112.88400268554688,137332000,0.010668695718768717,0.14718632516390917,99.10747489929199,99.03189971923828,0.4210421435926221,72.56993432438415,3.892959948515056,1.7063766620136276,2.1865832865014285,1.0
2020-04-16,120.40950012207031,120.40950012207031,123.05000305175781,116.75,117.30000305175781,240764000,0.043554542393708484,0.17875181912322824,100.55294990539551,99.3904197692871,0.435115785203626,76.1094038650082,4.905851247003312,2.3462715790115647,2.5595796679917475,1.0
2020-04-17,118.75,118.75,120.0,115.8010025024414,118.61650085449219,158600000,-0.013782136130354505,0.16264269353525007,101.7881248474121,99.72554977416992,0.44279826627859653,72.77016410802851,5.511138137824659,2.9792448907741838,2.5318932470504754,0.9546324389929008
2020-04-20,119.68049621582031,119.68049621582031,122.2490005493164,119.30249786376953,119.49749755859375,115414000,0.007835757606907912,0.10362077813093751,103.15692481994628,100.06892974853515,0.42827245329120217,73.4729456007327,5.996788384170927,3.5827535894535325,2.414034794717394,0.9800704267801137
2020-04-21,116.40599822998047,116.40599822998047,121.41549682617188,113.98300170898438,120.83049774169922,149534000,-0.02736033095931456,0.019620533754219904,104.22014961242675,100.31776977539063,0.4463712020349281,66.92673833048875,6.047730608116865,4.075748993186199,1.971981614930666,0.8905519114365407
2020-04-22,118.17449951171875,118.17449951171875,119.69999694824219,117.55000305175781,118.44999694824219,84244000,0.015192527091639096,0.024184434247585873,105.2786247253418,100.54734970092774,0.44545735606468384,68.55619469107405,6.159799625328631,4.492559119614685,1.6672405057139459,0.9388993557803834
2020-04-23,119.97250366210938,119.97250366210938,121.21099853515625,119.10399627685547,119.9990005493164,101332000,0.015214823484082762,-0.0036292523390423215,106.56264991760254,100.79599975585937,0.42202803502990227,70.16555632985168,6.320836370180089,4.858214569727766,1.4626218004523235,0.9880533521549665
2020-04-24,120.51100158691406,120.51100158691406,121.02149963378906,119.0999984741211,120.8499984741211,76498000,0.004488511186874211,0.014829487047697265,107.69947509765625,101.04621978759765,0.41267070876752887,70.65006737586108,6.417929536128696,5.170157563007952,1.2477719731207442,1.0
2020-04-27,118.80000305175781,118.80000305175781,122.24400329589844,118.1500015258789,122.16000366210938,112912000,-0.01419786171076054,-0.007357031361857835,108.88922538757325,101.27234985351562,0.3976688125871806,66.93076234500496,6.284370970621495,5.393000244530661,0.8913707260908339,0.9533540067394832
2020-04-28,115.7040023803711,115.7040023803711,118.67500305175781,115.30000305175781,118.6050033569336,105388000,-0.0260606110425593,-0.0060305814157657345,109.76455039978028,101.45155990600585,0.4099514178649943,60.703475566514236,5.861139893140617,5.486628174252653,0.3745117188879643,0.8689494771710976
2020-04-29,118.635498046875,118.635498046875,119.59449768066406,115.5,116.50050354003906,91832000,0.02533616474965794,0.003900998413879808,110.82202529907227,101.66859985351563,0.40961731185727285,64.10862435056156,5.696606482264002,5.528623835854924,0.16798264640907856,0.9488691990722551
2020-04-30,123.69999694824219,123.69999694824219,123.75,119.80049896240234,120.99199676513672,190692000,0.042689574239964,0.031069563211174822,112.23777503967285,101.97237976074219,0.40708469911288925,69.09161599536725,5.90678555724449,5.604256180132837,0.30252937711165284,1.0
2020-05-01,114.302001953125,114.302001953125,118.12200164794922,112.90950012207031,116.83999633789062,195452000,-0.07597409237648922,-0.051522263959536074,113.15580024719239,102.10531982421875,0.5161768120251383,54.08560776213719,5.254444370712804,5.53429381824883,-0.2798494475360265,0.7642810874941994
2020-05-04,115.79949951171875,115.79949951171875,116.3489990234375,112.81900024414062,112.81900024414062,97318000,0.013101236487597756,-0.025256763156241924,114.17930030822754,102.32533981323242,0.5129511958508317,55.735336698074164,4.802929635275632,5.388020981654192,-0.5850913463785599,0.8018410666360491
2020-05-05,115.88999938964844,115.88999938964844,117.55000305175781,115.35649871826172,117.0,64850000,0.0007815221854263754,0.0016075244196469551,114.97982521057129,102.63384979248048,0.4942099305568595,55.83860643609297,4.401663896801878,5.190749564683729,-0.7890856678818512,0.8041109691863886
2020-05-06,117.56300354003906,117.56300354003906,117.87249755859375,116.0,116.47200012207031,62356000,0.014436139090531874,-0.009040249541601542,115.8289752960205,103.0123698425293,0.4947304368356473,57.79869415739746,4.170579516583786,4.986715555063741,-0.8161360384799554,0.8460729748219163
2020-05-07,118.38050079345703,118.38050079345703,118.80000305175781,117.15550231933594,118.73899841308594,67928000,0.006953694859791026,-0.04300320360566301,116.64050025939942,103.40038986206055,0.4939868674989591,58.761870189810715,4.0072159851575435,4.790815641082501,-0.7835996559249576,0.8665773019312925
2020-05-08,118.98049926757812,118.98049926757812,119.36199951171875,117.8499984741211,118.60700225830078,64132000,0.005068389389295991,0.04093101813187627,117.48262519836426,103.8956999206543,0.4932180375645627,59.49260966585559,3.8814214614895803,4.608936805163918,-0.7275153436743373,0.8816263616401395
2020-05-11,120.44999694824219,120.44999694824219,120.9834976196289,118.60549926757812,118.73500061035156,65184000,0.012350743942999287,0.04015990963806204,118.08295021057128,104.42094985961914,0.4513995056354083,61.301296852420656,3.855856661500823,4.458320776431299,-0.6024641149304761,0.9184840526046376
2020-05-12,117.84750366210938,117.84750366210938,120.94999694824219,117.75,120.59249877929688,61498000,-0.021606420523622827,0.016891054299511765,118.26702537536622,104.82394989013672,0.4248595038267571,56.490571518858935,3.584279571316685,4.283512535408376,-0.6992329640916912,0.8532087585095034
2020-05-13,118.39600372314453,118.39600372314453,120.38500213623047,116.88999938964844,118.33999633789062,95658000,0.004654320575239401,0.007085563978652232,118.4176254272461,105.28287994384766,0.42375456850867294,57.25199884324666,3.3744139975932654,4.101692827845354,-0.7272788302520885,0.8669661437777172
2020-05-14,119.44249725341797,119.44249725341797,119.56849670410156,117.6604995727539,118.05049896240234,72962000,0.008838926123896362,0.008971042129766404,118.36927528381348,105.6958999633789,0.395157291979649,58.73575829554486,3.255015507802213,3.9323573638367257,-0.6773418560345128,0.8932141165664423
2020-05-15,120.48899841308594,120.48899841308594,120.55000305175781,117.81849670410156,118.4260025024414,84700000,0.008761547889003296,0.012678541061718951,118.45622520446777,106.18164993286133,0.39290211066474545,60.222623742639584,3.2078570626368474,3.7874573035967503,-0.5796002409599028,0.9194622807143438
2020-05-18,121.31300354003906,121.31300354003906,121.6500015258789,119.20050048828125,120.21749877929688,87144000,0.006838841203809398,0.007164853579595398,118.53785057067871,106.70682006835938,0.39268879510269644,61.40196075090275,3.2000853899407247,3.6699829208655457,-0.469897530924821,0.9401298372011807
2020-05-19,122.46649932861328,122.46649932861328,124.25,121.44850158691406,121.49150085449219,86410000,0.009508426590011165,0.0391946840023647,118.84087562561035,107.35554000854492,0.3789718021626927,63.05334341231365,3.2495450210771395,3.585895340907865,-0.3363503198307254,0.969061622438777
2020-05-20,124.89700317382812,124.89700317382812,125.00050354003906,123.3635025024414,123.89350128173828,79962000,0.019846275173532213,0.054908943260326915,119.17700080871582,107.9616600036621,0.38133974894638434,66.3228539401644,3.4451499388669617,3.557746260499685,-0.11259632163272304,1.0
2020-05-21,122.33699798583984,122.33699798583984,126.27249908447266,122.12699890136719,125.0,102288000,-0.02049693045417056,0.024233424442564155,119.29522552490235,108.58753997802734,0.3872555095359372,60.27281350662334,3.3549237490466197,3.5171817582090723,-0.1622580091624526,0.9376619665820061
2020-05-22,121.84400177001953,121.84400177001953,123.49250030517578,121.50650024414062,122.75050354003906,57342000,-0.004029821100215103,0.011245867878228122,119.36187553405762,109.34781005859375,0.3874957213103897,59.15372460227194,3.2066736315544517,3.455080132878148,-0.24840650132369646,0.9245044842106018
2020-05-26,121.09300231933594,121.09300231933594,123.0999984741211,120.7030029296875,122.9000015258789,71364000,-0.0061636144559754635,-0.001813500731852824,119.47652549743653,109.98467010498047,0.3843974487643557,57.4051869923289,2.9940711772647006,3.362878341755459,-0.36880716449075823,0.9059335491248257
2020-05-27,120.51950073242188,120.51950073242188,120.67900085449219,116.5,120.24949645996094,101138000,-0.004736042347035618,-0.015898213853300702,119.71730041503906,110.70591018676758,0.3715470257773171,56.04282478238286,2.747632419223848,3.239829157249137,-0.4921967380252892,0.87313427555587
2020-05-28,120.05500030517578,120.05500030517578,121.84850311279297,118.9114990234375,119.21649932861328,63804000,-0.003854151605534595,-0.0387679667694939,119.7882755279541,111.29917022705078,0.36187334066839105,54.9062464184822,2.4861874046910373,3.0891008067375174,-0.6029134020464801,0.8550168455699395
2020-05-29,122.11849975585938,122.11849975585938,122.11849975585938,119.91000366210938,120.7969970703125,70198000,0.017187950901155657,-0.00178603557041479,119.70920066833496,111.91154022216797,0.33293013400671295,58.894495493882204,2.417628589887201,2.9548063633674544,-0.5371777734802534,0.914750237888185
2020-06-01,123.552001953125,123.552001953125,123.84649658203125,122.20850372314453,122.4000015258789,58578000,0.011738616181262485,0.01401792585842121,120.17170066833496,112.50165023803712,0.17889931943875592,61.44554641234953,2.450716547416647,2.853988400177293,-0.4032718527606458,0.9587328079701027
2020-06-02,123.62049865722656,123.62049865722656,123.67649841308594,122.2655029296875,123.3499984741211,50598000,0.0005543957444538172,0.020872356696758798,120.56275062561035,113.12797027587891,0.17591407180609117,61.56828043149089,2.4541758917065835,2.774025898483151,-0.3198500067765675,0.9582909858981483
2020-06-03,123.91999816894531,123.91999816894531,124.4000015258789,123.05850219726562,123.40049743652344,53420000,0.002422733405640143,0.028215329601084527,120.9642505645752,113.70354019165039,0.1756948478573049,62.13586370149007,2.452810086695308,2.7097827361255824,-0.2569726494302742,0.9680769515530384
2020-06-04,123.02999877929688,123.02999877929688,125.37699890136719,122.50050354003906,123.87149810791016,58974000,-0.0071820481181339435,0.024780296252207235,121.23760032653809,114.22404022216797,0.1744603473560038,59.33169092832137,2.3527906575356354,2.638384320407593,-0.28559366287195775,0.9389967590345557
2020-06-05,124.1500015258789,124.1500015258789,124.43250274658203,121.85649871826172,122.22550201416016,66128000,0.009103493113018724,0.016635495638096964,121.52607536315918,114.82120025634765,0.17538003890231657,61.675656432058,2.3369603762115503,2.578099531568385,-0.2411391553568345,0.975009985949482
2020-06-08,126.2030029296875,126.2030029296875,126.5,124.36699676513672,125.01000213623047,79414000,0.016536458949464095,0.021456560271425396,121.88720054626465,115.38977035522461,0.18224914994012725,65.59061243167193,2.4616978988259888,2.5548192050199057,-0.0931213061939169,1.0
2020-06-09,130.04299926757812,130.04299926757812,131.32150268554688,126.25,126.47200012207031,103520000,0.030427139202305886,0.05195336275223905,122.36685066223144,116.09053039550781,0.2044724929973887,71.4626861526045,2.8376976839673205,2.6113949008093886,0.22630278315793184,1.0
2020-06-10,132.37249755859375,132.37249755859375,136.11749267578125,131.31300354003906,132.25,98920000,0.017913292558120908,0.06820932468159646,123.09310035705566,116.77403030395507,0.18636182691597328,74.32514247139571,3.285774898572541,2.7462709003620196,0.5395039982105212,1.0
2020-06-11,127.89800262451172,127.89800262451172,133.56900024414062,126.8115005493164,130.1750030517578,116002000,-0.03380230045218746,0.039567616788711346,123.56820030212403,117.3822703552246,0.23372871161941847,61.55354665283173,3.2424480503328112,2.845506330356178,0.3969417199766334,0.8792080818898935
2020-06-12,127.2509994506836,127.2509994506836,131.07400512695312,125.1675033569336,130.0605010986328,108722000,-0.005058743377937103,0.024977832353536344,123.9586254119873,118.01959030151367,0.23509154500228685,59.94940985409337,3.1199387502346667,2.900392814331876,0.21954593590279092,0.8617418079212407
2020-06-15,128.63400268554688,128.63400268554688,129.1999969482422,125.4000015258789,126.33000183105469,77302000,0.01086830941079775,0.019262614196381422,124.36587562561036,118.67344039916992,0.23586124992323762,62.21612173793116,3.09872586718123,2.9400594249017464,0.15866644227948346,0.8990768850534467
2020-06-16,130.7635040283203,130.7635040283203,131.0,128.8000030517578,131.0,71712000,0.0165547312399128,0.005540511713819196,124.83840065002441,119.38212051391602,0.24023134559172696,65.45784703779498,3.216667722706106,2.9953810844626183,0.2212866382434875,0.9504818355442997
2020-06-17,132.0489959716797,132.0489959716797,132.75,131.59100341796875,132.375,59186000,0.009830663019560593,-0.002443873107182748,125.31752548217773,120.02551040649413,0.24033441285392027,67.28268161606564,3.3749614941949346,3.0712971664090816,0.30366432778585306,0.9898245928949252
2020-06-18,132.69900512695312,132.69900512695312,132.98199462890625,131.8054962158203,132.35049438476562,49756000,0.004922484646629588,0.03753774417053557,125.70762557983399,120.66789047241211,0.23291086609536757,68.197572228751,3.512372313369582,3.159512195801182,0.3528601175684001,1.0
2020-06-19,133.75050354003906,133.75050354003906,134.8715057373047,132.9499969482422,133.9040069580078,115540000,0.007923935918584757,0.05107625179694053,126.27830085754394,121.29990051269532,0.21588782581978314,69.67486977684663,3.663883542959198,3.260386465232785,0.40349707772641263,1.0
2020-06-22,135.6909942626953,135.6909942626953,135.75,133.4499969482422,134.22500610351562,64176000,0.014508287231048467,0.05486101209490979,126.97065048217773,121.9709603881836,0.21613585593528983,72.2378671589863,3.89563224438281,3.38743562106279,0.5081966233200199,1.0
2020-06-23,138.2205047607422,138.2205047607422,139.15550231933594,135.90199279785156,136.30099487304688,84634000,0.018641697717608263,0.0570266205990233,127.82702560424805,122.5665005493164,0.2163399279223011,75.18239069598754,4.234591383583023,3.556866773566837,0.677724610016186,1.0
2020-06-24,136.72000122070312,136.72000122070312,139.8000030517578,136.0500030517578,139.0,90532000,-0.010855867894827953,0.03537327349331165,128.6370506286621,123.01758056640625,0.22166509631283618,70.4115869001793,4.3322019209751375,3.7119338030484976,0.6202681179266398,0.9372659922693319
2020-06-25,137.72900390625,137.72900390625,137.81149291992188,135.60699462890625,136.9774932861328,59374000,0.007380066387785211,0.037905323965953475,129.52075080871583,123.46448059082032,0.21832130295578758,71.71153149273064,4.439797833494339,3.857506609137666,0.5822912243566729,0.9794510192194947
2020-06-26,134.64349365234375,134.64349365234375,139.1284942626953,134.39999389648438,138.7530059814453,130016000,-0.02240276315369638,0.0066765364515981585,130.14700050354003,123.74916046142579,0.2381054345574352,62.647411342193294,4.227363068535453,3.9314779010172236,0.2958851675182297,0.850450041243414
2020-06-29,134.0189971923828,134.0189971923828,134.83999633789062,131.50399780273438,134.50050354003906,84468000,-0.004638148068063508,-0.012322093145515245,130.67035026550292,124.05454040527344,0.23905370609946616,60.96773958430923,3.9629331154962983,3.937768943913039,0.025164171583259343,0.8243406954794283
2020-06-30,137.9409942626953,137.9409942626953,138.48150634765625,133.75149536132812,134.2534942626953,75394000,0.029264486024190406,-0.002022207186485825,131.38637504577636,124.41975036621093,0.25449849612147984,66.95921304467329,4.023462883077485,3.9549077317459282,0.06855515133155698,0.988314047066614
2020-07-01,143.93499755859375,143.93499755859375,144.75,137.6999969482422,137.89950561523438,127268000,0.043453386195574595,0.052772061684256855,132.3871250152588,124.97033035278321,0.287235405060104,73.62310569359794,4.503189170364294,4.064564019469602,0.43862515089469234,1.0
2020-07-02,144.51499938964844,144.51499938964844,147.7779998779297,143.55499267578125,145.60049438476562,131868000,0.004029609482701257,0.04927063502192719,133.46137504577638,125.4971403503418,0.28226074099478926,74.16606250366135,4.873992656381262,4.226449746851934,0.6475429095293279,1.0
2020-07-06,152.8520050048828,152.8520050048828,152.99400329589844,146.5,146.74850463867188,137612000,0.05768955229869066,0.13523498877379359,134.89647521972657,126.15473037719727,0.33247631888515744,80.40872372746205,5.774024409246522,4.535964679330852,1.23805972991567,1.0
2020-07-07,150.00599670410156,150.00599670410156,153.4774932861328,149.5,152.92750549316406,105150000,-0.018619371729473477,0.11928905488502939,136.08662490844728,126.74463027954101,0.3473218855391312,73.84832044711422,6.186344642805153,4.866040672025712,1.3203039707794408,0.9261735907787049
2020-07-08,154.0554962158203,154.0554962158203,154.19850158691406,150.6215057373047,151.1304931640625,100752000,0.026995584181255694,0.11682170365131972,137.28724975585936,127.44974014282226,0.34470489194308684,76.7544624635385,6.761924904872188,5.245217518595008,1.5167073862771803,1.0
2020-07-09,159.13150024414062,159.13150024414062,159.69400024414062,153.6999969482422,155.79949951171875,127774000,0.032949191382365184,0.10557892759445542,138.6251998901367,128.31829010009767,0.35402372705356056,79.78667899380083,7.54074252664401,5.7043225202048085,1.8364200064392016,1.0
2020-07-10,160.0,160.0,160.75,156.78500366210938,159.58799743652344,109720000,0.005457748808544549,0.10715151144000035,140.23029975891114,129.14558013916016,0.31571628031540644,80.2611128867615,8.134274917084866,6.19031299958082,1.943961917504046,1.0
2020-07-13,155.1999969482422,155.1999969482422,167.21449279785156,153.41949462890625,162.55299377441406,154408000,-0.030000019073486373,0.015361211279396603,141.62774963378905,129.77558013916016,0.3441417226604978,70.42305465096992,8.12368865569934,6.576988130804525,1.5467005248948151,0.8949625091489964
2020-07-14,154.1999969482422,154.1999969482422,156.36900329589844,147.5,154.4499969482422,144638000,-0.006443299095769239,0.027958883886579633,142.90604934692382,130.5735400390625,0.3491442096304031,68.5381906630265,7.943044847996163,6.850199474242853,1.0928453737533097,0.8687796973408581
2020-07-15,150.44349670410156,150.44349670410156,154.91749572753906,148.65899658203125,154.01150512695312,115778000,-0.02436122126125273,-0.02344609313165047,143.8900489807129,131.26641998291015,0.36763629961834127,61.84215333598651,7.411331932479641,6.96242596589021,0.4489059665894306,0.783348375341991
2020-07-16,149.9949951171875,149.9949951171875,151.60000610351562,145.9114990234375,148.55299377441406,127884000,-0.002981196241378159,-0.05741481173077512,144.78734893798827,131.94851989746093,0.369269487700698,61.07494456690668,6.874510211879766,6.944842815088122,-0.07033260320835577,0.7642386191903999
2020-07-17,148.09849548339844,148.09849548339844,151.1999969482422,147.42250061035156,150.4499969482422,95226000,-0.01264375276193297,-0.07438440322875972,145.55732345581055,132.55922973632812,0.37556748571889503,57.80907783362387,6.224293676955057,6.80073298746151,-0.5764393105064531,0.7176559978512264
2020-07-20,159.8419952392578,159.8419952392578,160.0679931640625,149.7010040283203,150.00999450683594,151964000,0.07929519957328535,0.029909783391063316,146.86189804077148,133.38845962524414,0.4575110235125908,68.89920133584364,6.580736045479114,6.756733599065031,-0.1759975535859173,0.9962515918517462
2020-07-21,156.9145050048828,156.9145050048828,162.0290069580078,155.28599548339844,161.62449645996094,122426000,-0.018314900474015072,0.01760381394528676,147.92307357788087,134.14713973999022,0.4673196543606519,64.35768995131986,6.551473881945469,6.715681655641119,-0.16420777369564998,0.9268016069467361
2020-07-22,154.99549865722656,154.99549865722656,157.5,153.26300048828125,156.25,82084000,-0.012229630062539742,0.03025721983900742,148.76182327270507,134.83804977416992,0.4705650917916343,61.49615017084649,6.300803886977093,6.632706101908314,-0.33190221493122074,0.8812762759610295
2020-07-23,149.32749938964844,149.32749938964844,154.9134979248047,148.5,154.9134979248047,113138000,-0.036568799201794455,-0.004450119999121038,149.39219818115234,135.4676496887207,0.4912861471427809,53.87647325257004,5.580457893654,6.422256460257452,-0.841798566603452,0.7434741475474861
2020-07-24,150.44549560546875,150.44549560546875,151.57899475097656,144.39999389648438,146.5,112648000,0.007486874288995304,0.015847562221409595,150.02802276611328,136.1086395263672,0.4912935438108767,55.05930678322715,5.041674173723834,6.1461400029507285,-1.1044658292268945,0.7644207915307002
2020-07-27,152.760498046875,152.760498046875,154.89999389648438,150.7884979248047,153.10000610351562,83410000,0.015387648743417026,-0.04430310808985427,150.93387298583986,136.77499954223632,0.4816880211186118,57.49030643909701,4.7467677597172155,5.866265554304026,-1.1194977945868105,0.8187632492568765
2020-07-28,150.01649475097656,150.01649475097656,153.85450744628906,149.78799438476562,152.7135009765625,62534000,-0.017962780502695397,-0.0439603098113307,151.73374786376954,137.36554946899415,0.4881488497011197,53.777009843674044,4.242726656652138,5.541557774773649,-1.2988311181215106,0.75006871134569
2020-07-29,151.67649841308594,151.67649841308594,151.95799255371094,149.8385009765625,151.54949951171875,59482000,0.011065474265779418,-0.02141352666944618,152.42052307128907,137.97281936645507,0.4809126311759824,55.64352343862946,3.931894441750586,5.219625108169036,-1.28773066641845,0.7916259444109456
2020-07-30,152.593994140625,152.593994140625,154.60000610351562,150.25,150.6999969482422,122566000,0.006049030252796905,0.02187470334886621,152.8534729003906,138.57536926269532,0.45927641744222114,56.68462918953164,3.7167475571527575,4.91904959796578,-1.2023020408130227,0.8145949201162563
2020-07-31,158.23399353027344,158.23399353027344,162.34100341796875,157.5500030517578,162.1999969482422,161710000,0.036960821567137314,0.05176956540612809,153.53942260742187,139.2421090698242,0.4745778736981189,62.50987647037107,3.955743566888202,4.726388391750265,-0.770644824862063,0.9557890478603411
2020-08-03,155.59449768066406,155.59449768066406,159.1999969482422,155.1999969482422,159.02549743652344,101494000,-0.01668096589563972,0.018551914074798503,153.67654724121093,139.90725906372072,0.43691193831995695,58.54192854158762,3.8873533806222156,4.558581389524655,-0.6712280089024398,0.8897107935162465
2020-08-04,156.94149780273438,156.94149780273438,158.36199951171875,155.0605010986328,155.0605010986328,93886000,0.008657119256458845,0.04616161084988102,154.02332229614257,140.609208984375,0.43115644240924644,59.93947201846052,3.8969240036203416,4.426249912343793,-0.5293259087234512,0.9234321637092934
2020-08-05,160.25149536132812,160.25149536132812,160.67950439453125,156.36500549316406,157.18850708007812,78330000,0.021090645909052075,0.056534776566956824,154.33312225341797,141.39237884521484,0.427217638345585,63.22047808301587,4.124058353906975,4.365811600656429,-0.24175324674945475,1.0
2020-08-06,161.25,161.25,162.37350463867188,158.27149963378906,159.71800231933594,78812000,0.0062308600392182445,0.05672573097076117,154.43904724121094,142.20698883056642,0.412061820085674,64.17371154508632,4.334667592642063,4.359582799053556,-0.02491520641149325,1.0
2020-08-07,158.3730010986328,158.3730010986328,162.04049682617188,157.0334930419922,161.20050048828125,78722000,-0.017841853651889505,0.0008784937121162351,154.3576972961426,142.97334884643556,0.41697049133588826,59.396969596055015,4.220772723819579,4.33182078400676,-0.11104806018718172,0.9264786966148078
2020-08-10,157.4080047607422,157.4080047607422,158.62550354003906,155.0760040283203,158.5155029296875,63346000,-0.006093187166982039,0.011655341976167355,154.46809768676758,143.67913894653321,0.40269290475946184,57.84176750857828,4.00645911332839,4.266748449871087,-0.26028933654269704,0.8994768415345662
2020-08-11,154.0334930419922,154.0334930419922,157.96099853515625,153.64999389648438,155.66000366210938,74362000,-0.021437993092404684,-0.018529227778859125,154.45977249145508,144.28876876831055,0.409825819606706,52.650265059932984,3.523700117706227,4.118138783438115,-0.5944386657318885,0.8111850673071472
2020-08-12,158.11199951171875,158.11199951171875,158.71949768066406,155.0709991455078,155.39999389648438,70442000,0.026478049605839216,-0.013350863558466819,154.84319763183595,144.97859878540038,0.4090551946107517,57.60316794668498,3.4306649521376187,3.980644017178016,-0.5499790650403975,0.9178963791717136
2020-08-13,158.05099487304688,158.05099487304688,160.87600708007812,157.75,159.14950561523438,62980000,-0.0003858318082136103,-0.019838791484980578,155.2459976196289,145.66121871948243,0.40867248413291296,57.506272389457834,3.3138117891099057,3.8472775715643945,-0.5334657824544888,0.9163002348304407
2020-08-14,157.4010009765625,157.4010009765625,158.91200256347656,156.0,158.90899658203125,55034000,-0.004112558082955964,-0.006137410513960995,155.71112289428712,146.34863876342774,0.4054707646867236,56.417339289082214,3.1326445637804454,3.7043509700076047,-0.5717064062271593,0.8962533913277019
2020-08-17,159.12049865722656,159.12049865722656,159.74850463867188,157.70899963378906,158.656005859375,53824000,0.010924312234330102,0.010879331702903894,155.67504806518554,147.0480487060547,0.29253469109934316,58.648126626153456,3.0921726829766953,3.581915312601423,-0.4897426296247276,0.9392386931610387
2020-08-18,165.62449645996094,165.62449645996094,166.0,160.29100036621094,160.60000610351562,106920000,0.04087466955935781,0.07524989006649907,156.11054763793945,147.83647857666017,0.31790791356847986,65.78250471565693,3.5440629408787743,3.574344838256893,-0.030281897378118927,1.0
2020-08-19,163.0240020751953,163.0240020751953,165.7949981689453,162.8000030517578,165.15049743652344,83702000,-0.015701145907449088,0.0310666020203767,156.5119728088379,148.4960986328125,0.32032799877113516,61.23355999779814,3.650272987562829,3.58953046811808,0.060742519444748844,0.9322320198199054
2020-08-20,164.86849975585938,164.86849975585938,165.63099670410156,161.89999389648438,162.60000610351562,66650000,0.011314270642265756,0.0431348432086025,157.28902282714844,149.14601867675782,0.28564794408114347,63.17851019905968,3.8390268506582004,3.6394297446261046,0.1995971060320958,0.9802989885462149
2020-08-21,164.23599243164062,164.23599243164062,165.72000122070312,163.76950073242188,164.75,71518000,-0.0038364352508537536,0.04342406600130766,157.97854766845703,149.8727784729004,0.2872244919062402,62.02924257540936,3.892704912967247,3.690084778294333,0.20262013467291373,0.9638160674283967
2020-08-24,165.3730010986328,165.3730010986328,169.01600646972656,162.8780059814453,165.50750732421875,93326000,0.006923017605080961,0.03929413553985417,158.60917282104492,150.63521850585937,0.2845470769689558,63.32091728787896,3.981100611425603,3.7482879449205875,0.23281266650501564,0.9932010812599079
2020-08-25,167.32449340820312,167.32449340820312,167.8699951171875,163.35000610351562,164.74949645996094,79856000,0.011800549645987202,0.010264163723227693,159.47457275390624,151.4090283203125,0.27329407809992645,65.49075431432675,4.160662432788342,3.8307628424941385,0.3298995902942039,1.0
2020-08-26,172.09249877929688,172.09249877929688,172.58700561523438,167.22850036621094,167.5554962158203,130174000,0.0284955613728457,0.055626757953829875,160.4953727722168,152.23560821533204,0.2846720596132083,70.13880086182567,4.634283519780411,3.991466977951393,0.6428165418290175,1.0
2020-08-27,170.0,170.0,172.64999389648438,168.89999389648438,172.50250244140625,85296000,-0.01215915158498826,0.031124807053739545,161.36567306518555,152.99462829589845,0.29227785811557944,65.94116484525743,4.7856188446334045,4.150297351287795,0.6353214933456091,0.9468821222671023
2020-08-28,170.08999633789062,170.08999633789062,171.6685028076172,169.3249969482422,171.14999389648438,57940000,0.0005293902228860059,0.03564385503796674,161.9584732055664,153.7424481201172,0.2679901614756721,66.03531441662905,4.856828634995111,4.291603608029258,0.5652250269658525,0.9477726073223254
2020-08-31,172.54800415039062,172.54800415039062,174.75,170.25,170.44949340820312,83718000,0.014451219151166761,0.0433867862594961,162.80614852905273,154.51839813232422,0.2591439806111642,68.58925015471232,5.053351702116203,4.443953226846648,0.6093984752695549,1.0
2020-09-01,174.95599365234375,174.95599365234375,175.69349670410156,173.35000610351562,174.47900390625,68644000,0.01395547583299983,0.04560898460647289,163.7068733215332,155.3036981201172,0.2607292282114374,70.89792285777541,5.341825043154699,4.623527590108258,0.718297453046441,1.0
2020-09-02,176.57249450683594,176.57249450683594,177.6125030517578,174.33450317382812,177.35000610351562,78630000,0.009239471142122424,0.026032486943457833,164.5229232788086,156.07073791503908,0.2546993914634081,72.3662727744757,5.635913056085599,4.826004683303727,0.8099083727818721,1.0
2020-09-03,168.39999389648438,168.39999389648438,174.42050170898438,165.14999389648438,174.25,163222000,-0.04628410915968095,-0.009411800608915444,164.88042297363282,156.7043377685547,0.3128597841988221,56.770919691319726,5.150159592387098,4.890835665120401,0.2593239272666974,0.8079476159160294
2020-09-04,164.7310028076172,164.7310028076172,169.0749969482422,155.55650329589844,165.89999389648438,175636000,-0.021787358799564616,-0.03150681195634564,165.19832305908204,157.24437774658202,0.31653019180823505,51.413981645312774,4.4182091896095415,4.7963103700182295,-0.378101180408688,0.7217269449860979
2020-09-08,157.49200439453125,157.49200439453125,162.54249572753906,156.5,157.1999969482422,121884000,-0.04394435952982134,-0.08725687573144436,165.2025230407715,157.70134796142577,0.35570994196904415,42.827258237211176,3.216923853174535,4.480433066649491,-1.263509213474956,0.5516117048780366
2020-09-09,163.4304962158203,163.4304962158203,165.15899658203125,159.25,160.14950561523438,103774000,0.03770662418145765,-0.06587655098816347,165.6723731994629,158.28957794189452,0.36953072231534406,50.17827422440633,2.712811625436018,4.126908778406797,-1.414097152970779,0.6598113402802958
2020-09-10,158.7554931640625,158.7554931640625,167.4945068359375,158.52749633789062,165.36099243164062,106614000,-0.02860545100214451,-0.10090473826365787,165.70454788208008,158.70586791992187,0.37524119501390474,45.24618695302867,1.914001954270617,3.684327413579561,-1.770325459308944,0.4540941245884042
2020-09-11,155.81100463867188,155.81100463867188,160.86700439453125,154.19900512695312,160.4344940185547,101880000,-0.018547317429499666,-0.07475647098628135,165.59254837036133,158.94338806152345,0.38127967662099405,42.418184635054864,1.0314539596879797,3.153752722801245,-2.1222987631132653,0.3523670582411515
2020-09-14,155.14849853515625,155.14849853515625,159.3695068359375,154.8000030517578,158.64700317382812,90592000,-0.004251985314208007,-0.058170618214787195,165.47992324829102,159.1560580444336,0.3812978185773564,41.785355339111696,0.2753950273591954,2.5780811837128352,-2.30268615635364,0.2475944122198929
2020-09-15,157.80650329589844,157.80650329589844,158.75100708007812,155.4459991455078,156.80799865722656,80430000,0.017132004407634627,0.0019969197965081786,165.41422348022462,159.25514801025392,0.38437709157624605,45.31059197216666,-0.10806267406269399,2.0408524121577294,-2.1489150862204234,0.3409429003811214
2020-09-16,153.90499877929688,153.90499877929688,159.36199951171875,153.70750427246094,158.99949645996094,90244000,-0.024723344317983953,-0.05828469996165475,164.8282485961914,159.33312805175783,0.3613936723731033,41.352225878163374,-0.7184921431783948,1.4889835010905046,-2.207475644268899,0.20392299975563644
2020-09-17,150.43649291992188,150.43649291992188,151.47149658203125,148.62750244140625,150.46249389648438,128982000,-0.02253666798925036,-0.052401337921224145,164.19887313842773,159.26074798583986,0.36526964713356225,38.16050206696673,-1.4652508312028942,0.8981366346318249,-2.363387465834719,0.08210990787065023
2020-09-18,147.74549865722656,147.74549865722656,151.88999938964844,145.27699279785156,151.58700561523438,177852000,-0.01788790878106783,-0.051764674774733344,163.34272308349608,159.03302795410156,0.36399536118326276,35.84867900506366,-2.2482863731897567,0.2688520330675086,-2.5171384062572653,0.0
2020-09-21,148.02349853515625,148.02349853515625,148.10000610351562,143.5500030517578,145.3249969482422,122358000,0.001881613182508124,-0.04592374445947667,162.53209838867187,158.79349792480468,0.36484781201769706,36.27816136130144,-2.8139776323681644,-0.3477139000196261,-2.4662637323485384,0.009643733928433427
2020-09-22,156.44949340820312,156.44949340820312,156.69949340820312,150.00999450683594,151.69200134277344,138976000,0.05692335984779917,-0.008599201296228043,162.0859230041504,158.8184878540039,0.42466004425716125,47.705757173497,-2.55295577851993,-0.7887622757196869,-1.7641935028002433,0.3019390156499609
2020-09-23,149.9929962158203,149.9929962158203,156.35000610351562,149.61900329589844,156.02149963378906,113054000,-0.04126889165142078,-0.025418294366685634,161.21934814453124,158.73434783935548,0.4424800788466895,41.55596543865727,-2.8344061730053056,-1.1978910551768107,-1.636515117828495,0.07796502869459444
2020-09-24,150.989501953125,150.989501953125,153.46499633789062,148.25,148.88949584960938,110588000,0.006643681788120581,0.003676029814770443,160.16419830322266,158.74526794433595,0.42701374419615645,42.78196433612908,-2.9431214811162363,-1.5469371403646959,-1.3961843407515404,0.11253351937268885
2020-09-25,154.75650024414062,154.75650024414062,155.07699584960938,149.9499969482422,152.7429962158203,92304000,0.02494874307344297,0.047453233097678016,159.4020233154297,158.840498046875,0.4402296333191728,47.283844441824584,-2.694256158203416,-1.77640094393244,-0.9178552142709759,0.24320958116796157
2020-09-28,158.70249938964844,158.70249938964844,158.7519989013672,155.85850524902344,157.4425048828125,84484000,0.025498115680328004,0.07214395660264628,158.83264846801757,159.052578125,0.4526258748146725,51.58138141922176,-2.153791871855674,-1.8518791295170869,-0.301912742338587,0.3800951299117195
2020-09-29,157.24400329589844,157.24400329589844,159.41299438476562,156.6269989013672,158.76950073242188,69916000,-0.009190126805558863,0.0050783794206499255,158.06744842529298,159.0006182861328,0.44824416430018316,49.96019490614917,-1.8221538216902502,-1.8459340679517195,0.02378024626146935,0.3295003297681672
2020-09-30,157.43649291992188,157.43649291992188,160.6439971923828,156.69949340820312,157.0570068359375,97922000,0.0012241460404771587,0.04962562847528784,157.19147338867188,159.01105804443358,0.4436385855872028,50.18273416562193,-1.5262028571464157,-1.781987825790659,0.25578496864424327,0.33617773816089935
2020-10-01,161.06300354003906,161.06300354003906,161.1999969482422,158.60000610351562,160.39999389648438,99438000,0.023034752317315554,0.0667165694078613,156.41599884033204,159.13240814208984,0.4520886557111588,54.30578389652752,-0.9876455236950505,-1.6231193653715374,0.6354738416764869,0.46198032400913397
2020-10-02,156.25,156.25,159.7899932861328,156.14999389648438,157.68150329589844,112262000,-0.02988273802333874,0.009650643129711867,155.80849914550782,159.2708581542969,0.43527568076653345,48.56141965054668,-0.9383869776186202,-1.4861728878209541,0.5477859102023339,0.2950186480457928
2020-10-05,159.9600067138672,159.9600067138672,160.12649536132812,157.04249572753906,157.29200744628906,75506000,0.0237440429687501,0.007923676873741625,155.5699493408203,159.46114837646485,0.4397226845258487,52.713592301006855,-0.5931452794141592,-1.3075673661395952,0.7144220867254361,0.4237176888068321
2020-10-06,154.9980010986328,154.9980010986328,159.10000610351562,154.5,158.25,101738000,-0.03102028886576813,-0.014283547545143271,155.44524917602538,159.5058984375,0.42517541752182064,47.22313539066843,-0.7117267868292174,-1.1883992502775198,0.4766724634483024,0.2515871747178444
2020-10-07,159.7845001220703,159.7845001220703,160.0,156.6195068359375,156.75,86188000,0.030881037106998743,0.014913995850649009,155.2629493713379,159.70125854492187,0.41767331086518084,52.37609013584304,-0.41469269775680573,-1.033657939773377,0.6189652420165712,0.41762941680261445
2020-10-08,159.52749633789062,159.52749633789062,161.6645050048828,158.74949645996094,161.24949645996094,63482000,-0.0016084400175445657,-0.009533581073239539,155.3015495300293,159.85827850341798,0.4046259066810127,52.08204971409717,-0.19774956576554814,-0.8664762649718112,0.668726699206263,0.408714031185588
2020-10-09,164.33250427246094,164.33250427246094,164.44949340820312,159.89149475097656,160.5,98158000,0.030120249141207367,0.05172802734374993,155.72762451171874,160.09304870605467,0.4109889797572235,56.94839160328219,0.35777915710801267,-0.6216251805558465,0.9794043376638591,0.5753983419489458
2020-10-12,172.14649963378906,172.14649963378906,174.81199645996094,166.9774932861328,167.4969940185547,167284000,0.04754990740220588,0.07618462370860479,156.5775245666504,160.371298828125,0.4390688478778756,63.44916986970315,1.41228386445556,-0.2148433715535652,1.6271272360091251,0.8464635407679205
2020-10-13,172.18150329589844,172.18150329589844,174.61900329589844,171.21099853515625,173.39950561523438,114894000,0.00020333647320058823,0.11086273419959092,157.2962745666504,160.70303894042968,0.4372662810998971,63.47577601671662,2.2251606781359214,0.27315743838433215,1.9520032397515892,0.8476778075021993
2020-10-14,168.1855010986328,168.1855010986328,173.24400329589844,167.0,172.35000610351562,116254000,-0.023208080547411636,0.05257707080564389,158.0102996826172,160.92791900634765,0.43594380772225216,58.26183824657148,2.5179026141077827,0.7221064735290222,1.7957961405787604,0.7090576676127431
2020-10-15,166.9324951171875,166.9324951171875,167.79400634765625,164.0,164.60049438476562,104468000,-0.007450142689235051,0.04641832254179268,158.83509979248046,161.06153900146484,0.42658404529499194,56.68940635748093,2.6186098917584104,1.1014071571748998,1.5172027345835106,0.6655912589733465
2020-10-16,163.635498046875,163.635498046875,169.98300170898438,158.0,168.1614990234375,129488000,-0.019750480983333984,-0.0042414385922721065,159.62959976196288,161.10924896240235,0.42799065074575926,52.66191680329113,2.4046615835479486,1.3620580424495097,1.042603541098439,0.551219401166416
2020-10-19,160.36050415039062,160.36050415039062,166.4499969482422,159.63699340820312,164.98049926757812,104472000,-0.020013957457728493,-0.06846491510702246,160.2464500427246,161.1489990234375,0.43737528574354334,48.94233737544222,1.9483816399763612,1.4793227619548799,0.4690588780214813,0.4376108269823407
2020-10-20,160.85049438476562,160.85049438476562,163.3000030517578,159.60049438476562,161.11399841308594,90194000,0.003055554339711275,-0.06580851423779344,160.46650009155275,161.21784881591796,0.3908494097019974,49.516857398859614,1.6077811143934753,1.505014432442599,0.10276668195087635,0.45460844397064165
2020-10-21,159.2469940185547,159.2469940185547,161.69400024414062,158.0,160.625,91854000,-0.009968886774915697,-0.053146716106260095,160.92919998168946,161.32211883544923,0.35979402117988596,47.628109869296544,1.1946919997303098,1.4429499459001411,-0.24825794616983132,0.3989834883014346
2020-10-22,158.82000732421875,158.82000732421875,159.9375,156.0970001220703,159.49349975585938,84240000,-0.0026812857408547996,-0.048597415304154734,161.32072525024415,161.33627899169923,0.36014660239441654,47.11277505518385,0.8233703416884168,1.3190340250577965,-0.4956636833693797,0.38417144557025545
2020-10-23,160.22000122070312,160.22000122070312,160.26649475097656,157.0,159.5500030517578,69334000,0.008814971867029398,-0.02087259101441097,161.59390029907226,161.37965911865234,0.35141903772967364,49.05898727234362,0.6347461017262788,1.1821764403914932,-0.5474303386652144,0.4327368217124019
2020-10-26,160.3520050048828,160.3520050048828,164.1490020751953,157.6649932861328,159.93699645996094,118024000,0.0008238907949942309,-5.3000241879042065e-05,161.67637557983397,161.43867919921874,0.3402430353082726,49.24862822255161,0.49026022013237025,1.0437931963396685,-0.5535329762072982,0.4373159941266331
2020-10-27,164.31649780273438,164.31649780273438,164.58299255371094,160.56500244140625,161.2469940185547,85820000,0.024723687101579017,0.02154798113133438,162.03000030517578,161.5425991821289,0.34832378249365414,54.70272186047032,0.6877278555197961,0.9725801281756941,-0.28485227265589796,0.574843082226078
2020-10-28,158.13900756835938,158.13900756835938,163.2010040283203,158.12350463867188,162.46499633789062,111766000,-0.037595069983728635,-0.006957660061490456,162.06512603759765,161.39288940429688,0.37624201048900274,46.3450180240491,0.34181036761944483,0.8464261760644443,-0.5046158084449994,0.36054776451059334
2020-10-29,160.55050659179688,160.55050659179688,162.8625030517578,158.1999969482422,160.06350708007812,131930000,0.015249235849637444,0.010895977759561859,162.03950119018555,161.3434194946289,0.371033065042943,49.583282488261794,0.25926741039199896,0.7289944229299552,-0.46972701253795623,0.44420195574225363
2020-10-30,151.8074951171875,151.8074951171875,158.35000610351562,150.9499969482422,157.8874969482422,167728000,-0.0544564552314909,-0.05250596704170163,161.81737594604493,161.08219940185546,0.4059779322332498,40.12740252357207,-0.5058058208563807,0.4820343741726881,-0.9878401950290687,0.14090946143512142
2020-11-02,150.2239990234375,150.2239990234375,153.98550415039062,147.50599670410156,153.08700561523438,145148000,-0.010430948040659138,-0.0631610810300558,161.33057556152343,160.80195953369142,0.39621376864878805,38.68831527227829,-1.2257767779357778,0.14047214375099493,-1.3662489216867728,0.0859784480887738
2020-11-03,152.42050170898438,152.42050170898438,153.7449951171875,149.0489959716797,150.92649841308594,97958000,0.014621516534147005,-0.07239684543442138,161.20170059204102,160.54290954589842,0.38615143386172457,41.80594220101069,-1.6006680340320258,-0.20775589180560922,-1.3929121422264166,0.16217447964912243
2020-11-04,162.05799865722656,162.05799865722656,162.24249267578125,156.9864959716797,157.99949645996094,136780000,0.06322966294024535,0.024781938050124186,161.31537551879882,160.43757965087892,0.43505610159339647,53.07949431062225,-1.1073418481048805,-0.3876730830654635,-0.7196687650394169,0.49649641172005593
2020-11-05,166.10000610351562,166.10000610351562,168.33999633789062,164.44400024414062,165.99850463867188,115786000,0.024941733698923496,0.03456544379413562,161.64400100708008,160.31772979736328,0.4430297727711971,56.85464044132985,-0.38577410731144823,-0.38729328791466044,0.0015191806032122113,0.6367124601552187
2020-11-06,165.56849670410156,165.56849670410156,166.10000610351562,161.60000610351562,165.23199462890625,92946000,-0.003199936061909714,0.09064770864107397,161.7058006286621,160.2290997314453,0.430991505462827,56.214146206024694,0.1415534196510464,-0.28152394640151907,0.42307736605256546,0.6182745555540264
2020-11-09,157.18699645996094,157.18699645996094,164.4499969482422,155.60549926757812,161.55149841308594,143808000,-0.05062255447737596,0.04635076606792432,160.95782546997071,159.97103973388673,0.43040175606169784,47.18670870608169,-0.1155210834824345,-0.24832337381770217,0.13280229033526766,0.32752277941103297
2020-11-10,151.75100708007812,151.75100708007812,155.6999969482422,150.9739990234375,154.75100708007812,131820000,-0.03458294580536425,-0.004392418483075922,159.9363006591797,159.55509979248046,0.44321862178921245,42.427765200966746,-0.7492564301049356,-0.34850998507514885,-0.40074644502978674,0.13894990805661214
2020-11-11,156.8695068359375,156.8695068359375,156.95750427246094,152.5,153.08900451660156,87338000,0.03372959332756431,-0.03201626494390686,159.37050094604493,159.19337005615233,0.4595511543674195,47.76929350535674,-0.8289208216624786,-0.44459215239261485,-0.38432866926986375,0.31650915781550554
2020-11-12,155.51400756835938,155.51400756835938,158.79400634765625,154.30250549316406,157.99749755859375,87240000,-0.008640935353967705,-0.0637326799889395,158.79957656860353,158.7722003173828,0.45972081749424704,46.537889908745804,-0.9900205478273278,-0.5536778314795575,-0.43634271634777033,0.31791240122939507
2020-11-13,156.4405059814453,156.4405059814453,157.08599853515625,154.26950073242188,156.10000610351562,75124000,0.005957652481424658,-0.05513120493549861,158.43982696533203,158.53301055908204,0.4564446351041679,47.533442585425426,-1.031047291239389,-0.6491517234315238,-0.38189556780786527,0.35582769985475554
2020-11-16,156.55299377441406,156.55299377441406,157.13499450683594,153.63450622558594,154.66000366210938,76174000,0.0007190451875813686,-0.00403342960820785,158.24945144653321,158.36945037841798,0.45140837806942435,47.66087795457472,-1.0424675393026916,-0.7278148866057574,-0.3146526526969342,0.36043106258250396
2020-11-17,156.7830047607422,156.7830047607422,159.46249389648438,156.76300048828125,159.177001953125,68894000,0.001469221257177411,0.03315956696095412,158.04607696533202,158.3552703857422,0.45126304255924643,47.9393265693793,-1.0211866003938894,-0.786489229363384,-0.23469737103050547,0.3698438528372625
2020-11-18,155.2729949951172,155.2729949951172,157.0,155.2550048828125,156.6999969482422,58336000,-0.00963120822903818,-0.010177324280683964,157.84737701416014,158.19212036132814,0.4511745689223258,46.20156119891349,-1.1133326654537257,-0.8518579165814524,-0.2614747488722733,0.3080493906101891
2020-11-19,155.8509979248047,155.8509979248047,156.25,154.04600524902344,155.2655029296875,60206000,0.003722494885254779,0.0021669453556920626,157.69892654418945,158.13403045654297,0.4514076708740516,46.993628801867224,-1.1267308284121498,-0.9068324989475919,-0.2198983294645579,0.3317031318102855
2020-11-20,154.97000122070312,154.97000122070312,156.64450073242188,154.90249633789062,155.8509979248047,67488000,-0.005652814007175211,-0.009399769909441469,157.43642654418946,158.1172103881836,0.45034342085102963,45.88473555719923,-1.194666666630809,-0.9643993324842354,-0.23026733414657363,0.29564990964370774
2020-11-23,154.91949462890625,154.91949462890625,156.9875030517578,153.2729949951172,155.8350067138672,94178000,-0.00032591205652088284,-0.010434161021932398,157.16480102539063,158.1126303100586,0.45029062551097415,45.817986487325875,-1.238307331627766,-1.0191809323129415,-0.21912639931482447,0.29358301726323466
2020-11-24,155.9029998779297,155.9029998779297,156.71249389648438,154.31300354003906,155.02499389648438,72042000,0.006348492495275249,-0.005612884407690921,156.7441261291504,158.07456024169923,0.44080891087380336,47.421950996276756,-1.1799307121832783,-1.051330888287009,-0.12859982389626934,0.3338312191917514
2020-11-25,159.2534942626953,159.2534942626953,159.89999389648438,157.01300048828125,157.093505859375,75808000,0.02149089105013391,0.0256354897237816,156.7998504638672,158.18153015136718,0.4276859495502959,52.572855381502656,-0.8534716353473755,-1.0117590376990824,0.1582874023517069,0.4709442388653198
2020-11-27,159.76699829101562,159.76699829101562,160.8094940185547,159.50250244140625,160.56300354003906,47858000,0.003224444340751864,0.025126565876083307,156.76067504882812,158.36814025878905,0.42437640515034264,53.3275294982737,-0.5470093975575594,-0.9188091096707779,0.3717997121132185,0.49195847731851
2020-11-30,158.40199279785156,158.40199279785156,161.41949462890625,156.27749633789062,160.4239959716797,81278000,-0.008543726224847115,0.022146167323446653,157.09039993286132,158.58127014160155,0.3744558959067669,51.00418547993801,-0.409559257461126,-0.8169591392288476,0.4073998817677216,0.42960891702285026
2020-12-01,161.00399780273438,161.00399780273438,162.44749450683594,157.85899353027344,159.4250030517578,90740000,0.01642659261366375,0.03927525834242451,157.62939987182617,158.84088012695312,0.3743942428977471,55.026509593405294,-0.08963570847797087,-0.6714944530786723,0.5818587446007014,0.49624796959865103
2020-12-02,160.17649841308594,160.17649841308594,161.60000610351562,158.66299438476562,161.08250427246094,62586000,-0.005139620139509304,0.027411265585026268,158.01719970703124,158.9154202270508,0.37334204994008,53.521664050723494,0.09602678694685096,-0.5179902050735676,0.6140169920204186,0.458953915218967
2020-12-03,159.3365020751953,159.3365020751953,161.4320068359375,159.0655059814453,160.2729949951172,57840000,-0.005244192164348127,0.0005212307138646732,157.8811248779297,159.10229034423827,0.297660002934751,51.96802347915088,0.17338627877904855,-0.37971490830304444,0.553101187082093,0.41500632033061685
2020-12-04,158.12899780273438,158.12899780273438,159.91050720214844,157.93800354003906,159.91050720214844,58272000,-0.007578327983446487,-0.010252433267211036,157.48257446289062,159.24508026123047,0.28253565132145975,49.7331010554753,0.13569452809480254,-0.2766330210234751,0.4123275491182776,0.3600135371127451
2020-12-07,157.89999389648438,157.89999389648438,159.03799438476562,157.08450317382812,157.82400512695312,55026000,-0.00144820943300783,-0.003169145113015248,157.09914932250976,159.30795013427735,0.28253037374196094,49.30007628269175,0.0863494599308865,-0.2040365248326028,0.2903859847634893,0.34958412294033314
2020-12-08,158.864501953125,158.864501953125,159.2064971923828,156.00100708007812,157.94500732421875,65726000,0.006108347649924184,-0.013288464130131294,157.18302459716796,159.31119018554688,0.21801414694316543,51.22627368177315,0.12364556819622408,-0.13850010622683742,0.26214567442306147,0.3935102469967137
2020-12-09,155.2100067138672,155.2100067138672,158.72149658203125,154.39999389648438,158.39450073242188,82016000,-0.02300385041546993,-0.031006369526261346,157.35597457885743,159.27051025390625,0.19597645679619316,44.35081995147093,-0.1400695862170096,-0.13881400222487186,-0.0012555839921377376,0.22707533736806007
2020-12-10,155.07449340820312,155.07449340820312,157.10499572753906,153.8000030517578,154.44949340820312,60604000,-0.0008730964486967085,-0.026748476409886424,157.2662239074707,159.22327026367188,0.1537350225053481,44.11437613405713,-0.3558979670641804,-0.18223079519273358,-0.17366717187144684,0.22090372041275685
2020-12-11,155.8209991455078,155.8209991455078,155.93350219726562,153.64100646972656,154.83299255371094,61294000,0.004813852496939441,-0.014595669923272325,157.2815734863281,159.11843017578124,0.15172630998458694,45.8277000506484,-0.4613881443296748,-0.23806226502012184,-0.22332587930955294,0.254901470249971
2020-12-14,157.84849548339844,157.84849548339844,159.52349853515625,156.3000030517578,157.14999389648438,83116000,0.013011701561464806,-0.0003261457572930615,157.3519729614258,159.1504000854492,0.1572770051793032,50.285627044540554,-0.37704155945715456,-0.2658581239075284,-0.11118343554962618,0.34723875561411444
2020-12-15,158.25599670410156,158.25599670410156,159.4250030517578,156.52450561523438,159.05050659179688,66390000,0.0025815971159888207,-0.0038303412124313096,157.43712310791017,159.11631988525392,0.15745110620105046,51.1556358669027,-0.2741540629971837,-0.26751731172545945,-0.0066367512717242505,0.36579738667011347
2020-12-16,162.04800415039062,162.04800415039062,162.35000610351562,158.1840057373047,158.80050659179688,88552000,0.023961224378619583,0.04405642124047726,157.70037307739258,159.25731994628907,0.1780194639015727,58.44357619479911,0.11207638222953165,-0.19159857293446125,0.3036749551639929,0.5384949482525102
2020-12-17,161.8040008544922,161.8040008544922,163.17550659179688,161.0500030517578,162.5,69486000,-0.0015057469987226346,0.04339532116719513,158.02692337036132,159.2977099609375,0.17342960711076313,57.845480092405666,0.39393670879155707,-0.0744915165892576,0.46842822538081463,0.5273824241299729
2020-12-18,160.08250427246094,160.08250427246094,162.4709930419922,158.5800018310547,162.19949340820312,119914000,-0.01063939440891426,0.02734872161212154,158.23849868774414,159.3088101196289,0.17906915279203528,53.67218922497992,0.47295077908361804,0.03499694254531754,0.4379538365383005,0.44898113768730796
2020-12-21,160.3090057373047,160.3090057373047,161.34849548339844,158.3000030517578,160.00050354003906,76736000,0.0014149045573290664,0.015587796680425425,158.5054489135742,159.22834014892578,0.17712364216414023,54.14098477783483,0.5475351301651017,0.13750458006927438,0.41003055009582734,0.459296584380757
2020-12-22,160.3260040283203,160.3260040283203,161.10000610351562,159.00399780273438,160.14199829101562,47388000,0.00010603453584812073,0.01308011934668829,158.77577438354493,158.99193023681642,0.1770629943795333,54.17845880145144,0.6010864355075114,0.2302209511569218,0.37086548435058964,0.46007072932932225
2020-12-23,159.2635040283203,159.2635040283203,160.50650024414062,159.20849609375,160.25,41876000,-0.006627122071927394,-0.01718318060545887,158.94379959106445,158.73357025146484,0.178602221510623,51.35367328774987,0.5514347637899562,0.2944637136835287,0.25697105010642746,0.5032711054475948
2020-12-24,158.63450622558594,158.63450622558594,160.10000610351562,158.4499969482422,159.69500732421875,29038000,-0.003949415822362745,-0.019588481200514485,158.912850189209,158.5425503540039,0.16220710609216005,49.70158245910869,0.45607326164167716,0.3267856232751584,0.12928763836651874,0.5033670986878634
2020-12-28,164.197998046875,164.197998046875,165.1999969482422,158.63450622558594,159.6999969482422,113736000,0.03507113271672124,0.025708579417332622,159.13440017700196,158.48786041259766,0.20478477336415776,61.499633677399444,0.8199737313247226,0.42542324488507127,0.39455048643965135,0.880196069008602
2020-12-29,166.10000610351562,166.10000610351562,167.53250122070312,164.06100463867188,165.4969940185547,97458000,0.011583625131030173,0.036123986544464914,159.51930084228516,158.53715057373046,0.20422298517929238,64.5601675932364,1.2474636453517007,0.5898313249783972,0.6576323203733035,1.0
2020-12-30,164.29249572753906,164.29249572753906,167.10499572753906,164.12350463867188,167.0500030517578,64186000,-0.010882060864285004,0.024740164412244026,159.6837257385254,158.61579040527343,0.20243902127300636,59.70301519665787,1.4239866688522227,0.7566623937531622,0.6673242750990604,0.8861483012158201
2020-12-31,162.84649658203125,162.84649658203125,164.14599609375,162.05999755859375,163.75,59144000,-0.008801370623195415,0.022497260596965107,159.81722564697264,158.65571044921876,0.20434142010345946,56.06880296461299,1.4307100554989347,0.8914719261023167,0.539238129396618,0.7950675188620309
2021-01-04,159.3314971923828,159.3314971923828,163.60000610351562,157.2010040283203,163.5,88228000,-0.021584740620304466,0.004393690776240744,159.81697540283204,158.65740051269532,0.21859820156575688,48.36221553032821,1.1392744663129122,0.9410324341444359,0.19824203216847625,0.5736642798788986
2021-01-05,160.92550659179688,160.92550659179688,161.16900634765625,158.2530059814453,158.30050659179688,53110000,0.010004358381754175,-0.019930154411163414,159.95680084228516,158.69951049804686,0.21932827157349455,51.61041737988435,1.0251159999088486,0.9578491472973185,0.06726685261153009,0.6740679513671969
2021-01-06,156.91900634765625,156.91900634765625,159.87550354003906,156.55799865722656,157.32400512695312,87896000,-0.024896614147709384,-0.05527392786570795,159.90775146484376,158.63349060058593,0.2377709703766924,44.10134600474988,0.604386515302906,0.887156620898436,-0.28277010559553006,0.42170599259935604
2021-01-07,158.10800170898438,158.10800170898438,160.427001953125,157.75,157.85000610351562,70290000,0.0075771277744003385,-0.0376431923513475,159.86992645263672,158.58861053466796,0.23834472060236875,46.58511296402172,0.3627161899164264,0.7822685347020342,-0.41955234478560777,0.49659858714979094
2021-01-08,159.13499450683594,159.13499450683594,159.53199768066406,157.11000061035156,159.0,70754000,0.006495514374673217,-0.02279141494042336,160.06617584228516,158.48498046875,0.2233279207837004,48.70520499974222,0.2511651759531901,0.6760478629522654,-0.4248826869990753,0.5612869431495987
2021-01-11,155.7104949951172,155.7104949951172,157.81900024414062,155.5,157.40049743652344,73668000,-0.021519462280005563,-0.022726217107553404,160.09797592163085,158.43641021728516,0.23761340053722377,42.629250764367825,-0.11227407154493108,0.5183834760528261,-0.6306575475977572,0.3455841222547936
2021-01-12,156.04150390625,156.04150390625,157.10699462890625,154.3000030517578,156.0,70292000,0.002125797051401035,-0.030349462860077336,160.10900115966797,158.3462301635742,0.2371288290515332,43.3647014764902,-0.36933517486136225,0.34083974586998844,-0.7101749207313507,0.36643375462540245
2021-01-13,158.29449462890625,158.29449462890625,159.49749755859375,156.10400390625,156.4219970703125,66424000,0.014438406874172749,0.008765593877153366,160.13130111694335,158.4759701538086,0.2382047133278935,48.229345931361,-0.38680162066822277,0.1953114725623462,-0.5821130932305689,0.5083454274592725
2021-01-14,156.37350463867188,156.37350463867188,158.89999389648438,156.0294952392578,158.37600708007812,61418000,-0.012135545173177387,-0.01097033073319742,160.03717651367188,158.5989602661133,0.2419905692342919,44.7035565278098,-0.549319529046528,0.046385272240571374,-0.5957048012870994,0.32214773665002083
2021-01-15,155.21249389648438,155.21249389648438,157.12750244140625,154.7584991455078,156.1510009765625,84880000,-0.007424600125642833,-0.024648887710132517,159.69540100097657,158.6548001098633,0.22497993045726378,42.67309413871964,-0.7630045645710197,-0.11549269512174687,-0.6475118694492729,0.2412354207253269
2021-01-19,156.03799438476562,156.03799438476562,157.25,154.8000030517578,155.35000610351562,66102000,0.005318518294228358,0.0021032582913482756,159.40710067749023,158.53440002441405,0.22650084084429994,44.59986245417446,-0.8558745156795169,-0.2635690592333009,-0.592305456446216,0.29876560014292153
2021-01-20,163.16900634765625,163.16900634765625,163.99000549316406,158.75,159.09950256347656,106196000,0.04570048462239673,0.04567696582627434,159.56142578125,158.47578002929689,0.27921635301059483,57.795914091516174,-0.35002666249198455,-0.28086057988503765,-0.0691660826069469,0.7957348975303495
2021-01-21,165.34950256347656,165.34950256347656,167.42750549316406,164.47850036621094,164.64999389648438,98722000,0.013363421550624865,0.044568877465445356,159.8134506225586,158.47140014648437,0.28259548561046316,60.865513212424304,0.22422450650947212,-0.1798435626061357,0.40406806911560783,0.9476964533335602
2021-01-22,164.6114959716797,164.6114959716797,166.0955047607422,164.1580047607422,165.2154998779297,56438000,-0.00446331304512726,0.05268150350689593,160.02772521972656,158.61989013671874,0.2834012405180472,59.293614085173886,0.6127088053101772,-0.02133308902287312,0.6340418943330504,0.8962638348915752
2021-01-25,164.6999969482422,164.6999969482422,168.1945037841797,162.15750122070312,166.4250030517578,74996000,0.0005376354551673845,0.06112589788090972,160.29954986572267,158.87886993408202,0.28182304480864095,59.42892797330887,0.9171543161155853,0.1663643920048186,0.7507899241107667,0.874781296146172
2021-01-26,166.30650329589844,166.30650329589844,166.89999389648438,164.14349365234375,164.8179931640625,59104000,0.009754137082109926,0.06580774734781736,160.6831497192383,159.06760986328126,0.2822946176079316,61.90448397194087,1.2733824527008153,0.3877680041440179,0.8856144485567974,1.0
2021-01-27,161.62899780273438,161.62899780273438,167.3260040283203,160.35400390625,167.07449340820312,93204000,-0.02812581228312927,-0.00943811928130922,160.55469970703126,159.18990966796875,0.2746509489264925,51.96269611526273,1.1648327488305483,0.543180953081324,0.6216517957492244,0.5892243845635362
2021-01-28,161.88099670410156,161.88099670410156,165.08399963378906,161.4344940185547,161.7519989013672,62984000,0.0015591193708615059,-0.020976814599387494,160.34374923706054,159.2987194824219,0.27101128252607143,52.40616394328596,1.0866147137269309,0.6518677052104453,0.4347470085164855,0.6113547709307359
2021-01-29,160.30999755859375,160.30999755859375,161.84950256347656,159.2274932861328,161.5,85872000,-0.009704654514695155,-0.02613121512379657,160.14462432861328,159.37385955810547,0.27048209597685974,49.34764011724576,0.8876278345741468,0.6990197310831856,0.18860810349096124,0.4733906056744374
2021-02-01,167.1439971923828,167.1439971923828,167.51300048828125,161.75149536132812,162.1179962158203,83204000,0.042629902924745666,0.014839103153770239,160.35949935913087,159.58107940673827,0.30978708684406947,60.2230308859869,1.2667733805593286,0.8125704609784143,0.4542029195809143,1.0
2021-02-02,169.0,169.0,171.38699340820312,168.05650329589844,169.0,141972000,0.011104214562255077,0.016195979415845274,160.84292449951172,159.85561950683595,0.2990484877426347,62.5732872223555,1.6974457743968117,0.9895455236620939,0.7079002507347177,1.0
2021-02-03,165.62649536132812,165.62649536132812,171.6999969482422,165.43099975585938,171.25050354003906,141776000,-0.019961565909300982,0.024732551787969514,161.07797393798828,160.0511294555664,0.3086576346644338,56.086505394738865,1.7464115730433036,1.140918733538336,0.6054928395049677,0.760413099547021
2021-02-04,166.5500030517578,166.5500030517578,167.35000610351562,163.8874969482422,166.5,73414000,0.005575845147329783,0.0288422139887774,161.55952377319335,160.2827294921875,0.2924665201535792,57.38879631035419,1.8385430934638975,1.2804436055234483,0.5580994879404493,0.8260007802509808
2021-02-05,167.6074981689453,167.6074981689453,168.85000610351562,165.135498046875,165.9499969482422,72416000,0.006349415177487883,0.04552118221874646,162.0344985961914,160.5364895629883,0.29225199417157455,58.89213712594703,1.974132435409956,1.41918137150075,0.5549510639092061,0.9000035063805168
2021-02-08,166.14700317382812,166.14700317382812,168.25,165.1999969482422,167.9250030517578,65148000,-0.008713780773966562,-0.005964880793218996,162.385099029541,160.74136962890626,0.29486991749874847,55.95593345720471,1.9413594423337202,1.523616985667344,0.4177424566663761,0.7951243778913942
2021-02-09,165.25,165.25,166.89999389648438,164.89199829101562,165.62449645996094,44070000,-0.00539885256244832,-0.022189349112425982,162.86207427978516,160.86129974365235,0.282892677177942,54.169597815619184,1.8220030328394614,1.5832941951017676,0.2387088377376938,0.7307099763100167
2021-02-10,164.32899475097656,164.32899475097656,165.8975067138672,162.6999969482422,165.6999969482422,63032000,-0.005573405440383872,-0.00783389522021194,163.27644882202148,160.95253967285157,0.28456902252192334,52.32263014171693,1.6342561048766981,1.5934865770567537,0.04076952781994447,0.6645719695558512
2021-02-11,163.10650634765625,163.10650634765625,164.60000610351562,162.4029998779297,164.60000610351562,46028000,-0.007439273910078148,-0.02067545266289461,163.51704940795898,161.04662994384765,0.2832351937569726,49.89102295660131,1.3710164897705965,1.5489925595995224,-0.1779760698289259,0.5767842545982893
2021-02-12,163.885498046875,163.885498046875,164.0124969482422,161.66549682617188,162.5,46706000,0.004775969497859078,-0.022206644468367398,163.89264907836915,161.10425994873046,0.2786443029949475,51.439690036405665,1.2112922945137825,1.4814525065823745,-0.270160212068592,0.632724172768134
2021-02-16,163.44749450683594,163.44749450683594,165.4149932861328,162.67950439453125,162.70249938964844,51494000,-0.0026726192693009576,-0.016247712058747643,164.3043991088867,161.16967987060548,0.27690614304115246,50.49472014060873,1.0374079013662936,1.3926435855391583,-0.3552356841728648,0.6012708437885564
2021-02-17,165.4320068359375,165.4320068359375,166.04550170898438,162.97500610351562,163.17999267578125,65950000,0.012141589169594624,0.001101402940620222,164.77409973144532,161.29158996582032,0.27880451088518493,54.56712299824308,1.0476600537703291,1.3236468791853926,-0.2759868254150635,0.7437800096863761
2021-02-18,166.4114990234375,166.4114990234375,166.89999389648438,163.69700622558594,164.12100219726562,60548000,0.005920814274298136,0.012672774367157524,164.93622436523438,161.45723999023437,0.2295396939275417,56.47045772881509,1.1218893499128626,1.2832953733308865,-0.1614060234180239,0.8141180028533171
2021-02-19,162.4949951171875,162.4949951171875,166.6750030517578,162.28750610351562,166.4114990234375,86104000,-0.023535055745747435,-0.003749152895012875,164.79349899291992,161.54914001464843,0.24046505500168322,47.84026017637224,0.8548334800112798,1.1976029946669653,-0.3427695146556855,0.5328712216010572
2021-02-22,159.03700256347656,159.03700256347656,161.61599731445312,158.61300659179688,160.406494140625,70314000,-0.021280609604111933,-0.02958465234069496,164.51477432250977,161.55259002685546,0.2510740113322674,41.77040549688402,0.3600087231825455,1.0300841403700813,-0.6700754171875358,0.2845504491454293
2021-02-23,159.72500610351562,159.72500610351562,160.2364959716797,154.67999267578125,156.35150146484375,93544000,0.004326059526709614,-0.022774826953157246,164.26602478027343,161.64289001464843,0.25186127122374735,43.31150607100751,0.023106318910350865,0.8286885760781353,-0.8055822571677844,0.33395644637100574
2021-02-24,157.97650146484375,157.97650146484375,158.56149291992188,156.2689971923828,158.33749389648438,60226000,-0.010946968676518232,-0.045066885868630835,163.8495246887207,161.70093017578125,0.2504022202419528,40.38613910713645,-0.38059372762327826,0.5868321153378526,-0.9674258429611309,0.2004719017063275
2021-02-25,152.85800170898438,152.85800170898438,158.91299438476562,152.38800048828125,156.83700561523438,90676000,-0.03240038681954516,-0.0814456776964928,163.4109748840332,161.64167022705078,0.25659894434660363,33.2963370852391,-1.1008590582509612,0.24929388062008986,-1.3501529388710511,0.0
2021-02-26,154.64649963378906,154.64649963378906,156.1219940185547,151.8350067138672,154.75999450683594,85518000,0.011700387973209825,-0.04829992134673622,163.04925003051758,161.5776303100586,0.2612938037280524,37.42967238525859,-1.5099519009719984,-0.10255527569832781,-1.4073966252736705,0.11079780164517404
2021-03-01,157.3070068359375,157.3070068359375,157.47799682617188,154.89950561523438,156.39450073242188,54582000,0.017203798394717307,-0.01087794475281667,162.89910049438475,161.55865051269532,0.268344865052361,43.080034293513556,-1.6010246146023235,-0.402249143479127,-1.1987754711231964,0.2756167512066563
2021-03-02,154.72650146484375,154.72650146484375,158.17599487304688,154.3560028076172,157.17349243164062,51916000,-0.016404262105025436,-0.03129444011686189,162.27822570800782,161.41222045898436,0.2188508716298488,39.36671710666431,-1.8599848658289488,-0.6937962879490913,-1.1661885778798575,0.11575393096772608
2021-03-03,150.25,150.25,155.38900756835938,149.75,154.0590057373047,79774000,-0.02893170479822993,-0.04890918201884098,161.34072570800782,161.18114044189454,0.22870182983082887,33.90674142230992,-2.3987773747737435,-1.034792505314022,-1.3639848694597216,0.0
2021-03-04,148.8784942626953,148.8784942626953,152.906494140625,147.27149963378906,150.60000610351562,109632000,-0.009128157985388907,-0.02603401458737742,160.50332565307616,160.95706024169922,0.22294195648003953,32.422999786291726,-2.9029796286349097,-1.4084299299781995,-1.4945496986567102,0.0
2021-03-05,150.0229949951172,150.0229949951172,150.4499969482422,144.0500030517578,150.25,107772000,0.007687481916645478,-0.02989724726793408,159.67697525024414,160.75134002685547,0.22441948383312738,34.97995218827444,-3.173628291852765,-1.7614696023531127,-1.4121586894996523,0.056879477478666216
2021-03-08,147.59750366210938,147.59750366210938,153.22950744628906,147.5655059814453,150.75,83700000,-0.016167463748385735,-0.0617232720215356,158.67647552490234,160.49677001953125,0.22339262687984773,32.19934814634951,-3.542994749236584,-2.117774631729807,-1.4252201175067771,0.0
2021-03-09,153.1425018310547,153.1425018310547,154.54800415039062,150.25750732421875,150.89950561523438,80600000,0.03756837366056898,-0.010237416465782134,158.02625045776367,160.37434997558594,0.2717703640418519,43.2965991339185,-3.3496723790175906,-2.364154181187364,-0.9855181978302268,0.25908184173490734
2021-03-10,152.8820037841797,152.8820037841797,155.822998046875,151.50250244140625,154.92250061035156,60250000,-0.0017010173123747085,0.01751749606775177,157.40785064697266,160.25929992675782,0.2718218518043228,42.941015634907664,-3.1808165499184327,-2.5274866549335777,-0.6533298949848549,0.24691045561422295
2021-03-11,155.67950439453125,155.67950439453125,156.58900451660156,154.14649963378906,155.20050048828125,55528000,0.018298429776605563,0.04568161550475924,156.9753761291504,160.08893005371092,0.28268043557514605,47.89044968473275,-2.7891110334176403,-2.5798115306303906,-0.20929950278724974,0.37761953581618585
2021-03-12,154.47450256347656,154.47450256347656,154.94900512695312,152.27499389648438,153.75,48438000,-0.0077402727850476305,0.029672168379949015,156.5437759399414,159.85641998291015,0.28275150616456496,46.037984693876965,-2.5465600080562467,-2.573161226115562,0.026601218059315368,0.32131760673133547
2021-03-15,154.08399963378906,154.08399963378906,154.11199951171875,151.60450744628906,153.72850036621094,58272000,-0.0025279442445658162,0.04394719294527527,156.0537010192871,159.65225006103515,0.28142218258613005,45.42476644570726,-2.3586577574141927,-2.5302605323752885,0.17160277496109577,0.30307193466007526
2021-03-16,154.59300231933594,154.59300231933594,156.44549560546875,153.79299926757812,155.24850463867188,50776000,0.0033034103914528767,0.009471573671177458,155.6109764099121,159.48718017578125,0.2822926589516757,46.42644798141316,-2.1439574008571185,-2.4529999060716547,0.30904250521453625,0.3268543326341726
2021-03-17,156.7864990234375,156.7864990234375,158.65249633789062,153.51100158691406,153.66099548339844,62372000,0.014188848597238346,0.025539273051193856,155.1787010192871,159.43628021240235,0.2838030683123559,50.63162688481528,-1.7763325137589163,-2.3176664276091072,0.5413339138501909,0.42934222327421123
2021-03-18,151.39950561523438,151.39950561523438,155.8314971923828,151.25,155.0500030517578,72992000,-0.03435878370750434,-0.027492371561321782,154.42810134887696,159.2457601928711,0.30324803223051194,41.92746795612001,-1.897795879635396,-2.233692318014365,0.3358964383789691,0.17764292039120683
2021-03-19,153.7480010986328,153.7480010986328,153.864501953125,150.8314971923828,151.4615020751953,92508000,0.015511909856343209,-0.004703051007043824,153.99075164794922,159.18234008789062,0.3024863285259582,46.264514431991856,-1.783987812861426,-2.1437514169837772,0.3597636041223513,0.2873728998441504
2021-03-22,155.5435028076172,155.5435028076172,156.32899475097656,153.00250244140625,153.3925018310547,58044000,0.01167821172408301,0.009472126744483056,153.81607666015626,159.13105010986328,0.29806769949921164,49.37730129176168,-1.5312606975741119,-2.0212532731018444,0.48999257552773257,0.3712650627319743
2021-03-23,156.875,156.875,159.10000610351562,156.04249572753906,156.35000610351562,76346000,0.008560288075996736,0.014761325845462636,153.67357635498047,159.08585021972655,0.29943606285317553,51.6156721088053,-1.2095885583119355,-1.8589203301438628,0.6493317718319274,0.43347730056450934
2021-03-24,154.35350036621094,154.35350036621094,158.0155029296875,154.25750732421875,157.552001953125,59180000,-0.016073304438495972,-0.015517909210172931,153.49242630004883,159.05871032714845,0.30229516632900716,47.34619074284016,-1.1449270119180426,-1.7161216664986987,0.5711946545806561,0.3156639579533934
2021-03-25,152.31300354003906,152.31300354003906,155.48899841308594,151.85699462890625,153.64950561523438,71270000,-0.013219634289670767,0.006033691596895041,153.46517639160157,158.9841403198242,0.2829041522619589,44.16265036674285,-1.2439933305129784,-1.6216959993015547,0.3777026687885763,0.2203247604150477
2021-03-26,152.60150146484375,152.60150146484375,152.83299255371094,149.8000030517578,152.2030029296875,66258000,0.0018941122432061253,-0.007457005135654171,153.3629264831543,158.87028045654296,0.27963491557937686,44.72852190548495,-1.2844187504475144,-1.5542405495307468,0.26982179908323234,0.23380439943705913
2021-03-29,153.7864990234375,153.7864990234375,154.5625,151.42250061035156,152.77200317382812,54920000,0.007765307334585803,-0.011295899555205602,153.1869010925293,158.81854034423827,0.2736443115861512,47.09994280013443,-1.2069241175118464,-1.4847772631269667,0.2778531456151203,0.28917165846543
2021-03-30,152.76449584960938,152.76449584960938,153.64999389648438,151.6999969482422,153.50050354003906,46752000,-0.006645597502498379,-0.02620241689492031,153.08880081176758,158.7695803833008,0.26849752195096166,45.294944619152005,-1.2139821469700678,-1.430618239895587,0.2166360929255191,0.24142007109481162
2021-03-31,154.70399475097656,154.70399475097656,155.9665069580078,153.125,153.2030029296875,61878000,0.01269600564306872,0.0022707252115050647,153.3115005493164,158.742900390625,0.25006393124956866,49.26830314561888,-1.050959526670482,-1.354686497250566,0.3037269705800838,0.3320402899116947
2021-04-01,158.0500030517578,158.0500030517578,158.1219940185547,155.77749633789062,155.89700317382812,58806000,0.02162845443110406,0.03766585503785058,153.77007598876952,158.64052032470704,0.25634981515272065,55.30025048367245,-0.6443404636763148,-1.2126172905357158,0.568276826859401,0.4883775810368207
2021-04-05,161.3365020751953,161.3365020751953,161.79800415039062,158.06199645996094,158.64999389648438,66698000,0.02079404593469847,0.05724059413900284,154.33575134277345,158.56026031494142,0.2635689225344544,60.29398685631516,-0.05625050118530339,-0.9813439326656332,0.9250934314803299,0.6419343891564014
2021-04-06,161.1909942626953,161.1909942626953,162.36549377441406,160.8520050048828,161.1875,50756000,-0.0009018902147276409,0.048147888704647146,155.01542587280272,158.49185028076172,0.25363419825282807,59.97452074466059,0.39353731345792653,-0.7063676834409213,1.099904996898848,0.6351357517356631
2021-04-07,163.96949768066406,163.96949768066406,165.1804962158203,161.1824951171875,161.69000244140625,66924000,0.01723733655641202,0.0733482067854665,155.5567756652832,158.47724029541016,0.22742887804188122,63.9071358883889,0.963097414529642,-0.3724746638468086,1.3355720783764506,0.7649572162089326
2021-04-08,164.96499633789062,164.96499633789062,166.22500610351562,164.60000610351562,165.5449981689453,56242000,0.006071242952548017,0.06632667503790679,156.16092529296876,158.45041015625,0.22673496894665748,65.22545570565426,1.4777714901391903,-0.0024254330496088494,1.480196923188799,0.8114704192255427
2021-04-09,168.61000061035156,168.61000061035156,168.61000061035156,164.44500732421875,165.23500061035156,86830000,0.02209562242522667,0.06681428253522781,156.80745010375978,158.59003021240235,0.23030393875820998,69.60336702645962,2.1549350356120556,0.429046660682724,1.7258883749293314,0.9817778550926328
2021-04-12,168.96949768066406,168.96949768066406,169.7519989013672,167.5574951171875,167.760498046875,65636000,0.0021321218730274705,0.04731102699816292,157.53219985961914,158.7318002319336,0.22620300842567378,70.00445921693746,2.68959643968995,0.8811566164841693,1.8084398232057808,0.9985748242235679
2021-04-13,170.0,170.0,171.60000610351562,169.781494140625,170.04249572753906,66316000,0.006098747605224553,0.05464949067159752,158.3279998779297,158.92560028076173,0.22466935694009424,71.17847512697472,3.1600453436901432,1.3369343619253642,1.823110981764779,1.0
2021-04-14,166.64999389648438,166.64999389648438,170.2064971923828,166.3000030517578,170.20199584960938,62904000,-0.01970591825597423,0.016347529593831345,158.93084945678712,158.91572021484376,0.24123966495890295,62.60064567776574,3.225381800461804,1.7146238496326522,1.5107579508291518,0.8504628210629559
2021-04-15,168.95449829101562,168.95449829101562,169.85000610351562,167.60000610351562,168.5500030517578,64672000,0.013828409714570444,0.02418393017724485,159.53924942016602,158.91481018066406,0.24103853575344555,65.66592920453145,3.4236499527615933,2.0564290702584405,1.3672208825031529,0.9533310175252184
2021-04-16,169.9720001220703,169.9720001220703,170.33999633789062,167.7794952392578,169.0,63720000,0.006022342354579324,0.008077809778710865,160.4678741455078,159.0017202758789,0.19419866589182297,66.9537946368551,3.6211405320804886,2.36937136262285,1.2517691694576385,0.9987501447380072
2021-04-19,168.60049438476562,168.60049438476562,171.79649353027344,168.00799560546875,169.51649475097656,54508000,-0.00806900981526193,-0.0021838456109741777,161.21049880981445,159.04273010253905,0.19669884954579162,63.49645700134562,3.625195194587178,2.620536129015716,1.0046590655714622,0.9375290327414401
2021-04-20,166.7344970703125,166.7344970703125,169.14950561523438,165.8000030517578,168.67999267578125,52460000,-0.011067567276491497,-0.019208840762867663,161.77004852294922,159.0252700805664,0.20247347295951096,59.03024577959157,3.43820467209801,2.784069837632175,0.6541348344658351,0.8542348638100492
2021-04-21,168.1009979248047,168.1009979248047,168.14300537109375,165.1905059814453,165.8000030517578,44224000,0.008195669633476843,0.008706895178295815,162.33134841918945,159.06434997558594,0.20235807667838318,61.18347373326732,3.361528921536376,2.899561654413015,0.4619672671233608,0.9152325684355354
2021-04-22,165.45199584960938,165.45199584960938,168.64349365234375,165.07249450683594,168.58399963378906,51612000,-0.015758395892332966,-0.020730448001291868,162.8862731933594,159.06838989257812,0.2019559691130984,55.13418035323265,3.0518309010347764,2.9300155037373674,0.12181539729740898,0.7969867249705416
2021-04-23,167.04400634765625,167.04400634765625,168.75,165.4250030517578,165.9550018310547,63856000,0.00962218974677076,-0.017226330056193007,163.62282333374023,159.1226901245117,0.1928642036946506,57.83251919425834,2.9014092905026985,2.924294261090434,-0.02288497058773542,0.8680507025753148
2021-04-26,170.4499969482422,170.4499969482422,171.42250061035156,166.5469970703125,167.39999389648438,97614000,0.020389780364207244,0.01096973392768219,164.51524810791017,159.26955993652345,0.20032957759433842,62.96446127439876,3.0221960618931973,2.9438746212509868,0.07832144064221058,1.0
2021-04-27,170.8715057373047,170.8715057373047,173.0,169.90049743652344,172.17349243164062,76542000,0.0024729175512423485,0.024811953972833756,165.3694984436035,159.40928009033203,0.20045918850964942,63.55559110219624,3.1160132242252985,2.978302341845849,0.13771088237944928,1.0
2021-04-28,172.9250030517578,172.9250030517578,174.49400329589844,171.25,171.74000549316406,92638000,0.012017786731569835,0.02869706418465756,166.37752380371094,159.59883026123046,0.19654692301481516,66.3716513192939,3.3178183283538374,3.046205539147447,0.2716127892063902,1.0
2021-04-29,173.5655059814453,173.5655059814453,175.72250366210938,171.75,175.2550048828125,153648000,0.0037039347600635875,0.049038454266885134,167.3205993652344,159.76150024414062,0.19524725848739674,67.22239724684107,3.489212095741806,3.134806850466319,0.3544052452754869,1.0
2021-04-30,173.37100219726562,173.37100219726562,177.6999969482422,173.125,176.25599670410156,140186000,-0.001120636171800582,0.03787622188874873,168.08664932250977,159.9006903076172,0.18738985614202736,66.67080059010522,3.568215889735228,3.221488658320101,0.34672723141512707,0.9925098672671152
2021-05-03,169.32449340820312,169.32449340820312,174.33250427246094,168.63499450683594,174.2364959716797,117510000,-0.023340170719312603,-0.006603130303257321,168.48604888916014,160.0372802734375,0.20203824009976862,56.317312922703586,3.2666515982694477,3.2305212463099706,0.036130351959477114,0.8366831410021747
2021-05-04,165.593505859375,165.593505859375,168.3990020751953,163.60650634765625,167.8094940185547,108788000,-0.022034541333801894,-0.03088870701498947,168.70617446899413,160.16841033935546,0.219889421446322,48.79345529334659,2.6955278435305274,3.123522565754082,-0.4279947222235547,0.6930068002907444
2021-05-05,163.52699279785156,163.52699279785156,167.73500061035156,163.21800231933594,166.9429931640625,74226000,-0.012479432999494278,-0.05434731871072085,168.6840492248535,160.24445007324218,0.21685307858665337,45.192144269976126,2.0524979015077918,2.9093176329048243,-0.8568197313970325,0.613427592151784
2021-05-06,165.31849670410156,165.31849670410156,165.72000122070312,162.36000061035156,163.5,88954000,0.010955401769447537,-0.047515255008246715,168.70172424316405,160.39128997802734,0.21935907743856045,48.725328106315615,1.6682212169286288,2.6610983497095853,-0.9928771327809565,0.6824164918068043
2021-05-07,164.58050537109375,164.58050537109375,166.54449462890625,164.45350646972656,165.95449829101562,94206000,-0.0044640578502762596,-0.050703385887853614,168.50024948120117,160.62574005126953,0.2039095037909199,47.37060499332736,1.2892675689194846,2.3867321935515653,-1.0974646246320807,0.6539972347560492
2021-05-10,159.52450561523438,159.52450561523438,164.14999389648438,159.5,164.11599731445312,116772000,-0.03072052637375966,-0.057876965084686205,168.0279998779297,160.72330017089843,0.228769305453217,39.307356071163575,0.5743464388845894,2.02425504261817,-1.4499086037335807,0.4592960908758114
2021-05-11,161.19549560546875,161.19549560546875,161.89999389648438,156.36849975585938,156.81399536132812,92396000,0.010474816917876772,-0.026559074470233868,167.58777465820313,160.80106994628906,0.23153074529494932,42.774276811146,0.1409761346436369,1.6475992610232635,-1.5066231263796266,0.5236441284986417
2021-05-12,157.5970001220703,157.5970001220703,160.39700317382812,156.65499877929688,159.25,98728000,-0.022323796765424953,-0.036263081551996534,167.13512496948243,160.8584799194336,0.23427318000606598,37.7705563939403,-0.48722503840477316,1.2206344011376564,-1.7078594395424296,0.38506991554430237
2021-05-13,158.07350158691406,158.07350158691406,160.19200134277344,156.64999389648438,159.27349853515625,67018000,0.0030235440044839024,-0.043824467688906577,166.59107513427733,161.01494995117187,0.22720480230763795,38.7916116975675,-0.9358415096841952,0.7893392189732861,-1.7251807286574814,0.40341947740062367
2021-05-14,161.14500427246094,161.14500427246094,161.4429931640625,159.14999389648438,159.2779998779297,66500000,0.019430851184491837,-0.020874289399503865,166.14972534179688,161.2602801513672,0.23911592861459074,45.050386588445456,-1.031636633239117,0.42514404853080556,-1.4567806817699225,0.5216997612582623
2021-05-17,163.51950073242188,163.51950073242188,164.6374969482422,161.72950744628906,162.29649353027344,74478000,0.0147351540352203,0.025043143696199532,165.8956756591797,161.53021026611327,0.24574998855733904,49.361272064269755,-0.9055147288680416,0.15901229305103612,-1.0645270219190777,0.6131390807238523
2021-05-18,161.61399841308594,161.61399841308594,165.60000610351562,161.51849365234375,164.62899780273438,56568000,-0.011653058569779051,0.0025962438096998053,165.63965072631837,161.81054016113282,0.24606360866197335,46.22711151131016,-0.9483878978819291,-0.062467745135556946,-0.8859201527463721,0.4608180379452746
2021-05-19,161.58999633789062,161.58999633789062,161.7375030517578,159.1999969482422,159.75,53594000,-0.000148514828115065,0.025336752683918107,165.31410064697266,161.97949005126952,0.24349745980115234,46.187329956994596,-0.97308484373022,-0.24459116485448956,-0.7284936788757304,0.45973520501200893
2021-05-20,162.38400268554688,162.38400268554688,162.98399353027344,161.8090057373047,162.22000122070312,52664000,0.004913709794237331,0.027268967001801814,165.16070098876952,162.16953002929688,0.23886115876092037,47.78804780556748,-0.9180054790549832,-0.3792740276945883,-0.5387314513603949,0.4955561169734923
2021-05-21,160.1540069580078,160.1540069580078,162.83450317382812,159.85049438476562,162.5,82098000,-0.013732853548741542,-0.006149724088111097,164.81620101928712,162.25902008056642,0.23969514915769938,43.84347517738187,-1.0422819268304409,-0.5118756075217588,-0.5304063193086821,0.3949517819244688
2021-05-24,162.24949645996094,162.24949645996094,162.8975067138672,160.52499389648438,160.77499389648438,48456000,0.013084215261017773,-0.0077666838925782855,164.40617599487305,162.4145199584961,0.23192305876233127,48.17265633367316,-0.9606101016915432,-0.6016225063557157,-0.35898759533582747,0.48948798454708603
2021-05-25,162.95249938964844,162.95249938964844,163.99099731445312,160.68800354003906,163.33349609375,65222000,0.004332851226203749,0.008282085646698079,164.01022567749024,162.59188995361328,0.23253031752323408,49.57705394029818,-0.8295950750498946,-0.6472170200945515,-0.1823780549553431,0.5212033557495125
2021-05-26,163.25799560546875,163.25799560546875,164.7864990234375,162.92550659179688,163.72950744628906,47680000,0.0018747562447005706,0.010322416643232524,163.5268753051758,162.76518981933594,0.2269871213434199,50.208476262003956,-0.6931238309769014,-0.6563983822710215,-0.036725448705879904,0.5349855541963734
2021-05-27,161.5054931640625,161.5054931640625,163.01800537109375,161.5019989013672,162.8000030517578,51224000,-0.010734558114025683,-0.005410074311233637,162.92387466430665,162.85956970214843,0.22730742858201797,46.603150811832336,-0.7181038335848484,-0.668739472533787,-0.049364361051061456,0.4559229171643132
2021-05-28,161.15350341796875,161.15350341796875,162.39950561523438,160.98500061035156,162.10000610351562,46596000,-0.0021794289420000723,0.0062408457892846325,162.3129997253418,163.05464965820312,0.22719169976362807,45.89038768680575,-0.7575704953326294,-0.6865056770935555,-0.07106481823907396,0.4159745376951818
2021-06-01,160.9324951171875,160.9324951171875,162.5489959716797,160.4530029296875,162.1750030517578,48600000,-0.0013714148069622345,-0.008117136703092553,161.893399810791,163.19833953857423,0.21485812877998037,45.4206594847202,-0.7974886788688025,-0.7087022774486049,-0.08878640142019756,0.4055753716962329
2021-06-02,161.69949340820312,161.69949340820312,161.75,160.39999389648438,161.15499877929688,40290000,0.004765962837133042,-0.007689394063537192,161.6986991882324,163.32145935058594,0.20320375173495078,47.43169337951699,-0.7584903700611676,-0.7186598959711176,-0.03983047409005003,0.4416651589168325
2021-06-03,159.35049438476562,159.35049438476562,160.7220001220703,159.20150756835938,160.2115020751953,47966000,-0.014526941142032901,-0.023934516690662044,161.48987426757813,163.37096923828125,0.20484640433401935,42.292155720614645,-0.9066769120950937,-0.7562632991959128,-0.15041361289918087,0.3311370444082585
2021-06-04,160.31100463867188,160.31100463867188,161.0500030517578,159.9405059814453,160.60000610351562,44994000,0.006027657821926935,-0.007395962217688901,161.23949966430663,163.49011932373048,0.20168637573440334,44.920309462098935,-0.9358230781964778,-0.7921752549960258,-0.143647823200452,0.37633220467488604
2021-06-07,159.90049743652344,159.90049743652344,160.39999389648438,158.61000061035156,159.8665008544922,44316000,-0.0025606925929613222,-0.007775232650049868,161.00549926757813,163.64186920166014,0.2014233045625175,43.998050657563375,-0.9807407563310733,-0.8298883552630354,-0.15085240106803788,0.34816802132910984
2021-06-08,163.20550537109375,163.20550537109375,163.97650146484375,160.90049743652344,161.1304931640625,68334000,0.020669153552085318,0.014123998091566836,161.1895492553711,163.85394927978516,0.18392673627884074,52.46058282248893,-0.7411087799599159,-0.8121324402024115,0.07102366024249562,0.5019472350289573
2021-06-09,164.0574951171875,164.0574951171875,164.87899780273438,163.53500366210938,163.64349365234375,49110000,0.005220349302289318,0.01458261655175197,161.33264923095703,164.05936920166016,0.18134191586375992,54.37461940086686,-0.4769522514341986,-0.745096402448769,0.26814415101457034,0.5429062913773689
2021-06-10,167.4824981689453,167.4824981689453,167.5500030517578,164.0574951171875,164.10049438476562,69530000,0.02087684594544914,0.05103218421490596,161.8269241333008,164.35372924804688,0.17244792205402096,61.14687862095741,0.00866296166989855,-0.5943445296250355,0.603007491294934,0.6774909635727623
2021-06-11,167.3415069580078,167.3415069580078,168.32899475097656,166.67250061035156,167.4824981689453,56348000,-0.0008418265339896758,0.04385539430173324,162.29032440185546,164.6064794921875,0.17301626184308444,60.74714680306757,0.3777848358884057,-0.39991865652234726,0.777703492410753,0.6102328496949868
2021-06-14,169.19349670410156,169.19349670410156,169.25,166.77499389648438,167.3415069580078,51394000,0.011067127216432215,0.058117388104231615,162.6927490234375,164.82934936523438,0.1647741707277152,64.06980187297128,0.8104147189572473,-0.15785198142642834,0.9682667003836756,0.7262104973473787
2021-06-15,169.156494140625,169.156494140625,169.84950256347656,168.15550231933594,169.1999969482422,48524000,-0.0002186996793457352,0.036463161925818666,162.97459869384767,164.98574920654298,0.15846508927431044,63.95332088448337,1.1371824887314688,0.10115491260515108,1.0360275761263176,0.7238932759490574
2021-06-16,170.7624969482422,170.7624969482422,171.3175048828125,168.02650451660156,169.60000610351562,84056000,0.0094941835711142,0.04086982936235417,163.43202362060546,165.1771792602539,0.15241789981780732,66.77654665773908,1.5083519626524833,0.3825943226146175,1.1257576400378657,0.8244664179674959
2021-06-17,174.46200561523438,174.46200561523438,174.86000061035156,170.0500030517578,170.15899658203125,102730000,0.02166464377780497,0.041673055528755,164.07562408447265,165.3870294189453,0.16589168059874337,72.18154732314555,2.0770825613802515,0.7214919703677443,1.3555905910125072,1.0
2021-06-18,174.34500122070312,174.34500122070312,175.35000610351562,173.6855010986328,173.99949645996094,104954000,-0.0006706583139327593,0.0418515070767993,164.67367401123047,165.57462951660156,0.16661789628103224,71.78378818989052,2.4896650723709683,1.0751265907683891,1.4145384816025792,0.9930622972771236
2021-06-21,172.697998046875,172.697998046875,174.10000610351562,171.6999969482422,173.8209991455078,65542000,-0.009446804682075038,0.02071297899175395,165.30087356567384,165.65638946533204,0.16131024245543715,66.24959698829602,2.6531563583133675,1.3907325442773848,1.2624238140359827,0.8954042695643126
2021-06-22,175.27200317382812,175.27200317382812,176.18899536132812,172.80450439453125,172.9029998779297,66902000,0.01490466106187549,0.03615296630656761,165.95199890136718,165.78243957519533,0.162818338660359,70.12593597045989,2.956346163884831,1.7038552681988741,1.2524908956859568,1.0
2021-06-23,175.1909942626953,175.1909942626953,176.0500030517578,174.16000366210938,175.25,56266000,-0.0004621896804161141,0.025933664555135794,166.56392364501954,165.88625946044922,0.16354408380090996,69.85401529459405,3.153735230451474,1.9938312606493942,1.1599039698020799,0.9954167526367269
2021-06-24,172.45399475097656,172.45399475097656,176.2429962158203,171.54249572753906,175.3820037841797,76640000,-0.015622946391951387,-0.01150973162997082,167.02372360229492,166.00233947753907,0.17731665573603103,61.217025743997795,3.054108638018164,2.2058867361231482,0.8482219018950157,0.8405653218503232
2021-06-25,170.072998046875,170.072998046875,173.24099731445312,169.70899963378906,173.1999969482422,78820000,-0.013806561613952328,-0.02450315835795147,167.45209884643555,166.02470947265624,0.18072975312591644,54.86207739141343,2.75131189959626,2.3149717688177707,0.4363401307784893,0.7058554891487798
2021-06-28,172.1945037841797,172.1945037841797,172.39999389648438,170.67550659179688,170.8000030517578,44856000,0.012474089136242261,-0.0029154609108940077,168.0041488647461,166.06915954589843,0.18300795110794024,58.95103074411006,2.651960930878687,2.382369601229954,0.2695913296487329,0.8258840815678177
2021-06-29,172.40699768066406,172.40699768066406,172.80149841308594,171.15150451660156,171.9409942626953,41968000,0.0012340341405479016,-0.016346053227466406,168.57787399291993,166.1452896118164,0.18234290503662662,59.34825586415002,2.560851155894966,2.4180659121629566,0.14278524373200918,0.8379063650074373
2021-06-30,172.00799560546875,172.00799560546875,173.5800018310547,171.75,172.05299377441406,48080000,-0.0023143032508132766,-0.018168734475321968,169.0932991027832,166.25075958251952,0.18342594465533796,58.209214322007206,2.4284561392295245,2.42014395757627,0.008312181653254314,0.8153319940708715
2021-07-01,171.64849853515625,171.64849853515625,172.85000610351562,170.4709930419922,171.73049926757812,40742000,-0.0020900020900020966,-0.004670788965970063,169.70819931030275,166.32170959472657,0.17250977749385482,57.14503457960255,2.2683753070110697,2.38979022746323,-0.1214149204521604,0.7949927008181472
2021-07-02,175.5489959716797,175.5489959716797,175.58599853515625,171.8459930419922,172.58200073242188,63388000,0.022723749230608936,0.0321979267002479,170.47009887695313,166.52364959716797,0.1851148057115134,64.688182811328,2.4282562133772956,2.397483424646043,0.030772788731252554,1.0
2021-07-06,183.78700256347656,183.78700256347656,184.2740020751953,176.4499969482422,176.5054931640625,134896000,0.04692710742205475,0.06732211844476965,171.66442413330077,166.85850952148436,0.23602133145657567,74.78355234442225,3.183009515279025,2.5545886427726394,0.6284208725063856,1.0
2021-07-07,184.82899475097656,184.82899475097656,186.7100067138672,183.94549560546875,185.86900329589844,106562000,0.005669564076709488,0.07205042276370244,172.74559860229493,167.14608947753905,0.23051600556620008,75.72874721811286,3.8211887210108557,2.8079086584202826,1.0132800625905731,1.0
2021-07-08,186.57049560546875,186.57049560546875,187.99949645996094,181.05599975585938,182.17799377441406,103612000,0.009422227593882448,0.08466176208111698,173.871248626709,167.46006927490234,0.23072796384302624,77.26272734748116,4.416563509096278,3.129639628555482,1.286923880540796,1.0
2021-07-09,185.9669952392578,185.9669952392578,187.39999389648438,184.6699981689453,186.12600708007812,74964000,-0.003234704202571881,0.08341754705864157,174.79547348022462,167.72090911865234,0.22670861419167646,75.48235231201059,4.78455155021652,3.46062201288769,1.32392953732883,0.9791706055433754
2021-07-12,185.92750549316406,185.92750549316406,187.864501953125,184.83949279785156,187.1999969482422,51432000,-0.00021234814297532711,0.05912030122438683,175.72477340698242,167.9681491088867,0.22649173312577076,75.35998265633015,5.015186285876268,3.771534867485406,1.2436514183908622,0.9778076444841419
2021-07-13,183.8679962158203,183.8679962158203,188.6540069580078,183.5659942626953,185.10499572753906,76918000,-0.011076947823728367,0.00044069303712479524,176.45849838256837,168.17808898925782,0.232666168499316,69.07089709271249,4.974438557663433,4.012115605521012,0.9623229521424213,0.9067251174026639
2021-07-14,184.08399963378906,184.08399963378906,185.88299560546875,183.04150390625,185.4425048828125,65932000,0.0011747744165069296,-0.004030726446309196,177.20487365722656,168.47327911376954,0.23236215400997653,69.35971299149048,4.90305598277439,4.190303680971687,0.7127523018027029,0.9141803248039427
2021-07-15,181.55999755859375,181.55999755859375,184.77000427246094,181.04600524902344,184.7100067138672,63706000,-0.013711143174944485,-0.026855789982304867,177.74474868774413,168.7926089477539,0.24000614884721827,62.06641134403974,4.589909287244296,4.27022480222621,0.31968448501808666,0.8270661525894943
2021-07-16,178.68150329589844,178.68150329589844,182.30299377441406,178.5229949951172,181.66549682617188,80874000,-0.01585423166667732,-0.039176263153502866,177.95572357177736,169.09569915771485,0.23862157651406915,54.967623549561985,4.062636302129732,4.228707102206915,-0.16607080007718267,0.7277169296300255
2021-07-19,177.47950744628906,177.47950744628906,177.510498046875,174.95799255371094,176.62899780273438,75692000,-0.006727030092302577,-0.045437053675662864,178.11244888305663,169.3389193725586,0.24024827299510187,52.27872257277046,3.507347128613816,4.084435107488295,-0.5770879788744789,0.6862308807582866
2021-07-20,178.6595001220703,178.6595001220703,179.60000610351562,175.89999389648438,178.36599731445312,65114000,0.0066486136498793424,-0.028327366376671548,178.4105239868164,169.6204992675781,0.2377472472112488,54.625339829246315,3.12645221035325,3.892838528061286,-0.7663863177080361,0.726957505423142
2021-07-21,179.25999450683594,179.25999450683594,179.32249450683594,177.1820068359375,178.81900024414062,46380000,0.003361110852517335,-0.026205455860095705,178.60992355346679,170.01520904541016,0.23278963660693894,55.816058002220075,2.8403038667930502,3.6823315958076392,-0.842027729014589,0.7476831505255669
2021-07-22,181.90150451660156,181.90150451660156,182.00100708007812,179.11349487304688,179.3614959716797,65308000,0.014735635895966048,0.001880959256444159,178.9454490661621,170.4293292236328,0.23753030896529254,60.701457001280595,2.7944641811156146,3.5047581128692347,-0.7102939317536201,0.8388530271902305
2021-07-23,182.83200073242188,182.83200073242188,183.3054962158203,181.1020050048828,182.0,48726000,0.005115384934792466,0.02322846718862759,179.46434936523437,170.93402923583983,0.22836972665968872,62.283485016397286,2.800931770167466,3.363992844328881,-0.563061074161415,0.8688109043847677
2021-07-26,184.99099731445312,184.99099731445312,185.60400390625,182.3625030517578,183.6584930419922,58002000,0.01180863619816197,0.0423231390274017,180.2102493286133,171.47237915039062,0.22132512641929555,65.7306755678479,2.946307166764228,3.2804557088159507,-0.3341485420517225,0.9419728794936908
2021-07-27,181.3195037841797,181.3195037841797,184.9250030517578,179.3074951171875,184.9250030517578,82638000,-0.019846876786293155,0.01488867740194011,180.66649932861327,171.875869140625,0.23482421614707732,56.30604654023814,2.7337464446827653,3.1711138559893137,-0.43736741130654844,0.8070906838426136
2021-07-28,181.51600646972656,181.51600646972656,182.92100524902344,180.0500030517578,181.68899536132812,59988000,0.0010837371680696428,0.012585139083023833,181.1219497680664,172.2357992553711,0.23483716161376483,56.664187111723976,2.5517318886832356,3.047237462528098,-0.4955055738448624,0.8143097388291879
2021-07-29,179.99600219726562,179.99600219726562,181.8975067138672,179.00050354003906,181.3874969482422,110400000,-0.008373940689987869,-0.010475462115609013,181.52135009765624,172.6034393310547,0.23751623481099773,53.042451289740114,2.258794424057868,2.8895488548340524,-0.6307544307761845,0.7584682912062963
2021-07-30,166.37950134277344,166.37950134277344,168.40699768066406,165.3489990234375,167.3975067138672,199312000,-0.07564890713277761,-0.08998697888630003,181.2579002380371,172.69922943115233,0.3651136895752039,32.8108291982589,0.9173271750721312,2.4951045188816683,-1.577777343809537,0.25822948724416867
2021-08-02,166.57400512695312,166.57400512695312,167.9459991455078,165.85000610351562,167.65499877929688,67078000,0.0011690369463182027,-0.09955615383917449,180.80915069580078,172.78302947998046,0.35415477119600697,33.20276310532063,-0.12861782838751878,1.970360049427831,-2.09897787781535,0.26537510720952523
2021-08-03,168.31199645996094,168.31199645996094,169.5500030517578,164.98849487304688,167.03599548339844,83146000,0.01043374884144277,-0.07173804832215558,180.035400390625,172.94618927001954,0.3073699844906589,36.753002999486434,-0.807981495947729,1.414691740352719,-2.222673236300448,0.3292248961539108
2021-08-04,167.73599243164062,167.73599243164062,169.44400024414062,167.2779998779297,168.96749877929688,43678000,-0.0034222398904129037,-0.07591624731113833,179.1807502746582,173.05591918945314,0.30518323008824955,36.06878682786034,-1.3769877506150578,0.8563558421591636,-2.2333435927742213,0.30806383801691806
2021-08-05,168.79949951171875,168.79949951171875,169.4499969482422,167.04600524902344,167.81100463867188,48670000,0.006340362999381677,-0.062204174253137734,178.2922004699707,173.17285919189453,0.30348876427735216,38.35084738235229,-1.7222600320648382,0.34063266731436326,-2.0628926993792014,0.347134632740808
2021-08-06,167.2469940185547,167.2469940185547,168.75,166.45199584960938,168.75,52752000,-0.009197334693852421,0.005213939630664299,177.35620040893554,173.25263916015626,0.3038156397520894,36.31307936959673,-2.0969922003811234,-0.1468923062247341,-1.9500998941563894,0.2900991653072779
2021-08-09,167.093505859375,167.093505859375,167.74400329589844,166.42599487304688,167.1804962158203,42964000,-0.0009177334401756498,0.0031187383170978578,176.41450042724608,173.3643994140625,0.3036751077343554,36.108802460853674,-2.378932502211569,-0.5933003454221011,-1.785632156789468,0.28446036470858627
2021-08-10,166.03399658203125,166.03399658203125,167.89999389648438,165.75,167.25050354003906,48252000,-0.006340816609805455,-0.013534388075965742,175.52280044555664,173.46200927734375,0.30291251429815175,34.659390985906356,-2.6572348177675735,-1.0060872398911958,-1.6511475778763778,0.2455364400271317
2021-08-11,164.60549926757812,164.60549926757812,166.88499450683594,163.88949584960938,166.57249450683594,58944000,-0.008603643493863333,-0.018663216633951207,174.5488754272461,173.53546936035156,0.3022959955313472,32.750604804977954,-2.9589502659485163,-1.39665984510266,-1.5622904208458563,0.19305674677250279
2021-08-12,165.1750030517578,165.1750030517578,165.72549438476562,163.48350524902344,164.5,46282000,0.003459810192938395,-0.02147219909090614,173.7296257019043,173.60497955322265,0.302177271959626,34.30398320840452,-3.116186280845767,-1.7405651322512814,-1.3756211485944856,0.21397900094736783
2021-08-13,164.69850158691406,164.69850158691406,165.30349731445312,164.14999389648438,165.2834930419922,41134000,-0.0028848279463596915,-0.015237896780123217,173.03047561645508,173.71193969726562,0.29922842476299977,33.60456100408747,-3.2418763093044163,-2.0408273676619086,-1.2010489416425076,0.17990268015756547
2021-08-16,164.94949340820312,164.94949340820312,165.0,160.55650329589844,164.14999389648438,66394000,0.0015239472057770875,-0.012831213518114004,172.4039749145508,173.80470947265624,0.2996240732739427,34.36369597037272,-3.283384803870831,-2.2893388549036935,-0.9940459489671376,0.1893136977249127
2021-08-17,162.09800720214844,162.09800720214844,164.02450561523438,161.28399658203125,163.875,67758000,-0.01728702615047184,-0.023705924454683558,171.57590026855468,173.84865966796875,0.3009381938792833,30.14658303536619,-3.505957198628124,-2.53266252364858,-0.9732946749795444,0.0
2021-08-18,160.06100463867188,160.06100463867188,162.7050018310547,160.0,162.09950256347656,56086000,-0.012566487390164305,-0.027608400989804438,170.61595077514647,173.7857696533203,0.300608016688744,27.54595532195323,-3.8028792827907694,-2.786705875477018,-1.0161734073137514,0.0
2021-08-19,159.3874969482422,159.3874969482422,161.64999389648438,159.1230010986328,159.7010040283203,75658000,-0.0042078187123096855,-0.03503863173353239,169.49025039672853,173.69236968994142,0.2910891994417526,26.725047773316007,-4.0458999988751145,-3.0385447001566375,-1.007355298718477,0.0
2021-08-20,159.99749755859375,159.99749755859375,160.3905029296875,158.78799438476562,160.19349670410156,67168000,0.003827154714335368,-0.028543089238972308,168.3485252380371,173.54266967773438,0.2904474276769725,28.794809986978493,-4.141532704965869,-3.259142301118484,-0.8823904038473844,0.02244051946010727
2021-08-23,163.2935028076172,163.2935028076172,164.0449981689453,160.50050354003906,160.59500122070312,65362000,0.02060035500127988,-0.010039379729938513,167.2636505126953,173.46170959472656,0.299331491287773,38.84629028958643,-3.906332466739201,-3.388580334242628,-0.517752132496573,0.14369297179568502
2021-08-24,165.28900146484375,165.28900146484375,165.77450561523438,163.72900390625,164.0,51036000,0.012220318769066596,0.019685586009184464,166.4621253967285,173.3836196899414,0.3013536912562159,44.000376863091596,-3.518357088443935,-3.4145356850828894,-0.1038214033610454,0.21710277776998144
2021-08-25,164.95899963378906,164.95899963378906,166.0500030517578,164.3074951171875,165.49349975585938,33606000,-0.0019965141547840792,0.030600801276826406,165.63427505493163,173.2996697998047,0.3008027507438284,43.34970114113653,-3.2006174698813936,-3.3717520420425906,0.17113457216119699,0.20496276940607872
2021-08-26,165.8000030517578,165.8000030517578,166.60000610351562,164.8000030517578,164.9499969482422,41976000,0.005098257262930783,0.04023217771967369,164.92447509765626,173.200419921875,0.30235448453167424,45.559224533090614,-2.84811330837897,-3.2670242953098665,0.41891098693089646,0.23590135085449335
2021-08-27,167.48150634765625,167.48150634765625,167.61599731445312,165.6875,166.6614990234375,48048000,0.01014175672465778,0.046775786517046836,164.97957534790038,173.06080993652344,0.14463936297705587,49.777002137735856,-2.405340687490593,-3.094687573746012,0.6893468862554188,0.29775998967142214
2021-08-30,171.07850646972656,171.07850646972656,172.25,167.76100158691406,167.8715057373047,63844000,0.021476998866989616,0.04767491374890276,165.20480041503907,172.9954800415039,0.16293450143654514,57.38320006678887,-1.7440875908745,-2.8245675771717096,1.0804799862972096,0.4300853511014811
2021-08-31,173.5395050048828,173.5395050048828,173.62899780273438,169.7794952392578,171.24000549316406,87128000,0.01438520002272603,0.04991562334408495,165.46617584228517,173.01231018066406,0.16641172890690656,61.66136232832253,-1.0098171894007066,-2.461617499617509,1.4518003102168024,0.5206198269401868
2021-09-01,173.9499969482422,173.9499969482422,176.35000610351562,173.76199340820312,174.82000732421875,72598000,0.0023654092095504176,0.05450443646247405,165.77687606811523,172.98587005615235,0.1653679946572482,62.340455625620685,-0.39028042707320765,-2.047350085108649,1.6570696580354412,0.5357208814094018
2021-09-02,173.156005859375,173.156005859375,175.59800720214844,172.75,174.73800659179688,58474000,-0.004564478889317991,0.04436672299288724,165.99470138549805,172.94517028808593,0.1659889441747276,60.122142297858865,0.036220942898523845,-1.6306358795072144,1.6668568224057383,0.5065117754207913
2021-09-03,173.90249633789062,173.90249633789062,174.1334991455078,171.82200622558594,172.60000610351562,51514000,0.004311086264728647,0.03833850154718421,166.32747650146484,172.97414031982422,0.16149460873667998,61.50891843124153,0.4295107616138125,-1.218606551283009,1.6481173128968216,0.5339734432054517
2021-09-07,175.46449279785156,175.46449279785156,176.4044952392578,173.8470001220703,173.89999389648438,54758000,0.008982024369138308,0.02563727272719163,166.74602584838868,173.08197021484375,0.16293749664219093,64.30603035984586,0.8573528071384828,-0.8034146795987107,1.6607674867371935,0.5914357003926544
2021-09-08,176.27499389648438,176.27499389648438,177.281494140625,174.7834930419922,175.58250427246094,61068000,0.004619174430729789,0.015762917449399172,167.25807571411133,173.16358001708986,0.1596644759408794,65.69891711166616,1.2474416448947352,-0.39324341470002155,1.6406850595947566,0.6212521716677004
2021-09-09,174.20799255371094,174.20799255371094,177.49949645996094,174.01849365234375,176.30099487304688,54384000,-0.011726004336084506,0.0014831595860591573,167.73820037841796,173.1995999145508,0.1630349123315475,59.33924389947172,1.3739619474751805,-0.039802342264981194,1.4137642897401617,0.5452119463475286
2021-09-10,173.45750427246094,173.45750427246094,175.42250061035156,173.14549255371094,175.0915069580078,47946000,-0.004308001431212238,0.0017411952394581487,168.15232543945314,173.22859008789064,0.16499399790385152,57.17517093033846,1.3975618436139996,0.247670494910815,1.1498913487031845,0.5176032085951731
2021-09-13,172.85850524902344,172.85850524902344,174.8979949951172,171.89999389648438,174.13999938964844,51380000,-0.0034532897607970625,-0.006003312838239627,168.5603256225586,173.25279022216796,0.16525222491338468,55.43737245177377,1.3523417621537703,0.4686047483594061,0.8837370137943643,0.49556741221410466
2021-09-14,172.5,172.5,174.3404998779297,171.885498046875,173.77749633789062,38738000,-0.002073980962099431,-0.016895115077595113,168.93785095214844,173.19181030273438,0.16601776328201176,54.372192762695995,1.2729029119462894,0.6294643810767828,0.6434385308695065,0.48237882866068094
2021-09-15,173.7895050048828,173.7895050048828,174.27099609375,170.10049438476562,172.12600708007812,59150000,0.007475391332653958,-0.01410006511224804,169.52242584228514,172.9918603515625,0.14975714054040737,57.53290521160642,1.2990249765670114,0.7633765001748286,0.5356484763921828,0.5298167519429233
2021-09-16,174.41200256347656,174.41200256347656,174.62750244140625,172.3070068359375,172.9980010986328,51672000,0.0035819053548502566,0.0011710714690815749,170.2399757385254,172.7835205078125,0.1371776997466845,59.00909500879502,1.3543452030771448,0.8815702407552919,0.4727749623218529,0.5527170053860165
2021-09-17,173.12600708007812,173.12600708007812,174.87049865722656,172.60650634765625,174.42050170898438,92332000,-0.007373319866162298,-0.001911114735411501,170.9269012451172,172.51463073730469,0.1402196193573634,54.77320860795655,1.2796665932276596,0.9611895112497655,0.31847708197789415,0.5168837267511485
2021-09-20,167.7864990234375,167.7864990234375,170.9499969482422,165.25050354003906,169.8000030517578,93382000,-0.03084174438431353,-0.029341953514402497,171.31635131835938,172.1510208129883,0.1874297108913029,41.46421342466824,0.7806309531494264,0.9250777996296977,-0.14444684648027128,0.31646568843333567
2021-09-21,167.18150329589844,167.18150329589844,168.98500061035156,166.6195068359375,168.75,55618000,-0.0036057473697842513,-0.030831864951313404,171.51075134277343,171.77610076904296,0.17565822467474496,40.270233624722295,0.3324907673796247,0.8065603931796831,-0.4740696258000584,0.30441174980675834
2021-09-22,169.00250244140625,169.00250244140625,169.4499969482422,167.05250549316406,167.5500030517578,48228000,0.01089234819407503,-0.027544831106700363,171.69642639160156,171.47879089355467,0.17461697178042637,45.36942635121626,0.12285960475281854,0.6698202354943102,-0.5469606307414917,0.37553480405566075
2021-09-23,170.8000030517578,170.8000030517578,171.447998046875,169.00250244140625,169.00250244140625,47588000,0.01063594079605279,-0.020709581098950935,171.9884765625,171.21311096191405,0.1773159123336165,49.91474646762295,0.10060891799631122,0.5559779719947104,-0.4553690539983992,0.44574007226671103
2021-09-24,171.2760009765625,171.2760009765625,171.46299743652344,169.6699981689453,170.10049438476562,42324000,0.0027868730462519142,-0.010685893671999902,172.26227645874025,171.00743103027344,0.17693524754759565,51.0755934499036,0.1200008478097061,0.4687825471577096,-0.3487816993480035,0.46433119918281285
2021-09-27,170.2899932861328,170.2899932861328,170.77850341796875,166.98049926757812,168.5749969482422,72690000,-0.005756835077931344,0.01492071339032841,172.40270080566407,170.83960083007813,0.17585393258310952,48.56460405324941,0.055170540047384975,0.38606014573564473,-0.33088960568825976,0.4258205394555622
2021-09-28,165.79800415039062,165.79800415039062,168.45950317382812,164.5050048828125,167.885498046875,88616000,-0.0263784679831095,-0.008275431900257035,172.13867568969727,170.60597076416016,0.18343192617566997,39.127186753612,-0.35458647589456405,0.23793082140960298,-0.592517297304167,0.25037620288077544
2021-09-29,165.05599975585938,165.05599975585938,167.56500244140625,164.89349365234375,166.10549926757812,51246000,-0.004475351789266391,-0.02335174111942595,171.7145004272461,170.33390075683593,0.1737262341270946,37.819797329816495,-0.7307715372259622,0.04419034968248994,-0.7749618869084521,0.22139561882319567
2021-09-30,164.2519989013672,164.2519989013672,166.3925018310547,163.69949340820312,165.8000030517578,56848000,-0.0048710792439015105,-0.03833726014868033,171.22960052490234,170.03374084472657,0.1729657893347402,36.400515651704865,-1.081312362419709,-0.18091019273794987,-0.9004021696817591,0.1899936291345814
2021-10-01,164.16299438476562,164.16299438476562,165.45849609375,162.7969970703125,164.45050048828125,56712000,-0.0005418778291703674,-0.04152949947009932,170.7799499511719,169.67897064208984,0.17301311069827982,36.2383874810509,-1.3507300374722888,-0.41487416168481767,-0.9358558757874711,0.18651736552497658
2021-10-04,159.48899841308594,159.48899841308594,163.99949645996094,158.8125,163.96949768066406,90462000,-0.028471678341373097,-0.06342706734915604,170.05927505493165,169.21211059570314,0.19354507760611303,28.946928912177015,-1.9192737061235619,-0.7157540705725666,-1.2035196355509954,0.003964358911553436
2021-10-05,161.0500030517578,161.0500030517578,163.0364990234375,160.1230010986328,160.22500610351562,65384000,0.00978753803838428,-0.028637263294955195,169.33855056762695,168.7332907104492,0.19429488544218076,33.74189049079055,-2.218317250772543,-1.016266706612562,-1.2020505441599811,0.0751296015622522
2021-10-06,163.10049438476562,163.10049438476562,163.2169952392578,159.93099975585938,160.67649841308594,50660000,0.012732016728672857,-0.011847526742355452,168.67982559204103,168.36891052246094,0.2011934111320632,39.51595380549395,-2.2637586993513423,-1.265765105160318,-0.9979935941910243,0.1677924775240068
2021-10-07,165.1215057373047,165.1215057373047,166.28750610351562,164.1529998779297,164.57699584960938,48182000,0.012391203105561077,0.005293736707944863,168.2255012512207,168.0410205078125,0.20672782457557187,44.63698836541037,-2.1123428751082827,-1.435080659149911,-0.6772622159583717,0.27823506458985975
2021-10-08,164.43099975585938,164.43099975585938,166.07150268554688,164.41000366210938,165.85000610351562,39964000,-0.004181805261295635,0.001632556545999586,167.77417602539063,167.7297204589844,0.20671442736155649,43.288422974040486,-2.024723058336747,-1.5530091389872782,-0.4717139193494686,0.2986530699650053
2021-10-11,162.31500244140625,162.31500244140625,164.62950134277344,161.90499877929688,163.75,40684000,-0.01286860335091844,0.017719115778762395,167.24700088500975,167.64843048095702,0.20991463835591373,39.36372973905925,-2.1017987932631286,-1.6627670698424484,-0.4390317234206802,0.17335342840543252
2021-10-12,162.3665008544922,162.3665008544922,163.37649536132812,161.81399536132812,162.85000610351562,36392000,0.0003172745113595443,0.00817446617688855,166.74032592773438,167.5642803955078,0.21023466021074647,39.50747683166024,-2.134125506554568,-1.7570387571848725,-0.37708674936969566,0.17640292788091863
2021-10-13,164.21400451660156,164.21400451660156,164.41900634765625,163.05450439453125,163.48550415039062,48402000,0.011378601203982708,0.0068271413648146595,166.2615509033203,167.48232055664062,0.21323410728090927,44.58305279572466,-1.9877529754715795,-1.803181600842214,-0.18457137462936557,0.2858036086195571
2021-10-14,164.9929962158203,164.9929962158203,165.6300048828125,164.53900146484375,165.12249755859375,42190000,0.004743759227551214,-0.0007782724661488105,165.7906005859375,167.42746063232423,0.21373050632945495,46.61690588796267,-1.7882793984692,-1.8002011603676114,0.01192176189841132,0.33193191890770996
2021-10-15,170.4510040283203,170.4510040283203,170.52099609375,165.1999969482422,165.5709991455078,103598000,0.03308023939004423,0.036611127350677286,165.6568504333496,167.46049072265626,0.2475269679319701,58.194042611698116,-1.176220794424978,-1.6754050871790849,0.4991842927541068,0.6551300713176277
2021-10-18,172.33700561523438,172.33700561523438,172.45849609375,169.2550048828125,169.41799926757812,63482000,0.011064772529006062,0.06174415810667866,165.88437576293944,167.56229095458986,0.22326890757154091,61.31596280301365,-0.5328332054692453,-1.446890710837117,0.9140575053678717,0.7668104223308296
2021-10-19,172.20750427246094,172.20750427246094,172.7344970703125,171.10000610351562,171.71449279785156,47722000,-0.0007514424560826072,0.0606098140082969,166.13567581176758,167.66457092285157,0.2226435641034414,60.979232286490856,-0.03301302829817132,-1.1641151743293279,1.1311021460311566,0.7591419476498072
2021-10-20,170.7530059814453,170.7530059814453,173.14300537109375,170.01849365234375,172.63299560546875,42796000,-0.008446195751808605,0.03981999881248055,166.22320098876952,167.75895111083983,0.22249274964959537,57.1809772290433,0.2429318397554141,-0.8827057715123795,1.1256376112677935,0.6730132397972783
2021-10-21,171.75050354003906,171.75050354003906,172.01400756835938,170.14999389648438,170.71249389648438,37628000,0.005841756945129006,0.040956328324261326,166.2707260131836,167.90185119628907,0.22026675995538322,59.064146386945524,0.5359319622520786,-0.5989782247594879,1.1349101870115665,0.7320804634154936
2021-10-22,166.77749633789062,166.77749633789062,171.49200439453125,166.56500244140625,171.0500030517578,62782000,-0.028954833317208384,-0.02155169288307235,166.04580078125,167.93390106201173,0.24326241250961306,47.78164051891277,0.3626758487974371,-0.40664741004810295,0.7693232588455401,0.4376018193991537
2021-10-25,166.01849365234375,166.01849365234375,167.38999938964844,164.88499450683594,166.75,44520000,-0.004550989805058192,-0.03666369820186821,165.83222579956055,167.9603009033203,0.24300152694008884,46.32710053545053,0.16225359868192868,-0.2928672083020966,0.4551208069840253,0.3926571666851896
2021-10-26,168.80349731445312,168.80349731445312,170.80599975585938,167.19900512695312,167.47549438476562,53966000,0.01677526160393561,-0.01976689095163997,165.98250045776368,168.03738098144532,0.23161095867430473,52.0901999003631,0.2255441096864672,-0.18918494470438385,0.41472905439085106,0.557572291208677
2021-10-27,169.62449645996094,169.62449645996094,171.85000610351562,168.57249450683594,169.39999389648438,54044000,0.004863638245470758,-0.006609017012602414,166.21092529296874,168.18791076660156,0.23105449872470143,53.66951755809385,0.3380531984662696,-0.08373731607025318,0.4217905145365228,0.6061880895134264
2021-10-28,172.32850646972656,172.32850646972656,173.9499969482422,169.3000030517578,170.10499572753906,114174000,0.01594115275917063,0.0033653638142188136,166.61475067138673,168.43326080322265,0.23525486433063186,58.51949221931559,0.6380533890475135,0.060620824953300165,0.5774325640942134,0.7663071419729494
2021-10-29,168.6215057373047,168.6215057373047,168.74099731445312,163.66600036621094,165.00100708007812,129722000,-0.021511245053778105,0.011056703931315193,166.83767623901366,168.61794097900392,0.2501628116964345,50.685932662788225,0.5701098515712886,0.16251863027689784,0.40759122129439074,0.5440551520016145
2021-11-01,165.90550231933594,165.90550231933594,168.79299926757812,164.6009979248047,168.08999633789062,72178000,-0.01610709978002456,-0.0006805948573682663,167.15850143432618,168.73610107421874,0.2338608216179339,45.8438519384974,0.2937195156300447,0.1887588073475272,0.10496070828251752,0.382253403594443
2021-11-02,165.6374969482422,165.6374969482422,166.55599975585938,164.17750549316406,165.75050354003906,52552000,-0.0016154097805501921,-0.018755537749986284,167.38787612915038,168.78298095703124,0.23237261635635104,45.383132095599414,0.05244780384376213,0.1614966066467742,-0.10904880280301207,0.3662873936334126
2021-11-03,169.1999969482422,169.1999969482422,169.74600219726562,164.87600708007812,165.4499969482422,67944000,0.021507811127532195,-0.002502583769314004,167.6928512573242,168.86120086669922,0.2399592850029846,52.25230275523161,0.14700759883919545,0.15859880508525845,-0.011591206246062996,0.578517880858514
2021-11-04,173.85000610351562,173.85000610351562,174.93150329589844,168.25,168.5,107060000,0.02748232410840923,0.008829065283266768,168.12927627563477,169.03902099609374,0.25422704108055827,59.42552157412291,0.5903585093122388,0.24495074593065452,0.34540776338158424,0.8555350622268966
2021-11-05,175.94949340820312,175.94949340820312,178.3125,173.8489990234375,173.85000610351562,99940000,0.01207642928374364,0.04345820326331751,168.70520095825196,169.24201080322266,0.2549388789089647,62.187623789538044,1.0984659476999354,0.4156537862845107,0.6828121614154248,0.9806088063944034
2021-11-08,174.44900512695312,174.44900512695312,178.9499969482422,174.39300537109375,176.16200256347656,61480000,-0.008527948857282919,0.051496199271152454,169.3119010925293,169.38136077880858,0.2516843004759545,59.091516685247456,1.3643406197535626,0.6053911529783211,0.7589494667752414,0.8912195126385458
2021-11-09,178.81149291992188,178.81149291992188,179.68850708007812,175.07150268554688,175.7624969482422,85898000,0.025007238016599764,0.07953510656947604,170.13415069580077,169.5360205078125,0.2622794479769119,64.60845178346618,1.905103669721825,0.865333656327022,1.0397700133948031,1.0
2021-11-10,174.1024932861328,174.1024932861328,180.2725067138672,173.1544952392578,178.19349670410156,80548000,-0.026334994227121156,0.028974565167340316,170.62857513427736,169.5472802734375,0.28336440861739914,55.85245001730249,1.931421146406393,1.0785511543428963,0.8528699920634968,0.7562944250224469
2021-11-11,173.625,173.625,177.16200256347656,173.37350463867188,175.64999389648438,45288000,-0.0027425987825921982,-0.0012942542169464,171.06017532348633,169.54078033447266,0.28402641951966495,55.037929755526186,1.8919391221639899,1.2412287479071151,0.6507103742568747,0.7315826422883965
2021-11-12,176.25750732421875,176.25750732421875,177.0364990234375,172.3524932861328,174.25,53788000,0.015162029225161966,0.0017505814313487633,171.35050048828126,169.60281036376952,0.2651016122864391,58.62078235059666,2.0494459367588718,1.4028721856774666,0.6465737510814051,0.8678231946294733
2021-11-15,177.28399658203125,177.28399658203125,179.69400024414062,176.29049682617188,176.85000610351562,58594000,0.0058238044631160335,0.016251118503169515,171.59785003662108,169.67044036865235,0.2633214489405218,59.960582123705635,2.2313783854349936,1.568573425628972,0.6628049598060215,0.9209472494687357
2021-11-16,177.03500366210938,177.03500366210938,178.8249969482422,176.25750732421875,176.9499969482422,44342000,-0.001404486161877938,-0.00993498364564338,171.8392250061035,169.7018505859375,0.26340723863908105,59.45768070384059,2.328626556621259,1.7205840518274296,0.6080425047938296,0.9080610809756468
2021-11-17,177.4499969482422,177.4499969482422,179.3625030517578,177.2675018310547,178.23599243164062,51206000,0.0023441312596286235,0.019227201167118402,172.17407455444337,169.72535064697266,0.2607670263399787,60.05895849428279,2.4113859664829533,1.8587444347585342,0.5526415317244191,0.9295382916942729
2021-11-18,184.80299377441406,184.80299377441406,185.2100067138672,178.0500030517578,178.3175048828125,114070000,0.04143700734081479,0.06438009373312625,172.82669906616212,169.93725067138672,0.29587252112765694,68.8688368454342,3.035309627391314,2.0940574732850905,0.9412521541062233,1.0
2021-11-19,183.82850646972656,183.82850646972656,188.1074981689453,183.78599548339844,185.63450622558594,98734000,-0.005273114275827329,0.04295419389757549,173.67924957275392,170.14467071533204,0.2720471064045516,66.76695364992992,3.4118114043400283,2.357608259496078,1.0542031448439504,0.9615040103003174
2021-11-22,178.6284942626953,178.6284942626953,185.67300415039062,178.375,183.81900024414062,96844000,-0.02828730052206352,0.007583863781195577,174.30974960327148,170.26007049560548,0.2951836572623811,56.80420493621287,3.2530945987749362,2.5367055273518497,0.7163890714230865,0.7560835647006772
2021-11-23,179.0019989013672,179.0019989013672,181.05250549316406,176.385498046875,179.2519989013672,73804000,0.0020909577736383245,0.011110770178602847,174.81967468261718,170.3901104736328,0.2912184635205292,57.297096449815854,3.1214667638954836,2.6536577746605765,0.4678089892349071,0.770838431853828
2021-11-24,179.02049255371094,179.02049255371094,180.6820068359375,176.84249877929688,178.1334991455078,46560000,0.00010331533981333685,0.008850355776150343,175.2894744873047,170.49473022460938,0.29132557279511584,57.32306301364934,2.984242549132489,2.7197747295549592,0.26446781957752963,0.7715690021205827
2021-11-26,175.22799682617188,175.22799682617188,181.6750030517578,175.20750427246094,180.10499572753906,59826000,-0.021184701669844985,-0.0518119146918703,175.43444900512696,170.51105010986328,0.2989208574350788,50.53650762212035,2.5401869661482976,2.6838571768736275,-0.14367021072532982,0.6217508610722987
2021-11-29,178.07850646972656,178.07850646972656,179.8000030517578,176.5749969482422,177.3820037841797,65312000,0.016267432688752415,-0.0312791531108203,175.90729904174805,170.61010009765624,0.2911619327804161,54.86208060517862,2.390723253425506,2.6252303921840032,-0.23450713875849738,0.7343569354144539
2021-11-30,175.35350036621094,175.35350036621094,179.2884979248047,174.60049438476562,178.1750030517578,80022000,-0.015302274022490625,-0.01833410682882486,176.37969894409179,170.76144012451172,0.29047863245875344,50.3307866771438,2.028997940289031,2.505983901805009,-0.47698596151597794,0.6267087327258107
2021-12-01,172.18600463867188,172.18600463867188,177.99400329589844,172.0800018310547,177.25,74916000,-0.0180634873037836,-0.03807775502245103,176.70712432861328,170.8615301513672,0.2996172075127268,45.61463852316239,1.469794711671426,2.2987460637782924,-0.8289513521068663,0.5015804911216424
2021-12-02,171.8679962158203,171.8679962158203,174.63499450683594,171.1875,173.0,64726000,-0.0018468889124809706,-0.03995350608112469,176.84052429199218,170.91884002685546,0.29090419597878214,45.157142376083975,0.9895545334481142,2.0369077577122567,-1.0473532242641426,0.48901793754950335
2021-12-03,169.489501953125,169.489501953125,173.49349975585938,166.92999267578125,172.75,80712000,-0.013839076006382012,-0.03274873294784919,176.62249908447265,170.89263000488282,0.2775743776957853,41.781795067708686,0.41228357475674215,1.711982921121154,-1.2996993463644118,0.39505828287053835
2021-12-06,171.36849975585938,171.36849975585938,173.69549560546875,166.9344940185547,169.64999389648438,68860000,0.011086219388703134,-0.03768004823764559,176.39344940185546,170.89447998046876,0.27697137019710116,45.26264025423344,0.10519893241320233,1.3906261233795636,-1.2854271909663613,0.4692859097588998
2021-12-07,176.1645050048828,176.1645050048828,177.49949645996094,173.33450317382812,174.60000610351562,66410000,0.027986504263362688,0.004624969772363707,176.47922439575194,171.01197021484376,0.2939218020802669,52.98882463238319,0.2459940167394734,1.1616997020515456,-0.9157056853120722,0.6587465294898426
2021-12-08,176.1580047607422,176.1580047607422,177.17999267578125,174.75050354003906,176.15049743652344,45254000,-3.689871657430732e-05,0.02306807763154417,176.34654998779297,171.21917022705077,0.27948637135929855,52.977909958965625,0.3529816671292849,0.9999560950670936,-0.6469744279378087,0.6584897448911318
2021-12-09,174.17100524902344,174.17100524902344,176.96949768066406,174.13949584960938,175.75,46062000,-0.011279643604146683,0.013399871319330181,176.3499755859375,171.40147033691406,0.26587831186348365,49.61371625999891,0.27427423368362724,0.8548197227904004,-0.5805454891067732,0.5799956358673835
2021-12-10,172.21200561523438,172.21200561523438,175.927001953125,170.5,175.41700744628906,60690000,-0.011247564604614624,0.01606296337375701,176.27932586669922,171.5606704711914,0.26880427519379596,46.47990604751697,0.05320975824659513,0.6944977298816394,-0.6412879716350443,0.5026076295164854
2021-12-13,169.5675048828125,169.5675048828125,172.10000610351562,169.1300048828125,172.0,62170000,-0.015356076499860039,-0.01050948614017555,175.9448257446289,171.66876068115235,0.2673863892333717,42.57080566822885,-0.3315526072405248,0.4892876624572066,-0.8208402696977315,0.39813969805506766
2021-12-14,169.0915069580078,169.0915069580078,169.49899291992188,166.44000244140625,167.5500030517578,55976000,-0.0028071293797337082,-0.04014996123469339,175.53520126342772,171.86081085205078,0.2658737509016469,41.88792243016615,-0.6671975701309236,0.2579906159395806,-0.9251881860705042,0.33854700657041026
2021-12-15,173.31500244140625,173.31500244140625,173.60000610351562,165.19500732421875,168.59800720214844,75794000,0.024977573145925636,-0.016138933471671058,175.34920120239258,172.10611083984375,0.2829077296264735,49.61148703039778,-0.5856468606698684,0.08926312061769082,-0.6749099812875592,0.48914995728650207
2021-12-16,168.87100219726562,168.87100219726562,174.16600036621094,168.16050720214844,173.36849975585938,60876000,-0.025641174633125208,-0.030429881507430312,174.92025146484374,172.22152099609374,0.29578365758262437,43.11775653446897,-0.8695869583663978,-0.10250689517912692,-0.7670800631872708,0.2915333636862665
2021-12-17,170.0175018310547,170.0175018310547,170.89849853515625,165.61349487304688,167.7104949951172,85542000,0.00678920370502567,-0.012743035982536344,174.18097686767578,172.31944091796876,0.24981235045526604,45.113754389416194,-0.9906786657367093,-0.28014124929064343,-0.7105374164460658,0.3425161134041674
2021-12-20,167.07899475097656,167.07899475097656,167.87449645996094,165.60000610351562,166.85000610351562,57372000,-0.017283556389377508,-0.014675631003450484,173.34350128173827,172.3724008178711,0.2541960057609409,41.130108613389986,-1.3086721218793969,-0.4858474238083942,-0.8228246980710027,0.2118460577035948
2021-12-21,170.41700744628906,170.41700744628906,170.7165069580078,165.6475067138672,167.85049438476562,55956000,0.019978649621920752,0.007838953665546544,172.93292694091798,172.53444091796874,0.25238325344477935,46.86944908082575,-1.2766184366456628,-0.6440016263758479,-0.6326168102698149,0.35881305605693153
2021-12-22,171.03700256347656,171.03700256347656,172.0500030517578,168.50050354003906,169.27000427246094,55036000,0.0036381058820253998,-0.013143697001647747,172.53467712402343,172.70785095214845,0.2527940213209178,47.885722217800165,-1.1874984922949636,-0.7527009995596711,-0.43479749273529256,0.3313906263895888
2021-12-23,171.06849670410156,171.06849670410156,171.97500610351562,170.14999389648438,170.42799377441406,36788000,0.0001841364158221559,0.01301285879898395,172.13707733154297,172.84494079589842,0.2528037518673217,47.94019691494605,-1.1016300746222214,-0.8224868145721812,-0.2791432600500402,0.3066886035857003
2021-12-27,169.66949462890625,169.66949462890625,172.9429931640625,169.2154998779297,171.03700256347656,58688000,-0.008178022851368039,-0.0020468904577497504,171.8591522216797,172.93847076416014,0.24387220581199207,45.6571232487849,-1.1334013650694317,-0.8846697246716314,-0.24873164039780027,0.21037793683271896
2021-12-28,170.66099548339844,170.66099548339844,172.17599487304688,169.135498046875,170.1824951171875,54638000,0.005843719029521299,0.02143896507014942,171.48827667236327,172.9426705932617,0.23649589247505498,47.56309550551152,-1.066283061613376,-0.9209923920599804,-0.14529066955339565,0.2621115737681425
2021-12-29,169.2010040283203,169.2010040283203,171.21200561523438,168.60049438476562,170.83999633789062,35754000,-0.0085549217086347,-0.007135458110611448,171.18065185546874,172.87995056152343,0.23265130639507997,45.05710654590054,-1.1180126771270977,-0.9603964490734039,-0.1576162280536938,0.18593345700341551
2021-12-30,168.64450073242188,168.64450073242188,170.88800048828125,168.5240020751953,169.6999969482422,37584000,-0.0032890070546229833,-0.0139882118792789,171.00357666015626,172.80869049072265,0.22462661689990507,44.103252834455375,-1.190194118275059,-1.006355982913735,-0.1838381353613241,0.15689673017364236
2021-12-31,166.7169952392578,166.7169952392578,169.35000610351562,166.55850219726562,168.95599365234375,47830000,-0.011429400216389607,-0.025437187727034072,170.74602661132812,172.7279702758789,0.22769203531111276,40.87554237053984,-1.3869441856573417,-1.0824736234624563,-0.30447056219488533,0.05632508777656585
2022-01-03,170.4044952392578,170.4044952392578,170.70350646972656,166.16050720214844,167.5500030517578,63520000,0.022118320898886212,0.004331954969036156,170.79177627563476,172.70105010986327,0.2372591208386325,48.62229575406481,-1.2311279229436423,-1.1122044833586937,-0.11892343958494855,0.24872813547447115
2022-01-04,167.52200317382812,167.52200317382812,171.39999389648438,166.34950256347656,170.43800354003906,70726000,-0.016915587005979504,-0.0183931442605213,170.5994514465332,172.71594024658202,0.2412786744917787,43.79205616990142,-1.324962093581803,-1.1547560054033155,-0.17020608817848748,0.09832806541245034
2022-01-05,164.35699462890625,164.35699462890625,167.12649536132812,164.35699462890625,166.88299560546875,64302000,-0.018893091563845,-0.02862872727754784,170.0090759277344,172.68271026611328,0.22322443983969983,39.18859622531168,-1.635858924946433,-1.2509765893119391,-0.3848823356344939,0.0
2022-01-06,163.25399780273438,163.25399780273438,164.8000030517578,161.93699645996094,163.45050048828125,51958000,-0.006710981961323137,-0.031963704160388184,169.36387557983397,172.5717202758789,0.22316017775410657,37.701194762857014,-1.9487851473347462,-1.3905383009165007,-0.5582468464182455,0.0
2022-01-07,162.5540008544922,162.5540008544922,165.24349975585938,162.031005859375,163.83900451660156,46606000,-0.004287778294336242,-0.024970425953222408,168.78302536010742,172.43031036376954,0.2213846645664656,36.74794196991297,-2.227587099238491,-1.5579480605808986,-0.6696390386575923,0.0
2022-01-10,161.48599243164062,161.48599243164062,161.6614990234375,156.30450439453125,160.5854949951172,87798000,-0.006570176170610398,-0.05233725081662366,168.24672470092773,172.21346008300782,0.21978933364796593,35.28215359240437,-2.505833322077308,-1.7475251128801808,-0.7583082091971272,0.0
2022-01-11,165.36199951171875,165.36199951171875,166.35000610351562,160.70150756835938,161.5,62806000,0.024002125643924677,-0.012893850486422775,168.03644943237305,172.1482699584961,0.23462764717411078,44.01062926204671,-2.3860788484311115,-1.875235859990367,-0.5108429884407446,0.16623094123890864
2022-01-12,165.20700073242188,165.20700073242188,166.8780059814453,164.41700744628906,166.5749969482422,50030000,-0.0009373300985386912,0.00517170629357655,167.84222412109375,172.13429992675782,0.2345465080309655,43.75648216841253,-2.2774269116045502,-1.9556740703132038,-0.3217528412913464,0.15958348357407845
2022-01-13,161.21400451660156,161.21400451660156,166.22149658203125,161.09100341796875,165.25050354003906,52188000,-0.024169655027437842,-0.012495824381573817,167.2371742248535,172.045830078125,0.22694568440686735,37.71435863751562,-2.484876779893,-2.061514612229163,-0.4233621676638366,0.0
2022-01-14,162.13800048828125,162.13800048828125,162.25,159.80050659179688,160.14999389648438,45974000,0.005731487003565627,-0.002559151814314986,166.9005241394043,171.9045901489258,0.2132900758875007,39.786396476229335,-2.5453819635189916,-2.158288082487129,-0.3870938810318627,0.03917064701590242
2022-01-18,158.91749572753906,158.91749572753906,159.7344970703125,157.6645050048828,159.10499572753906,67292000,-0.019862738846190164,-0.015905383900023717,166.34552383422852,171.60593994140626,0.2196967972129492,35.36986170448395,-2.8206854704815214,-2.2907675600860076,-0.5299179103955138,0.0
2022-01-19,156.2989959716797,156.2989959716797,159.25,156.25,158.76199340820312,53242000,-0.016477101806013472,-0.054807050995998585,165.80652389526367,171.21292999267578,0.21903263276932194,32.23651528501698,-3.213117708934078,-2.475237589855622,-0.7378801190784561,0.0
2022-01-20,151.66749572753906,151.66749572753906,158.0,151.3509979248047,156.76600646972656,71974000,-0.02963230963415675,-0.08195478971748982,164.86904830932616,170.7572998046875,0.22007436475112885,27.582181735232936,-3.8534265453290573,-2.7508753809503093,-1.102551164378748,0.0
2022-01-21,142.64300537109375,142.64300537109375,150.89999389648438,142.07049560546875,149.9499969482422,163972000,-0.05950180896147472,-0.11519470160916079,163.44934844970703,170.03393005371095,0.2880828303097581,21.168751936150386,-5.031081684382542,-3.206916641636756,-1.8241650427457863,0.0
2022-01-24,144.54400634765625,144.54400634765625,144.94500732421875,135.3520050048828,139.0,155624000,0.01332698348311534,-0.10851246523110192,162.12312393188478,169.4427603149414,0.2971985777451027,25.118596830181332,-5.744764901358167,-3.7144862935810385,-2.030278607777128,0.04509016839323387
2022-01-25,139.98599243164062,139.98599243164062,143.60000610351562,138.14500427246094,142.24249267578125,90824000,-0.031533745543573244,-0.11912787329820584,160.6389488220215,168.76998016357422,0.3085037333249461,22.24109390822632,-6.602053262359021,-4.291999687336635,-2.310053575022386,0.0
2022-01-26,138.87249755859375,138.87249755859375,145.18499755859375,137.31849670410156,144.75,95602000,-0.007954330670553511,-0.11149462800287913,159.04952392578124,168.02227996826173,0.30331295269107705,21.590397667203675,-7.287306660282411,-4.891061081925791,-2.39624557835662,0.0
2022-01-27,139.6374969482422,139.6374969482422,144.24349975585938,139.35000610351562,140.8000030517578,77516000,0.005508645722495764,-0.07931823968998608,157.57134857177735,167.26934997558592,0.3083158488767779,23.251699228528025,-7.680114281016444,-5.448871721743922,-2.2312425592725216,0.01665558730421338
2022-01-28,143.97799682617188,143.97799682617188,143.9980010986328,137.92950439453125,140.86050415039062,74392000,0.031084056738273746,0.009358968928094846,156.33802337646483,166.6082098388672,0.33984376222083007,32.0488023100836,-7.554096167044264,-5.86991661080399,-1.6841795562402737,0.11115706748710426
2022-01-31,149.57350158691406,149.57350158691406,150.36050415039062,144.30050659179688,144.75,78308000,0.03886361030218932,0.03479559869927029,155.48084869384766,166.05067993164062,0.37726511798369633,41.37747095465823,-6.922912408322588,-6.08051577030771,-0.8423966380148782,0.2329825477616864
2022-02-01,151.19349670410156,151.19349670410156,151.70799255371094,147.62750244140625,150.0,59220000,0.010830762802234384,0.0800616124355007,154.52029876708986,165.37848999023439,0.3684732524995093,43.78373700059408,-6.220271250023416,-6.1084668662508514,-0.11180438377256419,0.2740679042453136
2022-02-02,150.6125030517578,150.6125030517578,155.0749969482422,148.86349487304688,155.05050659179688,87330000,-0.0038427158906232384,0.08453801652275073,153.67482376098633,164.714169921875,0.36611242373710634,43.10044983910955,-5.645229707952922,-6.015819434591267,0.3705897266383449,0.29241822647910276
2022-02-03,138.8455047607422,138.8455047607422,144.24749755859375,138.33299255371094,141.7375030517578,225532000,-0.0781276325178123,-0.005671773018056547,152.3992492675781,163.91851013183594,0.4472108644221117,32.155294832475676,-6.069043409512034,-6.026464229575421,-0.04257917993661309,0.0
2022-02-04,157.63949584960938,157.63949584960938,161.1999969482422,150.60800170898438,155.60650634765625,253456000,0.13535901735711864,0.09488601956263754,152.11852416992187,163.4912600708008,0.6776587643525148,52.78054065258587,-4.832692537154259,-5.787709891091189,0.9550173539369302,0.46780328063115006
2022-02-07,157.9355010986328,157.9355010986328,162.6909942626953,157.25,158.52000427246094,102624000,0.0018777353189827206,0.055905621136105976,151.8875991821289,163.0695602416992,0.6776045048886892,53.02277493805459,-3.785355195217903,-5.387238951916532,1.601883756698629,0.48658006031486006
2022-02-08,161.4134979248047,161.4134979248047,161.79249572753906,155.55050659179688,156.75050354003906,76040000,0.022021627828944013,0.06759550803103997,151.88397445678712,162.79327026367187,0.6818513148821778,55.88630960674315,-2.6442067594738035,-4.838632513427986,2.1944257539541825,0.5752298366427165
2022-02-09,161.1894989013672,161.1894989013672,163.83450317382812,160.25,162.87350463867188,68786000,-0.0013877341505965646,0.07022654583978727,151.67534942626952,162.4554901123047,0.676340303989936,55.651026960546794,-1.7378800523191558,-4.21848202120622,2.480601968887064,0.5987297085787603
2022-02-10,159.0034942626953,159.0034942626953,160.7165069580078,157.75,158.35000610351562,68268000,-0.013561706274733853,0.14518287456759404,151.36517410278321,162.12848999023439,0.6779457848144013,53.29302338007844,-1.1823722608832838,-3.611260069141633,2.428887808258349,0.5401535242123237
2022-02-11,153.2935028076172,153.2935028076172,159.0,152.73399353027344,158.13450622558594,77100000,-0.03591110674363196,-0.027569188917847987,150.969149017334,161.75063995361327,0.6845008134975546,47.617488170512836,-1.189168924854215,-3.1268418402841496,1.9376729154299346,0.38714858255463175
2022-02-14,155.16700744628906,155.16700744628906,158.44850158691406,151.64999389648438,151.75100708007812,83230000,0.012221683270054351,-0.01752926753697248,150.62059936523437,161.41662017822264,0.6858166957362369,49.51718384894954,-1.0314888023749802,-2.707771232702316,1.6762824303273356,0.4373510163394444
2022-02-15,156.510498046875,156.510498046875,158.0070037841797,154.6374969482422,157.60549926757812,56440000,0.008658352201907249,-0.030375401939519153,150.50024948120117,161.15704010009765,0.6830641712331093,50.89252322776305,-0.7890223473673075,-2.324021455635314,1.5349991082680066,0.4733511929732457
2022-02-16,158.10049438476562,158.10049438476562,158.83399963378906,154.7344970703125,155.79049682617188,52704000,0.010159039538768955,-0.019163807429488533,150.59032440185547,160.8916799926758,0.6810357873707398,52.5404433475036,-0.46322672919771435,-1.9518625103477942,1.4886357811500799,0.5159567378026592
2022-02-17,154.65249633789062,154.65249633789062,160.3489990234375,154.5,158.14599609375,64032000,-0.021808901106176726,-0.027364165454227374,150.73957443237305,160.46143981933594,0.6768575637140443,48.722139723966755,-0.47774879016373006,-1.6570397663109815,1.1792909761472514,0.42363796521670855
2022-02-18,152.60150146484375,152.60150146484375,155.49949645996094,150.89300537109375,155.49949645996094,63604000,-0.013261957754408193,-0.004514224869933914,151.23749923706055,159.99030975341796,0.6402094190350708,46.554816939010294,-0.6472941692244376,-1.4550906468936726,0.807796477669235,0.38940698684976666
2022-02-22,150.19749450683594,150.19749450683594,152.9824981689453,148.48550415039062,150.47850036621094,66128000,-0.015753494788264932,-0.032026865899139834,151.52017364501953,159.51083953857423,0.6429821463315065,44.07972168966539,-0.9645249310165127,-1.3569775037182408,0.39245257270172806,0.329334353847046
2022-02-23,144.82699584960938,144.82699584960938,151.76300048828125,144.6510009765625,151.65049743652344,64244000,-0.03575624663287669,-0.07464995858467216,151.76222381591796,158.96313934326173,0.646128466854202,39.08102470513022,-1.6304916608486906,-1.4116803351443308,-0.2188113257043598,0.17352997552449256
2022-02-24,151.35800170898438,151.35800170898438,151.74899291992188,139.5,139.83749389648438,100786000,0.04509522427819257,-0.042646879138607874,152.3864990234375,158.59894927978516,0.662031082146603,46.958450397447464,-1.6126874443186523,-1.451881756979195,-0.16080568733945722,0.36300201018772527
2022-02-25,153.7884979248047,153.7884979248047,153.99000549316406,149.2135009765625,150.5500030517578,62396000,0.01605793012842116,-0.005586708482210656,153.09404907226562,158.29288909912108,0.663172658067979,49.57184141895103,-1.3864743293158028,-1.4388002714465167,0.05232594213071384,0.4335135168634874
2022-02-28,153.56300354003906,153.56300354003906,154.4499969482422,150.85000610351562,152.4250030517578,57684000,-0.0014662630028149382,0.006300737974172632,153.57329940795898,157.89784912109374,0.6566424504227177,49.32900377993599,-1.2114297105989635,-1.393326159277006,0.18189644867804255,0.45673905158052547
2022-03-01,151.14199829101562,151.14199829101562,154.0989990234375,149.9770050048828,152.7324981689453,44874000,-0.015765550251120253,0.006288412381850295,153.65172424316407,157.54326904296875,0.6467458541379599,46.68476419506338,-1.2536096478728211,-1.365382856996169,0.11177320912334787,0.38160620068700796
2022-03-02,152.05250549316406,152.05250549316406,152.99949645996094,148.75,150.8489990234375,47334000,0.0060241839623909055,0.04989062709729741,153.69467468261718,157.18396911621093,0.646029266099132,47.817671175065904,-1.1997374042792899,-1.3322537664527931,0.13251636217350327,0.4098626457666238
2022-03-03,147.89849853515625,147.89849853515625,153.9290008544922,146.8560028076172,153.531494140625,65198000,-0.027319556126581324,-0.022856427375935517,153.5589744567871,156.80035919189453,0.6537126018350476,43.29731740091169,-1.4752313593187978,-1.3608492850259941,-0.11438207429280367,0.2809482679425656
2022-03-04,145.64100646972656,145.64100646972656,147.85000610351562,143.8070068359375,147.15899658203125,60934000,-0.0152637929917393,-0.05297854888381748,153.89874954223632,156.30483917236327,0.5891288211662521,41.027441395689685,-1.8543472853319827,-1.459548885087192,-0.3947984002447906,0.21088984290873136
2022-03-07,137.4530029296875,137.4530029296875,146.09449768066406,137.41650390625,145.44349670410156,86934000,-0.05622045424233624,-0.10490808488355163,152.88942489624023,155.6331591796875,0.37006385875988174,34.05401874621158,-2.7834173412675796,-1.7243225763232695,-1.05909476494431,0.0
2022-03-08,136.01449584960938,136.01449584960938,140.69949340820312,133.57249450683594,136.68350219726562,91662000,-0.010465446730283379,-0.10008801400309053,151.79337463378906,154.93207916259766,0.368919517185417,32.993026108625585,-3.59435407704936,-2.0983288764684875,-1.4960252005808723,0.0
2022-03-09,139.2790069580078,139.2790069580078,140.25,136.8280029296875,139.5,82656000,0.024001199930983708,-0.08400715590793417,150.68665008544923,154.3242694091797,0.37105883478146146,37.73418496633953,-3.9283252308859176,-2.464328147351974,-1.4639970835339438,0.09422340331358373
2022-03-10,146.8175048828125,146.8175048828125,148.67449951171875,143.97799682617188,145.68499755859375,135062000,0.05412515560997311,-0.007309023844395468,149.9680503845215,153.84739959716796,0.4300060143625008,47.05111206597649,-3.543854645378758,-2.680233446957331,-0.863621198421427,0.31413228336534615
2022-03-11,145.52450561523438,145.52450561523438,149.6750030517578,145.36900329589844,149.57449340820312,68900000,-0.008806846762653975,-0.0007999179442391702,149.29410095214843,153.37386962890625,0.42897926304405287,45.78564598566591,-3.305390684969069,-2.805264894559679,-0.5001257904093901,0.27653416500168826
2022-03-14,141.85299682617188,141.85299682617188,147.4499969482422,140.88400268554688,145.9810028076172,74086000,-0.025229488143872714,0.032010896835299674,148.72207565307616,152.83803955078125,0.42004719880908475,42.30615919439789,-3.373775568847151,-2.9189670294171735,-0.45480853942997745,0.1697732212906034
2022-03-15,147.3665008544922,147.3665008544922,147.98500061035156,142.0,142.85000610351562,75584000,0.038867730338306705,0.08346172908977789,148.33205032348633,152.45102966308593,0.44331210085972345,48.620700810433135,-2.949082201320408,-2.9249900637978206,-0.024092137522587542,0.3300961095189732
2022-03-16,153.10400390625,153.10400390625,153.14999389648438,147.35350036621094,148.5,84958000,0.038933563723705156,0.09926116828511256,148.16172561645507,152.10501983642578,0.46561792535362756,54.23419641632994,-2.1250449069490287,-2.7650010324280623,0.6399561254790336,0.5423947975568508
2022-03-17,157.23899841308594,157.23899841308594,157.49850463867188,152.13999938964844,152.6405029296875,72934000,0.027007748989816838,0.07098263615494438,148.1186508178711,151.89935974121093,0.4745808052221936,57.811653297558884,-1.1253574944950913,-2.437072324841468,1.3117148303463768,0.7232132179909927
2022-03-18,161.25050354003906,161.25050354003906,161.593994140625,156.01100158691406,156.81300354003906,102962000,0.025512151358369817,0.10806425940648179,148.44855117797852,151.83722991943358,0.4752664975854933,60.99694383876044,-0.009295921966611331,-1.9515170442664969,1.9422211222998855,0.8599030425545854
2022-03-21,161.4915008544922,161.4915008544922,163.08399963378906,159.55299377441406,161.12100219726562,66538000,0.0014945523217748669,0.13844264462304978,148.89305114746094,151.80197998046876,0.4716417874731467,61.18653952205665,0.8844420864034532,-1.384325218132507,2.2687673045359604,0.8681148931169989
2022-03-22,164.88900756835938,164.88900756835938,166.16700744628906,161.69900512695312,161.8054962158203,64086000,0.02103830044237709,0.11890427344250165,149.62762680053712,151.8486801147461,0.47005509051303923,63.85414220971436,1.8456112372422808,-0.7383379270575494,2.5839491642998302,0.9838830604195458
2022-03-23,163.4080047607422,163.4080047607422,166.3699951171875,162.68699645996094,163.7050018310547,55812000,-0.008981816492546923,0.06730066224003939,150.55667724609376,151.88712036132813,0.44829897233309535,61.85834095552311,2.4594887099443667,-0.09877259965716623,2.5582613096015328,0.9334187066309367
2022-03-24,163.64950561523438,163.64950561523438,164.11849975585938,160.0500030517578,163.74949645996094,56798000,0.0014779010051912955,0.04076919381861788,151.17125244140624,151.85287048339845,0.4245107768143905,62.06654925681071,2.931683507890426,0.5073186218523522,2.4243648860380738,0.9466474314746284
2022-03-25,164.77349853515625,164.77349853515625,165.36849975585938,162.25,164.0,49032000,0.006868294014676479,0.021847962752205685,151.72050247192382,151.84420043945312,0.4223687189061363,63.0767959303754,3.357890451370281,1.077432987755938,2.2804574636143427,0.9959996195146699
2022-03-28,168.99049377441406,168.99049377441406,169.03750610351562,164.89999389648438,164.97500610351562,59854000,0.025592678900108856,0.046435836438715405,152.49187698364258,151.99973022460938,0.42877376381831606,66.66390081735743,3.9899451931101737,1.6599354288267851,2.3300097642833886,1.0
2022-03-29,169.31500244140625,169.31500244140625,170.8314971923828,167.86849975585938,170.38400268554688,66154000,0.00192027764251268,0.026842267646082885,153.4005271911621,152.14327026367187,0.4218747750807801,66.93014787749082,4.465562047474265,2.2210607525562813,2.2445012949179834,1.0
2022-03-30,166.30099487304688,166.30099487304688,168.95050048828125,165.5,168.50950622558594,56168000,-0.01780118433038691,0.017704090546485363,154.11295166015626,152.29094024658204,0.430271566361335,61.97887933090721,4.546873086922034,2.686223219429432,1.8606498674926018,0.9094906391273389
2022-03-31,162.99749755859375,162.99749755859375,166.4949951171875,162.95350646972656,166.44500732421875,59966000,-0.019864567358571672,-0.003984173702141214,154.86790161132814,152.4249102783203,0.42364455963310416,57.0015574987406,4.295235248448421,3.00802562523323,1.2872096232151908,0.8102880247362744
2022-04-01,163.55999755859375,163.55999755859375,165.82699584960938,162.3195037841797,164.14950561523438,57090000,0.003450973226124532,-0.007364661109647952,155.76385116577148,152.6627603149414,0.41680179629060643,57.625564102192264,4.094006340830077,3.2252217683525997,0.8687845724774776,0.8271796596562838
2022-04-04,168.34649658203125,168.34649658203125,168.39450073242188,163.20550537109375,164.125,49882000,0.029264484561530857,-0.0038108486341396075,157.30852584838868,153.17683013916016,0.3526728734596595,62.59943749225804,4.271522003787055,3.434481815439491,0.8370401883475642,0.9709161824098622
2022-04-05,164.05499267578125,164.05499267578125,168.11050415039062,163.26600646972656,167.7415008544922,53728000,-0.025492089193307588,-0.031066412838669177,158.71055068969727,153.56704986572265,0.3681688715045789,56.22691637128179,4.019580721516434,3.5515015966548797,0.4680791248615539,0.8420441517571168
2022-04-06,158.75599670410156,158.75599670410156,162.1999969482422,157.25450134277344,161.65049743652344,79056000,-0.032300120131985244,-0.04536953116068321,159.68440017700195,153.94244995117188,0.39253477526022856,49.52316354497255,3.353671710925198,3.511935619508944,-0.15826390858374584,0.6829175643860699
2022-04-07,157.7845001220703,157.7845001220703,160.07899475097656,154.51150512695312,158.39999389648438,68136000,-0.0061194323502751224,-0.03198207036675205,160.23274993896484,154.3206900024414,0.3525215803147304,48.38420041341399,2.716231343252389,3.352794764257633,-0.6365634210052442,0.6537439366710319
2022-04-08,154.4604949951172,154.4604949951172,157.36849975585938,154.2310028076172,156.75,46002000,-0.021066740550443774,-0.05563403460076943,160.67954940795897,154.6171499633789,0.36094144210957463,44.60427795091926,1.9206952462788252,3.0663748606618717,-1.1456796143830466,0.5539254814235088
2022-04-11,151.1219940185547,151.1219940185547,154.13650512695312,150.5345001220703,152.71299743652344,52112000,-0.021613947156313595,-0.1023157767651165,161.14299926757812,154.76002990722657,0.3573710933555502,41.128908251140565,1.0092045482828098,2.6549407981860593,-1.6457362499032495,0.4536717219991734
2022-04-12,150.78750610351562,150.78750610351562,155.0989990234375,150.38299560546875,153.6925048828125,55178000,-0.002213363562407644,-0.08087219020810843,161.3140495300293,154.78430999755858,0.33217254552979986,40.78602248392226,0.2568899563650575,2.1753306298218593,-1.9184406734568018,0.4436271926729601
2022-04-13,155.54100036621094,155.54100036621094,156.02499389648438,149.60000610351562,150.01849365234375,53390000,0.03152445706895657,-0.020251180457031337,161.43589935302734,154.8712600708008,0.32193912250676227,47.48629084376116,0.043738294691650026,1.7490121627958175,-1.7052738681041675,0.5863725965481753
2022-04-14,151.7064971923828,151.7064971923828,155.89700317382812,151.4720001220703,155.38999938964844,51598000,-0.024652684274885983,-0.03852091254201295,161.15927429199218,154.8931399536133,0.31876484273848843,43.23621712562197,-0.4296456056107445,1.3132806091145053,-1.7429262147252498,0.4712241028380916
2022-04-18,152.78500366210938,152.78500366210938,154.0395050048828,150.25050354003906,151.52349853515625,46514000,0.007109164667870926,-0.010847377726329155,160.7359992980957,155.17192993164062,0.3043748273695346,44.73445579600268,-0.7095994774294354,0.908704591805717,-1.6183040692351525,0.5036111918078503
2022-04-19,158.11549377441406,158.11549377441406,158.6490020751953,151.55050659179688,152.0294952392578,54926000,0.03488883060861969,0.04627718024287519,160.56719894409179,155.18144989013672,0.33203903278853314,51.54218909965382,-0.4956256702952828,0.6278385393855171,-1.1234642096808,0.6636835347798873
2022-04-20,153.9980010986328,153.9980010986328,157.6024932861328,153.60350036621094,157.6024932861328,59630000,-0.026041044919075107,0.021291518628295147,160.02264862060548,155.1026998901367,0.3329327144522608,46.75153980745601,-0.6507951725140515,0.3721117970056035,-1.022906969519655,0.5400369871085814
2022-04-21,148.29600524902344,148.29600524902344,156.73800659179688,147.58949279785156,154.71400451660156,63970000,-0.037026427673936824,-0.046579326995002224,159.26704864501954,154.8403500366211,0.3536289695225937,41.06000654895814,-1.2198103184091167,0.053727373922659444,-1.273537692331776,0.3688084854072293
2022-04-22,144.35000610351562,144.35000610351562,149.61500549316406,143.69749450683594,148.25,73078000,-0.026608937569704394,-0.048491602040868664,158.30207366943358,154.50356018066407,0.36119442563782633,37.64453934800259,-1.966499491975327,-0.35031799925693785,-1.616181492718389,0.2503118152550745
2022-04-25,146.07400512695312,146.07400512695312,146.22149658203125,142.30650329589844,144.0229949951172,61874000,0.011943186356370372,-0.04392445838465875,157.36709899902343,154.24497039794923,0.3640322068127054,39.99307516510402,-2.3915751390025264,-0.7585694272060556,-1.633005711796471,0.30208277011082385
2022-04-26,139.39100646972656,139.39100646972656,144.8560028076172,138.92950439453125,144.8000030517578,77530000,-0.0457507730510871,-0.11842284938503267,155.88712463378906,153.9669204711914,0.3705760412788132,34.55924582775887,-3.2304738990561077,-1.252950321576066,-1.9775235774800417,0.1013951727974296
2022-04-27,138.16700744628906,138.16700744628906,141.94850158691406,135.7834930419922,140.19149780273438,71336000,-0.008781047317448887,-0.10279999441164367,154.3297248840332,153.6269204711914,0.36820929382918577,33.657270883112076,-3.9485571927164074,-1.7920716958041343,-2.156485496912273,0.06463900453724417
2022-04-28,144.59649658203125,144.59649658203125,145.9375,140.3000030517578,142.17799377441406,117316000,0.04653418536434306,-0.024946785726155274,153.24449996948243,153.38864044189452,0.417341056907183,42.19214553135793,-3.9532665408216303,-2.224310664807634,-1.7289558760139965,0.2577138191205756
2022-04-29,124.28150177001953,124.28150177001953,130.76100158691406,121.625,129.8489990234375,272662000,-0.140494377749234,-0.1390266954273951,151.3087001800537,152.71226058959962,0.6323269584616824,29.345900798391156,-5.532474117180556,-2.885943355282218,-2.6465307618983376,0.0
2022-05-02,124.5,124.5,124.66799926757812,118.375,122.4010009765625,148788000,0.0017580913238786078,-0.1476922954786043,149.35570030212403,152.1092106628418,0.631782765153775,29.5941963460196,-6.689266814019675,-3.6466080470297095,-3.042658766989965,0.0048519041762902
2022-05-03,124.25350189208984,124.25350189208984,126.22049713134766,122.82499694824219,124.05349731445312,79134000,-0.0019799044812061073,-0.10859742648407045,147.15105056762695,151.5422506713867,0.6136957271957046,29.468379679281014,-7.539018584379107,-4.425090154499589,-3.1139284298795182,0.0
2022-05-04,125.92849731445312,125.92849731445312,126.0,119.18299865722656,123.5999984741211,110746000,0.01348046853293483,-0.08857765944300067,145.24472579956054,151.05687072753906,0.6198463657417275,31.596492811393247,-7.985245908268439,-5.137121305253359,-2.84812460301508,0.037171319240248676
2022-05-05,116.40699768066406,116.40699768066406,123.4990005493164,115.07250213623047,123.0,144392000,-0.07561036490424522,-0.19495284856625117,143.12727584838868,150.48847076416016,0.6563083536559708,26.670264006210715,-9.00340408542678,-5.910377861288044,-3.093026224138736,0.0
2022-05-06,114.77249908447266,114.77249908447266,119.05049896240234,113.08149719238281,114.8499984741211,124260000,-0.014041240035030156,-0.07651181028648246,140.9766757965088,149.75676071166993,0.6555629142959226,25.92308231818555,-9.828890817820508,-6.694080452594537,-3.1348103652259702,0.0
2022-05-09,108.78900146484375,108.78900146484375,114.0,107.95700073242188,111.3125,128124000,-0.05213354825727934,-0.12619275931852414,138.6931011199951,148.8567707824707,0.6685649146089466,23.34472597328724,-10.840945579890601,-7.52345347805375,-3.3174921018368506,0.0
2022-05-10,108.85900115966797,108.85900115966797,112.64250183105469,107.1709976196289,111.25,105434000,0.0006434445934944133,-0.12389591036067138,136.57995147705077,147.9626907348633,0.6709642966552903,23.440661657936147,-11.504738416912375,-8.319710465825477,-3.185027951086898,0.001156522712467403
2022-05-11,105.37200164794922,105.37200164794922,110.15599822998047,104.42849731445312,108.10350036621094,109704000,-0.03203225709010704,-0.1632394263799778,134.30917625427247,147.04729080200195,0.6715562709027332,21.965881778221103,-12.17186110307037,-9.090140593274455,-3.0817205097959146,0.0
2022-05-12,106.93049621582031,106.93049621582031,110.78050231933594,102.40550231933594,102.75,132026000,0.014790404884573283,-0.08140834875614922,131.87865104675294,146.14485061645507,0.658055547332555,24.259512634976886,-12.431500551448636,-9.758412584909292,-2.6730879665393434,0.024373184688425927
2022-05-13,113.05500030517578,113.05500030517578,113.18399810791016,107.80000305175781,109.06900024414062,93684000,0.05727556035084924,-0.01496437555161012,129.9460762023926,145.44798065185546,0.7088736598171796,32.63866350459051,-12.004687820953706,-10.207667632118175,-1.7970201888355302,0.12015386456515387
2022-05-16,110.81050109863281,110.81050109863281,113.99250030517578,110.35399627685547,113.0999984741211,74566000,-0.01985316173972196,0.018581838297710096,127.84735107421875,144.7513705444336,0.7048740918673719,31.27320798128798,-11.712533193071323,-10.508640744308806,-1.2038924487625167,0.08505230256944851
2022-05-17,115.36849975585938,115.36849975585938,115.80000305175781,111.27649688720703,113.2750015258789,76448000,0.04113327357999652,0.05979752272982597,125.71000137329102,144.30968048095704,0.7110517050123403,37.034103549715326,-10.986559922865396,-10.604224580020125,-0.3823353428452716,0.15633451642658985
2022-05-18,107.11250305175781,107.11250305175781,112.85299682617188,106.2490005493164,111.43949890136719,108380000,-0.07156196640827217,0.016517683792547366,123.36572647094727,143.731640625,0.7385599458287269,31.8296432269118,-10.951172511802014,-10.673614166376503,-0.2775583454255113,0.0272195765323965
2022-05-19,107.31900024414062,107.31900024414062,110.03399658203125,106.19300079345703,106.28050231933594,88142000,0.0019278532990965047,0.0036332388052906506,121.31687622070312,143.09244049072265,0.7374346557940431,32.086717084050136,-10.782174934946283,-10.69532632009046,-0.08684861485582296,0.030448971303058285
2022-05-20,107.59100341796875,107.59100341796875,109.89800262451172,105.0094985961914,109.56849670410156,99500000,0.0025345295167615856,-0.04833043096243206,119.47892608642579,142.3079104614258,0.7385880948176029,32.44808079939574,-10.50519737870043,-10.657300531812455,0.1521031531120247,0.034702809415953946
2022-05-23,107.55699920654297,107.55699920654297,108.81900024414062,103.94999694824219,108.46099853515625,107798000,-0.0003160506951839226,-0.02936095279628681,117.55307579040527,141.54856033325194,0.7342537329812446,32.42485282967385,-10.171187408436907,-10.560077907137345,0.38889049870043735,0.034171019994065244
2022-05-24,104.0999984741211,104.0999984741211,105.4000015258789,101.26000213623047,104.0250015258789,102934000,-0.03214110432537598,-0.097673986448506,115.788525390625,140.79350036621094,0.728041605518702,30.068272938879474,-10.069359855877352,-10.461934296885346,0.3925744410079943,0.0
2022-05-25,106.7750015258789,106.7750015258789,108.17500305175781,103.6500015258789,103.65550231933594,93120000,0.025696475417555487,-0.0031509069087464203,114.21892509460449,139.98167037963867,0.7411384262961916,34.06174887400431,-9.66143933785284,-10.301835305078846,0.6403959672260058,0.0410182149662939
2022-05-26,111.07749938964844,111.07749938964844,112.66549682617188,107.45349884033203,107.97000122070312,93002000,0.04029499229486544,0.03502174952205639,112.54297523498535,139.14114028930663,0.7349391185816686,39.996897379413625,-8.888522414793869,-10.01917272702185,1.1306503122279814,0.10699226391257415
2022-05-27,115.14649963378906,115.14649963378906,115.18699645996094,112.62799835205078,113.55000305175781,93660000,0.036632083603781895,0.07022423786186627,112.08622512817382,138.2992903137207,0.5760733328281326,45.0356920989377,-7.857074408137677,-9.586753063245016,1.7296786551073389,0.16938588495999174
2022-05-31,120.20950317382812,120.20950317382812,121.99449920654297,115.67500305175781,116.27999877929688,144634000,0.04397010379074828,0.11763533810559745,111.87170028686523,137.47847030639647,0.5998630734896909,50.59509587342269,-6.555534241231385,-8.980509298842291,2.424975057610906,0.2470214478218586
2022-06-01,121.68399810791016,121.68399810791016,125.17900085449219,120.62249755859375,122.25599670410156,127528000,0.012266042992872705,0.16891450424142307,111.74322509765625,136.68232025146483,0.6017033509982477,52.114153874637644,-5.343478568814149,-8.253103152836664,2.909624584022515,0.2696311977932257
2022-06-02,125.51100158691406,125.51100158691406,125.61000061035156,120.04499816894531,121.68399810791016,100560000,0.03145034300738625,0.1754717845308964,111.7223503112793,135.89476013183594,0.6104992721804043,55.90385672438341,-4.027679931771118,-7.408018508623555,3.380338576852437,0.32831406594000534
2022-06-03,122.3499984741211,122.3499984741211,124.4000015258789,121.04650115966797,124.19999694824219,97604000,-0.025185068024527135,0.10148319098299008,112.01950035095214,135.0736000061035,0.5503458917687158,52.2272600900215,-3.2030438697890276,-6.56702358085665,3.363979711067622,0.2798435772411367
2022-06-06,124.79000091552734,124.79000091552734,128.99000549316406,123.80999755859375,125.25,135269000,0.01994280728922404,0.08374984313381995,112.52037544250489,134.29640991210937,0.549553874287991,54.70364144556955,-2.325815491203244,-5.718781962925969,3.3929664717227253,0.3172583176071768
2022-06-07,123.0,123.0,124.0999984741211,120.62999725341797,122.01000213623047,85156700,-0.014344105316090427,0.023213612505632808,113.23092536926269,133.46093994140625,0.5128012351853284,52.55150306223071,-1.7548153759863538,-4.925988645538046,3.1711732695516925,0.28981063215698055
2022-06-08,121.18000030517578,121.18000030517578,123.75,120.75,122.61000061035156,64926600,-0.014796745486375773,-0.004141857685243222,113.84697532653809,132.5047300720215,0.5181038473502233,50.381176878671866,-1.4326378781700555,-4.227318492064448,2.7946806138943927,0.2619029485856169
2022-06-09,116.1500015258789,116.1500015258789,121.30000305175781,116.0999984741211,119.98999786376953,67029800,-0.04150848957443054,-0.07458310381303779,114.38587532043456,131.44143005371095,0.5282935795112453,44.86623723206533,-1.5651467169397222,-3.6948841370395034,2.129737420099781,0.18755890837066794
2022-06-10,109.6500015258789,109.6500015258789,114.5,109.05000305175781,113.41999816894531,87266000,-0.05596211721574329,-0.10380054848082754,114.5218505859375,130.3084101867676,0.5697053987006535,38.93502962482227,-2.1696462719080927,-3.3898365640132213,1.2201902921051286,0.08638607885578257
2022-06-13,103.66999816894531,103.66999816894531,106.54000091552734,101.86000061035156,104.19000244140625,99277700,-0.05453719355874542,-0.16924435124316206,114.05260047912597,129.12186019897462,0.5637082463870835,34.42600268433546,-3.0955690255343455,-3.3309830563174465,0.23541403078310097,0.0
2022-06-14,102.30999755859375,102.30999755859375,104.87999725341797,101.43000030517578,104.19000244140625,69728800,-0.013118555361940287,-0.16821140196265238,113.62757530212403,127.89686019897461,0.5616546822748952,33.476481868273396,-3.894220017656636,-3.4436304485852847,-0.4505895690713513,0.0
2022-06-15,107.66999816894531,107.66999816894531,109.05999755859375,103.52999877929688,103.86000061035156,85011100,0.052389802934770247,-0.11148706141448517,113.24265022277832,126.6833302307129,0.5747558356675047,40.44796121862906,-4.047986757466219,-3.564501710361472,-0.4834850471047476,0.08680866522345126
2022-06-16,103.66000366210938,103.66000366210938,104.58000183105469,102.01000213623047,104.47000122070312,82186300,-0.037243378610853584,-0.10753334222717759,113.0700252532959,125.47543045043945,0.5316047696071946,37.298710910633545,-4.442213972876971,-3.7400441628645718,-0.702169810012399,0.02391677220622046
2022-06-17,106.22000122070312,106.22000122070312,106.9800033569336,102.51000213623047,102.80000305175781,99772100,0.02469609751257895,-0.03128135209707461,113.01507530212402,124.42471054077149,0.5394121985694454,40.484528320866,-4.496241598819481,-3.891283650055554,-0.6049579487639267,0.07006484893509338
2022-06-21,108.68000030517578,108.68000030517578,111.62999725341797,103.55999755859375,108.19999694824219,70901200,0.023159471438541024,0.04832644183195556,113.06952514648438,123.4426205444336,0.5456119074871608,43.4575567374372,-4.291092471678965,-3.9712454143802365,-0.31984705729872864,0.1141465120558537
2022-06-22,108.94999694824219,108.94999694824219,112.12999725341797,107.0199966430664,107.43000030517578,60040100,0.0024843268523027096,0.06490078729447402,113.13917503356933,122.53241058349609,0.5456082899021785,43.78944747863644,-4.059923566105709,-3.9889810447253313,-0.07094252138037804,0.11898468502043465
2022-06-23,112.44000244140625,112.44000244140625,113.0,107.93000030517578,110.38999938964844,64345300,0.0320330939965241,0.04430207442723555,113.5561752319336,121.75877075195312,0.5411193918299049,48.03544926357397,-3.5541363948645,-3.9020121147531652,0.3478757198886653,0.18152342635994234
2022-06-24,116.45999908447266,116.45999908447266,116.70999908447266,111.43000030517578,112.37999725341797,69867600,0.03575237064906034,0.12348056116307116,114.04042510986328,121.07222061157226,0.5475041551393167,52.48744712815072,-2.796677922851245,-3.6809452763727815,0.8842673535215364,0.2535592815294691
2022-06-27,113.22000122070312,113.22000122070312,117.9800033569336,112.69999694824219,117.08999633789062,62133200,-0.027820692849391482,0.06590095951378738,114.14755020141601,120.22580062866211,0.5424959297619003,48.85452349325078,-2.429817947610502,-3.430719810620326,1.0009018630098239,0.19550052238432558
2022-06-28,107.4000015258789,107.4000015258789,114.8499984741211,107.04000091552734,113.5,74942900,-0.05140434227234392,-0.011777684723064175,113.76022529602051,119.33967071533203,0.5567262223881073,43.08558704392898,-2.5789752879906445,-3.2603709060943897,0.6813956181037453,0.09120972507081103
2022-06-29,108.91999816894531,108.91999816894531,110.98999786376953,106.91000366210938,107.37999725341797,66375300,0.014152668728781626,-0.000275344471199257,113.19575004577636,118.46237060546875,0.5329949186453248,44.91506901093387,-2.5451931268701884,-3.1173353502495496,0.5721422233793612,0.11844712543704058
2022-06-30,106.20999908447266,106.20999908447266,108.18000030517578,102.5199966430664,108.11000061035156,97679400,-0.024880638358707907,-0.05540735700517363,112.42205009460449,117.42426071166992,0.5339175131152587,42.30411237889802,-2.705902834988777,-3.0350488471973955,0.3291460122086187,0.07545274065108452
2022-07-01,109.55999755859375,109.55999755859375,109.75,105.8499984741211,106.29000091552734,73021200,0.03154127203651247,-0.05924782397494344,111.62449989318847,116.53550064086915,0.5340027316030374,46.44831406781222,-2.533742154411186,-2.934787508640154,0.4010453542289678,0.15765665175385127
2022-07-05,113.5,113.5,114.08000183105469,106.31999969482422,107.5999984741211,76583700,0.035962053023039786,0.0024730504882353177,111.18199996948242,115.83958053588867,0.5491162747140148,50.91401937929203,-2.055681686787665,-2.7589663442696564,0.7032846574819915,0.25568961946475005
2022-07-06,114.33000183105469,114.33000183105469,115.4800033569336,112.01000213623047,113.20999908447266,66958900,0.007312791463036872,0.06452514158955514,110.65900001525878,115.23918045043945,0.5438689684638552,51.825405114990396,-1.5914953431604602,-2.5254721440478174,0.9339768008873572,0.2746550176805836
2022-07-07,116.33000183105469,116.33000183105469,116.98999786376953,113.48999786376953,113.8499984741211,57872300,0.01749322109655349,0.06803161757876408,110.32550010681152,114.64430038452149,0.5474174037373345,54.039835142710224,-1.0501357252968688,-2.2304048602976274,1.1802691350007586,0.3315480022285666
2022-07-08,115.54000091552734,115.54000091552734,116.58000183105469,113.69000244140625,114.5999984741211,45719700,-0.006791033294013538,0.08784485370001938,110.0435001373291,114.1672802734375,0.5457118537999722,53.00342862245067,-0.6770462319096424,-1.9197331346200306,1.2426869027103882,0.31286589484745
2022-07-11,111.75,111.75,114.30000305175781,110.87000274658203,114.08000183105469,53487600,-0.03280250030721621,0.019989069826649164,109.82350006103516,113.63894012451172,0.5381352832341736,48.22500342438903,-0.6793602775667296,-1.6716585632093706,0.992298285642641,0.22323915810987527
2022-07-12,109.22000122070312,109.22000122070312,113.2300033569336,108.33999633789062,112.16000366210938,54280300,-0.022639810105564928,-0.03770924034622802,109.80200004577637,112.93141021728516,0.5053053191558287,45.28974474194628,-0.8752545432811303,-1.5123777592237224,0.6371232159425921,0.2925674252614251
2022-07-13,110.4000015258789,110.4000015258789,111.77999877929688,106.01000213623047,107.02999877929688,61353800,0.010803884746268588,-0.034374182123981245,110.13850021362305,112.65378021240234,0.46271397842618744,46.912717028943874,-0.924627467364914,-1.3948277008519607,0.47020023348704676,0.34252827448441786
2022-07-14,110.62999725341797,110.62999725341797,111.18000030517578,107.58000183105469,110.23999786376953,51163100,0.002083294604712016,-0.0489985772192697,110.55450019836425,112.3763801574707,0.45857697708377465,47.24123513850526,-0.9344256550643166,-1.302747291694432,0.3683216366301154,0.35226622269943964
2022-07-15,113.55000305175781,113.55000305175781,115.58999633789062,111.58999633789062,112.5,84317800,0.02639434033114041,-0.0172234537649385,110.84850044250489,112.16231018066406,0.43087840842300157,51.35688852571468,-0.6985186369547876,-1.1819015607465033,0.48338292379171577,0.47589836820078274
2022-07-18,113.76000213623047,113.76000213623047,117.23999786376953,113.1500015258789,115.0,59115400,0.0018493974357440823,0.017986596297364432,111.35350036621094,111.91894027709961,0.40393732657766335,51.649012962132055,-0.48897881104832663,-1.043317010806868,0.5543381997585413,0.4935133222536519
2022-07-19,118.20999908447266,118.20999908447266,118.94999694824219,114.02999877929688,115.69999694824219,60990000,0.03911741266419111,0.08231091158480441,111.95300025939942,111.95500030517579,0.4163320120815846,57.476750452876054,0.035748487866911205,-0.8275039110721121,0.8632523989390233,0.6853152349127031
2022-07-20,122.7699966430664,122.7699966430664,123.4800033569336,118.31999969482422,118.62000274658203,71268300,0.03857539627705431,0.1120470556722577,112.65750007629394,112.11495025634765,0.42833454483857863,62.46877748118816,0.8102127183251753,-0.4999605851926547,1.31017330351783,0.8818583480050326
2022-07-21,124.62999725341797,124.62999725341797,124.8499984741211,121.26000213623047,123.19999694824219,60239900,0.01515028639903937,0.1265479557766822,113.44150009155274,112.43177017211914,0.42913381094191255,64.30929022038347,1.5561296117512882,-0.08874254580386615,1.6448721575551544,0.9620273186272157
2022-07-22,122.41999816894531,122.41999816894531,125.5,121.3499984741211,125.01000213623047,51463800,-0.017732481209791984,0.07811532257858622,113.94049987792968,112.70299011230469,0.42712910863362574,60.512184916771744,1.9465075401841574,0.3183074713937386,1.6282000687904188,0.8667728597350478
2022-07-25,121.13999938964844,121.13999938964844,123.63999938964844,120.02999877929688,122.69999694824219,50221300,-0.010455798059483823,0.06487339235964718,114.17449989318848,113.01835006713867,0.41372143054709865,58.36278571520583,2.1280686066741765,0.6802596984498261,1.4478089082243504,0.8116028861539716
2022-07-26,114.80999755859375,114.80999755859375,118.1500015258789,114.52999877929688,115.79000091552734,67075100,-0.052253606265046715,-0.028762385180709393,114.25399971008301,113.17594009399414,0.4452032454935287,49.0785719756491,1.7411084003736903,0.892429438834599,0.8486789615390913,0.538769787063606
2022-07-27,120.97000122070312,120.97000122070312,121.9000015258789,117.16000366210938,117.30999755859375,61582000,0.0536538959419941,-0.01466152538552612,114.93249969482422,113.33424011230468,0.4370681761420354,56.354816119289616,1.9094890619262088,1.0958413634529212,0.8136476984732877,0.8042756959712621
2022-07-28,122.27999877929688,122.27999877929688,122.83999633789062,118.08000183105469,121.56999969482422,82245500,0.010829110898360028,-0.018855801379363712,115.60049972534179,113.56363006591796,0.43643764710416416,57.73784893759656,2.1241519032933383,1.3015034714210048,0.8226484318723335,0.8607386644270539
2022-07-29,134.9499969482422,134.9499969482422,137.64999389648438,132.41000366210938,134.89999389648438,148892900,0.10361464095050721,0.10235254833123664,117.03749961853028,113.95526000976562,0.5410294656962936,68.2252712947032,3.2788402864650124,1.6969708344298062,1.5818694520352061,1.0
2022-08-01,135.38999938964844,135.38999938964844,138.8300018310547,133.50999450683594,134.9600067138672,76846900,0.0032604850044939404,0.11763249192502201,118.32899971008301,114.52080993652343,0.5371870281953878,68.51745114618312,4.181244880726325,2.19382564368911,1.9874192370372152,1.0
2022-08-02,134.16000366210938,134.16000366210938,137.44000244140625,134.08999633789062,134.72000122070312,61922400,-0.009084834427092181,0.1685393825885264,119.36199989318848,115.05763000488281,0.5333993593002248,66.67182408206813,4.742488195620524,2.703558154075393,2.038930041545131,0.9628175435472808
2022-08-03,139.52000427246094,139.52000427246094,140.49000549316406,136.0500030517578,136.2100067138672,71827800,0.039952299225118226,0.15334382792899492,120.62150001525879,115.69621002197266,0.544561792892647,70.41209366946823,5.555741688222426,3.2739948609048,2.281746827317626,1.0
2022-08-04,142.57000732421875,142.57000732421875,143.55999755859375,139.5500030517578,140.5800018310547,70585000,0.021860686341448332,0.16593072250142327,121.93350028991699,116.39647018432618,0.5455200982033165,72.31597843187342,6.372897896660746,3.8937754680559893,2.4791224286047564,1.0
2022-08-05,140.8000030517578,140.8000030517578,142.86000061035156,139.60000610351562,140.10000610351562,50686900,-0.012414983387324718,0.04334943487074927,123.19650039672851,117.1304702758789,0.5482794827140489,69.52024078464596,6.799297458213417,4.474879866087475,2.3244175921259416,0.9560356720536066
2022-08-08,139.41000366210938,139.41000366210938,144.22999572753906,138.2899932861328,142.0500030517578,52229000,-0.009872154542052702,0.029692032576878136,124.57950057983399,117.78317031860351,0.5300034633997623,67.31920990009803,6.945003175261775,4.968904527922335,1.9760986473394393,0.9215101118825991
2022-08-09,137.8300018310547,137.8300018310547,138.9499969482422,136.2100067138672,138.0500030517578,40434700,-0.011333489631663474,0.02735538214644384,126.01000061035157,118.31822036743164,0.521761404235535,64.80750933065177,6.8539747086455804,5.345918564066984,1.508056144578596,0.8822651678238986
2022-08-10,142.69000244140625,142.69000244140625,144.60000610351562,141.00999450683594,142.89999389648438,54773800,0.0352608325167747,0.02272074306100791,127.62450065612794,118.86909042358398,0.5280775456255838,68.67860073846593,7.092240491938483,5.695182949641285,1.3970575422971985,1.0
2022-08-11,140.63999938964844,140.63999938964844,144.49000549316406,139.75999450683594,143.86000061035156,44867300,-0.014366830308238487,-0.01353726475009065,129.12500076293946,119.27770034790039,0.5359324864801469,65.41022532668559,7.034559702732139,5.963058300259457,1.0715014024726823,0.9492322237774076
2022-08-12,143.5500030517578,143.5500030517578,143.57000732421875,140.1199951171875,142.0500030517578,47643500,0.020691152408548463,0.019531249576671517,130.62500076293946,119.71502044677734,0.5343656296840006,67.75598402467075,7.14133932294979,6.198714504797524,0.9426248181522663,1.0
2022-08-15,143.17999267578125,143.17999267578125,143.75999450683594,141.49000549316406,142.8000030517578,39014600,-0.0025775713556979163,0.027042456887163224,132.096000289917,120.06840026855468,0.5357448627425037,67.1325737570885,7.114099288023027,6.381791461442625,0.7323078265804019,0.9910278776263041
2022-08-16,144.77999877929688,144.77999877929688,146.57000732421875,142.0,143.91000366210938,59102900,0.0111747882760318,0.0504244130879512,133.42450027465821,120.5170002746582,0.5261465137767267,68.48297828257842,7.13932083828368,6.533297336810836,0.6060235014728441,1.0
2022-08-17,142.10000610351562,142.10000610351562,143.3800048828125,140.77999877929688,142.69000244140625,48149800,-0.01851079360669594,-0.0041348120246399445,134.39100074768066,120.86320037841797,0.5250475770814443,63.7576990829964,6.86393294098076,6.5994244576448216,0.26450848333593857,0.9368968071874032
2022-08-18,142.3000030517578,142.3000030517578,142.77000427246094,140.3800048828125,141.32000732421875,37458700,0.0014074379989574837,0.011803211528110591,135.27450103759764,121.24920043945312,0.5247766726416578,63.95756255773113,6.585905906874075,6.596720747490673,-0.010814840616598431,0.9416059416939663
2022-08-19,138.22999572753906,138.22999572753906,141.11000061035156,137.91000366210938,140.47000122070312,47792800,-0.02860159688639219,-0.03706030798411475,136.06500091552735,121.59020034790039,0.5329677567712826,57.061270944497885,5.968352450791571,6.471047088150853,-0.5026946373592827,0.8457734197435144
2022-08-22,133.22000122070312,133.22000122070312,136.32000732421875,132.85000610351562,135.72000122070312,50461500,-0.036243902638259384,-0.06956273197772589,136.66900100708008,121.93160034179688,0.5514609698000372,49.92504027704416,5.016841178947516,6.180205906310187,-1.163364727362671,0.7278079296838229
2022-08-23,133.6199951171875,133.6199951171875,134.99000549316406,132.9499969482422,133.41000366210938,36252100,0.003002506326521548,-0.07708249589863392,137.60950088500977,122.41100021362304,0.508122681837306,50.45776618913139,4.246091505524902,5.793383026153131,-1.547291520628229,0.737226198696949
2022-08-24,133.8000030517578,133.8000030517578,135.47000122070312,132.10000610351562,132.75,38627000,0.001347163157822573,-0.05840958969214616,138.2510009765625,123.01360031127929,0.47899398477934524,50.71189173843253,3.6081989014070928,5.356346201203923,-1.7481472997968304,0.7414646712516086
2022-08-25,137.27999877929688,137.27999877929688,137.4199981689453,134.27999877929688,135.25999450683594,37496300,0.026008936084948253,-0.03527761183979061,139.0010009765625,123.71300033569337,0.48424853751304336,55.4676533028182,3.3449129146067094,4.9540595438844806,-1.6091466292777712,0.8176069822327114
2022-08-26,130.75,130.75,137.8300018310547,130.5,136.5500030517578,53322700,-0.04756700784791723,-0.05411268146374437,138.7910011291504,124.17460037231446,0.36322851111761345,46.41710228961856,2.5796044705928978,4.479168529226165,-1.899564058633267,0.6588034911163557
2022-08-29,129.7899932861328,129.7899932861328,131.9499969482422,128.77000427246094,129.89999389648438,48101600,-0.007342307563037775,-0.02574694417610668,138.5110008239746,124.69720016479492,0.36340094776432774,45.248189033006284,1.8740249037141439,3.958139804123761,-2.084114900409617,0.6113558306515725
2022-08-30,128.72999572753906,128.72999572753906,132.07000732421875,126.8499984741211,131.25,49203000,-0.008167020675137082,-0.036596314685985454,138.2395004272461,125.14740005493164,0.3631734809036818,43.932640591118414,1.2153057807877872,3.4095729994565667,-2.1942672186687795,0.5838733943803585
2022-08-31,126.7699966430664,126.7699966430664,130.58999633789062,126.73999786376953,129.4499969482422,53648700,-0.015225659516225343,-0.052541152827716986,137.60200004577638,125.50919998168945,0.3303394700945811,41.52835497913185,0.5290124580153588,2.8334608911683254,-2.3044484331529667,0.5330567208003565
2022-09-01,127.81999969482422,127.81999969482422,128.02000427246094,123.66000366210938,126.0,56636100,0.008282741023605045,-0.06891025035395992,136.86449966430663,125.88660003662109,0.3192588851528315,43.31798560093002,0.06905055446759434,2.2805788238281792,-2.211528269360585,0.56028003062835
2022-09-02,127.51000213623047,127.51000213623047,131.3800048828125,126.38999938964844,129.5,57429800,-0.002425266463259912,-0.024780098384470595,136.19999961853028,126.18800003051757,0.31825402877825615,42.90050824631358,-0.31683450916239053,1.7610961572300654,-2.077930666392456,0.5522427591467184
2022-09-06,126.11000061035156,126.11000061035156,128.6199951171875,124.73999786376953,127.91999816894531,43888600,-0.010979542799969155,-0.028353439141247216,135.53499946594238,126.38100006103515,0.31851445180310656,40.97968161227034,-0.7272364954478974,1.263429626694473,-1.9906661221423703,0.5159450786448755
2022-09-07,129.47999572753906,129.47999572753906,129.82000732421875,125.4000015258789,126.12000274658203,47900300,0.026722663554652915,0.0058261479444727815,135.1174991607666,126.70619995117187,0.3363220609368998,47.1176155107663,-0.771657398483427,0.8564122216588931,-1.6280696201423202,0.6033185591699408
2022-09-08,129.82000732421875,129.82000732421875,130.27999877929688,127.0999984741211,127.72000122070312,43988500,0.0026259778181887405,0.024059404921654703,134.47399940490723,127.15460006713867,0.3057647140708138,47.70849772702653,-0.7705428515711787,0.5310212070128788,-1.3015640585840575,0.6121340012070149
2022-09-09,133.27000427246094,133.27000427246094,133.69000244140625,130.75999450683594,130.91000366210938,49387600,0.02657523304266962,0.04263812072170903,134.10549964904786,127.64160018920899,0.3223933271401822,53.398348334814834,-0.48567508416965666,0.32768194877637175,-0.8133570329460285,0.7015816801165159
2022-09-12,136.4499969482422,136.4499969482422,136.49000549316406,134.0,134.10000610351562,53826900,0.023861278411006825,0.07011210620528674,133.75049934387206,128.24640014648438,0.325597045866246,57.9411070892173,-0.003278698716769668,0.2614898192777435,-0.2647685179945132,0.765747963921286
2022-09-13,126.81999969482422,126.81999969482422,131.39999389648438,126.2699966430664,131.00999450683594,72694000,-0.0705752837581286,0.005629998263709357,132.93249969482423,128.59160018920898,0.40585168105251496,43.964415178832546,-0.39350035769479064,0.13049178388323668,-0.5239921415780273,0.4949381238038842
2022-09-14,128.5500030517578,128.5500030517578,128.83999633789062,126.33000183105469,127.36000061035156,45316800,0.01364140798846103,-0.0071825201302772035,132.12099990844726,128.89260025024413,0.40730631108315973,46.462906574924226,-0.5567392773359359,-0.006954428360597828,-0.5497848489753381,0.5435883902748814
2022-09-15,126.27999877929688,126.27999877929688,130.3699951171875,125.5,127.37999725341797,52887200,-0.0176585314552421,-0.027268589933760246,131.32999954223632,129.131600189209,0.4069593200885885,43.708999826181014,-0.85937137255209,-0.17743781719889626,-0.6819335553531937,0.47975249521553687
2022-09-16,123.52999877929688,123.52999877929688,123.87000274658203,120.69999694824219,122.77999877929688,115667800,-0.021777003694830932,-0.07308475411504689,130.3914993286133,129.27560012817383,0.4100003094652663,40.571695047453645,-1.3060561038747096,-0.40316147453405893,-0.9028946293406507,0.40241840666649503
2022-09-19,124.66000366210938,124.66000366210938,124.70999908447266,121.80000305175781,122.16000366210938,47279700,0.009147615105472573,-0.08640522938673978,129.7129997253418,129.45800018310547,0.4051530280188324,42.40119182549583,-1.5509961038162317,-0.6327284003904935,-0.9182677034257382,0.43419582400041196
2022-09-20,122.19000244140625,122.19000244140625,124.4000015258789,121.13999938964844,123.3499984741211,47698400,-0.019813903001303146,-0.03650841558555007,129.16149978637696,129.6668002319336,0.39225301160226506,39.53613003145793,-1.922262627315746,-0.8906352457755441,-1.031627381540202,0.3647357174120131
2022-09-21,118.54000091552734,118.54000091552734,123.76000213623047,118.44999694824219,122.48999786376953,58498900,-0.02987152347123645,-0.07786854841380408,128.40750007629396,129.85320022583008,0.4016953026475918,35.69751567095891,-2.482403043776486,-1.2089888053757325,-1.2734142384007536,0.23676556253474337
2022-09-22,117.30999755859375,117.30999755859375,118.79000091552734,116.26000213623047,117.08000183105469,55229200,-0.010376272544574294,-0.07103263626396017,127.58299980163574,129.99140014648438,0.40113827707343386,34.48251316942053,-2.9910899279523733,-1.5654090298910606,-1.4256808980613127,0.1956076136662445
2022-09-23,113.77999877929688,113.77999877929688,116.05000305175781,112.05999755859375,116.0,65126700,-0.03009120154088929,-0.0789281963599765,126.40799980163574,130.05440017700195,0.3905994199110038,31.200408676380675,-3.6371426323879064,-1.9797557503904297,-1.6573868819974766,0.007364577617801239
2022-09-26,115.1500015258789,115.1500015258789,117.33999633789062,113.12999725341797,113.30000305175781,62723300,0.012040804722097675,-0.07628751690082813,125.62799987792968,130.08640014648438,0.3693721401878252,33.83266805610161,-3.9925723938862916,-2.3823190790896023,-1.6102533147966893,0.044809785302124795
2022-09-27,114.41000366210938,114.41000366210938,118.31999969482422,113.05000305175781,117.19999694824219,60094700,-0.006426381710496365,-0.06367132027047484,124.85900039672852,130.09940017700194,0.3693446130918703,33.09609921212433,-4.284574772866506,-2.762770217844983,-1.521804555021523,0.020322738155241934
2022-09-28,118.01000213623047,118.01000213623047,118.69999694824219,113.80000305175781,114.37999725341797,55763800,0.0314657666190894,-0.004471054287189968,124.32300071716308,130.09540023803712,0.39237039597686396,39.94587667876171,-4.177345137119204,-3.0456852016998273,-1.1316599354193766,0.13645172119140625
2022-09-29,114.80000305175781,114.80000305175781,116.06999969482422,113.05999755859375,115.5999984741211,58969700,-0.027201076403397084,-0.02139625401988654,123.72450103759766,129.93600036621095,0.399141419247912,36.370201909605306,-4.301796544487431,-3.296907470257348,-1.0048890742300824,0.03290336362777218
2022-09-30,113.0,113.0,116.91999816894531,112.83999633789062,114.08000183105469,59479600,-0.015679468675155683,-0.0068553242016627935,122.98350105285644,129.7034004211426,0.39791146169119795,34.50501935526353,-4.4938678729704264,-3.5362995507999644,-0.9575683221704621,0.0
2022-10-03,115.87999725341797,115.87999725341797,116.91000366210938,112.44999694824219,113.58000183105469,50941900,0.025486701357681163,0.006339519911990665,122.40200080871583,129.57260040283202,0.41313193051032693,39.82258293430028,-4.363395567401312,-3.7017187541202343,-0.661676813281078,0.09062295041037406
2022-10-04,121.08999633789062,121.08999633789062,123.0,119.79000091552734,119.88999938964844,62812600,0.04496029692750958,0.058386438789998385,122.15100059509277,129.57160034179688,0.4476706328689429,48.04112314941014,-3.7958359073832213,-3.7205421847728317,-0.07529372261038958,0.25456251254360857
2022-10-05,120.94999694824219,120.94999694824219,121.75,117.69000244140625,118.58000183105469,48217500,-0.001156159830559278,0.024913098540730427,121.72450065612793,129.69440032958985,0.4349965141511112,47.852004457725485,-3.3190773113024363,-3.640249210078753,0.3211718987763166,0.25015724523630956
2022-10-06,120.30000305175781,120.30000305175781,121.52999877929688,119.5,120.7699966430664,42253800,-0.00537407121029132,0.04790940639191721,121.24850044250488,129.68100036621092,0.434540860217494,46.92831897119447,-2.959575618807122,-3.504114491824427,0.5445388730173049,0.22970432133916285
2022-10-07,114.55999755859375,114.55999755859375,118.16999816894531,113.87999725341797,118.0,54678000,-0.04771409266460691,0.013805288129148163,120.31300010681153,129.52660034179686,0.4463329712333622,39.649662918800416,-3.1020795672320673,-3.4237075069059553,0.3216279396738879,0.04908740146365306
2022-10-10,113.66999816894531,113.66999816894531,116.25,112.43000030517578,115.0999984741211,42339700,-0.007768849586377025,-0.019071445778857,119.17400016784669,129.10100036621094,0.4310393285976858,38.64871081618495,-3.2493737280813093,-3.388840751141026,0.1394670230597166,0.021082384980511192
2022-10-11,112.20999908447266,112.20999908447266,115.4800033569336,110.38999938964844,112.70999908447266,56432200,-0.012844190270001499,-0.07333386342368975,118.4435001373291,128.63740036010742,0.3648157696851589,36.99862351625791,-3.4442123995526828,-3.399915080823358,-0.044297318729324964,0.0
2022-10-12,112.9000015258789,112.9000015258789,113.83000183105469,111.4000015258789,112.48999786376953,45728700,0.006149206372302096,-0.06655639210812125,117.66100006103515,128.2122003173828,0.3604497048141604,38.33851195002832,-3.502570566780733,-3.420446178014833,-0.08212438876589978,0.021185214856354453
2022-10-13,112.52999877929688,112.52999877929688,113.44000244140625,105.3499984741211,107.87999725341797,86868100,-0.00327726077574253,-0.06458856255488188,116.97350006103515,127.67240020751953,0.35800599192964055,37.87336360381813,-3.5378933320937733,-3.443935608830621,-0.0939577232631521,0.009824983046440455
2022-10-14,106.9000015258789,106.9000015258789,114.95999908447266,106.5999984741211,114.0999984741211,67737300,-0.05003107895219994,-0.06686449193399291,116.14200019836426,126.95900009155274,0.38784207421155176,31.592394089621664,-3.974366580607793,-3.550021803186056,-0.4243447774217368,0.0
2022-10-17,113.79000091552734,113.79000091552734,114.19000244140625,110.08999633789062,110.11000061035156,62782000,0.06445275295885255,0.0010557116962708335,115.59850006103515,126.41880004882813,0.46101041657890823,43.86234346885492,-3.721411293168373,-3.5842997011825197,-0.1371115919858532,0.18189017658988194
2022-10-18,116.36000061035156,116.36000061035156,119.5199966430664,114.79000091552734,119.05999755859375,65607400,0.022585461588422673,0.036984239904990446,115.30699996948242,125.95779998779297,0.466442346708661,47.635249509032526,-3.275803484981509,-3.522600457942318,0.24679697296080905,0.24973600238630075
2022-10-19,115.06999969482422,115.06999969482422,116.58999633789062,113.22000122070312,114.70999908447266,47198100,-0.01108629175628062,0.019220532680399582,115.13349990844726,125.50259994506835,0.4562269813457138,45.96533673497461,-2.9922555204329484,-3.4165314704404444,0.42427595000749596,0.2156810655050436
2022-10-20,115.25,115.25,118.23999786376953,113.51000213623047,113.83000183105469,48795100,0.0015642678860967596,0.024171343199228312,115.03050003051757,124.95379989624024,0.4549720371344735,46.24849152026533,-2.721643780041177,-3.277553932360591,0.5559101523194143,0.22043292184683727
2022-10-21,119.31999969482422,119.31999969482422,119.58999633789062,114.5,114.79000091552734,55660500,0.03531453097461368,0.1161833301371713,115.30750007629395,124.52739990234375,0.45777341187767945,52.33113157492996,-2.1539378108589062,-3.052830708060254,0.8988928972013479,0.3278774833550084
2022-10-24,119.81999969482422,119.81999969482422,120.38999938964844,116.56999969482422,119.9800033569336,49531500,0.004190412347291339,0.052992343182888924,115.5409999847412,124.05279983520508,0.4565118626109685,53.03427321733495,-1.6447215921450749,-2.7712088848772187,1.1264872927321439,0.34107706192559245
2022-10-25,120.5999984741211,120.5999984741211,121.31999969482422,118.94999694824219,119.6500015258789,50934600,0.006509754475742646,0.036438620157521084,115.85049972534179,123.60119995117188,0.455510195292424,54.169981035392006,-1.1647976253781138,-2.4499266329773977,1.2851290075992838,0.36166837227017
2022-10-26,115.66000366210938,115.66000366210938,119.3499984741211,114.76000213623047,116.0,68802300,-0.040961814879887926,0.005127348299729828,115.73299980163574,123.01880004882813,0.46791994273931925,46.50058389011813,-1.1695884327111656,-2.1938589929241514,1.0242705602129858,0.24745767679774067
2022-10-27,110.95999908447266,110.95999908447266,114.12000274658203,109.7699966430664,113.91999816894531,129605400,-0.04063638620803933,-0.03722343527572536,115.54099960327149,122.39599990844727,0.4803185684552605,40.60960127854758,-1.5349424112284709,-2.0620756765850152,0.5271332653565444,0.11468919162689073
2022-10-28,103.41000366210938,103.41000366210938,103.95999908447266,97.66000366210938,97.91000366210938,223133400,-0.06804249715805744,-0.13333888764169166,115.06149978637696,121.61819992065429,0.5341107011686916,33.309477200006796,-2.4059750216943314,-2.1308555456068787,-0.2751194760874527,0.0
2022-10-31,102.44000244140625,102.44000244140625,104.87000274658203,100.73999786376953,103.55999755859375,99251400,-0.009380148789788212,-0.14505088714475034,114.38950004577637,120.90240005493165,0.5229028756971554,32.50110763474174,-3.138368474603226,-2.3323581314061483,-0.8060103431970775,0.0
2022-11-01,96.79000091552734,96.79000091552734,104.58000183105469,96.05999755859375,103.98999786376953,153370000,-0.05515425020719422,-0.19742950132543335,113.1745002746582,120.17380004882813,0.5151429435180919,28.207110886078794,-4.127128498466874,-2.691312204818294,-1.43581629364858,0.0
2022-11-02,92.12000274658203,92.12000274658203,97.73999786376953,92.01000213623047,97.31999969482422,135761800,-0.048248766657425834,-0.2035275823118371,111.73300056457519,119.34380020141602,0.5305440546735221,25.238948633817003,-5.227300695900226,-3.1985099030346804,-2.0287907928655455,0.0
2022-11-03,89.30000305175781,89.30000305175781,93.5,89.0199966430664,92.47000122070312,136683300,-0.030612240672440172,-0.19520544530849648,110.1830005645752,118.45380020141602,0.533296952314606,23.62246510979574,-6.254645832554502,-3.809737088938645,-2.4449087436158567,0.0
2022-11-04,90.9800033569336,90.9800033569336,92.44000244140625,88.04000091552734,91.48999786376953,129101300,0.01881299269611514,-0.12020113978325175,109.00400085449219,117.52780029296875,0.5302036722567779,26.637011821195642,-6.8542507348473265,-4.418639818120381,-2.4356109167269455,0.03563097609013787
2022-11-07,90.52999877929688,90.52999877929688,92.0999984741211,89.04000091552734,91.94999694824219,77495700,-0.00494619214148917,-0.1162632114238934,107.84700088500976,116.72340026855468,0.5305209758215224,26.3371525683891,-7.281813337026733,-4.991274521901651,-2.290538815125082,0.026086869284425808
2022-11-08,89.9800033569336,89.9800033569336,91.72000122070312,88.2300033569336,90.79000091552734,88703400,-0.006075283660437414,-0.0703584822210831,106.73550109863281,115.9272004699707,0.53071607719078,25.952614017514975,-7.577688932688844,-5.50855740405909,-2.069131528629754,0.014422065603416415
2022-11-09,86.13999938964844,86.13999938964844,89.4800033569336,85.87000274658203,89.47000122070312,90796200,-0.042676192754212194,-0.06491536233866946,105.39750099182129,115.0754005432129,0.5387082535570515,23.38534101013869,-8.02946997018259,-6.01273991728379,-2.016730052898799,0.0
2022-11-10,96.62999725341797,96.62999725341797,98.69000244140625,91.6500015258789,92.94000244140625,173414900,0.12177847617944293,0.08208279900518844,104.60250091552734,114.47260055541992,0.7205056178090833,40.655607695052694,-7.455116594810804,-6.301215252789193,-1.1539013420216104,0.20850722267581728
2022-11-11,100.79000091552734,100.79000091552734,101.19000244140625,96.66000366210938,97.87999725341797,111590500,0.0430508514990382,0.10782586498823354,104.29700088500977,113.93200057983398,0.7219006764589054,45.86698353947093,-6.58831389639046,-6.358634981509447,-0.22967891488101255,0.29119463798058665
2022-11-14,98.48999786376953,98.48999786376953,100.12000274658203,97.29000091552734,98.7699966430664,99533100,-0.022819754250081425,0.08792664522042393,103.53200073242188,113.35160049438477,0.680676066330501,43.58791100768573,-6.017590499803745,-6.290426085168307,0.2728355853645619,0.2454780177585502
2022-11-15,98.94000244140625,98.94000244140625,103.79000091552734,97.33999633789062,103.20999908447266,111336300,0.004569038353104293,0.09957767003997597,102.6610008239746,112.80820053100587,0.6734873584300495,44.17240505021287,-5.465968208537674,-6.125534509842181,0.6595663013045066,0.2544226530094786
2022-11-16,97.12000274658203,97.12000274658203,98.48999786376953,95.54000091552734,96.8499984741211,87958800,-0.018394983322363,0.1274669541993645,101.7635009765625,112.16100067138672,0.6745394627814955,42.26506337554223,-5.116680426551227,-5.92376369318399,0.8070832666327634,0.21824694672556258
2022-11-17,94.8499984741211,94.8499984741211,96.97000122070312,94.02999877929688,95.37000274658203,82617900,-0.02337318995330062,-0.018420768186805603,100.74350090026856,111.46160049438477,0.6758489103440178,39.94812796373986,-4.965795121355853,-5.732169978818364,0.7663748574625107,0.17312660519071818
2022-11-18,94.13999938964844,94.13999938964844,95.98999786376953,92.4800033569336,95.94999694824219,72428200,-0.007485493894513584,-0.06597878227476461,99.48450088500977,110.67900039672851,0.655519906405083,39.22386122029438,-4.847627984464353,-5.555261579947562,0.7076335954832089,0.15901412021900352
2022-11-21,92.45999908447266,92.45999908447266,95.0199966430664,90.58999633789062,93.97000122070312,84330300,-0.017845764989037338,-0.06122447872968295,98.11650085449219,109.79920043945313,0.6534129535182245,37.49175646440163,-4.833820388914219,-5.410973341740894,0.5771529528266743,0.14902143713962313
2022-11-22,93.19999694824219,93.19999694824219,93.3499984741211,90.87000274658203,92.62000274658203,62192000,0.008003437930963697,-0.0580150126493415,96.74650077819824,109.12680038452149,0.6539983323592355,38.774274668221175,-4.708885031314523,-5.27055567965562,0.5616706483410967,0.16647010018773958
2022-11-23,94.12999725341797,94.12999725341797,94.58000183105469,92.83000183105469,93.23999786376953,59414700,0.009978544373689724,-0.030786711373618547,95.67000045776368,108.43840026855469,0.6490797125650255,40.42852749812369,-4.4831506381233766,-5.113074671349171,0.6299240332257945,0.19905326321031394
2022-11-25,93.41000366210938,93.41000366210938,94.43000030517578,93.06999969482422,93.79000091552734,35088600,-0.0076489282090407285,-0.01518181165184318,94.79250068664551,107.78100036621093,0.6385515037622007,39.53786857361481,-4.312638557999676,-4.952987448679273,0.6403488906795962,0.1887332156309877
2022-11-28,93.94999694824219,93.94999694824219,96.4000015258789,93.43000030517578,93.93000030517578,74943100,0.00578089353348199,-0.002018296607585679,94.31950035095215,107.18940032958984,0.5987453690036623,40.594908955613064,-4.086823206781048,-4.779754600299628,0.6929313935185801,0.20275173136928604
2022-11-29,92.41999816894531,92.41999816894531,94.41000366210938,91.44000244140625,94.04000091552734,65567300,-0.016285245651894598,-0.00043262941729860227,93.8185001373291,106.54460021972656,0.6000480363755832,38.53903551866445,-3.9853800483994632,-4.620879689919596,0.6354996415201324,0.17420244792436043
2022-11-30,96.54000091552734,96.54000091552734,96.54000091552734,91.52999877929688,92.47000122070312,102805800,0.04457912603558589,0.03583695361213368,93.80600013732911,106.03160018920899,0.5927258034330009,46.40955299644281,-3.5318231661976824,-4.403068385175214,0.8712452189775313,0.297568023862216
2022-12-01,95.5,95.5,97.2300033569336,94.91999816894531,96.98999786376953,68488000,-0.010772746070691896,0.014554369346189366,93.975,105.57080017089844,0.5661729103372493,44.84830862745844,-3.219186671509604,-4.166292042442092,0.9471053709324879,0.26781119964653743
2022-12-02,94.12999725341797,94.12999725341797,95.36000061035156,93.77999877929688,94.4800033569336,72496400,-0.01434557849824114,0.007707885270115344,94.21649971008301,105.10720016479492,0.5564615261351467,42.805465026220276,-3.0468456292846184,-3.9424027598105975,0.8955571305259791,0.22861226212986518
2022-12-05,91.01000213623047,91.01000213623047,94.05999755859375,90.81999969482422,93.05000305175781,71535500,-0.033145598727553405,-0.03129318688143634,94.21799964904785,104.65180023193359,0.5675726181720437,38.50403864838237,-3.1259872080659505,-3.779119649461668,0.6531324413957176,0.1393420077773989
2022-12-06,88.25,88.25,91.04000091552734,87.9000015258789,90.5,75503600,-0.03032636052572657,-0.04512008495523323,94.103999710083,104.11380020141601,0.5779155862793841,35.14004070210402,-3.3725400432427364,-3.697803728217882,0.3252636849751456,0.06037198267788933
2022-12-07,88.45999908447266,88.45999908447266,89.88999938964844,87.4800033569336,88.33999633789062,68086900,0.0023795930251859776,-0.08369589552961265,94.02799949645996,103.59480010986329,0.5776464920296734,35.60106181066047,-3.510522650466143,-3.6603475126675344,0.14982486220139135,0.06638054069818462
2022-12-08,90.3499984741211,90.3499984741211,90.86000061035156,87.87999725341797,89.23999786376953,73305900,0.021365582288144003,-0.05392671754847023,94.23849945068359,103.04160003662109,0.5597134663069195,39.75172686230561,-3.427853543555628,-3.613848718845153,0.18599517528952525,0.12045778117541148
2022-12-09,89.08999633789062,89.08999633789062,90.30000305175781,88.62999725341797,88.9000015258789,67398500,-0.01394579034322141,-0.05354298377337241,93.86149940490722,102.52739990234375,0.34289691801567185,37.993625076052325,-3.42453343312782,-3.575985661701687,0.15145222857386686,0.08440621475907047
2022-12-12,90.55000305175781,90.55000305175781,90.58000183105469,87.87000274658203,89.20999908447266,61999800,0.01638799835988136,-0.005054379449240032,93.34949951171875,102.0783999633789,0.30557409837729266,41.23673867443959,-3.2664384129328425,-3.514076211947918,0.24763779901507554,0.12618037330990886
2022-12-13,92.48999786376953,92.48999786376953,96.25,90.5199966430664,95.2300033569336,100212000,0.02142456926150338,0.04804530157245934,93.04949951171875,101.61059997558594,0.31196656066094614,45.328560612005724,-2.9505930028426093,-3.4013795701268568,0.4507865672842475,0.18168809809983308
2022-12-14,91.58000183105469,91.58000183105469,93.45999908447266,89.87000274658203,92.5,70298000,-0.009838858835905628,0.03527021002569386,92.68149948120117,101.02040008544923,0.3115495465188154,43.78830574035525,-2.7421030573435274,-3.269524267570191,0.5274212102266636,0.15627701301183355
2022-12-15,88.44999694824219,88.44999694824219,89.97000122070312,87.47000122070312,89.88999938964844,84802900,-0.034177820705733164,-0.021029347625535655,92.24799919128418,100.37040008544922,0.32613531867551504,38.89297512558284,-2.7971941954550203,-3.1750582531471574,0.37786405769213705,0.06703417353352782
2022-12-16,87.86000061035156,87.86000061035156,89.3499984741211,86.7300033569336,88.2699966430664,146144100,-0.006670394101153776,-0.013806215940048716,91.8984992980957,99.7216000366211,0.3185933458022554,38.02992049314599,-2.855545146052677,-3.111155631728262,0.255610485675585,0.04991297929192752
2022-12-19,84.91999816894531,84.91999816894531,87.62999725341797,84.51000213623047,87.51000213623047,83531500,-0.033462353983410575,-0.062175645423163894,91.43749923706055,99.12880004882813,0.33565049800511065,33.983106382956905,-3.103249987048457,-3.109574502792301,0.00632451574384385,0.0
2022-12-20,85.19000244140625,85.19000244140625,86.61000061035156,84.33000183105469,85.33000183105469,74348300,0.0031795134041781026,-0.07892740394605258,91.07399940490723,98.55920013427735,0.3332069388976259,34.67065556066022,-3.2404172568397343,-3.1357430536017876,-0.10467420323794663,0.007567384253126544
2022-12-21,86.7699966430664,86.7699966430664,87.2300033569336,85.20999908447266,86.18000030517578,59267200,0.018546709195681466,-0.052522440399834225,90.75249938964843,98.05040008544921,0.3402207289876184,38.69429549399155,-3.18491723552566,-3.145577889986562,-0.03933934553909779,0.0518497325756113
2022-12-22,83.79000091552734,83.79000091552734,85.68000030517578,82.25,85.5199966430664,81431300,-0.034343619255829294,-0.05268508980776687,90.23549957275391,97.46820007324219,0.3533157453608285,34.39188696430807,-3.3428594166299916,-3.1850341953152483,-0.1578252213147433,0.0
2022-12-23,85.25,85.25,85.77999877929688,82.93000030517578,83.25,57433700,0.01742450254827599,-0.02970635775347419,89.82749938964844,96.92260009765624,0.3624471751470751,38.02756082127924,-3.3120408632736797,-3.2104355289069346,-0.10160533436674513,0.03966311277659407
2022-12-27,83.04000091552734,83.04000091552734,85.3499984741211,83.0,84.97000122070312,57284000,-0.025923742926365456,-0.0221384514125611,89.2819995880127,96.44540008544922,0.36816413391157504,34.876981256065406,-3.426447440878121,-3.253637911301172,-0.17280952957694895,0.0
2022-12-28,81.81999969482422,81.81999969482422,83.4800033569336,81.69000244140625,82.80000305175781,58228600,-0.01469172937442731,-0.039558664749422046,88.75199966430664,95.80600006103515,0.36761084652222087,33.23977673563988,-3.574356424517404,-3.317781613944419,-0.25657481057298526,0.0
2022-12-29,84.18000030517578,84.18000030517578,84.55000305175781,82.55000305175781,82.87000274658203,54995900,0.02884381103830358,-0.029848985111117776,88.13399963378906,95.16240005493164,0.3423766956612342,39.1867850292287,-3.461243967858991,-3.3464740847273338,-0.11476988313165704,0.06085612905205852
2022-12-30,84.0,84.0,84.05000305175781,82.47000122070312,83.12000274658203,62401200,-0.002138278742257471,0.002506254710324729,87.55899963378906,94.54100006103516,0.34235436517212453,38.902142302288475,-3.347537720259055,-3.346686811833678,-0.0008509084253769394,0.056214553218077924
2023-01-03,85.81999969482422,85.81999969482422,86.95999908447266,84.20999908447266,85.45999908447266,76706000,0.021666663033621747,0.006686213429023091,87.14349975585938,93.95240005493164,0.35459847682444445,43.38040888550448,-3.0751178899852647,-3.292373027463996,0.21725513747873126,0.10314595476819467
2023-01-04,85.13999938964844,85.13999938964844,86.9800033569336,83.36000061035156,86.55000305175781,68885100,-0.007923564525679994,0.025288998686998188,86.84999961853028,93.26880004882813,0.3383856698433172,42.13767815535906,-2.8808845100983405,-3.210075323990865,0.3291908138925246,0.08561113458818974
2023-01-05,83.12000274658203,83.12000274658203,85.41999816894531,83.06999969482422,85.33000183105469,67930800,-0.023725589118479662,0.01588857316801051,86.59349975585937,92.53480010986328,0.33209731525049085,38.600159646456724,-2.857016101256633,-3.139463479444019,0.28244737818738574,0.03352251399378159
2023-01-06,86.08000183105469,86.08000183105469,86.4000015258789,81.43000030517578,83.02999877929688,83303400,0.035611152390083056,0.022570699916736547,86.47449989318848,91.84440017700196,0.35882099890562064,45.78289778035146,-2.5696319097987157,-3.0254971655149583,0.4558652557162426,0.1258865731915643
2023-01-09,87.36000061035156,87.36000061035156,89.4800033569336,87.08000183105469,87.45999908447266,65266100,0.01486987397850048,0.04000000726608999,86.325,91.2784001159668,0.35413246678184607,48.583968088655475,-2.213081635979819,-2.8630140596079308,0.6499324236281119,0.19011671350601841
2023-01-10,89.87000274658203,89.87000274658203,90.19000244140625,87.29000091552734,87.56999969482422,67756600,0.028731709234134817,0.0471918325117644,86.36400032043457,90.85660018920899,0.3663419975708472,53.6417905471581,-1.7082847366676503,-2.6320681950198748,0.9237834583522244,0.3728578773749092
2023-01-11,95.08999633789062,95.08999633789062,95.26000213623047,90.93000030517578,90.93000030517578,103126200,0.058083825879343465,0.11686630279036558,86.59099998474122,90.69020004272461,0.4165035095415686,62.011300219248675,-0.8769112129805876,-2.2810367986120172,1.4041255856314296,0.6435497029827525
2023-01-12,95.2699966430664,95.2699966430664,97.19000244140625,93.5,96.93000030517578,85254800,0.0018929468094222024,0.14617412770699167,86.72999992370606,90.54679992675781,0.41063261391355543,62.26429628667003,-0.2011979012689551,-1.8650690191434047,1.6638711178744496,0.7090140265021903
2023-01-13,98.12000274658203,98.12000274658203,98.37000274658203,94.12000274658203,94.18000030517578,85549400,0.029915043601747016,0.13986989613636047,87.05699996948242,90.5733999633789,0.41983420931759863,66.11248447870624,0.5578508828456137,-1.3804850387456011,1.9383359215912148,0.8592515552380998
2023-01-17,96.05000305175781,96.05000305175781,98.88999938964844,95.7300033569336,98.68000030517578,72755000,-0.02109661268732821,0.09947347047495958,87.4370002746582,90.65199996948242,0.4065018368051477,61.22857947650083,0.9810617678742375,-0.9081756774216334,1.889237445295871,0.7501319157219409
2023-01-18,95.45999908447266,95.45999908447266,99.31999969482422,95.37999725341797,97.25,79570400,-0.006142675153973931,0.062200914287868114,87.81700019836425,90.77519989013672,0.40631481781928386,59.870986820265706,1.2543912129665102,-0.4756622993440047,1.730053512310515,0.7190299689998053
2023-01-19,93.68000030517578,93.68000030517578,95.44000244140625,92.86000061035156,94.73999786376953,69002700,-0.01864654092151996,-0.01482801647930021,88.25500030517578,90.82919982910157,0.3910900169745401,55.84779462494483,1.312248952932876,-0.11808004888862861,1.4303290018215047,0.6251976724918719
2023-01-20,97.25,97.25,97.3499984741211,93.19999694824219,93.86000061035156,67481500,0.03810845093076898,0.020783073650687545,88.85800018310547,90.96359985351563,0.40797739442199726,61.44384076651105,1.6274109875029694,0.23101815838969103,1.3963928291132783,0.8133895262134235
2023-01-23,97.5199966430664,97.5199966430664,97.77999877929688,95.86000061035156,97.55999755859375,76501100,0.002776315095798454,-0.006115023305342526,89.39550018310547,91.11439971923828,0.4058685609236373,61.83778731701859,1.8773250090489029,0.5602795285215334,1.3170454805273695,0.8276223478102794
2023-01-24,96.31999969482422,96.31999969482422,98.08999633789062,96.0,96.93000030517578,66929500,-0.012305137300550828,0.0028110008796242703,90.02200012207031,91.31799972534179,0.3836247507472956,58.95463268724731,1.9560063234026046,0.8394248874977477,1.116581435904857,0.7643647373187968
2023-01-25,97.18000030517578,97.18000030517578,97.23999786376953,91.5199966430664,92.55999755859375,94261600,0.008928577793566816,0.018018030978411037,90.61850013732911,91.32899978637695,0.381822167097386,60.380332592222906,2.0639645947516243,1.084332828948523,0.9796317658031013,0.8096995056377884
2023-01-26,99.22000122070312,99.22000122070312,99.48999786376953,96.91999816894531,98.23999786376953,68523600,0.02099198301215366,0.059137498905636354,91.4275001525879,91.29759979248047,0.3643421100874028,63.609347862338396,2.2877614377052993,1.3250185506998784,0.9627428870054209,1.0
2023-01-27,102.23999786376953,102.23999786376953,103.48999786376953,99.52999877929688,99.52999877929688,87775600,0.03043737760442866,0.05131103201819576,92.44850006103516,91.37259979248047,0.36030645014916807,67.79397852302088,2.67794090228449,1.5956030210168008,1.0823378812676894,1.0
2023-01-30,100.55000305175781,100.55000305175781,101.73999786376953,99.01000213623047,101.08999633789062,70691900,-0.01652968356145279,0.031070616417077535,93.26700019836426,91.4047998046875,0.3671767029078758,63.40035748008499,2.8183048179933508,1.840143380412111,0.9781614375812397,0.9172382486017134
2023-01-31,103.12999725341797,103.12999725341797,103.3499984741211,101.13999938964844,101.16000366210938,66527300,0.025658817736008643,0.07070180211970745,94.22350006103515,91.52499969482422,0.36906959818328033,66.9245181185959,3.1019706162681473,2.0925088275833184,1.009461788684829,1.0
2023-02-01,105.1500015258789,105.1500015258789,106.23999786376953,101.23999786376953,102.52999877929688,80450100,0.019586971068148662,0.08201277213083769,95.19000015258788,91.73099975585937,0.3683129542473726,69.40823256397393,3.450005749286376,2.36400821192393,1.085997537362446,1.0
2023-02-02,112.91000366210938,112.91000366210938,114.0,108.87999725341797,110.25,158154200,0.07379935352944922,0.1379762373813569,96.57850036621093,92.10639984130859,0.4242059420951181,76.65932103983297,4.302398052412656,2.751686180021675,1.5507118723909805,1.0
2023-02-03,103.38999938964844,103.38999938964844,108.77999877929688,102.5199966430664,105.26000213623047,144374800,-0.08431497620839845,0.011248058977967101,97.59200019836426,92.32499984741212,0.5363943675843873,58.377991731831166,4.161766062444457,3.0337021565062314,1.1280639059382254,0.6937921177984255
2023-02-06,102.18000030517578,102.18000030517578,103.94999694824219,100.6500015258789,102.93000030517578,81945200,-0.011703250716856073,0.016210812570328192,98.39700012207031,92.50459991455078,0.5344969439012379,56.53265853556174,3.9076326269565413,3.2084882505962935,0.6991443763602478,0.6548728855671947
2023-02-07,102.11000061035156,102.11000061035156,102.41000366210938,98.08000183105469,101.16999816894531,119501300,-0.0006850625818668465,-0.009890397267828921,99.1345001220703,92.66419998168945,0.5351414735321326,56.42154514309029,3.6584097872924843,3.298472557935532,0.3599372293569525,0.6526213678479343
2023-02-08,100.05000305175781,100.05000305175781,102.66999816894531,98.77999877929688,102.04000091552734,75878300,-0.02017429777965274,-0.048502124584999806,99.6435001373291,92.79699996948243,0.538612615036353,53.11310033891459,3.2571281585249494,3.2902036780534156,-0.03307551952846621,0.5863622074836768
2023-02-09,98.23999786376953,98.23999786376953,101.77999877929688,97.56999969482422,101.31999969482422,64622500,-0.01809100582487666,-0.12992653726449965,99.80100021362304,92.88279998779296,0.5077701366214177,50.32103071608698,2.7612275721749455,3.184408456877722,-0.42318088470277626,0.528143971490755
2023-02-10,97.61000061035156,97.61000061035156,98.81999969482422,96.2300033569336,97.55999755859375,52740100,-0.006412838631079665,-0.05590481490877708,99.91800041198731,92.9866000366211,0.5086745851539478,49.34863452138187,2.2909782997229513,3.005722425446768,-0.7147441257238167,0.5078803120174115
2023-02-13,99.54000091552734,99.54000091552734,99.68000030517578,96.91000366210938,97.8499984741211,52841500,0.019772567289289666,-0.025836752610723046,99.98900032043457,93.0466000366211,0.5024502988151508,52.38425655916675,2.0504015060526655,2.814658241567948,-0.7642567355152825,0.5699581524450501
2023-02-14,99.69999694824219,99.69999694824219,100.91999816894531,97.5199966430664,98.41000366210938,56202900,0.0016073541414833858,-0.023602033568738023,100.17150001525879,93.13059997558594,0.4955040747070974,52.637667952721074,1.8513122315013106,2.621989039554621,-0.7706768080533104,0.5751043734903482
2023-02-15,101.16000366210938,101.16000366210938,101.16999816894531,98.44999694824219,99.08999633789062,47957600,0.014643999584324163,0.011094458535671814,100.45650024414063,93.27120010375977,0.49628124159422904,54.99162855026134,1.790700802899181,2.4557313922235333,-0.6650305893243522,0.6220650208869679
2023-02-16,98.1500015258789,98.1500015258789,100.62999725341797,98.0999984741211,99.20999908447266,56339200,-0.02975486385196624,-0.0009160865212499703,100.68000030517578,93.41400009155274,0.5043193677268716,49.52649998828941,1.4826922391053614,2.261123561599899,-0.7784313224945376,0.5252492681647174
2023-02-17,97.19999694824219,97.19999694824219,97.94000244140625,95.6500015258789,97.80000305175781,60029400,-0.009679109147912035,-0.004200426795877843,100.6775001525879,93.59300003051757,0.4882372774581822,47.90820648118327,1.1486943696650513,2.0386377232129296,-0.8899433535478782,0.4946926758067243
2023-02-21,94.58000183105469,94.58000183105469,95.61000061035156,94.2699966430664,95.33999633789062,56580400,-0.02695468312187932,-0.04982920473028585,100.5305004119873,93.71540008544922,0.49765540823652904,43.670176110580634,0.664922133608087,1.763894605291961,-1.098972471683874,0.41042137368838355
2023-02-22,95.79000091552734,95.79000091552734,97.01000213623047,94.80000305175781,95.0999984741211,59534100,0.012793392483054111,-0.03921761436707627,100.50400047302246,93.82420013427735,0.49810709065093806,46.04407667626396,0.3748449852181608,1.4860846812772013,-1.1112396960590405,0.44934060591961433
2023-02-23,95.81999969482422,95.81999969482422,96.43000030517578,93.66999816894531,96.12000274658203,48467000,0.000313172345862478,-0.052787700414895444,100.43600044250488,93.95880020141601,0.49704146624517737,46.104719315367305,0.14569789140679745,1.2180073233031206,-1.072309431896323,0.45030550702829353
2023-02-24,93.5,93.5,94.13999938964844,92.31999969482422,93.52999877929688,57053800,-0.024212061179431754,-0.04737647940487144,100.15000038146972,94.01780014038086,0.49733714551429115,42.1584009183487,-0.2205648830058351,0.9302928820413295,-1.1508577650471645,0.3756834613937717
2023-02-27,93.76000213623047,93.76000213623047,94.77999877929688,93.13999938964844,94.27999877929688,47470300,0.0027807715104863906,-0.035390894238849335,99.72600059509277,94.04320022583008,0.48251606859435797,42.749822608746086,-0.48426842607419474,0.6473806204182248,-1.1316490464924196,0.38404634666403603
2023-02-28,94.2300033569336,94.2300033569336,94.69000244140625,92.91999816894531,93.13999938964844,43959300,0.005012811540044737,-0.003700554740380335,99.41000061035156,94.09620025634766,0.481081392486531,43.867150902335915,-0.6478620627118516,0.38833208379220946,-1.0361941465040612,0.39916378509208156
2023-03-01,92.16999816894531,92.16999816894531,94.68000030517578,91.58999633789062,93.87000274658203,52299500,-0.02186145722806776,-0.03779102946010349,98.86200065612793,94.17060028076172,0.4733055028271339,40.166938124824036,-0.9329815700855875,0.12406935301665006,-1.0570509231022376,0.3329043793307974
2023-03-02,92.12999725341797,92.12999725341797,92.2300033569336,90.38999938964844,91.41000366210938,55509400,-0.00043399062951077205,-0.038509731299921635,98.21100044250488,94.25600021362305,0.4646688513956936,40.09621247908881,-1.1489244871288946,-0.13052941501245888,-1.0183950721164357,0.3316177627202162
2023-03-03,94.9000015258789,94.9000015258789,94.94000244140625,92.66000366210938,92.73999786376953,55759600,0.030066258059702422,0.01497327835164608,97.31050033569336,94.45560028076171,0.38371352962318467,47.04926312999098,-1.0840483749051941,-0.32123320699100594,-0.7628151679141881,0.42071406117600635
2023-03-06,93.75,93.75,96.55000305175781,93.73999786376953,95.19000244140625,52112400,-0.012118034851298809,-0.00010667807169983945,96.82850036621093,94.6268002319336,0.25972647279285477,44.72810732375716,-1.1126036978780576,-0.4795073051684163,-0.6330963927096414,0.38372463116213407
2023-03-07,93.55000305175781,93.55000305175781,95.08999633789062,92.77999877929688,94.05999755859375,49100700,-0.0021333007812499583,-0.007216388421424691,96.39700050354004,94.76240036010742,0.25854946107271254,44.31861358221378,-1.138251030005705,-0.611256050135874,-0.5269949798698309,0.3772917935062548
2023-03-08,93.91999816894531,93.91999816894531,94.16999816894531,92.18000030517578,93.5999984741211,44899100,0.003955051898638651,0.018986655471038283,95.98750038146973,94.96500030517578,0.2599251883514298,45.31604709327483,-1.1158582919254627,-0.7121764984937918,-0.4036817934316709,0.3891925677093341
2023-03-09,92.25,92.25,96.20999908447266,92.18000030517578,93.68000030517578,56218700,-0.017781071140368643,0.00130253717746176,95.59750022888184,95.10500030517578,0.258087705589834,41.68633395102796,-1.2188170172550912,-0.8135046022460517,-0.4053124150090395,0.33547761255195974
2023-03-10,90.7300033569336,90.7300033569336,93.56999969482422,90.25,92.66999816894531,69827500,-0.0164769283801236,-0.04394097051524459,95.22200050354004,95.25880035400391,0.2569738062668967,38.65173958944326,-1.4068463260940973,-0.932172947015661,-0.4746733790784363,0.2865874083350082
2023-03-13,92.43000030517578,92.43000030517578,94.0199966430664,88.12000274658203,89.97000122070312,72397100,0.01873687738723384,-0.014079996744791656,94.96300048828125,95.47100036621094,0.268870151297422,43.597106552063075,-1.4025180072210617,-1.026241959056741,-0.3762760481643206,0.31252088863619776
2023-03-14,94.87999725341797,94.87999725341797,95.06999969482422,92.70999908447266,93.83000183105469,60912700,0.0265065123894086,0.014216933813720134,94.73000030517578,95.68500030517578,0.2772298420915882,49.86907768388871,-1.187702411010946,-1.0585340494475821,-0.12916836156336386,0.39476314687544417
2023-03-15,96.19999694824219,96.19999694824219,96.66999816894531,93.06999969482422,93.22000122070312,70731800,0.01391230747297123,0.024275967033086543,94.55500030517578,95.92900024414062,0.2828834748182207,52.9074950519255,-0.9005654023018366,-1.026940320018433,0.12637491771659648,0.43907330646782605
2023-03-16,100.04000091552734,100.04000091552734,100.98999786376953,95.61000061035156,95.75,84446900,0.03991688242309577,0.08444445436886006,94.49900016784667,96.2134002685547,0.3146168684544079,60.42254867872024,-0.3590125530477053,-0.8933547666242875,0.5343422135765822,0.5679757518948634
2023-03-17,98.94999694824219,98.94999694824219,100.66000366210938,97.45999908447266,99.79000091552734,87300200,-0.010895681300578386,0.09059840501681649,94.53899993896485,96.48960021972657,0.29793502479184875,57.61210353161578,-0.017579582469096522,-0.7181997297932493,0.7006201473241528,0.531386160294112
2023-03-20,97.70999908447266,97.70999908447266,98.4800033569336,95.69999694824219,98.41000366210938,62388900,-0.012531560404374087,0.05712429689347531,94.56450004577637,96.78140014648437,0.29940520742941956,54.50612179903594,0.15120801027578068,-0.5443181817794434,0.695526192055224,0.43346986432019907
2023-03-21,100.61000061035156,100.61000061035156,100.8499984741211,98.0,98.13999938964844,58597300,0.029679680207260972,0.060392111328051,94.86599998474121,97.0720001220703,0.2981906782862009,59.944939800136105,0.5130649865958503,-0.33284154810438465,0.845906534700235,0.5185909361012156
2023-03-22,98.69999694824219,98.69999694824219,102.0999984741211,98.61000061035156,100.44999694824219,57475400,-0.018984232685839597,0.025987526811929618,95.01149978637696,97.29880004882813,0.3059518262968207,55.25921345310212,0.6383593056915089,-0.13860137734520597,0.7769606830367148,0.3832462608848839
2023-03-23,98.70999908447266,98.70999908447266,101.05999755859375,97.62000274658203,100.43000030517578,57559300,0.00010133876939955044,-0.01329470030870683,95.15599975585937,97.47559997558594,0.3059652337591311,55.27892768453053,0.7300475117968972,0.03512840048321467,0.6949191113136826,0.35978339124174413
2023-03-24,98.12999725341797,98.12999725341797,98.30000305175781,96.4000015258789,98.06999969482422,56095400,-0.005875816395847999,-0.008287010814695961,95.38749961853027,97.53639999389648,0.2920036001705218,53.79856473243787,0.7472954188118877,0.1775618041489493,0.5697336146629384,0.3336336246468653
2023-03-27,98.04000091552734,98.04000091552734,99.33999633789062,97.08000183105469,99.06999969482422,46721300,-0.0009171134251457769,0.003377359882783315,95.60149955749512,97.5918000793457,0.2922645886334335,53.55889105993335,0.7451133541193968,0.2910721141430388,0.45404123997635804,0.3295760801629897
2023-03-28,97.23999786376953,97.23999786376953,98.44000244140625,96.29000091552734,98.11000061035156,38720100,-0.00815996577200262,-0.03349570347021047,95.75199928283692,97.57419998168945,0.2944314236640799,51.36813061099727,0.6710945317372676,0.3670765976618846,0.304017934075383,0.2935074128613428
2023-03-29,100.25,100.25,100.41999816894531,98.55999755859375,98.69000244140625,49783300,0.0309543624265336,0.015704185407124482,96.15599937438965,97.6581999206543,0.2979571188114585,58.28234780729416,0.8455689064735026,0.46277505942420827,0.3827938470492943,0.42921535221281676
2023-03-30,102.0,102.0,103.04000091552734,101.01000213623047,101.55000305175781,53633400,0.0174563591022443,0.033329966022103585,96.64949951171874,97.78899993896485,0.30087965680515866,61.692413698980495,1.1122303806232736,0.5926661236640214,0.5195642569592522,0.5081152609559033
2023-03-31,103.29000091552734,103.29000091552734,103.48999786376953,101.94999694824219,102.16000366210938,56750300,0.012647067799287592,0.05258334664764952,97.06899948120117,97.98119995117187,0.2879140626059388,64.02672888731334,1.4113842538525034,0.7564097497017178,0.6549745041507856,0.5662758063922493
2023-04-03,102.41000366210938,102.41000366210938,103.29000091552734,101.43000030517578,102.30000305175781,41135700,-0.008519675143944028,0.04457367100952281,97.50199966430664,98.08440002441407,0.28544880919412147,61.28330529271209,1.5594807069206524,0.9170239411455048,0.6424567657751477,0.526600547541481
2023-04-04,103.94999694824219,103.94999694824219,104.19999694824219,102.11000061035156,102.75,48662500,0.015037527888523972,0.06900451698768206,98.02199935913086,98.21300003051758,0.2865979934384877,64.17615546305771,1.7805872988801497,1.089736612692434,0.6908506861877157,0.5960321645362494
2023-04-05,101.0999984741211,101.0999984741211,103.91000366210938,100.75,103.91000366210938,45175400,-0.027417013542964663,0.00847878777178157,98.38099937438965,98.30860000610352,0.30947306711571554,55.85805836367406,1.7061770604697415,1.2130247022478955,0.493152358221846,0.46753809623562653
2023-04-06,102.05999755859375,102.05999755859375,102.37999725341797,99.80000305175781,100.75,43808000,0.009495540049077267,0.0005882113587623028,98.87149925231934,98.40619995117187,0.2991369707225364,57.84030907395116,1.7050159509554845,1.3114229519894134,0.39359299896607114,0.5108202906118203
2023-04-10,102.16999816894531,102.16999816894531,102.19999694824219,99.56999969482422,100.95999908447266,37261200,0.0010778033801970288,-0.010843283344512678,99.44349899291993,98.46519989013672,0.288541512855104,58.072643513079214,1.69345084602557,1.387828530796645,0.305622315228925,0.5157797409652044
2023-04-11,99.91999816894531,99.91999816894531,101.0,99.01000213623047,100.80000305175781,60417800,-0.022022120390757682,-0.024314084602316433,99.8179988861084,98.41879989624023,0.30089479129807095,51.786234783355084,1.485604101752557,1.4073836449878274,0.07822045676472955,0.4143370011526646
2023-04-12,97.83000183105469,97.83000183105469,100.51000213623047,97.70999908447266,100.4000015258789,56735000,-0.020916697119598093,-0.058874413630187084,99.96549911499024,98.36439987182617,0.3010883438817466,46.726350641880444,1.1391078950772737,1.3537284950057167,-0.21462059992844296,0.32010813239097585
2023-04-13,102.4000015258789,102.4000015258789,102.56999969482422,98.70999908447266,98.94999694824219,67925100,0.046713683014299345,0.012858586264870908,100.27549934387207,98.3497999572754,0.33887333889906024,56.69095711714234,1.2192136017412878,1.326825516352831,-0.10761191461154329,0.5261495946067267
2023-04-14,102.51000213623047,102.51000213623047,103.19999694824219,101.11000061035156,102.06999969482422,51450500,0.001074224694457282,0.004409216033719465,100.39899940490723,98.29699996948243,0.3100974191870215,56.89992969013968,1.2768552883950832,1.3168314707612816,-0.039976182366198376,0.5311090449601108
2023-04-17,102.73999786376953,102.73999786376953,103.7300033569336,101.58999633789062,103.16000366210938,39919500,0.0022436418178335416,0.005578934178717354,100.5884994506836,98.09359985351563,0.306676092927997,57.363168549610265,1.3258123341138912,1.3186276434318036,0.007184690682087602,0.9084720369858452
2023-04-18,102.30000305175781,102.30000305175781,104.19999694824219,101.5199966430664,103.94999694824219,39790500,-0.004282604839014548,0.023819104547904146,100.81799964904785,98.07179992675782,0.302845574015966,56.12048404272851,1.3139607201534602,1.317694258776135,-0.0037335386226748923,0.8751895085963466
2023-04-19,104.30000305175781,104.30000305175781,105.12000274658203,101.38999938964844,101.58000183105469,58398900,0.019550341547772243,0.06613514361245088,101.00249977111817,98.11419998168945,0.2927404632197304,60.32759007361298,1.4492455158237192,1.344004510185652,0.10524100563806726,1.0
2023-04-20,103.80999755859375,103.80999755859375,105.25,103.20999908447266,103.52999877929688,57696900,-0.0046980391066805405,0.013769492301799469,101.25799980163575,98.14819992065429,0.2834263190969134,58.83910887779849,1.4996335014004671,1.375130308428615,0.12450319297185208,0.9638905302738542
2023-04-21,106.95999908447266,106.95999908447266,108.1500015258789,105.08000183105469,106.0999984741211,86774200,0.03034391291745231,0.04341036831048317,101.67049980163574,98.2863998413086,0.29964684926983265,64.84419123585022,1.773303600410756,1.4547649668250433,0.31853863358571277,1.0
2023-04-24,106.20999908447266,106.20999908447266,109.2300033569336,105.06999969482422,107.66000366210938,69575600,-0.007011967150520215,0.033774589184868864,102.07449989318847,98.44579986572266,0.30017967848490285,62.505942593745644,1.9076798477788088,1.5453479430157966,0.36233190476301225,0.9537892669480251
2023-04-25,102.56999969482422,102.56999969482422,105.44999694824219,102.44999694824219,104.91000366210938,65026800,-0.03427172037496595,0.002639263294350158,102.30099983215332,98.54499984741211,0.3295352081861742,52.59358196961021,1.700850120499453,1.576448378512528,0.124401741986925,0.729513213475498
2023-04-26,104.9800033569336,104.9800033569336,106.62000274658203,104.0999984741211,105.04000091552734,73803800,0.023496184744855597,0.006519657576983473,102.68800010681153,98.65379989624023,0.33510935488465204,57.409405479643716,1.7116721349018462,1.6034931297903918,0.1081790051114544,0.8780039279875222
2023-04-27,109.81999969482422,109.81999969482422,110.86000061035156,106.80000305175781,108.16000366210938,149961200,0.046103983455159314,0.05789425178281338,103.16650009155273,98.85619995117187,0.3549690010216417,65.08131272091316,2.086741259921766,1.7001427558166669,0.386598504105099,1.0
2023-04-28,105.44999694824219,105.44999694824219,109.4800033569336,104.33000183105469,107.7300033569336,130715900,-0.039792412663683385,-0.014117447168617958,103.33899993896485,98.94199981689454,0.3848196965187658,55.38126496597369,2.0082141016211636,1.7617570249775665,0.24645707664359717,0.7710841495601407
2023-05-01,102.05000305175781,102.05000305175781,105.2300033569336,101.81999969482422,104.94999694824219,74728100,-0.032242712137328766,-0.03916764964291397,103.27700004577636,99.01999984741211,0.40091131808162417,49.23296975071506,1.6525797596248424,1.7399215719070218,-0.08734181228217941,0.5929807158923236
2023-05-02,103.62999725341797,103.62999725341797,103.9000015258789,101.1500015258789,101.47000122070312,73469400,0.015482549283793778,0.010334382000073639,103.3379997253418,99.14859985351562,0.4034311020321811,51.905072504087165,1.4811554706191288,1.6881683516494432,-0.20701288103031446,0.6757462740252038
2023-05-03,103.6500015258789,103.6500015258789,105.95999908447266,103.27999877929688,103.73999786376953,65051900,0.00019303553981586674,-0.012669096861548601,103.32299995422363,99.32999984741211,0.3999569229151567,51.9395639224542,1.3315652092797023,1.6168477231754952,-0.28528251389579284,0.6767941669690716
2023-05-04,104.0,104.0,105.38999938964844,103.30999755859375,104.04000091552734,45345500,0.0033767339022539034,-0.05299580869602305,103.46800003051757,99.49419982910156,0.3865109291800873,52.58032835245823,1.2271104359746516,1.5389002657353266,-0.31178982976067493,0.6951282969461634
2023-05-05,105.66000366210938,105.66000366210938,105.76000213623047,103.55000305175781,104.2699966430664,56951700,0.015961573674128537,0.0019915288757217375,103.64800033569335,99.69099990844727,0.38891558680262756,55.603657687816884,1.2637104306649007,1.4838622987212415,-0.2201518680563408,0.7820850272004553
2023-05-08,105.83000183105469,105.83000183105469,106.0999984741211,104.69999694824219,105.04000091552734,49430900,0.0016089169321718,0.037040653270531854,103.83100051879883,99.93759994506836,0.3889031091130425,55.913650012179396,1.2915454892051486,1.4453989368180231,-0.15385344761287456,0.7909901189530343
2023-05-09,106.62000274658203,106.62000274658203,106.79000091552734,105.16000366210938,105.4800033569336,44089400,0.00746481056277859,0.028852702619032833,104.16600074768067,100.1947999572754,0.378650026197243,57.40218519714298,1.361655132443076,1.4286501759430337,-0.06699504349995777,0.832373097846504
2023-05-10,110.19000244140625,110.19000244140625,110.66999816894531,108.05000305175781,108.0999984741211,78627600,0.03348339526223332,0.06309696883018834,104.78400077819825,100.51399993896484,0.38131496728309666,63.41387593783869,1.685853203143182,1.4800907813830633,0.20576242176011883,1.0
2023-05-11,112.18000030517578,112.18000030517578,113.27999877929688,110.48999786376953,111.02999877929688,74924800,0.01805969525073481,0.0786538490882287,105.27300071716309,100.91419998168945,0.35352910047634184,66.27132019595021,2.079388806606147,1.59995038642768,0.47943842017846694,1.0
2023-05-12,110.26000213623047,110.26000213623047,112.63999938964844,109.31999969482422,112.16000366210938,49852700,-0.01711533396079623,0.04353585382063252,105.66050071716309,101.2768000793457,0.3618740366290262,61.297002811812845,2.2108554362227437,1.7221313963866929,0.48872403983605084,0.9104895831184416
2023-05-15,111.19999694824219,111.19999694824219,112.29000091552734,109.25,111.1500015258789,53011100,0.008525256609829501,0.050741708629657545,106.08350067138672,101.60279998779296,0.36218004551480026,62.77035342583063,2.36364676424553,1.8504344699584605,0.5132122942870696,0.9543121913118079
2023-05-16,113.4000015258789,113.4000015258789,114.79000091552734,111.05000305175781,111.05000305175781,71472900,0.01978421437062372,0.06359030767811746,106.63850059509278,101.99580001831055,0.364759652714335,66.02979012592166,2.6319178648811743,2.0067311489430035,0.6251867159381708,1.0
2023-05-17,115.5,115.5,115.83000183105469,114.22000122070312,114.88999938964844,65655200,0.018518504813616277,0.04818946765535603,107.19850044250488,102.43479995727539,0.36424734264816844,68.83461773709465,2.9796296554528965,2.2013108502449823,0.7783188052079142,1.0
2023-05-18,118.1500015258789,118.1500015258789,118.5999984741211,116.33999633789062,116.69000244140625,73174100,0.022943736154795724,0.05321805316867767,107.91550064086914,102.91940002441406,0.3673225988441113,71.97879211515814,3.429493662603946,2.446947412716775,0.9825462498871707,1.0
2023-05-19,116.25,116.25,118.30999755859375,115.69999694824219,118.16000366210938,55056300,-0.01608126535201726,0.054326117791732464,108.3800006866455,103.39940002441406,0.36472125891487533,66.77699347262813,3.5913015959130945,2.6758182493560394,0.9154833465570551,0.930707452488791
2023-05-22,115.01000213623047,115.01000213623047,116.7699966430664,114.25,116.7699966430664,70741100,-0.010666648290490577,0.034262637522927575,108.8200008392334,103.885,0.3664677179100001,63.5491646212918,3.5782304708157255,2.856300693647977,0.7219297771677486,0.877916048187396
2023-05-23,114.98999786376953,114.98999786376953,117.13999938964844,113.77999877929688,114.2699966430664,67576300,-0.00017393506729301844,0.014021131538766163,109.44100074768066,104.33619995117188,0.337806466283192,63.495841516567125,3.5256162231976305,2.990163799557908,0.5354524236397227,0.8642027038280734
2023-05-24,116.75,116.75,117.33999633789062,115.0199966430664,115.3499984741211,63487900,0.015305697616548875,0.010822510822510845,110.02950057983398,104.77360000610352,0.33338501183882174,66.18427561210828,3.584615302475939,3.109054100141514,0.47556120233442467,0.9362186226008687
2023-05-25,115.0,115.0,116.87000274658203,114.30999755859375,116.62999725341797,66496700,-0.01498929336188437,-0.02666103669231823,110.28850059509277,105.14960006713868,0.30402569036604604,61.3463899369363,3.450388195899393,3.1773209192930905,0.2730672766063025,0.8493543293066483
2023-05-26,120.11000061035156,120.11000061035156,121.5,116.0199966430664,116.04000091552734,96779900,0.04443478791610045,0.03320430632560489,111.02150077819825,105.55100006103515,0.2955791099797381,68.57079061063804,3.71353922153385,3.2845645797412426,0.42897464179260725,1.0
2023-05-30,121.66000366210938,121.66000366210938,122.91999816894531,119.86000061035156,122.37000274658203,64314800,0.01290486257498391,0.05782107123171709,112.00200080871582,106.0052001953125,0.25771971167427066,70.37923170337116,4.001039109318924,3.427859485656779,0.5731796236621451,1.0
2023-05-31,120.58000183105469,120.58000183105469,122.04000091552734,119.16999816894531,121.44999694824219,72800800,-0.00887721353399118,0.04861295826709844,112.84950103759766,106.46260025024414,0.26396171061406654,67.46627348857768,4.094538429643961,3.5611952744542155,0.5333431551897458,0.9557738912933382
2023-06-01,122.7699966430664,122.7699966430664,123.48999786376953,119.93000030517578,120.69000244140625,54375100,0.01816217265513176,0.05156314041170362,113.80550079345703,106.90580017089843,0.2648588283653672,70.16306412653341,4.29583191712868,3.708122602989109,0.5877093141395715,1.0
2023-06-02,124.25,124.25,126.38999938964844,124.0199966430664,124.91999816894531,61264400,0.01205508998453797,0.08043478260869574,114.81800079345703,107.41680023193359,0.2643661731460829,71.86065009898363,4.522648086313652,3.8710276996540176,0.651620386659634,1.0
2023-06-05,125.30000305175781,125.30000305175781,125.80000305175781,123.02999877929688,123.36000061035156,47950100,0.008450728786783213,0.043210410582238845,115.80000076293945,107.9486003112793,0.2631089611124651,73.03291071467046,4.732573840244783,4.04333692777217,0.6892369124726123,1.0
2023-06-06,126.61000061035156,126.61000061035156,127.4000015258789,125.0,125.06999969482422,45695200,0.010454888481148839,0.040687134631279376,116.8390007019043,108.51820037841797,0.2618219406046107,74.46231864308825,4.947614349107198,4.224192412039176,0.7234219370680224,1.0
2023-06-07,121.2300033569336,121.2300033569336,127.37000274658203,120.62999725341797,127.01000213623047,95663300,-0.04249267220189956,0.0053906246144332925,117.56950073242187,108.98200042724609,0.3196979732379991,60.321079421918,4.630536740688484,4.305461277769037,0.3250754629194468,0.8168199948825653
2023-06-08,124.25,124.25,125.62999725341797,122.26000213623047,123.01000213623047,62159300,0.024911297199049942,0.01205508998453797,118.27250061035156,109.5222004699707,0.31149245156705346,64.40729266474087,4.570255876665584,4.358420197548347,0.21183567911723689,0.9179985854603563
2023-06-09,123.43000030517578,123.43000030517578,125.80000305175781,123.19000244140625,124.08000183105469,51396000,-0.006599595129369917,-0.006599595129369917,118.83500061035156,109.98580047607422,0.3113445756586727,62.52449654265477,4.405531510374885,4.367842460113655,0.03768905026123015,0.8895065865164894
2023-06-12,126.56999969482422,126.56999969482422,126.77999877929688,123.52999877929688,124.0199966430664,51338000,0.025439515368102628,0.010135647343454623,119.65050048828125,110.4772004699707,0.3079276134108171,66.55616556756438,4.476752752935312,4.389624518677987,0.08712823425732452,0.9986101140644899
2023-06-13,126.66000366210938,126.66000366210938,128.41000366210938,125.18000030517578,128.1199951171875,50564800,0.0007111003199982147,0.000394937615644686,120.4235008239746,110.94460052490234,0.30869638946985795,66.66686117300065,4.488715550018981,4.409442724946186,0.07927282507279454,1.0
2023-06-14,126.41999816894531,126.41999816894531,126.94999694824219,124.12000274658203,126.69999694824219,52422500,-0.001894879884926648,0.04281114137010289,121.07450065612792,111.42480041503906,0.30609898692859594,66.0391497952348,4.427788920928762,4.4131119641427015,0.014676956786060735,0.9916751481817272
2023-06-15,127.11000061035156,127.11000061035156,127.69000244140625,124.31999969482422,125.20999908447266,60458500,0.005458016543269828,0.023018113564197584,121.65500068664551,111.88800048828125,0.30228998142515195,67.00112366041586,4.3846381792645275,4.407417207167067,-0.022779027902539717,1.0
2023-06-16,125.48999786376953,125.48999786376953,127.9000015258789,125.30000305175781,127.70999908447266,84247100,-0.012744888197649074,0.01668960182695045,122.02200050354004,112.37580047607422,0.30069041960394666,62.52320925564727,4.171632243141957,4.360260214362046,-0.18862797122008867,0.9446720350368494
2023-06-20,125.77999877929688,125.77999877929688,127.25,124.5,124.97000122070312,56930100,0.002310948445805039,-0.006241612684144249,122.49850044250488,112.85020050048828,0.29202010399791545,62.99993053995146,3.980341258037953,4.284276423097228,-0.30393516505927476,0.9545764383024805
2023-06-21,124.83000183105469,124.83000183105469,126.7300033569336,123.8499984741211,125.63999938964844,52137700,-0.00755284590127181,-0.014448142887604654,122.9895004272461,113.30340057373047,0.29013368610959733,60.29419602424778,3.7093261569366973,4.169286369865122,-0.4599602129284248,0.9221311859852602
2023-06-22,130.14999389648438,130.14999389648438,130.3300018310547,125.13999938964844,125.30999755859375,90354600,0.04261789623803569,0.029504791817465126,123.74750022888183,113.90800048828125,0.3197072727757803,68.46270826895173,3.8791076965419364,4.111250635200485,-0.23214293865854874,1.0
2023-06-23,129.3300018310547,129.3300018310547,130.83999633789062,128.27999877929688,129.11000061035156,71927800,-0.006300361919969633,0.017465197152412903,124.37650032043457,114.53800048828126,0.3209243841457758,66.2020055061198,3.9025085933318024,4.0695022268267484,-0.166993633494946,0.9708187781995817
2023-06-26,127.33000183105469,127.33000183105469,131.49000549316406,127.0999984741211,129.3300018310547,59989300,-0.01546431587167707,0.014662554774147463,124.99300041198731,115.03660049438477,0.32132732567883093,60.91825980196783,3.7168254373314795,3.998966868927695,-0.2821414315962154,0.8996443777860196
2023-06-27,129.17999267578125,129.17999267578125,130.08999633789062,127.55000305175781,128.6300048828125,46801000,0.014529104045574393,0.027031276271915594,125.44650001525879,115.57000030517578,0.28891919846886366,63.796613901845895,3.676567813408198,3.934487057823796,-0.25791924441559777,0.9654803723580159
2023-06-28,129.0399932861328,129.0399932861328,131.47999572753906,128.44000244140625,128.94000244140625,52149500,-0.001083754432466999,0.033725798232190574,125.81549949645996,116.09600021362304,0.2873375064513512,63.415977547549005,3.591960688785136,3.865981784016064,-0.2740210952309283,0.9604981860497698
2023-06-29,127.9000015258789,127.9000015258789,129.25999450683594,127.26000213623047,128.77000427246094,40761000,-0.008834406537251538,-0.01728768710043138,126.18149948120117,116.60800018310547,0.28731387072474296,60.262980961111964,3.3937995169515602,3.7715453306031637,-0.3777458136516034,0.9199290710435332
2023-06-30,130.36000061035156,130.36000061035156,131.25,128.9499969482422,129.47000122070312,54350700,0.019233769000189582,0.007964113235244374,126.56099967956543,117.12920013427734,0.28808278302931617,64.37875752038441,3.396108502829591,3.6964579650484493,-0.30034946221885805,1.0
2023-07-03,130.22000122070312,130.22000122070312,131.85000610351562,130.07000732421875,130.82000732421875,28264800,-0.0010739443770555468,0.022696924119132378,126.85949974060058,117.65740020751953,0.28647129750778405,63.97266329241165,3.3480474036699803,3.626775852772756,-0.2787284491027755,0.995054772104495
2023-07-05,130.3800048828125,130.3800048828125,131.39999389648438,129.63999938964844,130.24000549316406,35895400,0.0012287180203460757,0.009289458701573494,127.11349983215332,118.12580032348633,0.285628624619524,64.25021640812821,3.2850021348822054,3.5584211091946463,-0.2734189743124409,1.0
2023-07-06,128.36000061035156,128.36000061035156,128.72999572753906,127.37000274658203,128.25,40639900,-0.015493205988729275,-0.005269627333856386,127.20099983215331,118.56880035400391,0.2904237974029886,58.15856961789984,3.037031829796561,3.4541432533150296,-0.4171114235184685,0.9286973476208301
2023-07-07,129.77999877929688,129.77999877929688,130.97000122070312,128.1300048828125,128.58999633789062,41992300,0.011062622017709689,0.01469896193111131,127.62849960327148,119.11300033569336,0.24273022624200055,60.96066376968406,2.9214192586077417,3.347598454373572,-0.4261791957658305,0.9788208236944795
2023-07-10,127.12999725341797,127.12999725341797,129.27999877929688,125.91999816894531,129.07000732421875,61889300,-0.020419182854096718,-0.024777564757675452,127.77249946594239,119.55600021362305,0.24308595036618003,53.72915034545637,2.5861509485337706,3.195308953205612,-0.6091580046718414,0.8852803593598095
2023-07-11,128.77999877929688,128.77999877929688,129.77000427246094,127.3499984741211,127.75,49951500,0.012978852839820476,-0.011058227829115586,128.03999938964844,119.9352001953125,0.2446232440185457,57.13848717838413,2.4256285942891225,3.041372881422314,-0.6157442871331917,0.9435225555911636
2023-07-12,130.8000030517578,130.8000030517578,131.25999450683594,128.8300018310547,130.30999755859375,54022800,0.01568569880112225,0.0032213388036210766,128.25149955749512,120.44220031738281,0.23459667634419062,60.93355032294206,2.4333606678916198,2.9197704387161756,-0.48640977082455583,1.0
2023-07-13,134.3000030517578,134.3000030517578,134.6699981689453,132.7100067138672,134.0399932861328,61170900,0.026758409161619312,0.04627611727299441,128.63349952697754,121.08720031738281,0.2507348514451292,66.47278133152429,2.6908902336156046,2.8739943976960616,-0.18310416408045693,1.0
2023-07-14,134.67999267578125,134.67999267578125,136.64999389648438,134.05999755859375,134.05999755859375,54487100,0.002829408900884234,0.037756156130169805,129.04649925231934,121.70820022583008,0.2500589680326999,67.01953373503194,2.8923055587218585,2.8776566299012214,0.014648928820637064,1.0
2023-07-17,133.55999755859375,133.55999755859375,135.6199951171875,133.2100067138672,134.55999755859375,48450200,-0.008315972513331604,0.05057815184529879,129.36899909973144,122.30640014648438,0.25323214111396336,63.72111625262368,2.9278045014229264,2.887686204205562,0.04011829721736415,0.9634942834236195
2023-07-18,132.8300018310547,132.8300018310547,133.86000061035156,131.35000610351562,132.7100067138672,54882900,-0.005465676406731013,0.03144900675685447,129.7359992980957,122.88300018310547,0.24865971910304194,61.59333577804513,2.8640184924941536,2.8829526618632806,-0.018934169369126952,0.9362511528224564
2023-07-19,135.36000061035156,135.36000061035156,135.99000549316406,132.52999877929688,133.38999938964844,54531000,0.019046892602732513,0.03486236584252489,130.21499938964843,123.47700012207031,0.25509207371289033,65.84955935121103,2.983228576240407,2.9030078447387058,0.08022073150170117,1.0
2023-07-20,129.9600067138672,129.9600067138672,134.7899932861328,129.3300018310547,134.07000732421875,59820600,-0.03989357175040831,-0.03231568309211452,130.47149963378905,123.95960021972657,0.2966287036616415,52.48117226649349,2.6118611392708715,2.844778503645139,-0.2329173643742677,0.8121087579031534
2023-07-21,130.0,130.0,131.3699951171875,128.4199981689453,131.33999633789062,133307300,0.00030773533446226686,-0.03474898225638845,130.46399993896483,124.42720016479493,0.2552669492732673,52.55799110111715,2.2943292939375795,2.7346886617036277,-0.4403593677660482,0.787048033362008
2023-07-24,128.8000030517578,128.8000030517578,131.66000366210938,128.35000610351562,130.30999755859375,45591100,-0.009230745755709147,-0.03563937252056093,130.4375,124.79940017700196,0.2564454580979919,49.94880627444264,1.9236783275752316,2.5724865948779483,-0.6488082673027167,0.7386454997056148
2023-07-25,129.1300048828125,129.1300048828125,129.5800018310547,128.52999877929688,129.30999755859375,39236700,0.002562125956798944,-0.027855129844447157,130.5275001525879,125.13840026855469,0.2500052070238423,50.67401454642773,1.637684943556934,2.3855262646137456,-0.7478413210568116,0.7517929838138282
2023-07-26,128.14999389648438,128.14999389648438,129.0800018310547,126.11000061035156,126.51000213623047,53910100,-0.007589335934878205,-0.05326541579016375,130.47600021362305,125.49620010375976,0.24621901978380262,48.42982029831031,1.3167754620855874,2.171776104108114,-0.8550006420225267,0.701572615025105
2023-07-27,128.25,128.25,132.6300048828125,127.79000091552734,131.0,52610700,0.0007803832093540297,-0.013157945718117015,130.4365005493164,125.83720016479492,0.24622775473871047,48.67959328565133,1.058322361360439,1.949085355558579,-0.8907629941981401,0.6762294669047204
2023-07-28,132.2100067138672,132.2100067138672,133.00999450683594,129.3300018310547,129.69000244140625,46317400,0.030877245332297854,0.017000051645132297,130.65200080871583,126.2134002685547,0.26719773762067334,57.464756692748885,1.1596679335639237,1.791201871159648,-0.6315339375957243,0.8453611452255241
2023-07-31,133.67999267578125,133.67999267578125,133.8699951171875,132.3800048828125,133.1999969482422,41901500,0.011118568090654923,0.03788811730122732,130.8180004119873,126.57700012207032,0.2616679604570056,60.18911094680621,1.3431179835790203,1.7015850936435226,-0.35846711006450227,0.9175253947939596
2023-08-01,131.69000244140625,131.69000244140625,133.69000244140625,131.6199951171875,133.5500030517578,42098500,-0.014886223394710907,0.019824962919477773,130.89150047302246,126.84780014038085,0.26791020037748536,55.0488480170925,1.3127948076739813,1.6238270364496146,-0.3110322287756333,0.8198332020568275
2023-08-02,128.2100067138672,128.2100067138672,130.22999572753906,126.81999969482422,130.14999389648438,51027600,-0.026425663778747666,0.0004683013674686709,130.7830005645752,127.08700027465821,0.28464356883761993,47.42177868768773,0.9964702123016878,1.4983556716200293,-0.5018854593183415,0.648993965026141
2023-08-03,128.91000366210938,128.91000366210938,129.83999633789062,126.41000366210938,127.4800033569336,88585200,0.005459768439170398,0.005146227384868363,130.81050071716308,127.36500030517578,0.2798634460742102,48.953834896067335,0.7931219786099462,1.3573089330180128,-0.5641869544080667,0.683358071744764
2023-08-04,139.57000732421875,139.57000732421875,143.6300048828125,139.32000732421875,141.05999755859375,153128500,0.08269337801006271,0.05566901321077977,131.30000114440918,127.85660049438476,0.4041111670626866,65.45976463738154,1.4751357972976678,1.3808743058739439,0.09426149142372386,1.0
2023-08-07,142.22000122070312,142.22000122070312,142.5399932861328,138.9499969482422,140.99000549316406,71213100,0.01898684357254843,0.06388396927604756,132.05450134277345,128.36600051879884,0.39674325936074084,68.21157257106195,2.2040619683845364,1.5455118383760624,0.658550130008474,1.0
2023-08-08,139.94000244140625,139.94000244140625,140.83999633789062,138.4199981689453,140.6199951171875,51710500,-0.016031491771390738,0.06264712466438538,132.6125015258789,128.86480056762696,0.4032029676192365,63.52242079070552,2.568160211561292,1.7500415130131084,0.8181186985481834,0.896879298219946
2023-08-09,137.85000610351562,137.85000610351562,140.32000732421875,137.10000610351562,139.97000122070312,50017300,-0.01493494570121734,0.07518913411464445,132.9650016784668,129.21960067749023,0.4065357797006461,59.48556345052305,2.657432230269052,1.9315196564642974,0.7259125738047545,0.7980593696653291
2023-08-10,138.55999755859375,138.55999755859375,140.41000366210938,137.49000549316406,139.07000732421875,58928400,0.005150463718840648,0.07485837888716773,133.1780014038086,129.55760055541992,0.39685982972595074,60.40609148018863,2.753728062080313,2.0959613375875006,0.6577667244928125,0.8308685875536508
2023-08-11,138.41000366210938,138.41000366210938,139.3300018310547,137.0,137.39999389648438,42905800,-0.0010825194798443905,-0.008311267473209427,133.364501953125,129.91420059204103,0.39697495582325454,60.095439676622824,2.785826672901436,2.233934404650288,0.551892268251148,0.8184850906931191
2023-08-14,140.57000732421875,140.57000732421875,140.58999633789062,137.75,138.3000030517578,47148700,0.015605834874352187,-0.011601700761652012,133.71500244140626,130.27020080566408,0.3980847677340173,63.04295433473155,2.951535829093075,2.3774546895388458,0.5740811395542291,0.9213914214192275
2023-08-15,137.6699981689453,137.6699981689453,141.27999877929688,137.22999572753906,140.0500030517578,42781500,-0.020630355012962953,-0.016221267920953464,133.95700225830078,130.53860076904297,0.40585114112676995,56.95976672784039,2.8163894424511113,2.465241640121299,0.35114780232981246,0.7832299421234581
2023-08-16,135.07000732421875,135.07000732421875,137.27000427246094,135.00999450683594,137.19000244140625,41675900,-0.018885675014943426,-0.020166838274996435,133.94250259399413,130.7340008544922,0.40716957393451436,52.10538018053955,2.471003238038861,2.4663939597048117,0.004609278334049449,0.6593618568763242
2023-08-17,133.97999572753906,133.97999572753906,136.08999633789062,133.52999877929688,135.4600067138672,48354100,-0.008069975106044458,-0.03305428631461915,134.14350204467775,130.88140075683594,0.38039996745416843,50.17476599744031,2.0852894378321594,2.3901730553302816,-0.3048836174981222,0.6074318088718346
2023-08-18,133.22000122070312,133.22000122070312,134.07000732421875,131.14999389648438,131.6199951171875,48497700,-0.005672447612115605,-0.037497307305014105,134.30450210571288,131.12120071411132,0.3812999918585839,48.816625508312804,1.698701691394632,2.2518787825431517,-0.5531770911485197,0.5210218434549015
2023-08-21,134.67999267578125,134.67999267578125,135.19000244140625,132.7100067138672,133.74000549316406,41442500,0.01095925117625085,-0.04190093434976094,134.59850158691407,131.32980056762696,0.380505394597475,51.530870854063636,1.4929276848598363,2.100088563006489,-0.6071608781466526,0.5987222896465588
2023-08-22,134.25,134.25,135.64999389648438,133.72999572753906,135.0800018310547,32905400,-0.0031926989840012077,-0.024842000540657883,134.85450134277343,131.54620056152345,0.3810407402258918,50.678479201947056,1.280393902927102,1.9361496309906117,-0.6557557280635096,0.54169054051564
2023-08-23,135.52000427246094,135.52000427246094,135.9499969482422,133.22000122070312,134.5,42801000,0.009459994580714559,0.003331583059457577,135.22300186157227,131.72520065307617,0.38002909663996576,53.14376838869843,1.2005983302367724,1.789039370839844,-0.5884410406030716,0.614721266049588
2023-08-24,131.83999633789062,131.83999633789062,136.77999877929688,131.8300018310547,136.39999389648438,43646300,-0.027154721211281152,-0.015972529167714966,135.4025016784668,131.8288005065918,0.39490120591897027,45.973045456605135,0.8308365126335104,1.5973987991985774,-0.766562286565067,0.40310493115995755
2023-08-25,133.25999450683594,133.25999450683594,133.8699951171875,130.5800018310547,132.47000122070312,44147500,0.010770617478674804,0.0003002048173423866,135.45500106811522,131.9656004333496,0.3813942136886481,48.841525882594254,0.6449450677304753,1.4069080529049571,-0.7619629851744818,0.4847609529416823
2023-08-28,133.13999938964844,133.13999938964844,133.9499969482422,131.85000610351562,133.77999877929688,34108400,-0.0009004586682715976,-0.011434462205830997,135.4280014038086,132.08620040893555,0.3794046710212607,48.60667198977351,0.48238156089144013,1.2220027545022538,-0.7396211936108137,0.47786071594346086
2023-08-29,134.91000366210938,134.91000366210938,135.13999938964844,133.25,133.3800048828125,38646100,0.013294308852149106,0.004916228395600575,135.58900146484376,132.27460052490235,0.37786333942212014,52.253735788120046,0.49071668626066867,1.0757455408539367,-0.585028854593268,0.5796435988982785
2023-08-30,135.07000732421875,135.07000732421875,135.67999267578125,133.9199981689453,134.92999267578125,36137000,0.0011860029483812262,-0.003320520469712207,135.93200149536133,132.4604006958008,0.3632564257842558,52.58132255309956,0.5044186670884585,0.9614801661008412,-0.4570614990123827,0.5888444998600473
2023-08-31,138.00999450683594,138.00999450683594,138.7899932861328,135.0,135.05999755859375,58781300,0.021766395374215985,0.046799137896911924,136.38700103759766,132.7240005493164,0.36937010370613155,58.249561951941715,0.7439343684348216,0.9179710065676373,-0.17403663813281567,0.7210069180237194
2023-09-01,138.1199951171875,138.1199951171875,139.9600067138672,136.8800048828125,139.4600067138672,40991500,0.0007970481467276525,0.036470064615695685,136.3145004272461,132.88340057373046,0.2219518985749407,58.44968972373042,0.9318862131252956,0.920754047879169,0.01113216524612659,0.7282965523134148
2023-09-05,137.27000427246094,137.27000427246094,137.8000030517578,135.82000732421875,137.72999572753906,40636700,-0.006154002858205887,0.03102001578598168,136.06700057983397,133.0422006225586,0.21042425568043624,56.20763865595737,1.0007166085242432,0.9367465600081839,0.06397004851605925,0.6719684793341547
2023-09-06,135.36000061035156,135.36000061035156,137.4499969482422,134.61000061035156,136.32000732421875,41785500,-0.013914209970579572,0.0033355343267889026,135.83800048828124,133.20280059814453,0.208636416397006,51.43330911191127,0.8908744141127158,0.9275721308290903,-0.03669771671637445,0.5453943799336359
2023-09-07,137.85000610351562,137.85000610351562,138.02999877929688,133.16000366210938,133.89999389648438,48498900,0.018395430569861038,0.020581910332053477,135.83800048828124,133.3762008666992,0.21382054840434406,56.607926506454696,0.9932962166454047,0.9407169479923532,0.052579268653051514,0.7104046409357103
2023-09-08,138.22999572753906,138.22999572753906,138.85000610351562,136.75,136.86000061035156,38348200,0.0027565441218631026,0.001594096293455305,135.8215003967285,133.56000091552735,0.21323662687800382,57.354663035751294,1.0925341662253345,0.9710803916389495,0.12145377458638495,0.7355861866031103
2023-09-11,143.10000610351562,143.10000610351562,143.6199951171875,138.63999938964844,138.75,56764500,0.035231212663680456,0.036055684639308305,136.05600051879884,133.86400100708008,0.24713279495279142,65.53967310982229,1.5463250209174646,1.0861293174946527,0.4601957034228119,1.0
2023-09-12,141.22999572753906,141.22999572753906,143.0,140.61000061035156,142.32000732421875,42668500,-0.013067856717097759,0.028848192116451843,136.08899993896483,134.08140090942382,0.24681955068742978,60.72040445899996,1.7350626118841888,1.21591597637256,0.5191466355116288,0.8829048628883429
2023-09-13,144.85000610351562,144.85000610351562,144.97999572753906,140.8699951171875,140.9499969482422,60465200,0.025632022130484877,0.07010937832722153,136.44800033569337,134.37400100708007,0.24928217925671287,65.94140852710079,2.1519369070284995,1.403120162503748,0.7488167445247516,1.0
2023-09-14,144.72000122070312,144.72000122070312,145.86000061035156,142.9499969482422,145.0800018310547,64033600,-0.0008975138235036706,0.04983674147992878,136.93050003051758,134.6608009338379,0.2365101105883476,65.60415777958275,2.4436535646291304,1.6112268429288243,0.8324267217003061,0.9926633849953307
2023-09-15,140.38999938964844,140.38999938964844,143.57000732421875,140.08999633789062,142.69000244140625,102909300,-0.029919857618376344,0.01562615733828787,137.25100021362306,134.90140090942384,0.2620952334419967,55.43486413384855,2.2989453461451603,1.7487705435720917,0.5501748025730686,0.7483067445622292
2023-09-18,139.97999572753906,139.97999572753906,141.75,139.22000122070312,140.47999572753906,42823500,-0.0029204620264398073,-0.021803006589109497,137.58899993896483,135.10540084838868,0.2611417786987847,54.57225185152104,2.1266643090889374,1.8243492966754609,0.3023150124134766,0.725168851936001
2023-09-19,137.6300048828125,137.6300048828125,138.83999633789062,135.55999755859375,138.6999969482422,61482500,-0.016788047695762587,-0.025490270860530684,137.73650054931642,135.31540100097655,0.2678580089321245,49.78994524283967,1.7799871407722208,1.815476865494813,-0.035489724722592264,0.5676649135823225
2023-09-20,135.2899932861328,135.2899932861328,139.3699951171875,135.1999969482422,138.5500030517578,46263700,-0.01700219075536713,-0.06599939533693111,137.78850021362305,135.4456008911133,0.2752577438712731,45.51296545287768,1.3014216292132232,1.712665818238495,-0.4112441890252718,0.42754456111368977
2023-09-21,129.3300018310547,129.3300018310547,132.24000549316406,129.30999755859375,131.94000244140625,70343300,-0.04405345369833069,-0.10634327846762626,137.47900009155273,135.41620086669923,0.314914178369321,36.834181392643686,0.4362052105871044,1.457373696708217,-1.0211684861211126,0.07065910610972431
2023-09-22,129.1199951171875,129.1199951171875,132.02999877929688,128.52000427246094,131.11000061035156,59904300,-0.0016238050792075631,-0.08027640374284328,137.34300003051757,135.3126007080078,0.300745438678934,36.56956559010064,-0.26339457275423683,1.1132200428157264,-1.3766146155699632,0.05808386297434698
2023-09-25,131.27000427246094,131.27000427246094,131.77999877929688,128.77000427246094,129.36000061035156,46017800,0.01665124873434287,-0.062223115594541745,137.24350051879884,135.2444009399414,0.3044658975802294,41.22489066691578,-0.6370017117291695,0.7631756919067472,-1.4001774036359167,0.18682683205841827
2023-09-26,125.9800033569336,125.9800033569336,130.38999938964844,125.27999877929688,130.1199951171875,73048200,-0.040298626825268746,-0.08464725069070878,136.8855007171631,135.0928010559082,0.3355530948318574,34.5131256794016,-1.3444489539113533,0.34165076274312717,-1.6860997166544804,0.0
2023-09-27,125.9800033569336,125.9800033569336,127.4800033569336,124.12999725341797,125.76000213623047,66553400,0.0,-0.06881506682840144,136.4390007019043,134.9558010864258,0.33050952142081425,34.5131256794016,-1.8833953806476984,-0.10335846593503795,-1.7800369147126605,0.0
2023-09-28,125.9800033569336,125.9800033569336,126.58000183105469,123.04000091552734,124.04000091552734,54555000,0.0,-0.025902717286722332,135.98450050354003,134.76820114135742,0.33032700386230074,34.5131256794016,-2.2841836593653966,-0.5395235046211097,-1.7446601547442868,0.0
2023-09-29,127.12000274658203,127.12000274658203,129.14999389648438,126.31999969482422,128.1999969482422,62411700,0.009049050319664742,-0.015489408660450343,135.44000091552735,134.71140106201173,0.32048039261567696,37.26233920722582,-2.4812208647777823,-0.9278629766524442,-1.553357888125338,0.06041331339259759
2023-10-02,129.4600067138672,129.4600067138672,130.47000122070312,126.54000091552734,127.27999877929688,48029700,0.01840783446134786,-0.01378835605761819,135.00700149536132,134.70060119628906,0.32986761511809837,42.59002076029113,-2.4206517392658213,-1.2264207291751197,-1.1942310100907017,0.18441986488655573
2023-10-03,124.72000122070312,124.72000122070312,128.52000427246094,124.25,128.05999755859375,51565000,-0.03661366636292884,-0.010001604243973228,134.37950134277344,134.61900115966796,0.350756778099483,35.9333823112181,-2.723731617715231,-1.525882906883142,-1.1978487108320888,0.0
2023-10-04,127.0,127.0,127.36000061035156,125.68000030517578,126.05999755859375,44203900,0.018280939360016735,0.008096496395356478,133.96150131225585,134.5764010620117,0.3578999095613617,40.73191507839436,-2.7482674418816657,-1.770359813882847,-0.9779076279988188,0.11326369728025226
2023-10-05,125.95999908447266,125.95999908447266,126.7300033569336,124.33000183105469,126.70999908447266,39660600,-0.008188983586829512,-0.0001587892675654068,133.36700096130372,134.5326011657715,0.34921678190399663,39.28646399082155,-2.8191344148532096,-1.9801147340769196,-0.83901968077629,0.06159948151966284
2023-10-06,127.95999908447266,127.95999908447266,128.4499969482422,124.12999725341797,124.16000366210938,46836700,0.015878056641289273,0.006607900564360225,132.8535011291504,134.52680114746093,0.3557623541548485,43.44303874265305,-2.6829859245619048,-2.120688972173917,-0.5622969523879879,0.16095365513477455
2023-10-09,128.25999450683594,128.25999450683594,128.7899932861328,124.76000213623047,126.22000122070312,38773700,0.0023444468936362206,-0.009269366173319638,132.11150054931642,134.4478009033203,0.3260500281987976,44.06166580234789,-2.5218102825262463,-2.200913234244383,-0.3208970482818634,0.1758565537733847
2023-10-10,129.47999572753906,129.47999572753906,130.74000549316406,128.0500030517578,128.82000732421875,42178600,0.009511938819224852,0.038165446281648974,131.5240005493164,134.36380096435548,0.3287157440209602,46.6188448299525,-2.2694724566869127,-2.214625078732889,-0.054847377954023724,0.23646266031957794
2023-10-11,131.8300018310547,131.8300018310547,132.0500030517578,129.61000061035156,129.74000549316406,40741800,0.01814956889912689,0.0380315104807456,130.87300033569335,134.36660095214845,0.3207066264941336,51.24250977650008,-1.8584440725529987,-2.143388877496911,0.2849448049439123,0.35320411752220976
2023-10-12,132.3300018310547,132.3300018310547,134.47999572753906,131.22999572753906,132.1699981689453,55528600,0.0037927633547389927,0.05057163220769878,130.25350036621094,134.4490008544922,0.3218358875939997,52.1913445983231,-1.475348397547208,-2.0097807815069704,0.5344323839597624,0.3780426609259877
2023-10-13,129.7899932861328,129.7899932861328,133.30999755859375,128.9499969482422,132.97999572753906,45786600,-0.019194502454286222,0.014301298958685482,129.72350006103517,134.46660064697267,0.31261711234291434,47.16952996706942,-1.3610108905415927,-1.880026803313895,0.5190159127723022,0.25186243594797003
2023-10-16,132.5500030517578,132.5500030517578,133.07000732421875,130.42999267578125,130.69000244140625,42832900,0.021265196921155027,0.03344775244546905,129.35200042724608,134.32620056152345,0.3249918736947739,52.5160273948427,-1.0357484078458299,-1.711171124220282,0.6754227163744522,0.38897168066462506
2023-10-17,131.47000122070312,131.47000122070312,132.5800018310547,128.7100067138672,130.38999938964844,49344600,-0.008147882355257097,0.015369211915573278,129.04400024414062,134.11120056152345,0.3213885334163644,50.36800790035055,-0.8552637209421903,-1.5399896435646636,0.6847259226224733,0.3353203359510021
2023-10-18,128.1300048828125,128.1300048828125,130.6699981689453,127.51000213623047,129.89999389648438,42699500,-0.025405007278304192,-0.028066425675878248,128.6860008239746,133.87500061035155,0.32787832238234194,44.329307523652645,-0.9705501986591685,-1.4261017545835646,0.4555515559243961,0.16939904793669083
2023-10-19,128.39999389648438,128.39999389648438,132.24000549316406,127.47000122070312,130.57000732421875,60961400,0.002107149015711185,-0.02969854061959243,128.6395004272461,133.68600036621095,0.28893465321639356,44.90433804617549,-1.0282763758521014,-1.3465366788372721,0.3182603029851707,0.18281131560595495
2023-10-20,125.16999816894531,125.16999816894531,128.1699981689453,124.97000122070312,128.0500030517578,56406400,-0.02515573116103942,-0.0355959269294539,128.44200057983397,133.41820037841796,0.3022386379908006,39.63041880784037,-1.3194486652986654,-1.3411190761295508,0.02167041083088539,0.022354537460962373
2023-10-23,126.55999755859375,126.55999755859375,127.87999725341797,123.9800033569336,124.62999725341797,48260000,0.011104892625885654,-0.04519053455491129,128.2065002441406,133.18120025634767,0.29846810278934727,42.74674359835424,-1.4216555086788674,-1.357226362639414,-0.06442914603945327,0.09140565780297748
2023-10-24,128.55999755859375,128.55999755859375,128.8000030517578,126.33999633789062,127.73999786376953,46477400,0.015802781594350668,-0.022134354872517692,128.33549995422362,132.94100006103517,0.26689499534090116,46.987134561133885,-1.3259867334505202,-1.3509784368016353,0.024991703351115113,0.1907598314180892
2023-10-25,121.38999938964844,121.38999938964844,126.33999633789062,120.79000091552734,126.04000091552734,74577500,-0.055771610960691276,-0.052602866122798186,128.1059997558594,132.6154000854492,0.3348513039228444,36.539049768355454,-1.8078872707976927,-1.4423602036008467,-0.365527067196846,0.0
2023-10-26,119.56999969482422,119.56999969482422,121.63999938964844,118.3499984741211,120.62999725341797,100419500,-0.01499299533713827,-0.0687694285155408,127.7854995727539,132.30539993286132,0.33809147973833703,34.44530056130668,-2.3100271287531484,-1.615893588631307,-0.6941335401218414,0.0
2023-10-27,127.73999786376953,127.73999786376953,130.02000427246094,125.5199966430664,126.19999694824219,125309300,0.06832816082460003,0.020532074238392317,127.81649932861328,132.18059997558595,0.42019984997058707,48.665663773891936,-2.0253787062239894,-1.6977906121498436,-0.3275880940741458,0.32318022538698493
2023-10-30,132.7100067138672,132.7100067138672,133.0,128.55999755859375,129.72000122070312,72485500,0.03890722509168976,0.04859362574202142,127.97899932861328,132.17040008544922,0.4376753105329192,55.05309886067051,-1.3828143790925367,-1.6347953655383822,0.25198098644584555,0.5197786268964458
2023-10-31,133.08999633789062,133.08999633789062,133.57000732421875,131.7100067138672,132.75,51589400,0.002863308000901066,0.035236456637549596,128.39749908447266,132.13860015869142,0.413738122366881,55.50891614966214,-0.8333096584367752,-1.4744982241180609,0.6411885656812857,0.5348098582134123
2023-11-01,137.0,137.0,137.35000610351562,133.7100067138672,133.9600067138672,61529400,0.02937864429857373,0.12859379428980144,128.89749908447266,132.1936001586914,0.4207855618048141,60.00362700210848,-0.08138048649047391,-1.1958746765925437,1.1144941901020697,0.6894776853847335
2023-11-02,138.07000732421875,138.07000732421875,138.80999755859375,136.47000122070312,138.72999572753906,52236700,0.007810272439553012,0.15472114808573778,129.50299949645995,132.24460021972655,0.41839942082286674,61.160011174358395,0.5940219331941989,-0.8378953546351953,1.4319172878293942,0.7318039137456123
2023-11-03,138.60000610351562,138.60000610351562,139.49000549316406,137.4499969482422,138.99000549316406,44059800,0.0038386235328597973,0.08501650556881901,130.0349998474121,132.37980041503906,0.41639843412575034,61.74992238806746,1.1586929972990845,-0.4385776842483393,1.5972706815474238,0.7527690500168854
2023-11-06,139.74000549316406,139.74000549316406,140.72999572753906,138.36000061035156,138.75999450683594,44970400,0.008225103459209127,0.05297263524712248,130.6090003967285,132.50940063476563,0.41655029642614044,63.049905012484174,1.678834745304215,-0.015095198337828464,1.6939299436420434,0.7978639511501581
2023-11-07,142.7100067138672,142.7100067138672,143.3699951171875,140.5,140.5500030517578,53553500,0.02125376487729147,0.07228199444497063,131.27050094604493,132.70080078125,0.42044585636412685,66.26654693951974,2.3041443632525898,0.4487527139802552,1.8553916492723346,0.915348146869429
2023-11-08,142.0800018310547,142.0800018310547,143.1199951171875,141.22000122070312,142.97000122070312,44521700,-0.004414580990635519,0.037080305336165686,131.78300094604492,132.8442007446289,0.4188601071649423,64.97443061720114,2.7175444508994815,0.9025110613641005,1.815033389535381,0.8904270739619514
2023-11-09,140.60000610351562,140.60000610351562,142.64999389648438,139.83999633789062,142.02000427246094,36235400,-0.010416636461610618,0.018324028717952245,132.19650115966797,132.95480072021485,0.4220142187636606,61.91993843831404,2.8924019036863626,1.300489229828553,1.5919126738578095,0.8318829540114822
2023-11-10,143.55999755859375,143.55999755859375,143.64999389648438,139.91000366210938,140.4600067138672,49287800,0.021052569890351647,0.03578637255884165,132.885001373291,133.06580078125,0.41763207041709055,65.42117493315499,3.2325613129280555,1.6869036464484535,1.545657666479602,0.9489711939124207
2023-11-13,142.58999633789062,142.58999633789062,143.22999572753906,140.6699981689453,142.0800018310547,35680600,-0.006756765374750118,0.020394953003390226,133.38700103759766,133.15520080566407,0.41533589928303954,63.365093131359245,3.3848506522729735,2.0264930476133576,1.358357604659616,0.9106009021877465
2023-11-14,145.8000030517578,145.8000030517578,147.25999450683594,144.67999267578125,145.0,56674600,0.02251214528584833,0.0216522751910877,134.1035011291504,133.32580078125,0.4177132304625238,67.05511078881644,3.721660776771671,2.3655265934450203,1.3561341833266507,1.0
2023-11-15,143.1999969482422,143.1999969482422,147.2899932861328,142.58999633789062,147.05999755859375,63875700,-0.017832688951265996,0.0078828484146507,134.85700073242188,133.48260070800782,0.4110916515132015,61.639521492048424,3.7357233700241466,2.6395659487608456,1.096157421263301,0.9008766385526084
2023-11-16,142.8300018310547,142.8300018310547,143.32000732421875,139.52000427246094,140.91000366210938,49653500,-0.0025837648398919777,0.01586056636368305,135.5785011291504,133.5822006225586,0.4120007117718758,60.885928109748,3.6746534451896196,2.8465834480466006,0.828069997143019,0.8867708409988426
2023-11-17,145.17999267578125,145.17999267578125,145.22999572753906,142.5399932861328,142.66000366210938,49636700,0.016453061783939793,0.011284446536203863,136.5790008544922,133.72120056152343,0.39692478617586757,63.90439876743263,3.7723939025744926,3.0317455389521792,0.7406483636223133,0.9763625506432628
2023-11-20,146.1300048828125,146.1300048828125,146.6300048828125,144.72999572753906,145.1300048828125,41951200,0.0065436854591447435,0.02482648597965631,137.55750122070313,133.78180053710938,0.39674181273358256,65.07768677295633,3.8817653896611546,3.2017495090939745,0.6800158805671801,1.0
2023-11-21,143.89999389648438,143.89999389648438,144.0500030517578,141.5,143.91000366210938,71226000,-0.015260459261028925,-0.013031612589191388,138.32450103759766,133.83520050048827,0.40339674745249393,60.13629257172481,3.745326044285065,3.3104648161321926,0.4348612281528723,0.9160387593848572
2023-11-22,146.7100067138672,146.7100067138672,147.74000549316406,144.57000732421875,144.57000732421875,45669100,0.019527539517508297,0.024511241902425818,139.5905014038086,133.87240051269532,0.3329766739064799,63.86012416115985,3.8199079096160347,3.412353434828961,0.40755447478707385,1.0
2023-11-24,146.74000549316406,146.74000549316406,147.1999969482422,145.32000732421875,146.6999969482422,22378400,0.0002044767086364363,0.027375226576936473,140.9490016937256,133.91280059814454,0.32221149679714917,63.898895678479484,3.8372023459347133,3.4973232170501114,0.3398791288846019,1.0
2023-11-27,147.72999572753906,147.72999572753906,149.25999450683594,146.8800048828125,147.52999877929688,53762400,0.006746559883569869,0.017564424716927318,141.94850158691406,134.05960052490235,0.2389749352853725,65.22478706784855,3.885996896266306,3.5750579528933506,0.31093894337295547,1.0
2023-11-28,147.02999877929688,147.02999877929688,147.60000610351562,145.52999877929688,146.97999572753906,42711700,-0.00473835354015173,0.006158857636432202,142.66450119018555,134.2006005859375,0.2112736224123872,63.450307059944606,3.8241011675065977,3.624866595816,0.19923457169059766,0.9751421503245609
2023-11-29,146.32000732421875,146.32000732421875,148.5399932861328,145.97000122070312,147.85000610351562,40610900,-0.0048288883967405605,0.01681732821667259,143.32600173950195,134.37440063476564,0.21415653891994377,61.619190099556825,3.6753903674464254,3.6349713501420853,0.040419017304340166,0.9499293820325024
2023-11-30,146.08999633789062,146.08999633789062,146.92999267578125,144.3300018310547,144.75999450683594,65814000,-0.001571972217158657,-0.004226094660235269,143.78050155639647,134.59040069580078,0.19437898012632152,61.00496482950976,3.4986458115959067,3.6077062424328497,-0.10906043083694295,0.9417613771059069
2023-12-01,147.02999877929688,147.02999877929688,147.25,145.5500030517578,146.0,39951800,0.006434406632690459,0.0019762387575099627,144.2285011291504,134.94440063476563,0.1940154600539762,62.64381516487759,3.3952860744280997,3.5652222088318997,-0.16993613440379995,0.9751421503245609
2023-12-04,144.83999633789062,144.83999633789062,145.35000610351562,142.80999755859375,145.25,48294200,-0.014894936132684111,-0.019562712199481247,144.54050064086914,135.25880065917968,0.20434335101120657,56.66836086111633,3.1009124551169123,3.4723602580889024,-0.3714478029719901,0.8973721663067359
2023-12-05,146.8800048828125,146.8800048828125,148.57000732421875,143.1300048828125,143.5500030517578,46822400,0.014084566393959497,-0.0010201584556192023,144.89750061035156,135.5710006713867,0.20763532993150283,60.45263311806333,2.997675543797186,3.3774233152305593,-0.37974777143337324,0.9698156617728537
2023-12-06,144.52000427246094,144.52000427246094,147.85000610351562,144.27999877929688,147.5800018310547,39679000,-0.016067541747663228,-0.012301824505580594,144.98800048828124,135.94180068969726,0.20535695793028247,54.52061074344025,2.694368222207544,3.2408122966259563,-0.5464440744184125,0.8860088101095994
2023-12-07,146.8800048828125,146.8800048828125,147.9199981689453,145.33999633789062,146.14999389648438,52352800,0.016329923474831087,0.005407684062738172,145.22800064086914,136.35980072021485,0.21159861216284295,58.86730784000533,2.614291386776955,3.1155081146561563,-0.5012167278792012,0.9698156617728537
2023-12-08,147.4199981689453,147.4199981689453,147.83999633789062,145.39999389648438,145.47999572753906,41906000,0.0036764247561378305,0.002652515764717256,145.56900024414062,136.78860061645508,0.2067107978235872,59.81372676101303,2.564837018461276,3.0053738954171805,-0.4405368769559046,0.9889915624194829
2023-12-11,145.88999938964844,145.88999938964844,146.19000244140625,143.63999938964844,145.66000366210938,50907300,-0.010378502226973785,0.007249399877836904,145.68550033569335,137.1640005493164,0.19916926532701085,55.88983926424869,2.3748106219343015,2.879261240720605,-0.5044506187863034,0.9346592117501362
2023-12-12,147.47999572753906,147.47999572753906,147.5,145.3000030517578,145.52000427246094,44944300,0.010898597193382598,0.00408490485280999,145.93000030517578,137.52440032958984,0.20004862195614975,58.90683696306652,2.3257034878268428,2.7685496901418523,-0.4428462023150095,0.9911221578401658
2023-12-13,148.83999633789062,148.83999633789062,149.4600067138672,146.82000732421875,148.1199951171875,52766200,0.009221593773735215,0.0298920006761505,146.0819999694824,138.0068002319336,0.18689542706744097,61.342397440120045,2.3692155711857765,2.688682866350637,-0.3194672951648605,1.0
2023-12-14,147.4199981689453,147.4199981689453,150.5399932861328,145.52000427246094,149.92999267578125,58400800,-0.00954043404920335,0.0036764247561378305,146.2930000305176,138.4152001953125,0.17785444565573205,57.509705984662524,2.2630304199279294,2.6035523770660958,-0.34052195713816635,0.9514862203005517
2023-12-15,149.97000122070312,149.97000122070312,150.57000732421875,147.8800048828125,148.3800048828125,110089300,0.01729753821347546,0.01729753821347546,146.65,138.8954002380371,0.1856128268882982,62.09038712493796,2.357466451761553,2.5543351920051873,-0.1968687402436342,1.0
2023-12-18,154.07000732421875,154.07000732421875,154.85000610351562,150.0500030517578,150.55999755859375,62512800,0.027338841569267247,0.05606969613265167,147.09450073242186,139.41760040283202,0.19993079527098562,68.05372061618444,2.7316550951964302,2.589799172643436,0.14185592255299406,1.0
2023-12-19,153.7899932861328,153.7899932861328,155.1199951171875,152.69000244140625,154.39999389648438,43171300,-0.0018174467759756174,0.042785447120917475,147.47750015258788,139.92820037841796,0.20019630760260382,67.27536901854276,2.9713555610009905,2.666110450314947,0.30524511068604365,0.991883652864837
2023-12-20,152.1199951171875,152.1199951171875,155.6300048828125,151.55999755859375,152.89999389648438,50322100,-0.01085895208954335,0.022037079145384775,147.88850021362305,140.38100036621094,0.19553385597705025,62.67157948464921,2.9920742422595765,2.731303208703873,0.26077103355570364,0.943477919541971
2023-12-21,153.83999633789062,153.83999633789062,153.97000122070312,152.10000610351562,153.3000030517578,36305700,0.011306871390431628,0.04354903166928481,148.24499969482423,140.82120025634765,0.18827880699474212,65.30501968874069,3.111417189714757,2.80732600490605,0.3040911848087071,0.9933330163633891
2023-12-22,153.4199981689453,153.4199981689453,154.35000610351562,152.7100067138672,153.77000427246094,29514100,-0.0027300973670256745,0.023004580383813034,148.5789993286133,141.24300018310547,0.1890280513514751,64.11555762158154,3.135957625785551,2.87305232908195,0.26290529670360074,0.9811591590861093
2023-12-26,153.41000366210938,153.41000366210938,153.97999572753906,153.02999877929688,153.55999755859375,25067200,-6.514474615582078e-05,-0.004283790684325051,148.8629997253418,141.715400390625,0.18844617239715578,64.08564438242867,3.1186497717254724,2.922171817610655,0.1964779541148176,0.9808694632998561
2023-12-27,153.33999633789062,153.33999633789062,154.77999877929688,153.1199951171875,153.55999755859375,31434700,-0.0004563413242133496,-0.002926048298896422,149.1784996032715,142.13120025634765,0.18703672744214592,63.86089329524504,3.0639646890145116,2.950530391891426,0.1134342971230855,0.9788402659451546
2023-12-28,153.3800048828125,153.3800048828125,154.0800018310547,152.9499969482422,153.72000122070312,27057000,0.0002609139551152939,0.008282998988097034,149.53149948120117,142.56940032958985,0.1853762481228364,63.938728494744666,2.9893948393171854,2.958303281376578,0.031091557940607473,0.9799999336574535
2023-12-29,151.94000244140625,151.94000244140625,153.88999938964844,151.02999877929688,153.10000610351562,39823200,-0.009388462612883952,-0.012350454639320607,149.82399978637696,143.04560028076173,0.18963806732875513,59.01225662889257,2.7820320006179884,2.92304902522486,-0.14101702460687182,0.9382607416875554
2024-01-02,149.92999267578125,149.92999267578125,152.3800048828125,148.38999938964844,151.5399932861328,47339400,-0.013228970207501023,-0.022748048069462845,149.96899948120117,143.47620025634765,0.19631197786592447,52.88679425125589,2.4275215103552057,2.8239435222509295,-0.3964220118957238,0.8799996019447212
2024-01-03,148.47000122070312,148.47000122070312,151.0500030517578,148.3300018310547,149.1999969482422,49425500,-0.00973782115920796,-0.03220130580458602,150.1504997253418,143.9422003173828,0.19155240474499974,48.9150947408829,2.005640508629085,2.6602829195265607,-0.6546424108974755,0.8376810184023167
2024-01-04,144.57000732421875,144.57000732421875,147.3800048828125,144.0500030517578,145.58999633789062,56039800,-0.026267891590348702,-0.057193095233593616,150.0349998474121,144.3024005126953,0.20864402907760088,40.225016805284305,1.341140033954531,2.396454342412155,-1.055314308457624,0.724637742053545
2024-01-05,145.24000549316406,145.24000549316406,146.58999633789062,144.52999877929688,144.69000244140625,45153100,0.00463442024626004,-0.05307079886891175,150.07099990844728,144.6360006713867,0.20124356698265528,42.127188544530995,0.8586835042085283,2.08890017477143,-1.2302166705629016,0.744057974539942
2024-01-08,149.10000610351562,149.10000610351562,149.39999389648438,146.14999389648438,146.74000549316406,46757100,0.026576703830634596,-0.01869156438236752,150.18199996948243,145.19020080566406,0.21487736951727793,51.669434013009685,0.7788252061824608,1.8268851810536362,-1.0480599748711754,0.8559420254600579
2024-01-09,151.3699951171875,151.3699951171875,151.7100067138672,148.2100067138672,148.3300018310547,43812600,0.015224607114340927,0.00960449884447212,150.37949981689454,145.82620071411134,0.2207315140599386,56.23908910974268,0.8884644073247046,1.63920102630785,-0.7507366189831455,0.8974549473259025
2024-01-10,153.72999572753906,153.72999572753906,154.4199981689453,151.8800048828125,152.05999755859375,44421800,0.015590940651907248,0.035427995309415206,150.77149963378906,146.34600067138672,0.22157640406716253,60.428187205028344,1.1525012727795456,1.5418610756021893,-0.3893598028226437,0.9840818545428829
2024-01-11,155.17999267578125,155.17999267578125,157.1699981689453,153.1199951171875,155.0399932861328,49072700,0.009432101662268044,0.07338994821912204,151.15649948120117,146.795400390625,0.22091802511860587,62.78534078383003,1.4619031173942005,1.5258694839605917,-0.06396636656639121,1.0
2024-01-12,154.6199951171875,154.6199951171875,156.1999969482422,154.00999450683594,155.38999938964844,40484200,-0.0036086969005325598,0.06458268568755265,151.44549942016602,147.22600036621094,0.22054214664128985,61.26746724542156,1.6429799355105388,1.5492915742705813,0.0936883612399575,0.9691970415730827
2024-01-16,153.16000366210938,153.16000366210938,154.99000549316406,152.14999389648438,153.52999877929688,41384600,-0.009442449238027617,0.02723002945938857,151.7324996948242,147.54920043945313,0.2204744172198032,57.37312006619616,1.6496592645639794,1.5693651123292611,0.08029415223471825,0.8819409267648842
2024-01-17,151.7100067138672,151.7100067138672,152.14999389648438,149.91000366210938,151.49000549316406,34953400,-0.009467203666572499,0.0022462284973745472,151.81949996948242,147.82200042724608,0.21627842416690546,53.720958756939666,1.5204235491242741,1.559576799688264,-0.03915325056398977,0.7907123780354247
2024-01-18,153.5,153.5,153.77999877929688,151.82000732421875,152.77000427246094,37850200,0.011798781932089941,-0.0014961018274318727,151.79099960327147,148.12000030517578,0.19703701466306037,57.33184912072914,1.544635218837385,1.5565884835180883,-0.011953264680703235,0.8911920938851142
2024-01-19,155.33999633789062,155.33999633789062,155.75999450683594,152.74000549316406,153.8300018310547,51651600,0.011986946826648914,0.0010310843514709234,151.86849975585938,148.43200012207032,0.201494995115426,60.724232089058404,1.6927821298251047,1.5838272127794917,0.108954917045613,1.0
2024-01-22,154.77999877929688,154.77999877929688,157.0500030517578,153.89999389648438,156.88999938964844,43687500,-0.003604979862209201,0.0010348186985007501,152.00149993896486,148.6733999633789,0.19764243584337554,59.1820179524186,1.7448885126219977,1.616039472747993,0.12884903987400476,0.9620082815734989
2024-01-23,156.02000427246094,156.02000427246094,156.2100067138672,153.92999267578125,154.85000610351562,37986000,0.008011406531487353,0.018673286380046727,152.11050033569336,148.95220001220704,0.19568647299133435,61.512898473744315,1.8647456494517485,1.6657807080887443,0.19896494136300413,1.0
2024-01-24,156.8699951171875,156.8699951171875,158.50999450683594,156.47999572753906,157.8000030517578,48547300,0.005447960655367012,0.03401218228835967,152.28300018310546,149.27759979248046,0.19589618231358102,63.06967726879018,2.005205688433847,1.7336657041577648,0.27153998427608217,1.0
2024-01-25,157.75,157.75,158.50999450683594,154.5500030517578,156.9499969482422,43638600,0.005609771850602074,0.027687296416938123,152.5,149.5613998413086,0.19645082599819394,64.66332701071131,2.1626012003571873,1.8194528033976494,0.3431483969595379,1.0
2024-01-26,159.1199951171875,159.1199951171875,160.72000122070312,157.91000366210938,158.4199981689453,51047400,0.008684596622424712,0.024333712298246324,152.78899993896485,149.89199981689453,0.19793684416901727,67.04739249458052,2.370559104228221,1.929674063563764,0.4408850406644569,1.0
2024-01-29,161.25999450683594,161.25999450683594,161.2899932861328,158.89999389648438,159.33999633789062,45270400,0.01344896590822775,0.041865846870686285,153.18299942016603,150.2011996459961,0.20196058033275924,70.40611287279168,2.6771863693501246,2.0791765247210363,0.5980098446290882,1.0
2024-01-30,159.0,159.0,161.72999572753906,158.49000549316406,160.6999969482422,45207400,-0.014014601164705653,0.019100087462727178,153.5359992980957,150.51719970703124,0.20622088035363237,63.09237551173035,2.706627697668381,2.2046667593105056,0.5019609383578754,0.8773740963117265
2024-01-31,155.1999969482422,155.1999969482422,159.00999450683594,154.80999755859375,157.0,50284400,-0.023899390262627773,-0.010645746292640368,153.79949951171875,150.764599609375,0.2199370271852196,53.103562266467016,2.3957153587727475,2.242876479202954,0.15283887956979347,0.6509218118932412
2024-02-01,159.27999877929688,159.27999877929688,159.75999450683594,155.6199951171875,155.8699951171875,76542400,0.026288672108771616,0.00969888291154919,154.33999938964843,151.04659973144533,0.23169054109839524,60.36011698007053,2.450291702471162,2.2843595238565957,0.16593217861456644,0.885944950580335
2024-02-02,171.80999755859375,171.80999755859375,172.5,167.3300018310547,169.19000244140625,117218300,0.07866649218561839,0.07975114901216784,155.70199890136718,151.56019958496094,0.330490621980604,73.77897663812948,3.4646714561107217,2.5204219103074212,0.9442495458033004,1.0
2024-02-05,170.30999755859375,170.30999755859375,170.5500030517578,167.6999969482422,170.1999969482422,55081300,-0.008730574595861018,0.05612057149967331,156.95549850463868,152.08839965820312,0.33611857657728295,70.69373565322283,4.1002718732800645,2.8363919029019504,1.263879970378114,0.9450347977636838
2024-02-06,169.14999389648438,169.14999389648438,170.7100067138672,167.64999389648438,169.38999938964844,42505500,-0.00681113075414308,0.06383643960053065,157.9579978942871,152.53719940185547,0.3327853299394267,68.31458107948282,4.458986758435003,3.1609108740085614,1.2980758844264417,0.9025282405085444
2024-02-07,170.52999877929688,170.52999877929688,170.8800048828125,168.94000244140625,169.47999572753906,47174100,0.008158468416245013,0.09877578693617561,158.91599807739257,153.01299926757812,0.3312787453077741,69.6242880513724,4.799302379809973,3.488589175168844,1.3107132046411287,0.9530964054891397
2024-02-08,169.83999633789062,169.83999633789062,171.42999267578125,168.8800048828125,169.64999389648438,42316500,-0.004046223223746481,0.06629832772177502,159.72149810791015,153.45519927978515,0.3312111380353038,68.10839002325142,4.956195593483784,3.7821104588318324,1.1740851346519516,0.927812322998842
2024-02-09,174.4499969482422,174.4499969482422,175.0,170.5800018310547,170.89999389648438,56986000,0.02714319777292107,0.015365807736235526,160.68499832153321,154.00359924316408,0.34006418023165297,72.42772478405374,5.390386101963003,4.103765587458067,1.2866205145049356,1.0
2024-02-12,172.33999633789062,172.33999633789062,175.38999938964844,171.5399932861328,174.8000030517578,51050400,-0.012095159915523457,0.011919434022647168,161.57099838256835,154.5239990234375,0.3445756690627711,67.89514534871518,5.500815812316546,4.383175632429763,1.1176401798867825,0.9295021340897643
2024-02-13,168.63999938964844,168.63999938964844,170.9499969482422,165.75,167.72999572753906,56345100,-0.021469171561243172,-0.003015043010572316,162.34499816894532,154.97499908447264,0.3540789105459029,60.719333462186334,5.229491004758643,4.552438706895539,0.6770522978631037,0.8058804216382224
2024-02-14,170.97999572753906,170.97999572753906,171.2100067138672,168.27999877929688,169.2100067138672,42815500,0.013875689909627953,0.0026388140002544525,163.3084976196289,155.4539990234375,0.35106284849776964,63.35701105273276,5.143985624027806,4.670748090321992,0.4732375337058139,0.8840627440744087
2024-02-15,169.8000030517578,169.8000030517578,171.1699981689453,167.58999633789062,170.5800018310547,49855200,-0.006901349311422389,-0.00023547625409303663,164.1234977722168,155.95319915771483,0.3533909767386832,61.12790272707483,4.924242840213083,4.721447040300211,0.202795799912872,0.8446376533781428
2024-02-16,169.50999450683594,169.50999450683594,170.4199981689453,167.1699981689453,168.74000549316406,48107700,-0.0017079419299743659,-0.02831758399440909,164.83199768066407,156.4057989501953,0.35329104646594317,60.56391892792502,4.672828378196812,4.711723307879531,-0.03889492968271924,0.8349480905351641
2024-02-20,167.0800018310547,167.0800018310547,168.7100067138672,165.74000549316406,167.8300018310547,41980300,-0.01433539469369316,-0.030521031789528252,165.44699783325194,156.85699890136718,0.3586106256295119,55.90924152254204,4.2287540605639435,4.615129458416414,-0.3863753978524702,0.7533467979767288
2024-02-21,168.58999633789062,168.58999633789062,170.22999572753906,167.13999938964844,168.94000244140625,44420100,0.00903755380828164,-0.0002965076609273698,166.07549743652345,157.29119873046875,0.3587788122320032,58.06597865691678,3.953097059424664,4.482722978618064,-0.5296259191933999,0.803882106918801
2024-02-22,174.5800018310547,174.5800018310547,174.8000030517578,171.77000427246094,173.10000610351562,55392400,0.035530017339574504,0.02105513038643614,166.96099777221679,157.83439880371094,0.37574725696610234,65.31428905822682,4.169912131383597,4.42016080917117,-0.25024867778757276,1.0
2024-02-23,174.99000549316406,174.99000549316406,175.75,173.6999969482422,174.27999877929688,59715200,0.0023485144793740087,0.030565384853522337,167.822998046875,158.41639892578124,0.3759269045294902,65.75067176081964,4.324967968427018,4.40112224102234,-0.07615427259532215,1.0
2024-02-26,174.72999572753906,174.72999572753906,176.3699951171875,174.25999450683594,175.6999969482422,44368600,-0.0014858549486425066,0.030794651583170296,168.60349807739257,158.96139892578125,0.37650235432175894,65.19054266742154,4.37642155781657,4.396182104381186,-0.019760546564615566,0.9914526699120437
2024-02-27,173.5399932861328,173.5399932861328,174.6199951171875,172.86000061035156,174.0800018310547,31141700,-0.006810521779339163,0.038664061433338004,169.2174980163574,159.4553988647461,0.3773039204143207,62.56358868815049,4.271931479444731,4.371331979393895,-0.099400499949164,0.9523335866432919
2024-02-28,173.16000366210938,173.16000366210938,174.0500030517578,172.27000427246094,172.44000244140625,28180500,-0.0021896371944472026,0.027107227139737677,169.92549819946288,159.9701989746094,0.3721413112237704,61.708480063545736,4.111070491004028,4.319279681715922,-0.20820919071189348,0.9398421452594672
2024-02-29,176.75999450683594,176.75999450683594,177.22000122070312,172.85000610351562,173.00999450683594,53805400,0.02078996747858297,0.012487069841429443,171.00349807739258,160.50599884033204,0.3604908495492325,66.39469134207977,4.225368752733743,4.300497495919486,-0.07512874318574259,1.0
2024-03-01,178.22000122070312,178.22000122070312,178.72999572753906,176.07000732421875,176.75,31981200,0.00825982552183624,0.018458172616408364,171.95049819946288,160.9889987182617,0.3531445985690944,68.09979532536298,4.38323409448023,4.317044815631635,0.06618927884859449,1.0
2024-03-04,177.5800018310547,177.5800018310547,180.13999938964844,177.49000549316406,177.52999877929688,37381500,-0.003591063770984282,0.016310914972834434,172.23899841308594,161.46479888916016,0.2260673488608603,66.50678595305627,4.405912298731522,4.334818312251613,0.07109398647990872,0.9809806981951548
2024-03-05,174.1199951171875,174.1199951171875,176.92999267578125,173.3000030517578,176.92999267578125,37228300,-0.01948421375262155,0.0033421796329009545,172.42949829101562,161.90479888916016,0.23569622592284212,58.53476440223803,4.097458364218426,4.287346322644976,-0.18988795842655026,0.8781573002322601
2024-03-06,173.50999450683594,173.50999450683594,176.4600067138672,173.25999450683594,175.5399932861328,32090900,-0.0035033346396604603,0.0020211991067493607,172.6474983215332,162.29819885253906,0.23449243579372767,57.23225351627867,3.7604364766462766,4.181964353445236,-0.42152787679895987,0.8600294927732729
2024-03-07,176.82000732421875,176.82000732421875,177.99000549316406,173.72000122070312,174.8300018310547,34063300,0.019076784751165476,0.0003395158364325468,172.9619987487793,162.76619903564452,0.2417706597020137,62.15352187498978,3.7175806188052434,4.089087606517238,-0.371506987711995,0.9583954190068771
2024-03-08,175.35000610351562,175.35000610351562,178.7899932861328,174.3300018310547,176.44000244140625,37893200,-0.008313545751684748,-0.016103664558016484,173.23749923706055,163.20499908447266,0.2436351555178588,58.91137600306572,3.524373446266196,3.97614477446703,-0.451771328200834,0.9147103822361362
2024-03-11,171.9600067138672,171.9600067138672,174.47000122070312,171.47000122070312,174.30999755859375,28484800,-0.019332758891648982,-0.03164768025249953,173.1129997253418,163.57739929199218,0.2349845368923333,52.154785755130554,3.062409203692283,3.793397660312081,-0.7309884566197979,0.8139674400508596
2024-03-12,175.38999938964844,175.38999938964844,176.75999450683594,171.97999572753906,173.5,36610600,0.019946455814511488,0.00729384509576958,173.2654998779297,164.01759918212892,0.24165319137965513,57.46979633927108,2.9391898059694483,3.6225560894435547,-0.6833662834741063,0.9158988902119725
2024-03-13,176.55999755859375,176.55999755859375,177.6199951171875,175.5500030517578,175.89999389648438,30772600,0.0066708374081581034,0.017578255710437807,173.66149978637696,164.50999908447267,0.2271811502334778,59.13730946622558,2.902488538541519,3.4785425792631477,-0.5760540407216288,0.9506685300682088
2024-03-14,178.75,178.75,179.52999877929688,176.47000122070312,177.69000244140625,43705800,0.012403729449981915,0.010915012984036299,174.05,165.08639923095703,0.22625265658031563,62.130315461201086,3.015358241283792,3.385905711667277,-0.3705474703834848,1.0
2024-03-15,174.4199981689453,174.4199981689453,177.92999267578125,173.89999389648438,176.63999938964844,72147400,-0.024223786467438835,-0.005303723422862561,174.28099975585937,165.60539916992187,0.2433279805108802,53.74788145236162,2.724012611709611,3.253527091675744,-0.5295144799661329,0.873317648949563
2024-03-18,174.47999572753906,174.47999572753906,176.69000244140625,174.27999877929688,175.8000030517578,31250700,0.00034398325434925603,0.014654506369408349,174.52949981689454,166.2035989379883,0.24308318992705188,53.840811237683475,2.469493617581037,3.096720396856803,-0.627226779275766,0.8725752022552594
2024-03-19,175.89999389648438,175.89999389648438,176.08999633789062,173.52000427246094,174.22000122070312,26880900,0.00813845829732096,0.002907774152521192,174.97049942016602,166.8167987060547,0.23659927238578327,56.08950603777497,2.355217979047694,2.9484199132949813,-0.5932019342472872,0.903878357834888
2024-03-20,178.14999389648438,178.14999389648438,178.52999877929688,174.63999938964844,176.13999938964844,29947200,0.012791359170393646,0.009005416628208529,175.4484992980957,167.39779846191405,0.23830601590998615,59.45958413026117,2.418332872173437,2.8424025050706723,-0.4240696328972353,0.9780859752916892
2024-03-21,178.14999389648438,178.14999389648438,181.4199981689453,178.14999389648438,179.99000549316406,32824300,0.0,-0.003356677502185268,175.6269989013672,167.9333984375,0.20472592592716024,59.45958413026117,2.440222513543489,2.7619665067652357,-0.32174399322174674,0.9778104196563048
2024-03-22,178.8699951171875,178.8699951171875,179.25999450683594,176.75,177.75,27995400,0.0040415450203241665,0.025513111999530436,175.82099838256835,168.43619842529296,0.2049518515697377,60.58233303282219,2.486999708706662,2.7069731471535214,-0.21997343844685924,1.0
2024-03-25,179.7100067138672,179.7100067138672,180.99000549316406,177.24000549316406,178.00999450683594,29815500,0.004696213001679439,0.029974845910101244,176.06999893188475,168.92679870605468,0.20506152597381788,61.9077950425468,2.5623161034134228,2.6780417384055015,-0.11572563499207877,1.0
2024-03-26,178.3000030517578,178.3000030517578,180.4499969482422,177.9499969482422,180.14999389648438,29659000,-0.007845994154095037,0.013644168496593778,176.30799942016603,169.40039886474608,0.205649236924731,58.36036368579793,2.4796455666375152,2.6383625040519045,-0.1587169374143893,0.9496427263532367
2024-03-27,179.8300018310547,179.8300018310547,180.0,177.30999755859375,179.8800048828125,33272600,0.008581036192426339,0.009430300264542835,176.6414993286133,169.933798828125,0.20668352612302884,60.97362254942565,2.5086683186043786,2.6124236669623997,-0.10375534835802114,1.0
2024-03-28,180.3800048828125,180.3800048828125,181.6999969482422,179.25999450683594,180.1699981689453,38051600,0.0030584610251771505,0.012517603495534768,176.8224998474121,170.5071987915039,0.19449593553296313,61.89931555067105,2.546693016512336,2.599277536872387,-0.05258452036005101,1.0
2024-04-01,180.97000122070312,180.97000122070312,183.0,179.9499969482422,180.7899932861328,29174500,0.003270852211551434,0.01174040454431613,176.95999984741212,171.05659881591797,0.19285451477598972,62.915494358921414,2.5945275387903166,2.598327537255973,-0.0037999984656562624,1.0
2024-04-02,180.69000244140625,180.69000244140625,180.7899932861328,178.3800048828125,179.07000732421875,32611500,-0.0015472110151306673,0.005453206226292195,177.1154998779297,171.56359893798827,0.19236805218522537,62.06942381464422,2.580101378251811,2.5946823054551404,-0.014580927203329264,0.9893089441315134
2024-04-03,182.41000366210938,182.41000366210938,182.8699951171875,179.8000030517578,179.89999389648438,31046600,0.009519072430478781,0.023051040605750917,177.53000030517578,172.11619903564454,0.17858412886956757,65.1681473917607,2.6766040406979243,2.6110666525036974,0.06553738819422694,1.0
2024-04-04,180.0,180.0,185.10000610351562,180.0,184.0,41624300,-0.013212014767422509,0.0009453270712025397,177.854500579834,172.5957989501953,0.18600358127869504,58.01631734710592,2.5294579252302185,2.5947449070490016,-0.06528698181878312,0.9114295087299206
2024-04-05,185.07000732421875,185.07000732421875,186.27000427246094,181.97000122070312,182.3800048828125,42374000,0.028166707356770848,0.026000678093191176,178.267000579834,173.15979919433593,0.19944765401840725,66.37626151775152,2.7897918044996572,2.633754286539133,0.15603751796052423,1.0
2024-04-08,185.19000244140625,185.19000244140625,187.2899932861328,184.80999755859375,186.89999389648438,39221300,0.0006483768975988902,0.023318788706624405,178.7590003967285,173.70859924316406,0.19558761503425223,66.54605065920052,2.9715368553895303,2.701310800309213,0.2702260550803173,1.0
2024-04-09,185.6699981689453,185.6699981689453,187.33999633789062,184.1999969482422,187.24000549316406,36520100,0.002591909504893186,0.027560992087284797,179.44449996948242,174.23959930419923,0.1773016763805907,67.25828645785128,3.1183562911281797,2.784719898473006,0.33363639265517353,1.0
2024-04-10,185.9499969482422,185.9499969482422,186.27000427246094,182.6699981689453,182.77000427246094,35879200,0.0015080453603608657,0.019406793569777037,179.9724998474121,174.73339935302735,0.16694962089442725,67.69041331170317,3.220185024700612,2.8718129237185277,0.3483721009820844,1.0
2024-04-11,189.0500030517578,189.0500030517578,189.77000427246094,185.50999450683594,186.74000549316406,40020700,0.016671181255133227,0.0502777947319879,180.5970001220703,175.3343994140625,0.173526131920024,72.08343130722834,3.510562040461423,2.999562747067107,0.5109992933943159,1.0
2024-04-12,186.1300048828125,186.1300048828125,188.3800048828125,185.0800018310547,187.72000122070312,38608800,-0.015445639364236818,0.005727549125433162,180.96600036621095,175.9529995727539,0.18245948559000355,63.346500058943825,3.465124668501062,3.0926751313538983,0.37244953714716367,0.9019147547907311
2024-04-15,183.6199951171875,183.6199951171875,188.69000244140625,183.0,187.42999267578125,48052400,-0.013485250630092094,-0.008477819015718757,181.42600021362304,176.4397994995117,0.16507435070583967,56.955925644090065,3.1898082884423786,3.112101762771595,0.07770652567078384,0.7528444409255007
2024-04-16,183.32000732421875,183.32000732421875,184.8300018310547,182.25999450683594,183.27000427246094,32891300,-0.001633742516860992,-0.01265681514462158,181.86800079345704,176.6699996948242,0.16558522795574693,56.225852827818734,2.9138228301146682,3.0724459762402097,-0.1586231461255414,0.7391900132377107
2024-04-17,181.27999877929688,181.27999877929688,184.57000732421875,179.82000732421875,184.30999755859375,31359700,-0.011128128209780819,-0.02511426859687005,182.13700103759766,176.88939971923827,0.17095925670091483,51.40071715628118,2.5016532243642473,2.9582874258650174,-0.45663420150077005,0.6463357377905385
2024-04-18,179.22000122070312,179.22000122070312,182.38999938964844,178.64999389648438,181.47000122070312,30723800,-0.011363622972558218,-0.05199683508263919,182.19050140380858,177.09079986572266,0.17141700829424217,47.01325668509864,1.985889161345881,2.7638077729611905,-0.7779186116153096,0.5525716301830915
2024-04-19,174.6300048828125,174.6300048828125,179.0,173.44000244140625,178.74000549316406,56000700,-0.02561096030926935,-0.061784772461809134,182.014501953125,177.17279998779296,0.19465172662030084,39.020949190643734,1.1930157384502138,2.449649366058995,-1.2566336276087813,0.3436505522195043
2024-04-22,177.22999572753906,177.22999572753906,178.8699951171875,174.55999755859375,176.94000244140625,37924900,0.014888568814227066,-0.03480012830612644,181.93250198364257,177.32059997558594,0.2019928020301551,44.75054527900125,0.7656296683711048,2.112845426521417,-1.3472157581503121,0.46199332419334005
2024-04-23,179.5399932861328,179.5399932861328,179.92999267578125,175.97999572753906,178.0800018310547,37046500,0.01303389727631088,-0.02061975718449882,181.92400131225585,177.42239990234376,0.20688281676079529,49.307853617752414,0.606331217360804,1.8115425846892943,-1.2052113673284903,0.5671365845595232
2024-04-24,176.58999633789062,176.58999633789062,180.32000732421875,176.17999267578125,179.94000244140625,34185100,-0.016430862529557833,-0.02587159351824686,181.8385009765625,177.50739990234376,0.21336219428122546,44.284155716316576,0.23928758930367167,1.4970915856121698,-1.2578039963084982,0.4328627209121102
2024-04-25,173.6699981689453,173.6699981689453,173.9199981689453,166.32000732421875,169.67999267578125,49249400,-0.016535467634067658,-0.030967542762836975,181.53050079345704,177.6079998779297,0.2179244862104145,39.945808308097085,-0.2839434557202196,1.1408845773456922,-1.4248280330659118,0.2999543000334763
2024-04-26,179.6199951171875,179.6199951171875,180.82000732421875,176.1300048828125,177.8000030517578,43919800,0.034260361668536854,0.028574644075189726,181.49250030517578,177.78079986572266,0.25230232190216345,50.57180257776616,-0.21600285460317536,0.8695070909559186,-1.085509945559094,0.5707779967857227
2024-04-29,180.9600067138672,180.9600067138672,183.52999877929688,179.38999938964844,182.75,54063900,0.007460258507441919,0.021046160786813983,181.49200057983398,178.00399993896485,0.253478370286904,52.60569917401077,-0.05341595593469606,0.6849224815777958,-0.7383384375124918,0.631770783414107
2024-04-30,175.0,175.0,182.99000549316406,174.8000030517578,181.08999633789062,94639800,-0.03293549122868411,-0.02528680770805991,181.20750045776367,178.11380004882812,0.2793768073484008,43.94444212388673,-0.4008664602957026,0.46776469320309616,-0.8686311534987987,0.36049147605335646
2024-05-01,179.0,179.0,185.14999389648438,176.55999755859375,181.63999938964844,94645100,0.02285714285714291,0.013647452925351633,181.0370002746582,178.35220001220702,0.2901284866541614,49.90565657076903,-0.3494289185808839,0.3043259708463002,-0.6537548894271841,0.5087976659877527
2024-05-02,184.72000122070312,184.72000122070312,185.10000610351562,179.91000366210938,180.85000610351562,54303500,0.031955314082140474,0.06362643616203889,181.27300033569335,178.67480010986327,0.30820486161424937,56.955152348484084,0.15114963932677483,0.27369070454239514,-0.1225410652156203,0.7466352978991259
2024-05-03,186.2100067138672,186.2100067138672,187.8699951171875,185.4199981689453,186.99000549316406,39172000,0.008066292135759712,0.036688630307445624,181.3300003051758,178.90740020751954,0.29299913327852994,58.58990490487146,0.6604791512239103,0.35104839387869824,0.3094307573452121,0.833821126597084
2024-05-06,188.6999969482422,188.6999969482422,188.75,184.8000030517578,186.27999877929688,34725300,0.013371946429286963,0.042771827736575174,181.50550003051757,179.1816000366211,0.2965619152957961,61.239129793566754,1.2506313612789484,0.5309649873587483,0.7196663739202,0.9795198257158418
2024-05-07,188.75999450683594,188.75999450683594,189.94000244140625,187.30999755859375,188.9199981689453,34048900,0.0003179520909595279,0.0786285400390625,181.6599998474121,179.46220001220703,0.2965205219828084,61.30336991639199,1.7035352472067018,0.765479039328339,0.9380562078783627,0.9830305086561727
2024-05-08,188.0,188.0,188.42999267578125,186.38999938964844,187.44000244140625,26136400,-0.004026247769404412,0.05027932960893855,181.7625,179.75140014648437,0.29704283603756226,59.94802667658931,1.9783346245568794,1.0080501563740472,0.9702844681828322,0.9385603699966965
2024-05-09,189.5,189.5,191.6999969482422,187.44000244140625,188.8800048828125,43368400,0.007978723404255428,0.025876996252212736,181.7849998474121,180.0782000732422,0.2924161163378063,61.745699683359824,2.290746277756483,1.2645893806505344,1.0261568971059487,1.0
2024-05-10,187.47999572753906,187.47999572753906,189.88999938964844,186.92999267578125,189.16000366210938,34141800,-0.01065965315282813,0.006820197453853094,181.85249938964844,180.29260009765625,0.28948123592623737,57.97213510179511,2.348267929864619,1.4813250904933515,0.8669428393712675,0.8848343759596555
2024-05-13,186.57000732421875,186.57000732421875,188.30999755859375,185.36000061035156,188.0,24898600,-0.004853789332504466,-0.011287703542505412,182.0,180.45960021972655,0.28553752037334185,56.30280077781354,2.293982195725903,1.6438565115398618,0.650125684186041,0.8329536033461475
2024-05-14,187.07000732421875,187.07000732421875,187.72000122070312,183.4499969482422,183.82000732421875,38698200,0.002679959159411549,-0.008953100401557723,182.1875,180.64940032958984,0.28543023008549934,57.03488133531003,2.2651944302813263,1.7681240952881547,0.49707033499317155,0.8614598856373331
2024-05-15,185.99000549316406,185.99000549316406,186.72000122070312,182.72999572753906,185.97000122070312,75459900,-0.005773249525686364,-0.010691460142744358,182.42300033569336,180.88680053710937,0.28299355446244684,54.8955332614406,2.1306717394325574,1.8406336241170353,0.29003811531552204,0.7998862114952489
2024-05-16,183.6300048828125,183.6300048828125,187.30999755859375,183.4600067138672,185.60000610351562,38834500,-0.012688857146349708,-0.030976227531332445,182.64350051879882,181.0892007446289,0.2838262931999409,50.44293452469191,1.8127331524497095,1.8350535297835702,-0.02232037733386072,0.6653365242831455
2024-05-17,184.6999969482422,184.6999969482422,185.3000030517578,183.35000610351562,183.75999450683594,33175700,0.005826891232250109,-0.014828242173298256,183.14700012207032,181.24680053710938,0.2655410117471993,52.33078534435733,1.6283335336518405,1.7937095305572242,-0.16537599690538363,0.72633951601608
2024-05-20,183.5399932861328,183.5399932861328,186.6699981689453,183.27999877929688,184.33999633789062,30511800,-0.006280474722663021,-0.016240627749027348,183.4625,181.4106002807617,0.26353123026371345,50.10243038890133,1.37276848566583,1.7095213215789453,-0.33675283591311533,0.6602047323142824
2024-05-21,183.14999389648438,183.14999389648438,183.25999450683594,180.75,182.3000030517578,50839100,-0.0021248741632045043,-0.02095479378979459,183.64300003051758,181.63440002441405,0.2604985317659913,49.34170049672516,1.1257843117371635,1.592773919610589,-0.46698960787342547,0.5988625793423202
2024-05-22,183.1300048828125,183.1300048828125,185.22000122070312,181.97000122070312,183.8800048828125,28148800,-0.00010914012742568868,-0.015377173643111086,183.97000045776366,181.78920013427734,0.25222201552979967,49.30038299036292,0.9178541765230364,1.4577899709930786,-0.5399357944700423,0.5975998496291334
2024-05-23,181.0500030517578,181.0500030517578,184.75999450683594,180.0800018310547,183.66000366210938,33670200,-0.011358061353112014,-0.014050001429239067,184.3390007019043,181.87900024414063,0.24782333474873727,45.071024883093635,0.5785600022794313,1.2819439772503491,-0.7033839749709179,0.4662036657718315
2024-05-24,180.75,180.75,182.44000244140625,180.3000030517578,181.64999389648438,27471600,-0.0016570176564539851,-0.021386015232848554,184.39550094604493,181.91900024414062,0.2170801160715415,44.478346027088534,0.28220608952923953,1.0819963997061273,-0.7997903101768877,0.4472521170001012
2024-05-28,182.14999389648438,182.14999389648438,182.24000549316406,179.49000549316406,179.92999267578125,29927000,0.007745471073219212,-0.007573277980246429,184.4550003051758,182.07360015869142,0.21720543065231013,47.92008121187505,0.15848437652962843,0.8972939950708275,-0.7388096185411991,0.5356913927137604
2024-05-29,182.02000427246094,182.02000427246094,184.0800018310547,181.5500030517578,181.6999969482422,32009300,-0.0007136405620595809,-0.006169749722525819,184.80600051879884,182.22440032958986,0.17819413982982968,47.624881321658194,0.04937577808613014,0.7277103516738881,-0.678334573587758,0.5274797939147995
2024-05-30,179.32000732421875,179.32000732421875,181.33999633789062,178.36000061035156,181.30999755859375,29184700,-0.014833517662161122,-0.020804878812905714,184.82200088500977,182.29280059814454,0.16978636126286972,41.857120255464885,-0.2520552254326276,0.531757236252585,-0.7838124616852126,0.3569177828008502
2024-05-31,176.44000244140625,176.44000244140625,179.2100067138672,173.8699951171875,178.3000030517578,58903900,-0.016060700229647673,-0.02546258233993881,184.40800094604492,182.25860076904297,0.13175157552604938,36.74515314920883,-0.715090672112666,0.2823876545795348,-0.9974783266922007,0.17498445685753805
2024-06-03,178.33999633789062,178.33999633789062,178.6999969482422,175.9199981689453,177.6999969482422,30786600,0.01076849847083472,-0.013333353593966146,184.0145004272461,182.26240081787108,0.1348721395546396,41.79547567660762,-0.9181520853519487,0.0422797065932381,-0.9604317919451868,0.2950093258854772
2024-06-04,179.33999633789062,179.33999633789062,179.82000732421875,176.44000244140625,177.63999938964844,27198400,0.00560726713319748,-0.01542683311969073,183.5465003967285,182.27180084228516,0.12553401143286566,44.31542991510258,-0.9870104337832686,-0.16357832148206325,-0.8234321123012054,0.35818051251403704
2024-06-05,181.27999877929688,181.27999877929688,181.5,178.75,180.10000610351562,32116400,0.010817455564965828,-0.00406551739256289,183.17250061035156,182.30320068359376,0.13392397042949364,48.93446007411489,-0.8749532706040952,-0.30585331130646964,-0.5690999592976256,0.480732768799973
2024-06-06,185.0,185.0,185.0,181.49000549316406,181.75,31371200,0.020520748266509736,0.03167517535013009,183.02250061035156,182.4372006225586,0.15556082134896312,56.40244672851792,-0.48043598531526754,-0.34076984610822925,-0.1396661392070383,0.7157296601714807
2024-06-07,184.3000030517578,184.3000030517578,186.2899932861328,183.36000061035156,184.89999389648438,28021500,-0.003783767287795614,0.044547724447928205,182.76250076293945,182.52660064697267,0.15236908939258942,54.77903844622136,-0.2217064045605639,-0.31695715779869615,0.09525075323813226,0.6715100223146511
2024-06-10,187.05999755859375,187.05999755859375,187.22999572753906,183.7899932861328,184.07000732421875,34445600,0.014975553234585881,0.04889537624628981,182.7415008544922,182.6602005004883,0.15863040060527042,59.703855105004486,0.20369902711235,-0.21282592081648696,0.416524947928837,0.8458621503997841
2024-06-11,187.22999572753906,187.22999572753906,187.77000427246094,184.5399932861328,187.05999755859375,27265100,0.0009087895389929823,0.04399464453419011,182.7745002746582,182.785400390625,0.15763871845475805,59.99286217439721,0.5482336320470154,-0.0606140102437865,0.6088476422908019,0.8566011364567419
2024-06-12,186.88999938964844,186.88999938964844,188.35000610351562,185.42999267578125,188.02000427246094,33984200,-0.0018159287809064173,0.03094660551703532,182.7654998779297,182.90940032958986,0.157517230338883,59.08021748488136,0.7847982598758279,0.1084684437801364,0.6763298160956914,0.8351231643428263
2024-06-13,183.8300018310547,183.8300018310547,187.6699981689453,182.6699981689453,186.08999633789062,39721500,-0.016373254687715777,-0.0063243144267314255,182.65749969482422,182.93780029296875,0.16688418378717065,51.488440967840624,0.717094977747081,0.2301937505735253,0.48690122717355566,0.641819487485963
2024-06-14,183.66000366210938,183.66000366210938,183.72000122070312,182.22999572753906,183.0800018310547,25456400,-0.0009247574783878276,-0.003472595654101518,182.65899963378905,183.01100036621094,0.16062462445060427,51.09562162585567,0.6423179657047342,0.3126185935997671,0.3296993721049671,0.6310805014290052
2024-06-17,184.05999755859375,184.05999755859375,185.0,181.22000122070312,182.52000427246094,35601900,0.002177904217078641,-0.016037635192742372,182.62699966430665,182.99080017089844,0.15940366003039802,52.02311113959825,0.6083204697705185,0.3717589688339174,0.23656150093660105,0.6563485905141045
2024-06-18,182.80999755859375,182.80999755859375,184.2899932861328,181.42999267578125,183.74000549316406,36659200,-0.006791263808433312,-0.02360731864448362,182.5904998779297,182.9432000732422,0.15967532003285187,48.90186499124639,0.4750367282862271,0.3924145207243794,0.08262220756184774,0.5773846072284047
2024-06-20,186.10000610351562,186.10000610351562,186.50999450683594,182.72000122070312,182.91000366210938,44726800,0.017996874289478493,-0.004227049540974859,182.73800048828124,182.9518002319336,0.17188456004529457,56.3286377261046,0.6276494446294976,0.4394615055054031,0.18818793912409448,0.7852183510292211
2024-06-21,189.0800018310547,189.0800018310547,189.27999877929688,185.86000061035156,187.8000030517578,70792500,0.01601287280926522,0.028558994438921292,183.03550033569337,183.01440032958985,0.1800194892628498,61.7513273995281,0.9777855688089119,0.5471263181661049,0.43065925064280697,0.9734682172859023
2024-06-24,185.57000732421875,185.57000732421875,191.0,185.3300018310547,189.3300018310547,50610400,-0.0185635417434159,0.010399671262248944,183.2615005493164,182.94480041503905,0.18854598121517094,53.348662791733055,0.9609663257396619,0.6298943196808163,0.33107200605884557,0.7517376992293493
2024-06-25,186.33999633789062,186.33999633789062,188.83999633789062,185.4199981689453,186.80999755859375,45366400,0.004149318226444709,0.012387258554488856,183.54100036621094,182.94900024414062,0.18846439320223474,54.801631513046324,0.9982612979214593,0.703567715328945,0.2946935825925143,0.800378818913956
2024-06-26,193.61000061035156,193.61000061035156,194.8000030517578,186.25999450683594,186.9199981689453,65103900,0.03901472799901873,0.05907774846009839,184.1140007019043,183.1488003540039,0.23009464383335493,65.67259359371675,1.5960481691101052,0.8820638060851771,0.7139843630249281,1.0
2024-06-27,197.85000610351562,197.85000610351562,199.83999633789062,194.1999969482422,195.00999450683594,74397500,0.0218997235669518,0.06313809572614537,184.90550079345704,183.43940032958983,0.23888583929035057,70.1776796381293,2.3844451796771295,1.1825400808035675,1.201905098873562,1.0
2024-06-28,193.25,193.25,198.85000610351562,192.5,197.72999572753906,76930200,-0.023249966952787915,0.022054147073000685,185.60200042724608,183.6788003540039,0.24945414308465022,60.847658249399714,2.6080099269386494,1.467634050030584,1.1403758769080654,0.8097599423472907
2024-07-01,197.1999969482422,197.1999969482422,198.3000030517578,192.82000732421875,193.49000549316406,41192000,0.02043982896891161,0.06267170967830005,186.6400001525879,184.03840026855468,0.24438147405741747,65.13419338013611,3.0685460532632476,1.7878164506771168,1.2807296025861308,0.9731179097611413
2024-07-02,200.0,200.0,200.42999267578125,195.92999267578125,197.27999877929688,45600000,0.014198798656638534,0.073306879524349,187.72300033569337,184.54580017089845,0.2456272303391072,67.82346316034693,3.617757836669057,2.153804727875505,1.463953108793552,1.0
2024-07-03,197.58999633789062,197.58999633789062,200.02999877929688,196.75999450683594,199.94000244140625,31597900,-0.012050018310546862,0.020556767289872546,188.63550033569337,184.95300018310547,0.25373203118192533,63.297946610126154,3.8145729550475664,2.4859583733099173,1.3286145817376491,0.9084692937899109
2024-07-05,200.0,200.0,200.5500030517578,198.1699981689453,198.64999389648438,39858900,0.012196992290986808,0.010866787112250531,189.5715003967285,185.36220031738281,0.2541999449194972,65.75846229969318,4.117552921637213,2.8122772829753764,1.3052756386618363,1.0
2024-07-08,199.2899932861328,199.2899932861328,201.1999969482422,197.9600067138672,200.0399932861328,34767300,-0.0035500335693359197,0.03125481648710382,190.28600006103517,185.81620025634766,0.24907417017847833,64.38891721284328,4.251367996102488,3.100095425600799,1.1512725705016886,0.9730343082228815
2024-07-09,199.33999633789062,199.33999633789062,200.57000732421875,199.0500030517578,199.39999389648438,32700100,0.0002509059834530092,0.01085192405053692,191.0379997253418,186.32960021972656,0.24784420549653205,64.44507928696589,4.311749075711504,3.3424261556229404,0.9693229200885631,0.973599853515625
2024-07-10,199.7899932861328,199.7899932861328,200.11000061035156,197.69000244140625,200.0,32883800,0.002257434315787954,-0.001050033569335973,191.67449951171875,186.73300018310547,0.24449393087768273,64.98034274042988,4.345816640214139,3.5431042525411804,0.8027123876729583,0.9915997314453125
2024-07-11,195.0500030517578,195.0500030517578,200.27000427246094,192.86000061035156,200.08999633789062,44565000,-0.023724863074531144,-0.012854867823314686,192.06549987792968,187.01480010986327,0.26278715472326886,55.5020622011701,3.944863896951631,3.6234561814232706,0.32140771552836034,0.8020001220703125
2024-07-12,194.49000549316406,194.49000549316406,196.47000122070312,193.8300018310547,194.8000030517578,30598500,-0.0028710461411536325,-0.02754997253417968,192.44550018310548,187.40460021972658,0.26302640164696295,54.49079922117846,3.5410992484455903,3.606984794827735,-0.06588554638214461,0.766129241179564
2024-07-15,192.72000122070312,192.72000122070312,196.19000244140625,190.8300018310547,194.55999755859375,40683200,-0.009100746683474936,-0.032966994263463834,192.8900001525879,187.67900024414064,0.25745053037853677,51.30866448639418,3.0432080947081204,3.494229454803812,-0.4510213600956918,0.6910017175854324
2024-07-16,193.02000427246094,193.02000427246094,196.6199951171875,192.24000549316406,195.58999633789062,33994700,0.0015566783408964557,-0.03170458604161408,193.35800018310547,187.84500030517577,0.25716471602388297,51.82220925399521,2.6423738661969765,3.323858337082445,-0.6814844708854686,0.7037352949557909
2024-07-17,187.92999267578125,187.92999267578125,191.5800018310547,185.99000549316406,191.35000610351562,48076100,-0.02637038381521739,-0.0593623354967836,193.55149993896484,187.87940002441405,0.2770052057943936,43.44912535296167,1.8921766211474562,3.0375219938954476,-1.1453453727479914,0.48769063773454885
2024-07-18,183.75,183.75,189.67999267578125,181.4499969482422,189.58999633789062,51043600,-0.022242286163404512,-0.057933877851615745,193.59850006103517,187.78040008544923,0.288113036240989,38.016791934129095,0.9494052713039025,2.619898649377139,-1.6704933780732363,0.3102715753859386
2024-07-19,183.1300048828125,183.1300048828125,184.92999267578125,180.11000061035156,181.13999938964844,43081800,-0.0033741230867346816,-0.05840917419661873,193.45,187.66780029296876,0.28070509521772913,37.272419307253585,0.15048901610890653,2.126016722723492,-1.9755277066145855,0.2839559904354066
2024-07-22,182.5500030517578,182.5500030517578,185.05999755859375,182.47999572753906,185.0,39931900,-0.003167158934036185,-0.052770849442340007,193.12350006103514,187.5588003540039,0.27376970168516584,36.5514035347326,-0.5234254497389657,1.5961282882310006,-2.1195537379699663,0.25933791356115304
2024-07-23,186.41000366210938,186.41000366210938,189.38999938964844,183.55999755859375,184.10000610351562,47537700,0.021144894800451786,-0.034245158346495,193.16549987792968,187.4970004272461,0.2774253035535862,44.27703662334918,-0.7375358748653582,1.129395455611729,-1.8669313304770871,0.4231749683295899
2024-07-24,180.8300018310547,180.8300018310547,185.4499969482422,180.41000366210938,183.1999969482422,41532400,-0.029934025650088625,-0.03777997723320059,192.8900001525879,187.36400054931642,0.2969602419021818,37.22139715046634,-1.342009591901899,0.6351144461090035,-1.9771240380109025,0.18633276080485586
2024-07-25,179.85000610351562,179.85000610351562,183.89999389648438,176.8000030517578,182.91000366210938,44464200,-0.005419431054668911,-0.02122445657950678,192.2020004272461,187.22960052490234,0.25593954738060054,36.13239409761294,-1.8784828516982657,0.1323949865475496,-2.0108778382458152,0.14473701254122334
2024-07-26,182.5,182.5,183.19000244140625,180.24000549316406,180.38999938964844,29506000,0.014734466536293178,-0.0034402056791056346,191.43450012207032,187.13820037841796,0.2476161108823766,41.14671910382226,-2.065993922740006,-0.3072827953099615,-1.7587111274300444,0.2572155427233185
2024-07-29,183.1999969482422,183.1999969482422,184.75,182.3800048828125,183.83999633789062,33270100,0.003835599716395466,0.003560634815766628,190.93199996948243,187.08240020751953,0.23804353888232552,42.43243686983048,-2.1335200033517765,-0.6725302369183245,-1.460989766433452,0.286926791483056
2024-07-30,181.7100067138672,181.7100067138672,185.86000061035156,179.3800048828125,184.72000122070312,39508600,-0.008133134602594794,-0.02521322276652871,190.15750045776366,187.04400024414062,0.2225299873366527,40.4088430626014,-2.280971053828523,-0.9942184003003642,-1.2867526535281588,0.223684415049468
2024-07-31,186.97999572753906,186.97999572753906,187.94000244140625,184.4600067138672,185.0500030517578,41667300,0.029002194810164417,0.034009809402259394,189.50650024414062,187.08960021972655,0.24376705934268134,49.56955344286579,-1.9501034250050964,-1.1853954052413107,-0.7647080197637857,0.4473681824422873
2024-08-01,184.07000732421875,184.07000732421875,190.60000610351562,181.8699951171875,189.2899932861328,70435600,-0.015563100170141508,0.02346400376697355,188.83050079345702,187.10020050048828,0.24576034353225928,45.41772899261303,-1.9007890764766273,-1.3284741394883741,-0.5723149369882532,0.32385423062276075
2024-08-02,167.89999389648438,167.89999389648438,168.77000427246094,160.5500030517578,166.75,141448400,-0.0878470841762542,-0.08000003344392126,187.22550048828126,186.79520050048828,0.38086141114216215,30.253893714053376,-3.1304066657225746,-1.6888606447352144,-1.4415460209873603,0.0
2024-08-05,161.02000427246094,161.02000427246094,162.9600067138672,151.61000061035156,154.2100067138672,83149400,-0.04097671157906757,-0.12106983103306257,185.31200103759767,186.35300048828125,0.3973214809587004,26.239649747016045,-4.60693920091461,-2.2724763559710937,-2.3344628449435163,0.0
2024-08-06,161.92999267578125,161.92999267578125,165.0800018310547,158.5399932861328,161.7100067138672,59950800,0.005651399696776416,-0.10885484182075278,183.44150085449218,185.97060028076172,0.3996784940105343,27.60784088843387,-5.638674286615952,-2.9457159421000654,-2.692958344515887,0.023345010340199007
2024-08-07,162.77000427246094,162.77000427246094,167.5800018310547,161.42999267578125,166.5500030517578,48408200,0.0051874985158653075,-0.12947904593150228,181.5905014038086,185.61100036621093,0.40100607428990015,28.918573325239734,-6.3157458726967945,-3.6197219282194117,-2.696023944477383,0.04489482277607431
2024-08-08,165.8000030517578,165.8000030517578,166.69000244140625,162.5500030517578,165.1699981689453,44616200,0.018615215947435537,-0.09925573719503566,180.12800140380858,185.2840005493164,0.4096886337794431,33.58948063540822,-6.532531447799755,-4.202283832135481,-2.330247615664274,0.12262697032364843
2024-08-09,166.94000244140625,166.94000244140625,168.5500030517578,165.85000610351562,166.39999389648438,36401000,0.00687575011257735,-0.005717638415579596,178.7505012512207,184.9824005126953,0.41268234878635485,35.31181291811775,-6.5369927710247,-4.669225619913325,-1.8677671511113747,0.15187272493113385
2024-08-12,166.8000030517578,166.8000030517578,168.5500030517578,166.11000061035156,168.13999938964844,30072800,-0.000838620987187122,0.035896153433933486,177.45450134277343,184.7320004272461,0.41323959408948724,35.1911095934078,-6.477160508098535,-5.0308125975503675,-1.4463479105481678,0.14828115476711945
2024-08-13,170.22999572753906,170.22999572753906,171.0399932861328,167.10000610351562,167.80999755859375,39237900,0.020563504874259175,0.05125673702941613,176.31500091552735,184.60780029296876,0.42374984759226003,40.55258055967905,-6.0828519347111865,-5.241220464982532,-0.8416314697286547,0.2362748195113664
2024-08-14,170.10000610351562,170.10000610351562,172.27999877929688,168.86000061035156,172.11000061035156,28843800,-0.0007636117446156998,0.04503287853199889,175.42350158691406,184.44300048828126,0.41704908722160156,40.41612093286633,-5.714970008934216,-5.335970373772869,-0.37899963516134694,0.23294004172093166
2024-08-15,177.58999633789062,177.58999633789062,177.91000366210938,173.99000549316406,174.86000061035156,51698500,0.04403286281963403,0.07110972900556778,175.1155014038086,184.40800048828126,0.44532615503609735,50.708484165761234,-4.764123467091196,-5.221600992436534,0.4574775253453387,0.4250896326733848
2024-08-16,177.05999755859375,177.05999755859375,178.33999633789062,176.25999450683594,177.0399932861328,31489200,-0.002984395462729106,0.06062055210966877,174.81200103759767,184.3236004638672,0.44530444518529494,50.049665624959054,-4.0071453273336886,-4.978709859415965,0.9715645320822768,0.41149294623448823
2024-08-19,178.22000122070312,178.22000122070312,178.3000030517578,176.16000366210938,177.63999938964844,31129800,0.006551472258579993,0.06846521558756624,174.59550094604492,184.18800048828126,0.44609929520194014,51.53386666495355,-3.275869907727696,-4.638141869078312,1.3622719613506158,0.441251894137344
2024-08-20,178.8800048828125,178.8800048828125,179.00999450683594,177.42999267578125,177.9199981689453,26255200,0.003703308593809629,0.05081366017959721,174.21900100708007,184.07960052490233,0.4389515121672827,52.40048628288048,-2.6129516098313275,-4.233103817228915,1.6201522073975871,0.4581837498184642
2024-08-21,180.11000061035156,180.11000061035156,182.38999938964844,178.88999938964844,179.9199981689453,35599100,0.006876093995775934,0.05884770222021207,174.18300094604493,183.9406005859375,0.42681164938332294,54.049492879598986,-1.965674633387124,-3.7796179804605567,1.8139433470734327,0.48973828707743267
2024-08-22,176.1300048828125,176.1300048828125,181.47000122070312,175.67999267578125,181.3800048828125,32047500,-0.022097583221652117,-0.008221135678725289,173.99700088500975,183.71860076904298,0.43375023434459387,48.227420536410214,-1.7536404832885353,-3.3744224810261523,1.620781997737617,0.3876347425989189
2024-08-23,177.0399932861328,177.0399932861328,178.97000122070312,175.24000549316406,177.33999633789062,29150100,0.005166572293719973,-0.00011298019166816609,173.7240005493164,183.52160064697264,0.4305587530520429,49.56510904266416,-1.494940686983,-2.998526122217522,1.503585435234522,0.41097975293911787
2024-08-26,175.5,175.5,177.47000122070312,174.3000030517578,176.6999969482422,22366200,-0.00869856159361615,-0.015262042431111511,173.3390007019043,183.35500061035157,0.4309296395054563,47.33608290003903,-1.398067767552135,-2.6784344512844447,1.2803666837323098,0.3714724811349597
2024-08-27,173.1199951171875,173.1199951171875,174.88999938964844,172.25,174.14999389648438,29842000,-0.013561281383547064,-0.032200411495954984,172.9095001220703,183.14420043945313,0.43241858929686344,44.03977415101114,-1.4960957242616928,-2.4419667058798944,0.9458709816182016,0.31041539689492614
2024-08-28,170.8000030517578,170.8000030517578,173.69000244140625,168.9199981689453,173.69000244140625,29045000,-0.013401063602498708,-0.051690619771496915,172.10050048828126,182.8790005493164,0.41798039043383983,41.03969298604912,-1.7409193226380637,-2.3017572292315283,0.5608379065934646,0.2508978925410036
2024-08-29,172.1199951171875,172.1199951171875,174.2899932861328,170.80999755859375,173.22000122070312,26407800,0.007728290643119529,-0.022767328986864288,171.50299987792968,182.66520050048828,0.4177406609067654,43.40211576868441,-1.8075946344070815,-2.2029247102666387,0.39533007585955726,0.2847612124514551
2024-08-30,178.5,178.5,178.89999389648438,172.60000610351562,172.77999877929688,43429400,0.037067191865004956,0.008246762139826336,172.03300018310546,182.51320037841796,0.300010221367218,53.16917959518285,-1.3302874990227735,-2.0283972680178657,0.6981097689950921,0.44843503446537275
2024-09-03,176.25,176.25,178.25999450683594,175.25999450683594,177.5500030517578,37817500,-0.012605042016806678,0.004273504273504258,172.79449996948242,182.25660034179688,0.25860215105267764,49.898786171138624,-1.120656125157268,-1.8468490394457462,0.7261929142884782,0.39071311946756293
2024-09-04,173.3300018310547,173.3300018310547,175.97999572753906,172.5399932861328,174.47999572753906,30309200,-0.016567365497562103,0.0012130702390849013,173.3645004272461,182.0118002319336,0.26927158305938714,45.94877165214927,-1.1765783371710086,-1.7127948989907988,0.5362165618197903,0.3158029478668422
2024-09-05,177.88999938964844,177.88999938964844,179.8800048828125,175.0,175.0,40170500,0.026308183871355473,0.04151051645907833,174.12050018310546,181.84280029296875,0.281157333138613,52.29917506473789,-0.843223246898873,-1.5388805685724138,0.6956573216735409,0.4327859662967839
2024-09-06,171.38999938964844,171.38999938964844,178.3800048828125,171.16000366210938,177.24000549316406,41466500,-0.03653943460735232,-0.004241202348640782,174.4,181.3984002685547,0.3112426845338055,44.30798941723793,-1.0909567431597225,-1.4492958034898755,0.35833906033015306,0.26603376741422213
2024-09-09,175.39999389648438,175.39999389648438,175.85000610351562,173.50999450683594,174.52999877929688,29037400,0.023396899008788496,-0.01736698097207634,174.8229995727539,180.94940002441408,0.32018384541284006,49.44054723742286,-0.9527317810733678,-1.3499829990065741,0.3972512179332064,0.36890690610989696
2024-09-10,179.5500030517578,179.5500030517578,180.5,176.7899932861328,177.49000549316406,36233800,0.023660258265018275,0.018723421570257193,175.46049957275392,180.6754000854492,0.3283322347095612,54.14999812096295,-0.5025236669830804,-1.1804911326018754,0.6779674656187951,0.47537200642137517
2024-09-11,184.52000427246094,184.52000427246094,184.99000549316406,175.72999572753906,180.10000610351562,42564700,0.02768031821904482,0.06455894722895805,176.175,180.4218002319336,0.33404724679748676,59.067335911484626,0.25239758721193084,-0.8939133886391142,1.146310975851045,0.6028733344215693
2024-09-12,187.0,187.0,187.41000366210938,183.5399932861328,184.8000030517578,33544200,0.013440254011034547,0.05121142639613541,177.0199996948242,180.1618002319336,0.3350246023504664,61.29784964337956,1.0388181995363652,-0.5073670710040183,1.5461852705403836,0.6664956022348766
2024-09-13,186.49000549316406,186.49000549316406,188.5,185.91000366210938,187.0,26495400,-0.0027272433520638684,0.08810319246916132,177.4650001525879,179.93980041503906,0.3021984008004726,60.56692989020979,1.6024379983958283,-0.08540605712404903,1.6878440555198773,0.6534121090913504
2024-09-16,184.88999938964844,184.88999938964844,185.80999755859375,183.36000061035156,185.2899932861328,26065500,-0.008579580976924128,0.05410493627932955,177.85650024414062,179.63760040283202,0.3042204949777697,58.22136388495644,1.898123245673105,0.31129980343538177,1.5868234422377232,0.6156822770511998
2024-09-17,186.8800048828125,186.8800048828125,189.4499969482422,186.13999938964844,186.85000610351562,26091700,0.010763186217390919,0.04082429243368879,178.28950042724608,179.38940063476562,0.30535899633119346,60.281618794052164,2.2669013192547425,0.7024201065992539,1.5644812126554886,0.6670107799419874
2024-09-18,186.42999267578125,186.42999267578125,188.8000030517578,185.05999755859375,186.4499969482422,34448100,-0.0024080275860086653,0.010351118356251687,178.66699981689453,179.13120056152343,0.3058232352176556,59.5662635568587,2.4940979664372094,1.060755678566845,1.4333422878703643,0.6554035492339118
2024-09-19,189.8699951171875,189.8699951171875,190.99000549316406,188.47000122070312,190.0399932861328,39543200,0.01845197970580159,0.015347567471590828,179.15499954223634,178.93280059814452,0.31086698665978196,63.16474807642643,2.9180944179153414,1.4322234264365443,1.485870991478797,0.8477811307556755
2024-09-20,191.60000610351562,191.60000610351562,191.83999633789062,187.41000366210938,190.22999572753906,100378600,0.009111555436973395,0.02740093549162803,179.9284996032715,178.86380065917967,0.2971182090817827,64.85857832296249,3.3550373070948183,1.8167862025681991,1.5382511045266192,0.9136540399090035
2024-09-23,193.8800048828125,193.8800048828125,194.4499969482422,190.57000732421875,191.63999938964844,36993100,0.011899784481557152,0.04862353573931255,180.77050018310547,178.85160064697266,0.29831221134904773,67.01155125502962,3.841017680645507,2.2216324981836606,1.6193851824618464,1.0
2024-09-24,193.9600067138672,193.9600067138672,195.3699951171875,190.1300048828125,194.27000427246094,43478900,0.0004126358007008335,0.03788528278075742,181.69350051879883,178.87640075683595,0.29460621226275896,67.08774632289746,4.1843811657549,2.6141822316979084,1.5701989340569913,1.0
2024-09-25,192.52999877929688,192.52999877929688,193.9499969482422,192.16000366210938,193.75,26391100,-0.007372694808574054,0.03272008980939067,182.66400070190429,178.86660064697264,0.29017127475258453,64.23187415478114,4.291638178786513,2.9496734211156297,1.3419647576708837,0.9565874976143668
2024-09-26,191.16000366210938,191.16000366210938,194.52999877929688,189.5399932861328,194.30999755859375,36334900,-0.007115748848874004,0.006794167472989443,183.68200073242187,178.9312008666992,0.2855663917469953,61.529507606532654,4.217476533736033,3.2032340436397106,1.014242490096322,0.9149968778314919
2024-09-27,187.97000122070312,187.97000122070312,190.89999389648438,187.33999633789062,190.67999267578125,36002300,-0.016687603998192135,-0.018945745131403124,184.47450103759766,179.01560089111328,0.2963288165637116,55.65765376858448,3.856837140906407,3.33395466309305,0.522882477813357,0.8181540665086744
2024-09-30,186.3300018310547,186.3300018310547,188.49000549316406,184.64999389648438,187.13999938964844,41583900,-0.008724793206352333,-0.03894162812880719,184.8660011291504,179.07960083007814,0.27343955645455853,52.86450955929766,3.3995061879094806,3.3470649680563365,0.052441219853144094,0.7683665963175088
2024-10-01,185.1300048828125,185.1300048828125,186.19000244140625,183.4499969482422,184.89999389648438,36044900,-0.006440170323887107,-0.04552485834917941,185.31000137329102,179.13120086669923,0.26983749986180544,50.8535164091905,2.90673139766281,3.2589982539776314,-0.35226685631482146,0.7319368191680764
2024-10-02,184.75999450683594,184.75999450683594,186.60000610351562,184.0399932861328,184.44000244140625,23704100,-0.0019986515757441925,-0.04035736935399836,185.8815010070801,179.09820068359375,0.2609214626077837,50.21915864332662,2.4580126414353742,3.0988011314691803,-0.6407884900338061,0.7207039609849376
2024-10-03,181.9600067138672,181.9600067138672,183.44000244140625,180.8800048828125,183.0500030517578,30204300,-0.015154729791167831,-0.04812720638206269,186.08500137329102,179.12080078125,0.2538996971063033,45.585084725965864,1.8550799726849334,2.8500568997123312,-0.9949769270273978,0.6357013020461785
2024-10-04,186.50999450683594,186.50999450683594,187.60000610351562,183.60000610351562,185.75,40890300,0.02500542770436165,-0.007767232560438875,186.84100112915038,179.2540005493164,0.22470409850468756,53.15056733731118,1.7245183043260113,2.6249491806350678,-0.9004308763090565,0.7738308544365367
2024-10-07,180.8000030517578,180.8000030517578,183.60000610351562,180.25,182.9499969482422,42364200,-0.03061493551686767,-0.029678520501013717,187.11100158691406,179.22000061035158,0.24481168292115874,44.74327156682863,1.1470758748154708,2.3293745194711484,-1.1822986446556776,0.6004856500688359
2024-10-08,182.72000122070312,182.72000122070312,183.08999633789062,180.9199981689453,181.9199981689453,26372100,0.010619458719785868,-0.013017898765977476,187.26950149536134,179.2104006958008,0.23335544766729296,47.73687217827473,0.8347538722964316,2.030450390036205,-1.1956965177397736,0.6587733861538775
2024-10-09,185.1699981689453,185.1699981689453,185.85000610351562,182.0500030517578,182.82000732421875,26343100,0.013408477078997505,0.0022191149290935464,187.30200119018554,179.27960052490235,0.21659238883511828,51.358199219168895,0.7759856340310591,1.779557438835176,-1.003571804804117,0.7331509443401663
2024-10-10,186.64999389648438,186.64999389648438,188.1300048828125,185.8300018310547,187.1300048828125,27785000,0.007992632403596822,0.025774824189758405,187.28450088500978,179.27300048828124,0.21303100915816597,53.456237644857694,0.8391613386235974,1.5914782187928604,-0.752316880169263,0.7780809873834745
2024-10-11,188.82000732421875,188.82000732421875,189.92999267578125,186.3000030517578,186.6300048828125,25751600,0.011626110360002828,0.012385463972002464,187.4010009765625,179.36800048828124,0.21666264098504465,56.42405551329233,1.052201365361583,1.483622848106605,-0.431421482745022,0.8439587429056364
2024-10-14,187.5399932861328,187.5399932861328,189.8300018310547,187.36000061035156,189.77999877929688,22614400,-0.006779016992029097,0.03727870641929987,187.53350067138672,179.76080047607422,0.21573101573185172,54.22754786433972,1.1050127865156867,1.4079008357884213,-0.3028880492727346,0.8050997889525263
2024-10-15,187.69000244140625,187.69000244140625,188.41000366210938,184.5800018310547,187.6300048828125,32178900,0.0007998782160802964,0.027200094064688596,187.5740005493164,180.29420043945314,0.21250271756699946,54.45133329405022,1.1457630600740174,1.3554732806455405,-0.2097102205715231,0.8042459717624394
2024-10-16,186.88999938964844,186.88999938964844,187.77999877929688,185.61000061035156,187.0500030517578,23456800,-0.004262363692000948,0.009288768362647026,187.59700088500978,180.79340057373048,0.21291785474112246,52.964137682722104,1.1008148764244936,1.3045415998013312,-0.20372672337683762,0.7733245665017016
2024-10-17,187.52999877929688,187.52999877929688,188.94000244140625,186.0,188.22000122070312,25039400,0.0034244710350397334,0.00471473298467151,187.48000106811523,181.2886004638672,0.20225545212569415,54.045473216633816,1.1041082465123395,1.264454929143533,-0.16034668263119345,0.771661679745369
2024-10-18,188.99000549316406,188.99000549316406,190.74000549316406,186.27999877929688,187.14999389648438,37417700,0.007785456851548744,0.0009003186227687365,187.34950103759766,181.75240051269532,0.20146917635786737,56.50220948899981,1.210573864108909,1.2536787161366083,-0.043104852027699314,0.8170102890068193
2024-10-21,189.07000732421875,189.07000732421875,189.4600067138672,186.39999389648438,188.0500030517578,24639400,0.0004233124965837831,0.00815833471717986,187.10900115966797,182.19500061035157,0.1960647647906371,56.639001040775,1.286573296166324,1.2602576321425516,0.0263156640237725,0.8199558641271311
2024-10-22,189.6999969482422,189.6999969482422,191.52000427246094,186.97999572753906,188.35000610351562,29650600,0.003332044214411578,0.010709118656777816,186.89600067138673,182.65300048828124,0.1966527937342978,57.7653655846009,1.3817107893395075,1.2845482635819427,0.09716252575756479,0.8214581032417572
2024-10-23,184.7100067138672,184.7100067138672,189.16000366210938,183.69000244140625,188.85000610351562,31937100,-0.026304640562205495,-0.011664576397349968,186.50500106811523,182.9426007080078,0.2153376715787434,47.287416930808966,1.042440820401481,1.2361267749458504,-0.19368595454436943,0.6123218875364602
2024-10-24,186.3800048828125,186.3800048828125,187.11000061035156,183.86000061035156,185.25,21647400,0.009041189476714617,-0.006132319650029916,186.2660011291504,183.26820068359376,0.21785270664499506,50.52202481474064,0.8979705753613416,1.1684955350289488,-0.27052495966760715,0.6727115443657786
2024-10-25,187.8300018310547,187.8300018310547,190.4499969482422,187.52999877929688,187.85000610351562,29362100,0.007779788122410869,-0.006137910092559595,186.25900115966797,183.47300079345703,0.21197869091495264,53.206904886053216,0.890217626253957,1.1128399532739506,-0.22262232701999363,0.7353193474299222
2024-10-28,188.38999938964844,188.38999938964844,190.2100067138672,188.2100067138672,189.57000732421875,27930800,0.002981406341556969,-0.0035965933687421847,186.36200103759765,183.6996008300781,0.20961268047090303,54.23967997672634,0.9186706180803696,1.0740060862352345,-0.15533546815486488,0.7594988582263703
2024-10-29,190.8300018310547,190.8300018310547,191.4600067138672,187.82000732421875,188.5800018310547,35690200,0.012951868195294036,0.005956799688936254,186.64700088500976,183.95180084228517,0.21221958900380272,58.534094353387275,1.1251377367109114,1.08423241633037,0.0409053203805414,0.8648530057042563
2024-10-30,192.72999572753906,192.72999572753906,195.61000061035156,192.4199981689453,194.6999969482422,37707600,0.009956473710913016,0.043419353159872776,187.0455009460449,184.22880065917968,0.21376594345841987,61.559286494214206,1.4256441064491412,1.1525147543541243,0.2731293520950169,0.9468907257410987
2024-10-31,186.39999389648438,186.39999389648438,190.60000610351562,185.22999572753906,190.50999450683594,75146800,-0.03284388507953562,0.00010724870237255324,187.2675003051758,184.35460052490234,0.24037910242096933,48.788547935221956,1.139879502411219,1.1499877039655433,-0.010108201554324348,0.6735746277211833
2024-11-01,197.92999267578125,197.92999267578125,200.5,197.02000427246094,199.0,99687800,0.06185621865256041,0.053771978631034,187.83850021362304,184.7906002807617,0.31312825598424604,63.600879764054184,1.8227717579674163,1.2845445147659178,0.5382272432014985,1.0
2024-11-04,195.77999877929688,195.77999877929688,197.3300018310547,194.30999755859375,196.4499969482422,38492100,-0.01086239567545566,0.0392271320855182,188.5875,185.165400390625,0.2920089938891929,60.1095378629521,2.165519490572933,1.460739509927321,0.7047799806456121,0.9207521297914332
2024-11-05,199.5,199.5,199.82000732421875,195.99000549316406,196.0399932861328,30564800,0.0190009257528736,0.04543309797073225,189.42649993896484,185.645400390625,0.29596208906565863,63.81117836394135,2.7061279882478573,1.7098172055914282,0.996310782656429,1.0
2024-11-06,207.08999633789062,207.08999633789062,207.5500030517578,199.13999938964844,200.00999450683594,72292200,0.038045094425516846,0.07450838441698604,190.52249984741212,186.32480041503905,0.3178370787866002,69.94023833462981,3.7043123824603015,2.108716240965203,1.5955961414950983,1.0
2024-11-07,210.0500030517578,210.0500030517578,212.25,207.19000244140625,207.44000244140625,52878400,0.01429333510169939,0.126877735674215,191.69250030517577,187.10980041503908,0.31919827977549897,71.93641249750381,4.680277188348811,2.623028430441925,2.0572487579068857,1.0
2024-11-08,208.17999267578125,208.17999267578125,209.9600067138672,207.44000244140625,209.72000122070312,36075800,-0.008902691496347037,0.051785986860465316,192.6604995727539,187.83100036621093,0.32279249809825306,68.82679859002164,5.2424108702251715,3.1469049183985742,2.0955059518265973,0.9516293275003138
2024-11-11,206.83999633789062,206.83999633789062,209.64999389648438,205.58999633789062,208.5,35456000,-0.006436720074140534,0.05649196867684991,193.6254997253418,188.39780029296875,0.3226278689966636,66.60497960884203,5.516192128271172,3.620762360373094,1.8954297678980776,0.916968277035801
2024-11-12,208.91000366210938,208.91000366210938,209.5399932861328,206.00999450683594,208.3699951171875,38942900,0.010007771034946433,0.04716793815593667,194.68649978637694,189.05100036621093,0.32265462610467277,68.30700985316119,5.832959314959737,4.063201751290423,1.7697575636693141,0.970512175849436
2024-11-13,214.10000610351562,214.10000610351562,215.08999633789062,209.13999938964844,209.39999389648438,46212900,0.024843245179395845,0.033850064655887024,196.0470001220703,189.86640045166016,0.32740472655877073,72.14084832605923,6.428683552677398,4.5362981115678185,1.89238544110958,1.0
2024-11-14,211.47999572753906,211.47999572753906,215.89999389648438,210.8800048828125,214.16000366210938,42620300,-0.012237320417028852,0.006807867912427046,197.24449996948243,190.53820037841797,0.33433174487703904,67.68930328352106,6.613154038815026,4.9516692970172596,1.661484741797766,0.9386558191496165
2024-11-15,202.61000061035156,202.61000061035156,207.33999633789062,199.61000061035156,206.75999450683594,86591100,-0.041942478231440816,-0.026755655016783342,197.9254997253418,191.16260040283203,0.3753549406880242,55.25769435168128,5.974740660613662,5.156283569736541,0.8184570908771214,0.7031007269016704
2024-11-18,201.6999969482422,201.6999969482422,204.6699981689453,200.9499969482422,204.14999389648438,36409900,-0.004491405455644082,-0.024850123190158113,198.55699920654297,191.68860046386717,0.3763366337713268,54.15873841927098,5.333878141562735,5.19180248410178,0.14207565746095518,0.6410996219972097
2024-11-19,204.61000061035156,204.61000061035156,205.3000030517578,198.77999877929688,199.3300018310547,31197900,0.014427385751800914,-0.020583040430714017,199.30249938964843,192.18980041503906,0.3783252232466601,57.09712538518895,5.00312998553369,5.1540679843881625,-0.1509379988544728,0.7150148761724179
2024-11-20,202.8800048828125,202.8800048828125,203.1300048828125,199.4499969482422,202.97999572753906,32769000,-0.00845508881471324,-0.05240542223655209,200.21099929809571,192.5570004272461,0.3643736434145003,54.846329191044376,4.548975731342182,5.033049533778967,-0.484073802436785,0.6630630572836883
2024-11-21,198.3800048828125,198.3800048828125,203.49000549316406,195.75,203.49000549316406,58800000,-0.022180598835253806,-0.061944349864674564,200.8109992980957,192.78460052490234,0.37638124332762607,49.392120324441,3.7823423329717514,4.782908093617524,-1.000565760645773,0.5279279345329276
2024-11-22,197.1199951171875,197.1199951171875,199.25999450683594,196.75,198.25,31530800,-0.006351495788949668,-0.02709641911369487,201.27549896240234,192.9972003173828,0.37753581075751286,47.95412893228207,3.038086414677565,4.433943757829533,-1.3958573431519676,0.49008980690072945
2024-11-25,201.4499969482422,201.4499969482422,201.9499969482422,199.0,199.27999877929688,40685700,0.021966324768223133,-0.0012394645700671836,201.92849884033203,193.32840026855467,0.3836990442862022,53.01638276915401,2.7657711100619338,4.1003092282760125,-1.3345381182140788,0.6201198800008615
2024-11-26,207.86000061035156,207.86000061035156,208.0,201.7899932861328,201.89999389648438,41673700,0.03181932866326265,0.015883876595988777,202.77999877929688,193.74800018310546,0.3954423481798974,59.323816742469255,3.032239227809839,3.886695228182778,-0.8544560003729389,0.8126124648257451
2024-11-27,205.74000549316406,205.74000549316406,207.63999938964844,205.0500030517578,206.97999572753906,28061600,-0.010199148999145757,0.014097005823730857,203.4304992675781,194.13420043945314,0.39826684832728143,56.61666967800186,3.0373386927334423,3.716823921092911,-0.6794852283594688,0.7489489536274904
2024-11-29,207.88999938964844,207.88999938964844,208.1999969482422,204.58999633789062,205.8300018310547,24892400,0.010450052683389277,0.04793827136184259,204.50499954223633,194.49460052490235,0.37472287919518943,58.67620846936756,3.178229938273688,3.6091051245290666,-0.4308751862553786,0.8135133289863353
2024-12-02,210.7100067138672,210.7100067138672,212.99000549316406,209.50999450683594,209.9600067138672,39523200,0.01356490130596999,0.068942836512351,205.1440002441406,194.87680053710938,0.3129011682388584,61.27312076467065,3.4773535218879204,3.5827548040008375,-0.1054012821129171,0.8981982258566343
2024-12-03,213.44000244140625,213.44000244140625,214.02000427246094,209.64999389648438,210.30999755859375,32214800,0.012956175029913197,0.05951851911045014,206.0270004272461,195.26800048828125,0.3099935740161911,63.65437454207886,3.8898590825074564,3.6441756597021615,0.24568342280529487,0.9801800720233107
2024-12-04,218.16000366210938,218.16000366210938,220.0,215.75,215.9600067138672,48745700,0.02211394849472459,0.04955259800593326,206.96000061035156,195.7520004272461,0.3121134913039932,67.3880361949267,4.545242635271052,3.82438905481594,0.7208535804551119,1.0
2024-12-05,220.5500030517578,220.5500030517578,222.14999389648438,217.3000030517578,218.02999877929688,41140200,0.010955259211262725,0.07198404375995726,207.63300094604492,196.31240051269532,0.2875315637030675,69.11796822720017,5.197577362846715,4.099026716422095,1.09855064642462,1.0
2024-12-06,227.02999877929688,227.02999877929688,227.14999389648438,220.60000610351562,220.75,44178100,0.029381072944344444,0.09206791786926849,208.48200073242188,197.02980041503906,0.2998973488657191,73.25968354444184,6.16635690986385,4.512492755110447,1.6538641547534034,1.0
2024-12-09,226.08999633789062,226.08999633789062,230.0800018310547,225.6699981689453,227.2100067138672,46819400,-0.004140432746599476,0.07299126350894491,209.37750091552735,197.79220031738282,0.2976341767957123,71.7562878997384,6.780114401119903,4.966017084312338,1.8140973168075645,0.9796668282872825
2024-12-10,225.0399932861328,225.0399932861328,229.05999755859375,224.1999969482422,226.08999633789062,31199900,-0.004644181824783544,0.05434778257140915,210.28750076293946,198.56640014648437,0.2968432982823523,70.0275721752787,7.099951344258727,5.3928039363016165,1.7071474079571107,0.9569542358408953
2024-12-11,230.25999450683594,230.25999450683594,231.1999969482422,226.25999450683594,226.41000366210938,35385800,0.02319588240507109,0.05546383682440381,211.3550003051758,199.46899993896486,0.3037629558835477,73.45180540609016,7.686035071226883,5.85145016328667,1.8345849079402123,1.0
2024-12-12,228.97000122070312,228.97000122070312,231.08999633789062,227.6300048828125,229.8300018310547,28204100,-0.0056023335225716675,0.03817727523209036,212.09850006103517,200.3532000732422,0.2965929159701519,71.28441312762898,7.954721887807011,6.272104508190738,1.6826173796162731,0.9739184490700035
2024-12-13,227.4600067138672,227.4600067138672,230.1999969482422,225.86000061035156,228.39999389648438,28768100,-0.006594726378065796,0.00189405777598739,212.89750061035156,201.2632000732422,0.29327227040778575,68.72794146143758,7.9541239983964545,6.608508406231882,1.345615592164572,0.9433888338716793
2024-12-16,232.92999267578125,232.92999267578125,233.0,228.00999450683594,230.22999572753906,37552100,0.024048121869595374,0.03025342318847346,214.41350021362305,202.19160003662108,0.2465501194898456,72.56615097279348,8.299362435297041,6.946679212044915,1.3526832232521269,1.0
2024-12-17,231.14999389648438,231.14999389648438,232.72999572753906,227.85000610351562,232.38999938964844,35948100,-0.00764177579215608,0.027150732281540968,215.88600006103516,203.19859985351562,0.24876011911741683,69.57364424699189,8.333274556625128,7.2239982809609575,1.10927627566417,0.9645489129212578
2024-12-18,220.52000427246094,220.52000427246094,231.39999389648438,220.11000061035156,230.77000427246094,43281400,-0.045987410359975445,-0.04229996728366048,216.68150024414064,203.95459991455078,0.3096664584240421,54.98956140828871,7.4169014103746065,7.262578906843688,0.1543225035309188,0.7426380751516148
2024-12-19,223.2899932861328,223.2899932861328,226.08999633789062,222.9199981689453,224.91000366210938,39918700,0.012561168873593154,-0.024806777762539256,217.70199966430664,204.71699981689454,0.3074939563653925,57.49021300836273,6.835389933230516,7.177141112121054,-0.3417511788905383,0.8000829075881012
2024-12-20,224.9199981689453,224.9199981689453,226.2100067138672,218.72999572753906,219.83999633789062,88279200,0.00729994595290151,-0.011166835795081487,219.02899932861328,205.48239990234376,0.29027679262408723,58.93597563762097,6.431922471040195,7.028097383904883,-0.5961749128646874,0.8338864197687131
2024-12-23,225.05999755859375,225.05999755859375,226.8800048828125,223.89999389648438,225.00999450683594,28070000,0.0006224408269079884,-0.03378695472738824,220.4259994506836,206.20719970703124,0.2872348315962011,59.06474941625202,6.053685265694497,6.833214960262806,-0.7795296945683088,0.8367897675581342
2024-12-24,229.0500030517578,229.0500030517578,229.13999938964844,226.1300048828125,226.94000244140625,15007500,0.017728630305015702,-0.009084970366328493,221.80599975585938,207.03739990234374,0.2846506058289475,62.65881547830623,6.006648745112585,6.667901717232763,-0.6612529721201774,0.9195356542183982
2024-12-26,227.0500030517578,227.0500030517578,228.5,226.6699981689453,228.5,16146700,-0.00873171784917226,0.029611820482412066,222.7654998779297,207.8245999145508,0.2731510471135851,59.82349864730075,5.741800773202414,6.482681528426693,-0.7408807552242793,0.8780590764031397
2024-12-27,223.75,223.75,226.02999877929688,220.89999389648438,225.60000610351562,27367100,-0.014534256804240364,0.0020601313435382185,223.66599960327147,208.5617999267578,0.2766700013257429,55.371312988415774,5.205617067170152,6.227268636175386,-1.0216515690052335,0.809622659719728
2024-12-30,221.3000030517578,221.3000030517578,223.0,218.42999267578125,220.05999755859375,28321200,-0.010949707031249978,-0.016094589839309892,224.33649978637695,209.23720001220704,0.2808090836616866,52.26160177415517,4.530765494582312,5.887968007856771,-1.3572025132744594,0.7588139151842717
2024-12-31,219.38999938964844,219.38999938964844,223.22999572753906,218.94000244140625,222.97000122070312,24819700,-0.008630834323407832,-0.025193273928962645,224.770499420166,209.8451998901367,0.2810795564277932,49.90838417686246,3.798038010311501,5.469982008347717,-1.671943998036216,0.7192037074248175
