Date,Adj Close,Close,High,Low,Open,Volume,Daily_Return,Return_5D,SMA_20,SMA_50,Volatility_20,RSI_14,MACD,MACD_Signal,MACD_Histogram,Price_Position
2020-01-02,207.95382690429688,209.77999877929688,209.7899932861328,206.27000427246094,206.75,12077100,0.0,0.0,,,0.0,50.0,0.0,0.0,0.0,0.0
2020-01-03,206.8534698486328,208.6699981689453,210.39999389648438,206.9499969482422,207.2100067138672,11188400,-0.005291260448139101,0.0,,,0.0,0.0,-0.08854705723604184,-0.01770941144720837,-0.07083764578883348,0.0
2020-01-06,210.74929809570312,212.60000610351562,212.77999877929688,206.52000427246094,206.6999969482422,17058900,0.0188336031487788,0.0,,,0.0,79.22248638520675,0.15659245745629846,0.017150962333493003,0.13944149512280546,1.0
2020-01-07,211.2052764892578,213.05999755859375,214.5800018310547,211.75,212.82000732421875,14912400,0.0021636474217887613,0.0,,,0.0,81.10893875716171,0.3835632764100012,0.09043342514879465,0.29312985126120655,1.0
2020-01-08,213.34649658203125,215.22000122070312,216.24000549316406,212.61000061035156,213.0,13475000,0.010138006603118255,0.0,,,0.0,87.05325841375581,0.7293263095886005,0.21821200203675584,0.5111143075518446,1.0
2020-01-09,216.399658203125,218.3000030517578,218.3800048828125,216.27999877929688,217.5399932861328,12642800,0.01431094607185801,0.040613997149578474,,,0.0,91.27107527465482,1.237610013734752,0.4220916043763551,0.8155184093583969,1.0
2020-01-10,216.16175842285156,218.05999755859375,219.8800048828125,217.4199981689453,219.1999969482422,12119400,-0.0010994296372371926,0.0449992786315454,,,0.0,88.84222057790717,1.6025884319018644,0.658190969881457,0.9443974620204074,0.9750773238347552
2020-01-13,219.97824096679688,221.91000366210938,221.97000122070312,219.2100067138672,219.60000610351562,14463400,0.01765571928194265,0.04379114436177711,,,0.0,92.35621878127758,2.1774000620066545,0.9620327883064965,1.215367273700158,1.0
2020-01-14,217.15304565429688,219.05999755859375,222.3800048828125,218.6300048828125,221.61000061035156,13288900,-0.012843071770009873,0.02816108170821674,,,0.0,73.82185192648444,2.375586464093118,1.2447435234638209,1.130842940629297,0.784742830734692
2020-01-15,219.22483825683594,221.14999389648438,221.67999267578125,220.13999938964844,220.61000061035156,10036500,0.00954074847614117,0.027553167187747585,,,0.0,77.40317465047221,2.670511854914622,1.5298971897539813,1.1406146651606408,0.9425974735420314
2020-01-16,219.83946228027344,221.77000427246094,222.6300048828125,220.38999938964844,222.57000732421875,10015300,0.0028035740135121667,0.015895561943168657,,,0.0,78.34943760124105,2.9206050901955223,1.8080387698422897,1.1125663203532326,0.9894260323592222
2020-01-17,220.2062225341797,222.13999938964844,222.2899932861328,220.52999877929688,222.02999877929688,15905900,0.0016683731345963349,0.018710455272560322,,,0.0,78.91682812125752,3.1127791147616506,2.068986838826162,1.0437922759354885,1.0
2020-01-21,219.5123291015625,221.44000244140625,222.3699951171875,219.1199951171875,222.16000366210938,14275800,-0.003151152202059526,-0.002117981221877563,,,0.0,74.91667842326156,3.172029330561827,2.2895953371732953,0.8824339933885317,0.9480328964509442
2020-01-22,219.39340209960938,221.32000732421875,222.75,221.27999877929688,222.30999755859375,12212800,-0.0005418854582033283,0.010316852875069005,,,0.0,74.22214645026845,3.1727296973468526,2.466222209208007,0.7065074881388456,0.9391245737847911
2020-01-23,217.8469696044922,219.75999450683594,221.49000549316406,219.27000427246094,220.75,11195000,-0.007048675066676169,-0.006285324114904012,,,0.0,65.69514597230577,3.012676487061327,2.5755130647786713,0.4371634222826559,0.8233107151353127
2020-01-24,216.04281616210938,217.94000244140625,221.77999877929688,216.11000061035156,220.8000030517578,11905800,-0.008281726023491864,-0.01727015266838905,,,0.0,57.408730038322545,2.707761624927997,2.6019627768085365,0.1057988481194605,0.6881962459077676
2020-01-27,212.99952697753906,214.8699951171875,216.05999755859375,212.5,213.10000610351562,13810700,-0.014086479259557416,-0.032727128353452706,,,0.0,46.70667863958596,2.1931096629208753,2.5201921540310046,-0.3270824911101293,0.46028184011690476
2020-01-28,215.89410400390625,217.7899932861328,218.74000549316406,213.52000427246094,216.13999938964844,13413800,0.013589604110861409,-0.01648306139374811,,,0.0,55.25137507061308,1.9978339379260603,2.415720510810016,-0.4178865728839556,0.6770597097771787
2020-01-29,221.2867431640625,223.22999572753906,224.1999969482422,218.4499969482422,221.44000244140625,33181300,0.02497820197945999,0.00862998527070502,,,0.0,66.14263655826109,2.2560331066841854,2.38378302998485,-0.12774992330066448,1.0
2020-01-30,207.7060089111328,209.52999877929688,211.42999267578125,204.75,206.52999877929688,48775500,-0.06137166693746465,-0.04655076439411199,217.37999954223633,,0.0,39.84275069512243,1.3397388742937721,2.1749741988466345,-0.8352353245528623,0.05906598588980973
2020-01-31,200.15232849121094,201.91000366210938,208.69000244140625,201.05999755859375,208.42999267578125,31359900,-0.036367084243692616,-0.07355234743381533,216.98649978637695,,0.31412831228522886,32.1786801434768,-0.0012860051529344219,1.7397221580467208,-1.7410081631996552,0.0
2020-02-03,202.41249084472656,204.19000244140625,205.13999938964844,202.5,203.44000244140625,15495600,0.011292153622622925,-0.049704439514491106,216.7625,,0.3171288880654133,36.13711342507855,-0.8700516234062547,1.2177674017561257,-2.0878190251623803,0.10694182119297724
2020-02-04,208.00341796875,209.8300018310547,210.60000610351562,205.1999969482422,206.6199951171875,19628900,0.02762132975274767,-0.03654893108252355,216.62399978637694,,0.32579386065509736,44.730626802801666,-1.0908788473830953,0.7560381519282815,-1.8469169993113768,0.37148222872876063
2020-02-05,208.2809600830078,210.11000061035156,212.72999572753906,208.7100067138672,212.50999450683594,12538200,0.0013344077436663326,-0.058773441599671794,216.47649993896485,,0.3257188674115248,45.12540693651514,-1.2291238769665256,0.3590057461493201,-1.5881296231158457,0.38461538461538464
2020-02-06,209.01449584960938,210.85000610351562,211.19000244140625,209.33999633789062,210.47000122070312,10567500,0.0035219908191632676,0.006299848861303747,216.25800018310548,,0.32369521809784574,46.218771410600155,-1.2643966228895636,0.03432527234154337,-1.298721895231107,0.4193248484319298
2020-02-07,210.48162841796875,212.3300018310547,212.82000732421875,209.92999267578125,210.3000030517578,12242500,0.007019187501528856,0.051607141696569325,215.95950012207032,,0.32018921864301236,48.43179411453409,-1.159560549573854,-0.2044518920415361,-0.9551086575323178,0.4887430603617021
2020-02-10,211.2052764892578,213.05999755859375,213.8000030517578,210.66000366210938,211.52000427246094,11856400,0.0034380244018454853,0.043439908962892515,215.70950012207032,,0.3206107399738185,49.53483444718827,-1.0059763822484626,-0.36475679008292144,-0.6412195921655413,0.522983022801592
2020-02-11,205.38638305664062,207.19000244140625,210.86000061035156,206.50999450683594,210.19000244140625,25030800,-0.027550902020324952,-0.012581610668688126,214.97350006103517,,0.32590806614823203,41.79343401073603,-1.3424445068575324,-0.5602943334378436,-0.7821501734196887,0.24765481915250706
2020-02-12,208.92530822753906,210.75999450683594,211.22000122070312,207.39999389648438,207.85000610351562,13813700,0.01723052282138604,0.00309358857073061,214.55849990844726,,0.33156665387039347,47.198141789905385,-1.3059749296724306,-0.709430452684761,-0.5965444769876695,0.4151029145586222
2020-02-13,211.2845916748047,213.13999938964844,214.3300018310547,209.17999267578125,209.52000427246094,15396600,0.011292488825412672,0.010860769361365596,214.15800018310546,,0.3324128101294306,50.498163745979596,-1.0726610545632127,-0.7820765730604513,-0.2905844815027614,0.5267354552982443
2020-02-14,212.31553649902344,214.17999267578125,214.92999267578125,212.64999389648438,214.0,10741700,0.004879390490339475,0.00871280944177899,213.77849960327148,,0.3328614215042755,51.91245102606171,-0.794678798480561,-0.7845970181444732,-0.010081780336087753,0.575515646348088
2020-02-18,215.90399169921875,217.8000030517578,217.97999572753906,213.39999389648438,213.5500030517578,15609200,0.01690172051437333,0.02224728033173151,213.56149978637694,,0.3391337420731967,56.56431458596893,-0.27905450747201144,-0.683488516009981,0.4044340085379695,0.7453098172308437
2020-02-19,215.59671020507812,217.49000549316406,218.32000732421875,216.11000061035156,217.99000549316406,12135100,-0.0014233129212587459,0.049712838121475755,213.36399993896484,,0.33902794524056046,56.064150260276584,0.10337559627902237,-0.5261156935521804,0.6294912898312027,0.7307695886208898
2020-02-20,212.71206665039062,214.5800018310547,218.77000427246094,212.9499969482422,216.52000427246094,13109200,-0.013379942013936996,0.01812491660553195,213.02699966430663,,0.3420088532623393,51.46378949605617,0.16968520769597717,-0.3869555133025489,0.556640720998526,0.5942778088313495
2020-02-21,208.35035705566406,210.17999267578125,214.24000549316406,208.8300018310547,213.47999572753906,14092300,-0.020505215386929176,-0.013887617164040189,212.5479995727539,,0.348276207787091,45.39799063091731,-0.13129443344013225,-0.3358232973300656,0.20452886388993335,0.3878983157353816
2020-02-24,198.97271728515625,200.72000122070312,203.64999389648438,198.1699981689453,201.8000030517578,23080100,-0.045009000783775344,-0.06284429879243403,211.68699951171874,,0.38002464806720104,35.664929329805815,-1.120251653727479,-0.49270896860954827,-0.6275426851179307,0.0
2020-02-25,195.0570831298828,196.77000427246094,203.5,195.9499969482422,202.25,21433500,-0.019679139718113747,-0.09655646687157904,210.78199996948243,,0.3825368615135916,32.528947493291156,-2.1974087577584953,-0.8336489264393377,-1.3637598313191575,0.0
2020-02-26,195.48333740234375,197.1999969482422,201.2100067138672,195.49000549316406,197.19000244140625,16524500,0.002185255203764891,-0.09329168252542808,209.75250015258788,,0.3776492908426907,33.21735369867773,-2.9819921584867757,-1.2633175728488255,-1.7186745856379502,0.0162506732668928
2020-02-27,188.0981903076172,189.75,195.8800048828125,189.5,191.82000732421875,21682600,-0.03777888977451427,-0.1157144264105473,208.07850036621093,,0.37798379894251516,27.90497887658836,-4.1570131873104685,-1.8420566957411542,-2.3149564915693146,0.0
2020-02-28,190.79452514648438,192.47000122070312,192.74000549316406,181.82000732421875,182.6999969482422,32568900,0.014334657289608144,-0.08426107180618825,207.22550048828126,,0.3279326950737972,32.17020324717777,-4.8132601844545775,-2.436297393483839,-2.3769627909707385,0.0812425796836581
2020-03-02,194.72999572753906,196.44000244140625,196.57000732421875,188.85000610351562,194.02999877929688,24949000,0.020626597368546662,-0.02132323013784143,206.9520004272461,,0.3155679445116197,37.941143795220974,-4.955866592708475,-2.940211233328766,-2.0156553593797084,0.19982088695140932
2020-03-03,184.2717742919922,185.88999938964844,197.24000549316406,183.97000122070312,196.22000122070312,27984100,-0.05370598106617641,-0.05529300526795389,206.0370002746582,,0.36236290447508257,30.51193638727436,-5.8527138330167645,-3.522711753266366,-2.3300020797503986,0.0
2020-03-04,190.0906982421875,191.75999450683594,191.8300018310547,186.38999938964844,189.1699981689453,23062500,0.03157778867319938,-0.027586219703817028,205.13349990844728,,0.3672439939857559,37.808718947589576,-6.020412614986725,-4.022251925610438,-1.998160689376287,0.1572039553531221
2020-03-05,183.55807495117188,185.1699981689453,188.99000549316406,183.88999938964844,186.77999877929688,19333400,-0.03436585589626573,-0.024137032047718998,203.88649978637696,,0.38164539781465173,33.54941821331802,-6.608889572373414,-4.539579454963033,-2.0693101174103807,0.0
2020-03-06,179.51358032226562,181.08999633789062,183.77999877929688,176.25999450683594,178.3300018310547,24559600,-0.022033816878543,-0.059126122567865425,202.39849929809571,,0.38394537352183433,31.205525589271474,-7.3201022682747805,-5.095684017625383,-2.2244182506493972,0.0
2020-03-09,168.02450561523438,169.5,175.0,165.19000244140625,169.60000610351562,29949000,-0.06400130637953727,-0.13714112251368893,200.25699920654296,,0.42894787517950067,25.710488048289392,-8.718458335969132,-5.8202388812941335,-2.898219454674998,0.0
2020-03-10,176.6388397216797,178.19000244140625,178.2899932861328,169.5,174.6699981689453,24517800,0.051268450981747815,-0.04142233026803144,198.51349945068358,,0.48057046568903733,34.958548683801425,-9.021461233156288,-6.460483351666565,-2.5609778814897224,0.16173465721963998
2020-03-11,168.75804138183594,170.24000549316406,175.8800048828125,167.66000366210938,174.00999450683594,20373900,-0.04461528053941388,-0.11222355877208123,196.66599960327147,,0.49321398591201343,31.139411090687574,-9.790235781146691,-7.126433837562591,-2.6638019435841,0.013772669867992863
2020-03-12,153.12533569335938,154.47000122070312,166.60000610351562,154.33999633789062,159.5399932861328,43266300,-0.09263395067908509,-0.1657935802334034,193.85149993896485,,0.56391260230738,25.24723997153447,-11.538988422746911,-8.008944754599455,-3.5300436681474565,0.0
2020-03-13,168.79769897460938,170.27999877929688,170.7899932861328,157.60000610351562,163.52999877929688,35028600,0.10234995425425542,-0.05969406249489173,191.70849990844727,205.50279998779297,0.696779758102186,37.92800209040275,-11.516398938725388,-8.710435591424641,-2.8059633473007466,0.22993017483475747
2020-03-16,144.7389373779297,146.00999450683594,159.1300048828125,143.10000610351562,152.32000732421875,39120400,-0.14252997678205148,-0.13858410320450776,188.3,204.22739990234376,0.8367395683337039,29.62105597461401,-13.303528328378064,-9.629054138815325,-3.674474189562739,0.0
2020-03-17,148.11927795410156,149.4199981689453,153.94000244140625,140.0,150.74000549316406,34255600,0.023354590715704227,-0.1614568936431846,184.88099975585936,203.04239990234376,0.8405754124155403,31.878592148236038,-14.280070682514577,-10.559257447555176,-3.720813234959401,0.04415959088582782
2020-03-18,145.68067932128906,146.9600067138672,148.17999267578125,137.10000610351562,139.75,37553100,-0.01646360249781742,-0.13674810871779297,181.35449981689453,201.7295999145508,0.8385009042061548,31.103480266128656,-15.078670754878289,-11.4631401090198,-3.615530645858488,0.012302670189242968
2020-03-19,151.7969970703125,153.1300048828125,159.92999267578125,144.8000030517578,146.6199951171875,39862300,0.041984199013806345,-0.008674799814211598,178.28199996948243,200.53100006103514,0.865195906964448,35.34941982430317,-15.040324282371273,-12.178576943690095,-2.8617473386811785,0.09220422511554749
2020-03-20,148.4265899658203,149.72999572753906,159.27000427246094,148.0,156.02000427246094,32568400,-0.022203415704684426,-0.12068359877306001,175.2595001220703,199.22119995117188,0.8653528663876507,34.1022120522057,-15.110106844418965,-12.76488292383587,-2.345223920583095,0.04817406322062802
2020-03-23,146.81076049804688,148.10000610351562,152.30999755859375,142.25,149.66000366210938,29830800,-0.010886192950873341,0.014314168038557451,172.62850036621094,197.81720001220702,0.8582983222150042,33.49212934548119,-15.122612504413553,-13.236428839951408,-1.8861836644621448,0.027065676814821693
2020-03-24,159.57862854003906,160.97999572753906,161.30999755859375,152.57000732421875,155.2100067138672,30440400,0.08696819104126763,0.07736579909151886,170.83899993896483,196.67559997558592,0.9289555321713727,42.27937110591787,-13.93260936198675,-13.375664944358476,-0.556944417628273,0.19386170660522578
2020-03-25,154.8501739501953,156.2100067138672,162.99000549316406,153.05999755859375,158.9199981689453,35184300,-0.029630942603235955,0.06294229434821585,168.78950042724608,195.3616000366211,0.9310423141675919,40.162998137849755,-13.22200648668047,-13.344933252822875,0.12292676614240428,0.13209028808324558
2020-03-26,161.9180908203125,163.33999633789062,164.0,157.02000427246094,158.25,26556800,0.045643616398298725,0.06667531593753706,167.46900024414063,194.24720001220703,0.9449215644909603,44.62503690609218,-11.945814104547736,-13.065109423167847,1.119295318620111,0.22442374458818856
2020-03-27,155.4250946044922,156.7899932861328,160.08999633789062,154.75,158.1999969482422,24879900,-0.04010042364766708,0.04715152447770521,165.68499984741212,192.96,0.9493229403236687,41.55907552401613,-11.332321010372539,-12.718551740608786,1.3862307302362478,0.13960112158618687
2020-03-30,164.50538635253906,165.9499969482422,166.75,158.05999755859375,159.17999267578125,22515200,0.058422119104201364,0.12052660438278551,164.1604995727539,191.84359985351563,0.9738503887062031,47.039097471454006,-9.991808225532878,-12.173203037593606,2.181394812060727,0.2582232857574758
2020-03-31,165.34799194335938,166.8000030517578,170.92999267578125,164.1999969482422,165.47999572753906,23676300,0.005122061579674098,0.036153605905600905,163.20599975585938,190.7367999267578,0.958358152627202,47.530775662051425,-8.759875406069966,-11.49053751128888,2.7306621052189133,0.2692308756315838
2020-04-01,158.21067810058594,159.60000610351562,164.14999389648438,158.0399932861328,161.6199951171875,19507600,-0.04316544854023796,0.02170155075825564,161.59800033569337,189.5,0.9586545255053527,43.81977791342416,-8.269216966110434,-10.846273402253193,2.577056436142758,0.17599082338574384
2020-04-02,156.81295776367188,158.19000244140625,161.35000610351562,155.9199981689453,159.10000610351562,20886300,-0.008834609073854693,-0.03152928867361382,160.2490005493164,188.23739990234375,0.953390141851762,43.10992934324047,-7.903040794274943,-10.257626880657543,2.3545860863826,0.1577312579905112
2020-04-03,152.83782958984375,154.17999267578125,157.91000366210938,150.8300018310547,157.14999389648438,25983300,-0.02534932488613062,-0.016646474405981104,158.90350036621095,186.92579986572267,0.9541974022626749,41.072169246393976,-7.845974307111533,-9.775296365948343,1.92932205883681,0.10580158041689967
2020-04-06,164.10885620117188,165.5500030517578,166.1999969482422,158.50999450683594,160.14999389648438,28453600,0.07374504420872618,-0.0024103278327213262,158.70600051879882,185.87799987792968,0.9688153402599814,48.504800717911586,-6.804841909032575,-9.18120547456519,2.376363565532614,0.2530433596999619
2020-04-07,167.36029052734375,168.8300018310547,173.38999938964844,166.00999450683594,171.7899932861328,31411900,0.01981273765528968,0.012170256247938882,158.23800048828124,184.95720001220704,0.9533157839322526,50.44655169158709,-5.649939507527847,-8.474952281157721,2.825012773629874,0.2955193856964169
2020-04-08,172.76287841796875,174.27999877929688,175.0,167.74000549316406,171.25,21664200,0.0322809742885386,0.0919799004660431,158.44000015258788,184.08700012207032,0.9456473868341844,53.57876100464237,-4.245957077343547,-7.629153240394887,3.3831961630513394,0.36609691563798613
2020-04-09,173.66494750976562,175.19000244140625,177.0800018310547,171.57000732421875,175.89999389648438,23534300,0.005221503720927778,0.10746570413826761,159.47600021362305,183.12620025634766,0.8757486948251635,54.10045618987557,-3.024990982901585,-6.708320788896227,3.683329805994642,0.4064633578684033
2020-04-13,173.26844787597656,174.7899932861328,175.0,169.4499969482422,173.6699981689453,19355400,-0.00228328757177354,0.13367493572069034,159.70149993896484,182.43140014648438,0.8015107246706593,53.81416487011325,-2.0658303459913725,-5.779822700315256,3.7139923543238833,0.4008914243447691
2020-04-14,176.61900329589844,178.1699981689453,181.22999572753906,176.6199951171875,178.97999572753906,21011800,0.019337519381211976,0.07623071509845869,161.30950012207032,181.9566000366211,0.591263965295394,55.93605414616604,-1.0211789692021114,-4.828093954092627,3.8069149848905157,0.44797325301870633
2020-04-15,175.42947387695312,176.97000122070312,178.19000244140625,172.82000732421875,175.19000244140625,17423000,-0.006735123536928622,0.04821417580622911,162.6870002746582,181.41220001220702,0.5923340298269076,54.97046838755765,-0.28680879842414697,-3.919836922958931,3.633028124534784,0.43125787754286554
2020-04-16,174.71572875976562,176.25,178.0500030517578,172.50999450683594,177.9499969482422,23593200,-0.004068493053832278,0.011303656383414795,164.15149993896483,180.74059997558595,0.5868352977562546,54.36408280829589,0.23438492800877953,-3.088992552765389,3.3233774807741687,0.42122860974785487
2020-04-17,177.67970275878906,179.24000549316406,180.27999877929688,176.66000366210938,179.1999969482422,20974800,0.016964570173980453,0.023117774960431214,165.4569999694824,180.12320007324217,0.5752210056318366,56.509620089946424,0.8785754945774613,-2.2954789432968195,3.1740544378742808,0.46287793607845557
2020-04-20,176.6884002685547,178.24000549316406,180.5,176.77000427246094,177.41000366210938,16110700,-0.0055791116344177105,0.0197380418762505,166.88250045776368,179.47100006103517,0.5664062496390381,55.56865850907374,1.2934988673070507,-1.5776833811760453,2.871182248483096,0.4489484210906664
2020-04-21,169.3131561279297,170.8000030517578,175.3800048828125,168.33999633789062,175.25,24850500,-0.04174148458322169,-0.04136496151388569,168.0175003051758,178.64040008544922,0.5910753161423395,49.027601782528166,1.0103360857459052,-1.0600794877916553,2.0704155735375602,0.3453127955739102
2020-04-22,180.69320678710938,182.27999877929688,184.77999877929688,178.13999938964844,178.4499969482422,33242000,0.06721308853876451,0.03000507160516741,169.08250045776367,178.0248001098633,0.5592867162599051,57.366719207135496,1.6927542370245305,-0.5095127428284181,2.202266979852949,0.5052235681204209
2020-04-23,183.51841735839844,185.1300048828125,187.0500030517578,183.14999389648438,184.0800018310547,21426600,0.01563531996160683,0.05038300642730498,170.52850036621095,177.5836001586914,0.5430088444615134,59.153331862099954,2.435472600420411,0.07948432582134773,2.3559882745990635,0.5449227708546324
2020-04-24,188.41542053222656,190.07000732421875,190.41000366210938,180.8300018310547,183.22999572753906,28792000,0.02668396430137454,0.060421789216401844,171.86500091552733,177.16980041503905,0.5300919735221625,62.11676267897632,3.3836940474049015,0.7403262701380585,2.643367777266843,0.6137346089019157
2020-04-27,185.8677978515625,187.5,193.75,187.41000366210938,192.66000366210938,29197800,-0.01352137225856398,0.05195239127834905,173.4005012512207,176.6570004272461,0.5058604378976738,59.69051376671224,3.883027143282362,1.3688664447669194,2.5141606985154428,0.5779356533604827
2020-04-28,181.3177490234375,182.91000366210938,189.1999969482422,182.55999755859375,188.66000366210938,21731000,-0.024479980468749996,0.07090164165091872,174.24850158691407,176.03160064697266,0.4845773776572773,55.51956141897411,3.8638379561947147,1.8678607470524784,1.9959772091422363,0.513999230577938
2020-04-29,192.4995574951172,194.19000244140625,196.91000366210938,190.0,190.92999267578125,45954500,0.0616696657014697,0.06533905936948092,175.61800155639648,175.55940063476564,0.5242319081944916,62.46160057924934,4.704600313876881,2.4352086604173593,2.2693916534595218,0.674034702425908
2020-04-30,202.92796325683594,204.7100067138672,209.69000244140625,201.57000732421875,206.9199981689453,46230100,0.0541737686811925,0.10576352462934824,177.87350158691407,175.3038006591797,0.5115946212801794,67.54841059540446,6.148906202013592,3.177948168736606,2.970958033276986,0.85605958782359
2020-05-01,200.50921630859375,202.27000427246094,207.27999877929688,199.0500030517578,201.60000610351562,30415600,-0.011919312009093685,0.06418685998907558,180.0775016784668,175.0576007080078,0.5134551388971269,65.33690839653627,7.015767814749125,3.94551209793911,3.0702557168100153,0.8767338533734242
2020-05-04,203.4731903076172,205.25999450683594,205.91000366210938,198.75999450683594,200.1999969482422,19250700,0.014782173190382775,0.09471997070312499,182.63150177001953,174.9592007446289,0.4932149419470279,66.77251010940711,7.853498865477832,4.727109451446855,3.126389414030977,1.0
2020-05-05,205.26744079589844,207.07000732421875,210.3800048828125,206.5,207.02000427246094,21071200,0.008818147061397053,0.1320868360307963,184.70750198364257,175.08620086669922,0.441542300265042,67.64606528584923,8.56473078107669,5.494633717372822,3.0700970637038685,1.0
2020-05-06,206.65524291992188,208.47000122070312,211.60000610351562,206.66000366210938,208.1199951171875,21857000,0.00676096898133749,0.07353622019550476,186.689501953125,175.32020080566406,0.4407575437297074,68.33939715384037,9.136040418589346,6.222915057616127,2.9131253609732184,1.0
2020-05-07,209.42095947265625,211.25999450683594,211.60000610351562,209.0399932861328,211.16000366210938,15152000,0.013383188323480288,0.03199642214913312,188.53850173950195,175.60140075683594,0.43368119637630714,69.73148570364636,9.70209683070712,6.918751412234326,2.783345418472794,1.0
2020-05-08,210.50146484375,212.35000610351562,213.2100067138672,210.85000610351562,212.24000549316406,12506000,0.005159574103105635,0.049834387789287726,190.39650192260743,176.05340087890625,0.4336903322550611,70.2812678131167,10.121975607677456,7.559396251322952,2.5625793563545036,1.0
2020-05-11,211.32423400878906,213.17999267578125,215.0,210.3699951171875,210.88999938964844,12911900,0.0039085780476080245,0.03858520111517172,192.31600189208984,176.4676007080078,0.43191526508381356,70.71741546209014,10.401800067106421,8.127877014479647,2.273923052626774,1.0
2020-05-12,208.2710723876953,210.10000610351562,215.27999877929688,210.0,213.2899932861328,14704600,-0.014447821925530735,0.014632726479565372,193.91250228881836,176.74080078125,0.43915099474612207,66.79963763281006,10.256799788049705,8.55366156919366,1.7031382188560453,0.9541463948753002
2020-05-13,203.3145751953125,205.10000610351562,210.77999877929688,202.11000061035156,209.42999267578125,20684600,-0.02379819064610833,-0.01616537198375967,195.319002532959,177.12500091552735,0.4510853533407035,60.901099117749844,9.62744857467996,8.76841897029092,0.8590296043890397,0.8797083996944153
2020-05-14,205.00967407226562,206.80999755859375,206.92999267578125,200.69000244140625,202.55999755859375,17178900,0.008337354481672055,-0.0210640777428317,196.84700241088868,177.4260009765625,0.44890770325594614,62.13262661789877,9.161062200796152,8.846947616391967,0.3141145844041855,0.9051660668329072
2020-05-15,209.0442657470703,210.8800048828125,211.33999633789062,204.1199951171875,205.27000427246094,19383200,0.019679935072121513,-0.006922539102666825,198.4290023803711,177.94020111083984,0.44969757788099246,64.96148490521033,9.015933150815812,8.880744723276736,0.13518842753907556,0.9657587039501796
2020-05-18,211.33413696289062,213.19000244140625,214.63999938964844,210.94000244140625,212.14999389648438,20151900,0.010954085285977744,4.695452654512877e-05,200.1765022277832,178.58220123291017,0.4466337666314866,66.49152120936053,8.98375568726243,8.901346916073877,0.08240877118855394,1.0
2020-05-19,214.99205017089844,216.8800048828125,220.49000549316406,212.8300018310547,213.27000427246094,31843200,0.017308515404799163,0.032270340706017864,202.48050231933593,179.5298013305664,0.40418851814752743,68.83280258650863,9.150525610718688,8.951182655002839,0.19934295571584926,1.0
2020-05-20,227.96807861328125,229.97000122070312,231.33999633789062,223.19000244140625,223.5,50162900,0.060355938967096456,0.12125789554894206,204.86500244140626,180.56540130615235,0.3923966722136029,75.39942102362764,10.221122545101963,9.205170633022664,1.0159519120792986,1.0
2020-05-21,229.37571716308594,231.38999938964844,237.1999969482422,231.1999969482422,234.72000122070312,47782600,0.006174710446614107,0.11885306378426241,207.17800216674806,181.78840118408203,0.3926622154171791,75.99038654114061,11.05670549525999,9.57547760547013,1.48122788978986,1.0
2020-05-22,232.86509704589844,234.91000366210938,235.99000549316406,228.74000549316406,231.50999450683594,33925600,0.015212430449655923,0.11395105378838788,209.42000198364258,183.39720123291016,0.3888714931834084,77.43731695245742,11.86616022158853,10.033614128693811,1.8325460928947184,1.0
2020-05-26,230.17864990234375,232.1999969482422,240.89999389648438,231.6699981689453,239.77000427246094,33178300,-0.011536361464474787,0.08916925882610616,211.65500183105468,184.63560119628906,0.3872769406449801,73.7522158370657,12.148938628613365,10.456679028677723,1.6922595999356425,0.969516238078965
2020-05-27,227.1453094482422,229.13999938964844,230.55999755859375,221.1300048828125,229.07000732421875,34697600,-0.013178284232604143,0.056528929503945946,213.96650161743165,186.2982012939453,0.3754313828983474,69.71782175556007,11.98793685019956,10.76293059298209,1.2250062572174691,0.9343944914988851
2020-05-28,223.4973602294922,225.4600067138672,231.6300048828125,224.0,224.3000030517578,29377200,-0.01606001870290441,-0.0196112296512434,215.53000183105468,187.81900146484375,0.33736959864504207,65.10538212429012,11.431620521463145,10.896668578678302,0.5349519427848435,0.892552617667475
2020-05-29,223.13055419921875,225.08999633789062,227.49000549316406,222.8800048828125,225.1999969482422,23241500,-0.0016411353009766483,-0.027226773276181837,216.54900131225585,189.3816012573242,0.29029093717107335,64.64230285752959,10.835968774979648,10.884528617938571,-0.04855984295892313,0.8868793042231042
2020-06-01,229.89120483398438,231.91000366210938,232.44000244140625,223.5,224.58999633789062,18223800,0.030299024546524,-0.012770848210939323,218.03100128173827,190.95720123291017,0.29644016446062577,69.01673114978742,10.789849400892052,10.865592774529269,-0.0757433736372164,0.9654417684095071
2020-06-02,230.69412231445312,232.72000122070312,233.0,226.55999755859375,230.94000244140625,20919000,0.0034927236678150564,0.0022394671804273347,219.40400161743165,192.61700134277345,0.2952274272024999,69.4993781117395,10.695369931270847,10.831548205877585,-0.13617827460673837,0.9747724628153793
2020-06-03,228.15646362304688,230.16000366210938,232.64999389648438,228.52999877929688,232.11000061035156,15380300,-0.01100033321229632,0.004451445732643222,220.55850143432616,194.25820129394532,0.3014432304618379,66.00003113956049,10.295246667705214,10.724287898243112,-0.4290412305378979,0.9411619056907545
2020-06-04,224.3201446533203,226.2899932861328,231.6300048828125,224.61000061035156,229.55999755859375,17041500,-0.016814434803615996,0.003681302880998105,221.44950103759766,195.56440124511718,0.3115488202602214,60.99978212011415,9.555716255515165,10.490573569697522,-0.9348573141823575,0.8932242140108666
2020-06-05,228.76112365722656,230.77000427246094,231.35000610351562,225.30999755859375,226.7100067138672,16750400,0.019797653980498264,0.02523438636537123,222.4250015258789,197.05560119628908,0.31484665163155345,64.36544395713341,9.22479482885663,10.237417821529345,-1.0126229926727142,0.9487179632571887
2020-06-08,229.38563537597656,231.39999389648438,231.5500030517578,227.41000366210938,229.02999877929688,15466500,0.002729945887073093,-0.0021991710472657466,223.37750091552735,198.41680114746094,0.31490853621395476,64.82514424030961,8.910655620384091,9.972065381300293,-1.0614097609162023,0.9565216240807966
2020-06-09,236.5923614501953,238.6699981689453,239.77000427246094,230.41000366210938,231.52000427246094,27462900,0.03141747823776142,0.02556719197762214,224.65200119018556,200.0544012451172,0.32905770439888943,69.68522726503379,9.142932585675908,9.806238822175416,-0.6633062364995084,1.0
2020-06-10,234.66925048828125,236.72999572753906,241.2100067138672,235.27999877929688,240.9600067138672,20720700,-0.008128388386851149,0.028545324821400708,225.9835006713867,201.47000122070312,0.32461859618707095,67.02392906463258,9.065964969588038,9.65818405165794,-0.5922190820699029,0.9770386754021076
2020-06-11,222.47630310058594,224.42999267578125,232.88999938964844,223.5500030517578,229.94000244140625,26708200,-0.0519579405810251,-0.00821954423764415,226.95,202.62260101318358,0.371162652498161,53.16154214726949,7.921150041520434,9.31077724963044,-1.3896272081100065,0.8314592902433152
2020-06-12,226.59017944335938,228.5800018310547,231.66000366210938,224.5,229.89999389648438,22091400,0.018491330440261855,-0.009489978770467089,228.03850021362305,204.00220092773438,0.374193928068327,56.435474068889256,7.265000614064547,8.901621922517261,-1.636621308452714,0.8805776342539475
2020-06-15,230.47605895996094,232.5,233.77000427246094,224.8000030517578,225.08999633789062,15340300,0.017149348751176463,0.004753699794856958,229.11949996948243,205.48840087890625,0.3730082407964691,59.32742063821209,6.980837804160956,8.517465098846001,-1.5366272946850454,0.9269736327636466
2020-06-16,233.5986328125,235.64999389648438,238.4600067138672,233.0,237.13999938964844,15236700,0.013548360845094143,-0.012653472558889378,230.24249954223632,207.1178009033203,0.37365644409857846,61.5369968919454,6.929930981259048,8.199958275328612,-1.270027294069564,0.9586979694456919
2020-06-17,233.4796600341797,235.52999877929688,237.58999633789062,231.72999572753906,235.0,19578100,-0.0005092090825183915,-0.005069053224768805,231.17499923706055,208.5174008178711,0.3713967789571707,61.40015618793952,6.801500885805183,7.920266797423927,-1.1187659116187438,0.9550400980198094
2020-06-18,233.88612365722656,235.94000244140625,236.13999938964844,232.14999389648438,234.99000549316406,15782500,0.0017407704506191557,0.05128552395513708,231.4734992980957,209.85960083007814,0.3069378858406915,61.71343730918793,6.656075879383593,7.6674286138158605,-1.0113527344322675,0.9597761024908676
2020-06-19,236.7113037109375,238.7899932861328,240.8300018310547,235.5500030517578,237.7899932861328,30081300,0.012079303277257258,0.044667037244248586,231.84349899291993,211.14980072021484,0.3088501085962552,63.90634310406482,6.693635888981532,7.472670068848995,-0.7790341798674625,1.0
2020-06-22,237.13758850097656,239.22000122070312,240.6999969482422,236.91000366210938,238.55999755859375,18917800,0.0018007787037166434,0.028903231056787604,232.05899887084962,212.43040069580078,0.3047420504601679,64.23915516421594,6.6810851233162225,7.314353079742441,-0.6332679564262182,1.0
2020-06-23,240.13128662109375,242.24000549316406,245.19000244140625,239.86000061035156,241.27999877929688,24017900,0.012624380307040939,0.027965252566798382,232.5609992980957,213.7794009399414,0.3035345542499319,66.57053666408488,6.83602620188509,7.218687704170971,-0.38266150228588103,1.0
2020-06-24,231.9828338623047,234.02000427246094,243.22000122070312,232.67999267578125,241.1999969482422,20834900,-0.0339332935696085,-0.0064110496100791,232.80499954223632,214.8964010620117,0.3256981686101989,55.89009047391462,6.223788759204808,7.019707915177739,-0.7959191559729311,0.884938396699454
2020-06-25,233.62835693359375,235.67999267578125,237.3000030517578,232.74000549316406,234.6199951171875,18704300,0.007093361135861009,-0.001102016457296462,233.31599884033204,216.0706008911133,0.3196852380281207,57.377280121075145,5.805609908831798,6.776888313908551,-0.9712784050767533,0.9081745157726834
2020-06-26,214.19898986816406,216.0800018310547,233.08999633789062,215.39999389648438,232.63999938964844,76343900,-0.08316357541511699,-0.09510445200216422,232.86549911499023,216.8672009277344,0.44125531731634915,40.160143095597164,3.848284076523356,6.191167466431512,-2.342883389908156,0.6338185502783917
2020-06-29,218.7193145751953,220.63999938964844,220.75,207.11000061035156,209.75,58514300,0.021103283598447264,-0.07766909847104664,232.3019989013672,217.69520080566406,0.43356138423676055,44.34444418813259,2.634672086351628,5.479868390415536,-2.845196304063908,0.6976483011568827
2020-06-30,225.0933380126953,227.07000732421875,227.5,218.47000122070312,220.58999633789062,33927100,0.0291425306035058,-0.0626238351425954,232.01949920654297,218.67180084228517,0.44730900874392887,49.686945612980836,2.1667468342870393,4.817244079189837,-2.650497244902798,0.787654008251365
2020-07-01,235.48211669921875,237.5500030517578,239.0,227.55999755859375,228.5,43399700,0.04615314832211781,0.015084175347621187,232.38899917602538,220.00680084228514,0.47522505926713027,56.94176530500972,2.6114575143901675,4.3760867662299034,-1.764629251839736,0.921781155499411
2020-07-02,231.38803100585938,233.4199981689453,240.0,232.61000061035156,239.0,30633600,-0.01738583384447545,-0.009589250581592434,232.74549942016603,221.02960083007812,0.475529620308417,53.658125014226,2.600658284339005,4.021001069851724,-1.4203427855127186,0.8513398440584211
2020-07-06,238.18832397460938,240.27999877929688,240.39999389648438,232.27000427246094,233.75999450683594,26206200,0.029389086899856753,0.11199554212871266,233.22099914550782,222.1326007080078,0.48147519853416254,57.99144413779735,3.109796733593754,3.83876020260013,-0.7289634690063762,0.9669643240624126
2020-07-07,238.76329040527344,240.86000061035156,247.64999389648438,238.82000732421875,239.41000366210938,27887800,0.002413858140508207,0.09164250034734067,233.69399948120116,223.14840057373047,0.48147423585273325,58.34608825347148,3.519523052340787,3.774912772548262,-0.25538972020747464,0.9767401847257289
2020-07-08,241.45962524414062,243.5800018310547,246.99000549316406,236.58999633789062,238.11000061035156,29791300,0.011292872265259879,0.07270882976307114,233.93949966430665,224.27000061035156,0.4705937907113869,60.04943230827773,4.017405330476834,3.8234112841339765,0.1939940463428571,1.0
2020-07-09,242.37158203125,244.5,246.52999877929688,239.24000549316406,245.0,22174900,0.003776985639335928,0.029256985303965255,234.3279998779297,225.50180053710938,0.46927644896648735,60.635774099402376,4.435091808812956,3.9457473890697727,0.4893444197431833,1.0
2020-07-10,242.9366455078125,245.07000732421875,245.49000549316406,239.32000732421875,243.69000244140625,22982700,0.002331318299463092,0.04991007302999528,235.36000061035156,226.51940063476562,0.42378176469256945,61.01752098675565,4.757267362617284,4.108051383779276,0.6492159788380087,1.0
2020-07-13,236.91946411132812,239.0,250.14999389648438,238.4199981689453,247.00999450683594,24674900,-0.024768462654788936,-0.005327113308638665,235.88100051879883,227.20520050048827,0.43290901887547883,54.910585576794396,4.471253125487891,4.180691732120999,0.29056139336689224,0.8581774090791927
2020-07-14,237.64312744140625,239.72999572753906,240.3300018310547,232.02999877929688,236.75999450683594,23378100,0.003054375429033751,-0.004691542306522467,236.24250030517578,227.95440032958984,0.4295012856131102,55.487572320280144,4.254446722805767,4.195442730257953,0.0590039925478143,0.8663995137955177
2020-07-15,238.18832397460938,240.27999877929688,244.82000732421875,238.0500030517578,241.5500030517578,19133600,0.002294260466190856,-0.013547922764392872,236.4740005493164,228.65480041503906,0.4273015304264405,55.944993191776646,4.07997532058468,4.1723492483232985,-0.09237392773861863,0.8801599099666574
2020-07-16,238.8326873779297,240.92999267578125,241.75999450683594,236.3300018310547,238.0,18880700,0.002705151905221248,-0.014601256949769992,236.74400024414064,229.33200012207033,0.427270711393661,56.513735662216135,3.948637121748334,4.127606823008306,-0.17896970125997225,0.8964219534150749
2020-07-17,239.92311096191406,242.02999877929688,244.16000366210938,237.86000061035156,241.0,18152400,0.004565666944571278,-0.012404653584965453,237.04850006103516,230.0032000732422,0.4274105862869262,57.513374510782974,3.8884878845159676,4.0797830353098385,-0.19129515079387094,0.9239427457573544
2020-07-20,243.28358459472656,245.4199981689453,246.0500030517578,235.63999938964844,240.05999755859375,20872200,0.014006525665191338,0.026861917024875837,237.38000030517577,230.68640014648437,0.42808980036963906,60.52500906607373,4.067476463242997,4.07732172089647,-0.009845257653473105,1.0
2020-07-21,239.64553833007812,241.75,246.91000366210938,240.0800018310547,246.22000122070312,19364200,-0.014953949133431732,0.008426164053148888,237.50650024414062,231.27440002441406,0.43216224016376287,55.904913845403875,3.868593285369741,4.035576033791124,-0.1669827484213835,0.9089782021040633
2020-07-22,237.78189086914062,239.8699951171875,241.89999389648438,238.1199951171875,240.25999450683594,15427900,-0.007776648946483999,-0.0017063578499764143,237.38799972534179,231.80820007324218,0.43087880353927516,53.6458425016652,3.5187146991151224,3.932203766855924,-0.41348906774080163,0.8623510876998317
2020-07-23,230.57518005371094,232.60000610351562,242.4199981689453,231.75,239.6300048828125,21771800,-0.030308038361030354,-0.03457430301537945,237.31699981689454,232.2582000732422,0.42728414603897613,45.918546368517,2.6245518432766914,3.6706733821400777,-1.0461215388633862,0.6820437850130052
2020-07-24,228.70166015625,230.7100067138672,233.49000549316406,226.89999389648438,230.19000244140625,18325800,-0.008125534566010839,-0.046771028891142485,237.06850051879883,232.7704000854492,0.42737101705533376,44.1385380851965,1.7433182944481302,3.2852023646016884,-1.541884070153558,0.6190108463470396
2020-07-27,231.4673614501953,233.5,234.9499969482422,230.8300018310547,231.4600067138672,13163100,0.01209307444385388,-0.04856979161388342,237.9395004272461,233.30420013427735,0.29772231583280695,47.38119534723809,1.2555898411890496,2.8792798599191607,-1.623690018730111,0.654892863753654
2020-07-28,228.11676025390625,230.1199951171875,234.9600067138672,229.8300018310547,234.6300048828125,14170100,-0.014475395643736566,-0.04810756931876936,238.41350021362305,233.68899993896486,0.297479353439575,44.045480232406256,0.5895276738678206,2.421329422708893,-1.8318017488410723,0.5252868420741161
2020-07-29,231.25917053222656,233.2899932861328,233.6999969482422,230.30999755859375,231.13999938964844,13588300,0.013775413854545837,-0.027431533601524616,238.72449951171876,234.09099975585937,0.2837530851771967,47.76007826579665,0.3138431782030011,1.9998321738077147,-1.6859889956047136,0.5865710157861398
2020-07-30,232.45863342285156,234.5,234.88999938964844,229.0,230.22000122070312,20615300,0.005186706454155976,0.008168503209921685,238.57199935913087,234.44339965820313,0.23052293788850808,49.147792099491454,0.19079924363788336,1.6380255877737486,-1.4472263441358653,0.6278118768936971
2020-07-31,251.46176147460938,253.6699981689453,255.85000610351562,249.0,255.82000732421875,53005100,0.08174839304454284,0.09951883657804972,239.58449935913086,234.91739959716796,0.3642579890576493,65.00740354708846,1.6214535734114577,1.6347111849012905,-0.013257611489832843,1.0
2020-08-03,249.7666473388672,251.9600067138672,255.39999389648438,250.3300018310547,252.64999389648438,23124900,-0.006741007874093374,0.07905784459900289,240.1684997558594,235.32879974365235,0.35382627509363507,63.11644583525217,2.5874489171490325,1.8252587313508393,0.7621901857981932,0.9545094008600779
2020-08-04,247.65521240234375,249.8300018310547,252.8000030517578,247.42999267578125,251.55999755859375,17183500,-0.008453741967197947,0.08565099570695689,240.61699981689452,235.62719970703125,0.35600026759510106,60.74611562860236,3.1448813591447333,2.0891832569096183,1.055698102235115,0.8978452590584608
2020-08-05,246.9513702392578,249.1199951171875,252.27000427246094,247.77000427246094,250.19000244140625,13050100,-0.002841959367023139,0.06785546867258474,240.89399948120118,235.96559967041014,0.35467209236309105,59.938070504719356,3.489138362346921,2.369174277997079,1.1199640843498422,0.8789570764823028
2020-08-06,262.970703125,265.2799987792969,266.6000061035156,248.6699981689453,249.0399932861328,45241600,0.06486835251625478,0.1312579905300506,241.93299942016603,236.68839965820314,0.4204080178880824,69.78846417989871,5.008210228359104,2.896981468069484,2.1112287602896203,1.0
2020-08-07,266.10321044921875,268.44000244140625,278.8900146484375,263.42999267578125,264.0799865722656,72766400,0.011911955958422649,0.05822527054470217,243.10149917602538,237.5479995727539,0.4211547944779634,71.27577214203723,6.393372692116856,3.5962597128789584,2.7971129792378973,1.0
2020-08-10,260.7105712890625,263.0,273.8599853515625,259.69000244140625,268.0400085449219,30248800,-0.020265245089891804,0.04381645099204223,244.3014991760254,238.3061996459961,0.41723406970305976,65.31456352618942,6.971794681876247,4.271366706678417,2.7004279751978304,0.8961038506876801
2020-08-11,253.90036010742188,256.1300048828125,265.9200134277344,255.1300048828125,260.19000244140625,28238300,-0.026121654437975317,0.025217159690925195,245.12149963378906,238.79059967041016,0.43174467216817064,58.64406250759606,6.797489853315199,4.776591336005773,2.0208985173094254,0.7648969172059165
2020-08-12,257.6275939941406,259.8900146484375,263.8999938964844,258.1099853515625,258.9700012207031,21415700,0.014680083137254218,0.043232256512303335,246.10200042724608,239.33399993896484,0.4334621841731855,60.99216730062396,6.8834057683293395,5.197954222470487,1.6854515458588528,0.8367076452768716
2020-08-13,259.0253601074219,261.29998779296875,265.1600036621094,259.57000732421875,261.54998779296875,17374000,0.005425268633112212,-0.015003057164665323,247.12050018310546,239.95679962158204,0.43343915363526536,61.86653169286507,6.984751926740785,5.555313763324547,1.429438163416238,0.8636360854620403
2020-08-14,258.9659118652344,261.239990234375,262.6499938964844,258.67999267578125,262.30999755859375,14792700,-0.00022961179256264508,-0.026821681349830984,248.08099975585938,240.65579956054688,0.4337504133309595,61.80304861694571,6.979769745018785,5.840204959663394,1.1395647853553914,0.8624902191920943
2020-08-17,258.88653564453125,261.1600036621094,264.1000061035156,259.3999938964844,262.5,13351100,-0.0003061804289375969,-0.006996183794260924,248.86800003051758,241.26359954833984,0.4324188526877317,61.71213248791402,6.889944095511481,6.050152786833012,0.8397913086784694,0.8609625917793129
2020-08-18,260.0562744140625,262.3399963378906,265.1499938964844,259.260009765625,260.95001220703125,18690400,0.00451827484773637,0.024245466507992308,249.89749984741212,241.88239959716796,0.4269134786269253,62.586524143825486,6.8351804628200625,6.207158322030422,0.6280221407896409,0.8834987388768354
2020-08-19,260.3041687011719,262.5899963378906,267.9100036621094,261.3500061035156,261.3900146484375,23291500,0.0009529618185937228,0.010388939694760735,251.03349990844725,242.36079956054687,0.42472240792432864,62.7804613753929,6.7343237082861265,6.312591399281563,0.4217323090045637,0.8882733759487565
2020-08-20,266.66827392578125,269.010009765625,269.6300048828125,261.4599914550781,261.5,20299700,0.02444881190170456,0.029506400049145842,252.85400009155273,243.0063998413086,0.4087538201400161,67.44709302698567,7.0906982770798095,6.468212774841213,0.6224855022385967,1.0
2020-08-21,264.6856384277344,267.010009765625,270.489990234375,266.4200134277344,268.69000244140625,15538600,-0.00743466758631961,0.02208704542544715,254.66900024414062,243.85800018310547,0.40840845481169324,64.7245165079778,7.129559283660882,6.600482076605147,0.5290772070557352,0.9622142508938916
2020-08-24,269.02752685546875,271.3900146484375,277.25,268.7699890136719,271.07000732421875,23685600,0.01640389769154038,0.039171430704847854,256.5635009765625,244.71420043945312,0.4093179307930693,67.790888796726,7.428159501307277,6.766017561545573,0.6621419397617041,1.0
2020-08-25,278.3754577636719,280.82000732421875,283.0899963378906,270.260009765625,272.4100036621094,42127200,0.03474701413755765,0.07044297950864542,259.09850158691404,245.6806005859375,0.41099353845455217,73.19360094252394,8.329704278428096,7.078754904922079,1.2509493735060175,1.0
2020-08-26,301.26446533203125,303.9100036621094,304.6700134277344,284.0,284.0,69015200,0.08222347317024403,0.1573556034139616,262.6295021057129,247.04580078125,0.48397711124994514,81.4143059470733,10.783054403942174,7.819614804726098,2.963439599216076,1.0
2020-08-27,290.66748046875,293.2200012207031,301.2300109863281,292.0199890136719,300.1600036621094,30301300,-0.035174894911624954,0.08999661936807146,265.56550216674805,248.1996008300781,0.5137249273202391,70.61693389540476,11.729547277278982,8.601601299236675,3.127945978042307,0.8782875757879524
2020-08-28,291.1036071777344,293.6600036621094,297.2300109863281,290.9800109863281,295.0,17157400,0.0015005880894021217,0.0998089694085893,267.56500244140625,249.3540008544922,0.442697863814332,70.78865782527758,12.372531378184703,9.35578731502628,3.0167440631584235,0.8832972812670962
2020-08-31,290.64764404296875,293.20001220703125,296.8800048828125,291.54998779296875,293.95001220703125,17345100,-0.0015664082590129969,0.08036403840003747,269.62700271606445,250.44220123291015,0.4408353417857293,70.32592689211015,12.69860186677198,10.024350225375422,2.674251641396559,0.8780599882523136
2020-09-01,292.8681945800781,295.44000244140625,301.489990234375,292.7099914550781,294.7099914550781,17295900,0.007639802664105355,0.052061800213216713,271.90750274658205,251.5666012573242,0.43656650918204704,71.30945044761262,12.988045466364326,10.617089273573203,2.370956192791123,0.9035636907193104
2020-09-02,299.86669921875,302.5,303.6000061035156,293.04998779296875,298.8800048828125,24341400,0.023896552600367382,-0.004639543434302507,274.57650299072264,252.77180114746093,0.43745092619760534,74.21073110828699,13.629996291615214,11.219670677181606,2.4103256144336083,0.9839462184593645
2020-09-03,288.58575439453125,291.1199951171875,297.6000061035156,283.6300048828125,295.989990234375,32294100,-0.03761985085227271,-0.007161878776253627,275.8685028076172,253.91380096435546,0.4181298303004692,63.12911376533117,13.069814966996375,11.58969953514456,1.4801154318518162,0.8543776809941996
2020-09-04,280.2688293457031,282.7300109863281,289.0,271.1400146484375,287.25,30333700,-0.02881967666797347,-0.03721988878116855,276.58300323486327,254.8548013305664,0.4338763799211204,56.43782073206295,11.812696221121087,11.634298872339865,0.17839734878122115,0.758852416779838
2020-09-08,268.799560546875,271.1600036621094,279.29998779296875,269.4200134277344,271.2799987792969,24864000,-0.040922459146999546,-0.0751705580740536,276.9910034179687,255.9564013671875,0.45425062696151847,48.76208823815081,9.770192958789664,11.261477689629825,-1.4912847308401602,0.6067011130101373
2020-09-09,271.33721923828125,273.7200012207031,278.4800109863281,271.3500061035156,275.7699890136719,22918800,0.009440911358681525,-0.07351746899951639,277.8705032348633,257.01800140380857,0.44253063710543167,50.37043849857134,8.262816214243571,10.661745394552574,-2.3989291803090023,0.6071056236305514
2020-09-10,265.7562561035156,268.0899963378906,279.1600036621094,267.0299987792969,275.510009765625,24814700,-0.02056848187090632,-0.11375207822184918,278.28050231933594,257.83840118408204,0.44856735465050207,46.88485348852742,6.538542691947612,9.837104854031582,-3.29856216208397,0.5145683266534351
2020-09-11,264.28912353515625,266.6099853515625,271.3900146484375,262.6400146484375,270.05999755859375,18913900,-0.005520575204390643,-0.08419212069496884,278.54600219726564,258.41960083007814,0.44911778692749416,45.98401346687976,4.9950392816445515,8.868691739554176,-3.8736524579096248,0.494511261808035
2020-09-14,263.8331298828125,266.1499938964844,276.6400146484375,265.70001220703125,270.95001220703125,24093800,-0.0017253346849389617,-0.05864257930031169,278.79150238037107,259.0742007446289,0.4492202765749808,45.69017581374217,3.6921237383337484,7.833378139310091,-4.141254400976343,0.4882774712969783
2020-09-15,270.048583984375,272.4200134277344,274.5199890136719,269.29998779296875,270.6700134277344,18478500,0.023558217828434813,0.00464673900504553,279.35450286865233,259.71700103759764,0.4560200743963307,50.34758859869544,3.1294179762573435,6.892586106699542,-3.7631681304421987,0.5732485894048308
2020-09-16,261.2260437011719,263.5199890136719,272.44000244140625,261.7900085449219,267.2900085449219,29183400,-0.0326702297018403,-0.0372644021684293,279.4135025024414,260.1702008056641,0.4726392541334304,44.512406706538115,1.9429152979957962,5.9026519449587935,-3.9597366469629973,0.4526357233872812
2020-09-17,252.60174560546875,254.82000732421875,261.5,250.19000244140625,258.2799987792969,31281400,-0.033014503840927856,-0.049498262504904744,279.02500305175784,260.39500091552736,0.48748656161879994,39.67210143269116,0.2971620643245956,4.781553968831954,-4.484391904507358,0.3347338304208812
2020-09-18,250.33168029785156,252.52999877929688,259.20001220703125,250.0500030517578,258.3999938964844,28130800,-0.008986769009892481,-0.05281117492167142,278.2010025024414,260.5556008911133,0.47864998175643714,38.485798441811546,-1.1783109464294625,3.589580985779671,-4.7678919322091335,0.30369970276486163
2020-09-21,245.98980712890625,248.14999389648438,249.9499969482422,244.1300048828125,247.5399932861328,24709400,-0.017344493343305678,-0.06763103668152204,277.25800170898435,260.6172006225586,0.4812273153045549,36.25286911391108,-2.6702823734676144,2.337608313930214,-5.007890687397829,0.24434200693066155
2020-09-22,252.5323486328125,254.75,255.32000732421875,248.22000122070312,253.30999755859375,30293100,0.02659684169191956,-0.06486312516250481,276.4260009765625,260.9322006225586,0.4880537058372073,41.73831509747598,-3.2822790744453414,1.2136308362551032,-4.495909910700444,0.3337850932463065
2020-09-23,246.8522491455078,249.02000427246094,257.989990234375,248.14999389648438,255.25999450683594,19641300,-0.022492623071792228,-0.055024230971938315,274.8360008239746,261.11800079345704,0.4718005509526172,38.63036023863938,-4.181452455762155,0.13461417785165142,-4.316066633613807,0.2561323616566258
2020-09-24,247.35781860351562,249.52999877929688,252.24000549316406,245.6199951171875,246.5,20006800,0.002048006176555761,-0.020759784918266466,272.117000579834,261.30300079345704,0.3418423547047805,39.06527140028931,-4.797597822849525,-0.8518282222885839,-3.9457696005609413,0.2630437920371422
2020-09-25,252.60174560546875,254.82000732421875,255.75,246.61000061035156,249.39999389648438,18351300,0.021199890076546435,0.009068263398374521,270.19700088500974,261.58080108642577,0.34443625442747206,43.53519758165565,-4.803664333960114,-1.6421954446228901,-3.161468889337224,0.3347338304208812
2020-09-28,254.5843505859375,256.82000732421875,259.6000061035156,254.82000732421875,259.3999938964844,18826300,0.00784867727224925,0.03493860020545103,268.35500106811526,261.87660125732424,0.34718372603529696,45.17273179609479,-4.594130525468813,-2.232582460792075,-2.361548064676738,0.3618377709060275
2020-09-29,259.5111083984375,261.7900085449219,263.3299865722656,256.8999938964844,257.80999755859375,20200200,0.019352079584784132,0.027634969754354755,266.7845008850098,262.20400146484377,0.35883223067419506,49.12146971869549,-3.9811437630281716,-2.5822947212392946,-1.398849041788877,0.42919107955454844
2020-09-30,259.6201477050781,261.8999938964844,266.0799865722656,260.1000061035156,261.9800109863281,20142500,0.0004201281484110808,0.05172271063786105,265.10750045776365,262.60700134277346,0.35625701668505166,49.208649244240775,-3.4467405591335023,-2.7551838888181366,-0.6915566703153657,0.4306815977660424
2020-10-01,264.3089294433594,266.6300048828125,268.3299865722656,264.79998779296875,265.3500061035156,20009800,0.018060370739060305,0.06852885900360284,263.3140007019043,263.14220153808594,0.350365624941765,52.94300842959453,-2.611446681855,-2.7264364474255096,0.11498976557050966,0.49478256589980524
2020-10-02,257.6772155761719,259.94000244140625,265.1499938964844,259.17999267578125,261.2099914550781,16367600,-0.025090958702665866,0.020092594655148455,261.75500106811523,263.6890014648437,0.3380007340872876,47.61109261942949,-2.460929489206478,-2.6733350557817035,0.21240556657522536,0.404119851891126
2020-10-05,262.34619140625,264.6499938964844,264.8699951171875,260.8399963378906,262.20001220703125,12822300,0.01811953301085234,0.03048822657488981,260.851000213623,264.3678012084961,0.33598335797103657,51.327607597862624,-1.9392323191855212,-2.5265145084624674,0.5872821892769462,0.46794951593311856
2020-10-06,256.4082946777344,258.6600036621094,265.69000244140625,258.239990234375,261.7799987792969,18696900,-0.02263363072933955,-0.011956166318988437,260.226000213623,264.8710012817383,0.3142336649718291,46.782247384186405,-1.986229685367789,-2.4184575438435316,0.43222785847574263,0.38677334652356476
2020-10-07,255.87303161621094,258.1199951171875,260.17999267578125,254.82000732421875,259.2099914550781,23133400,-0.002087715678019131,-0.014432985366127582,259.4459999084473,265.4310012817383,0.3112340784399224,46.383461623883754,-2.0434934922523667,-2.3434647335252987,0.29997124127293207,0.3516000875511246
2020-10-08,261.4638977050781,263.760009765625,264.6199951171875,259.1499938964844,259.75,16312800,0.0218503593488637,-0.010763961537070488,259.229500579834,266.04040161132815,0.3154125557101856,51.074392874211846,-1.6151549246397963,-2.1978027717481985,0.5826478471084022,0.42155320878621294
2020-10-09,262.1479797363281,264.45001220703125,264.75,262.1700134277344,264.5199890136719,14107800,0.0026160237179979617,0.017350195134516078,259.1215019226074,266.63940185546875,0.3150599301508263,51.63193043399323,-1.2061127760603085,-1.9994647726106205,0.793351996550312,0.29232452395651354
2020-10-12,273.3495178222656,275.75,280.17999267578125,267.8699951171875,270.20001220703125,31019300,0.04273014661130836,0.041942211825091835,259.6015022277832,267.08100189208983,0.3498391814139005,59.726120574356315,0.02953024435765883,-1.593665769216965,1.6231960135746237,0.49497850196809884
2020-10-13,273.7361755371094,276.1400146484375,279.1000061035156,273.3900146484375,277.5799865722656,18063300,0.0014143776915231943,0.06757910283324087,259.78750228881836,267.5646020507813,0.3404482493828575,59.97508237840969,1.028402380522266,-1.0692521392691188,2.0976545197913845,0.5019730245673029
2020-10-14,269.4537658691406,271.82000732421875,278.75,271.5,277.6199951171875,15577800,-0.015644264123468976,0.05307613693705293,260.2025032043457,268.00440216064453,0.3231059733449102,55.856292735218425,1.4546588558642952,-0.564469940242436,2.019128796106731,0.42449801438748125
2020-10-15,264.39813232421875,266.7200012207031,269.0400085449219,263.6700134277344,267.6000061035156,15416100,-0.018762438253606906,0.011222290512152844,260.7975028991699,268.35640228271484,0.3062917567473286,51.371029615524705,1.3652050792180148,-0.1785349363503459,1.5437400155683607,0.3330345063114894
2020-10-16,263.61505126953125,265.92999267578125,271.3699951171875,265.29998779296875,267.3800048828125,16622700,-0.0029619396419700017,0.005596446967041091,261.46750259399414,268.36940216064454,0.3040436007434758,50.691981016574545,1.216541694168427,0.1004803897534087,1.1160613044150183,0.3188664932813177
2020-10-19,259.12445068359375,261.3999938964844,268.54998779296875,259.8800048828125,265.5299987792969,13587000,-0.017034553845228673,-0.052039913340038546,262.13000259399416,268.2286019897461,0.30377362559907145,46.86641825872367,0.7248363850925443,0.22535158882123585,0.4994847962713085,0.2376254964031297
2020-10-20,265.23089599609375,267.55999755859375,269.70001220703125,262.8800048828125,263.05999755859375,18763200,0.023565431545299775,-0.03107125601035121,262.7705024719238,268.31980194091796,0.30079699391230647,52.15413351261736,0.8227332426504859,0.34482791958708586,0.4779053230634,0.3480990004071929
2020-10-21,276.30364990234375,278.7300109863281,283.04998779296875,276.3699951171875,279.55999755859375,28998600,0.041747695954766906,0.025421247428145888,264.25600280761716,268.7718020629883,0.3157109349838962,59.93940513681949,1.781112384628841,0.632084812595437,1.149027572033404,0.548422018187948
2020-10-22,275.6989440917969,278.1199951171875,282.45001220703125,275.0400085449219,279.8699951171875,16720000,-0.0021885546769147,0.04274142863043551,265.68550262451174,269.13640167236326,0.3167419298433267,59.371236106388835,2.4630194221489887,0.9982717345061474,1.4647476876428414,0.5374819937563761
2020-10-23,282.3108825683594,284.7900085449219,285.239990234375,276.82000732421875,278.79998779296875,17535200,0.0239825023185547,0.07092098066627073,267.1840026855469,269.6062020874023,0.3187044957643625,63.45079597546792,3.5012893184624545,1.498875251297409,2.0024140671650454,0.6571020127587097
2020-10-26,274.6976623535156,277.1099853515625,285.2300109863281,274.260009765625,283.1600036621094,21322900,-0.026967319649305543,0.060099433136556746,268.19850158691406,269.9236019897461,0.3390007123014474,56.42534177898111,3.6621964831298897,1.931539497663905,1.7306569854659846,0.5193684788938365
2020-10-27,280.8239440917969,283.2900085449219,284.510009765625,276.30999755859375,278.760009765625,16287200,0.022301697954041355,0.05879059324958824,269.27350158691405,270.36620208740237,0.3409257763977637,60.240323256151946,4.239522220352399,2.393136042201604,1.8463861781507944,0.6302010131659026
2020-10-28,265.3399353027344,267.6700134277344,278.7900085449219,267.260009765625,278.7900085449219,23121800,-0.055137825712305744,-0.03967996671566254,269.56200256347654,270.4728024291992,0.4008138165737124,48.64738729113872,3.3974898145789894,2.5940067966770815,0.8034830179019079,0.3500720249744957
2020-10-29,278.3852844238281,280.8299865722656,283.6000061035156,273.7799987792969,276.54998779296875,32368100,0.04916491382806387,0.009743964844872943,270.2720016479492,270.83760223388674,0.43196458672503707,56.281075319591835,3.7488584105928453,2.824977119460234,0.9238812911326111,0.5860829797760877
2020-10-30,260.8195495605469,263.1099853515625,276.70001220703125,259.1000061035156,274.5,47247800,-0.06309867915812206,-0.07612634763462789,270.43050079345704,270.7196017456055,0.48276846867054585,46.300587055822525,2.5678638125351654,2.7735544580752203,-0.2056906455400549,0.2682924826943032
2020-11-02,259.0848083496094,261.3599853515625,270.4700012207031,257.3399963378906,264.6000061035156,27165700,-0.006651210890615489,-0.056836638275659324,270.26600036621096,270.6066012573242,0.4791449035385528,45.4435092531395,1.4737185996690414,2.5135872863939843,-1.039868686724943,0.2369079831693616
2020-11-03,262.99053955078125,265.29998779296875,270.04998779296875,260.8800048828125,263.1600036621094,17961900,0.01507500253379046,-0.06350390133544159,270.5979995727539,270.4848007202148,0.4743904816315395,47.78696013023715,0.9139899968841974,2.193667828492027,-1.2796778316078297,0.3075679858839807
2020-11-04,284.8783264160156,287.3800048828125,288.94000244140625,278.6199951171875,281.0,35364400,0.0832266042434735,0.07363541101476212,272.06100006103514,270.6160006713867,0.5551519926149971,58.53597143684489,2.2264092355231355,2.200216109898249,0.026193125624886626,0.7035510063793549
2020-11-05,292.1147155761719,294.67999267578125,297.3800048828125,288.95001220703125,291.8999938964844,23823600,0.02540186397430655,0.04931811688831744,273.606999206543,270.4314004516602,0.5566412970269855,61.367675070891075,3.811620950300153,2.5224970779786298,1.289123872321523,0.8561176366875713
2020-11-06,290.8558654785156,293.4100036621094,294.6000061035156,288.05999755859375,293.95001220703125,13891000,-0.004309722564263652,0.11516103529883348,275.05499877929685,270.4352005004883,0.5577643963055376,60.59239796942675,4.908848999814836,2.999767462345871,1.909081537468965,0.8327507761346389
2020-11-09,276.3432922363281,278.7699890136719,292.5799865722656,278.5299987792969,289.8699951171875,25117700,-0.049896099198093236,0.06661311844921736,275.2059982299805,270.13740020751953,0.5731036478702397,52.377727129353445,4.54469489001724,3.308752947880145,1.235941942137095,0.5633853114729798
2020-11-10,270.05841064453125,272.42999267578125,274.0,264.0,273.1000061035156,29067700,-0.022742750610718288,0.026875255223820504,275.02049713134767,269.72199981689454,0.579343256533981,49.26296590055636,3.701842875158661,3.3873709333358484,0.3144719418228128,0.44673405800641347
2020-11-11,274.0732421875,276.4800109863281,278.3999938964844,272.4800109863281,273.4700012207031,14957000,0.014866271774146345,-0.03792885277780256,275.2534973144531,269.34279998779294,0.5785707152141155,51.25704609061744,3.3223808726190214,3.3743729211924833,-0.05199204857346196,0.5212514058579144
2020-11-12,272.68536376953125,275.0799865722656,279.75,274.42999267578125,277.17999267578125,12899500,-0.0050637455093697215,-0.0665128498393861,275.67149658203124,268.7943997192383,0.5742414555008952,50.51790695595951,2.875536833352271,3.2746057036244407,-0.39906887027216964,0.5787662450522891
2020-11-13,274.53912353515625,276.95001220703125,277.760009765625,273.1000061035156,277.7200012207031,10391200,0.006798115915547909,-0.056098944308774934,276.2224975585938,268.51100006103513,0.5741310102251964,51.5234506693235,2.6418515331860704,3.1480548695367667,-0.5062033363506964,0.6189559223320074
2020-11-16,276.5316467285156,278.9599914550781,279.4100036621094,274.6300048828125,275.04998779296875,12970400,0.0072575524804250335,0.0006815742328594165,277.1004974365234,268.43559967041017,0.5695402938867004,52.63752954090445,2.5889984142882554,3.0362435784870647,-0.44724516419880933,0.6621534142894152
2020-11-17,272.60614013671875,275.0,277.67999267578125,273.2900085449219,277.67999267578125,15040300,-0.014195553399691807,0.009433643113140322,277.4724975585938,268.512399597168,0.5679884194942735,50.19021035867216,2.2021882658659138,2.869432515962835,-0.6672442500969211,0.5770472127212327
2020-11-18,269.60247802734375,271.9700012207031,277.3900146484375,271.8399963378906,274.5199890136719,12152900,-0.011018177379261362,-0.01631224532122877,277.1344970703125,268.47739959716796,0.5495707169773129,48.33830239843429,1.6323264148689987,2.6220112957440675,-0.9896848808750689,0.5119279593623642
2020-11-19,270.56402587890625,272.94000244140625,273.4700012207031,269.19000244140625,271.0199890136719,12963700,0.003566574314628035,-0.007779497729098472,276.87549743652346,268.5743997192383,0.5497380411665231,48.987226389191235,1.2446304590172872,2.3465351283987115,-1.1019046693814243,0.5327747516716458
2020-11-20,267.35223388671875,269.70001220703125,273.0,269.4100036621094,272.55999755859375,18114700,-0.011870704936593368,-0.026178009317364914,276.1209976196289,268.63620025634765,0.5433656054116622,46.86949191366454,0.6682354839239224,2.0108751995037535,-1.342639715579831,0.46314246455848546
2020-11-23,266.0932312011719,268.42999267578125,270.95001220703125,264.5299987792969,270.8900146484375,20990800,-0.004709008059944342,-0.0377473440702788,275.68699798583987,268.6818002319336,0.5355785380255041,46.02949773945207,0.10771666067211072,1.6302434917374249,-1.5225268310653142,0.43584782530276545
2020-11-24,274.5093994140625,276.9200134277344,277.82000732421875,267.8699951171875,268.489990234375,16930400,0.03162843565773832,0.006981867009943077,275.36849822998045,268.7718002319336,0.5419577053287237,52.19718740822222,0.3446028088708317,1.3731153551641064,-1.0285125462932747,0.6183112032242514
2020-11-25,273.1909484863281,275.5899963378906,280.17999267578125,272.6499938964844,278.1400146484375,12467000,-0.004802892623688382,0.0133102735630386,275.7644973754883,269.013200378418,0.5027953621712977,51.20987872985406,0.42017204249918905,1.182526692631123,-0.762354650131934,0.5897271257530194
2020-11-27,275.39166259765625,277.80999755859375,279.1300048828125,274.82000732421875,277.3900146484375,7808400,0.008055449218778099,0.017842731272903034,275.6134979248047,269.47300018310546,0.47179405805773905,52.81422325327582,0.651684536110281,1.0763582613269547,-0.4246737252166737,0.6374383073335979
2020-11-30,274.5589599609375,276.9700012207031,277.70001220703125,271.010009765625,276.0299987792969,16693300,-0.0030236361011933832,0.02695583494483178,276.3064987182617,269.9618002319336,0.40952271047688954,52.11591850102739,0.7586341091520694,1.0128134308919776,-0.2541793217399082,0.6193855164475518
2020-12-01,284.0555419921875,286.54998779296875,289.29998779296875,278.9599914550781,279.1600036621094,20738900,0.03458853496784231,0.06750361588346587,277.56599884033204,270.7298001098633,0.4227431119370451,58.805587175781405,1.597996559788271,1.1298500566712364,0.46814650311703465,0.8219446573004101
2020-12-02,285.01708984375,287.5199890136719,291.7799987792969,280.8299865722656,285.3599853515625,17361600,0.003385102990839828,0.03827811307218387,278.6769989013672,271.38519989013673,0.42105974787400796,59.423714299277115,2.3147849411714674,1.3668370335712827,0.9479479076001847,0.8431886666535221
2020-12-03,279.3964538574219,281.8500061035156,286.6499938964844,281.07000732421875,286.25,12921700,-0.019720308593524027,0.022714938309842836,278.40049896240237,272.0417999267578,0.30894976614886727,54.29516220435941,2.39768563527781,1.5730067539125883,0.8246788813652217,0.715836360871255
2020-12-04,277.26519775390625,279.70001220703125,283.4599914550781,279.29998779296875,280.29998779296875,10880300,-0.007628149192569933,0.006803263615589916,277.65149993896483,272.6452001953125,0.29367965461805956,52.44677100147857,2.263802784099937,1.7111659599500582,0.5526368241498789,0.6241849981472011
2020-12-07,283.0939636230469,285.5799865722656,288.489990234375,278.20001220703125,279.19000244140625,13007700,0.021022431564579502,0.031086346223833994,277.25999908447267,273.2603997802734,0.30508713165559576,56.78026089449696,2.602168274174687,1.8893664227949842,0.712801851379703,0.759640527617371
2020-12-08,280.93292236328125,283.3999938964844,286.42999267578125,281.54998779296875,286.010009765625,10747700,-0.007633562498363666,-0.010992825093959602,277.49149932861326,273.79199951171876,0.24690829337840683,54.78684306991579,2.663712552670404,2.0442356487700684,0.6194769039003356,0.6914660959367211
2020-12-09,275.50067138671875,277.9200134277344,287.6300048828125,271.75,283.6600036621094,25189700,-0.019336558174915308,-0.03338889799930056,277.76600036621096,274.114599609375,0.24283790516935466,50.03178714279373,2.2444258667748045,2.0842736923710157,0.16015217440378882,0.5415760293422861
2020-12-10,274.7076416015625,277.1199951171875,278.7300109863281,271.8599853515625,275.5400085449219,20065100,-0.0028785919397449344,-0.01678201484441666,277.7979995727539,274.41899963378904,0.23761688639726533,49.35827577076599,1.8265282747984202,2.0327246088564968,-0.20619633405807658,0.5196936889711001
2020-12-11,271.168701171875,273.54998779296875,276.4800109863281,270.25,274.5299987792969,14391400,-0.01288253243043358,-0.021987930445674486,277.72149963378905,274.55739929199217,0.24151222490507063,46.35919173078139,1.1935135854228633,1.8648824041697702,-0.6713688187469069,0.4220457797091481
2020-12-14,271.8031311035156,274.19000244140625,277.2200012207031,271.55999755859375,273.3699951171875,16376900,0.0023396625004490357,-0.03988369166750816,277.5834991455078,274.8423992919922,0.2403217353228318,46.98115453395918,0.7350159108823391,1.6389091055122842,-0.9038931946299451,0.43955165200609686
2020-12-15,273.1512451171875,275.54998779296875,276.0799865722656,267.4700012207031,274.8299865722656,23979500,0.00496001072049701,-0.02769938698863539,277.41299896240236,275.0603991699219,0.23948861164302745,48.35157913591189,0.47590669635695804,1.406308623681219,-0.930401927324261,0.4767503785482113
2020-12-16,273.2702941894531,275.6700134277344,277.8599853515625,272.510009765625,274.760009765625,15885000,0.00043558570162516297,-0.00809585453112771,277.4464996337891,275.40059936523437,0.23396511291554967,48.47815204913394,0.2770521578769376,1.180457330520363,-0.9034051726434253,0.48003335564834
2020-12-17,272.0906066894531,274.4800109863281,280.44000244140625,273.6099853515625,277.07000732421875,16377800,-0.004316764187042077,-0.009526501794801856,277.57200012207034,275.72779968261716,0.230883293543802,47.24200378658281,0.023168183310303903,0.9489995010783512,-0.9258313177680473,0.3937581857981554
2020-12-18,273.993896484375,276.3999938964844,278.0,271.1400146484375,275.7699890136719,26693200,0.0069949826337332155,0.010418593422393485,277.74499969482423,275.98059936523435,0.23179455898663015,49.480309392924845,-0.022846757586194144,0.7546302493454422,-0.7774770069316363,0.45138070945110503
2020-12-21,270.4153137207031,272.7900085449219,274.6700134277344,267.7900085449219,272.9800109863281,16553700,-0.013060728767289698,-0.005105926124288729,277.8994995117188,276.1473992919922,0.23268936109004848,45.565920269631086,-0.3466140269878224,0.5343813940787893,-0.8809954210666117,0.343037835560481
2020-12-22,264.7649230957031,267.0899963378906,271.5,264.6300048828125,271.5,17312900,-0.020895238199652,-0.030702202249540456,277.8324996948242,275.97419921875,0.24444912601754032,40.163173193690035,-1.0510296531256245,0.2172991846379065,-1.268328837763531,0.17196907943544323
2020-12-23,265.7760314941406,268.1099853515625,272.1700134277344,266.2300109863281,266.8900146484375,14329000,0.0038188963557492794,-0.027424194536681767,277.3919982910156,275.8135986328125,0.21462970155995387,41.49987843584453,-1.5095780468366229,-0.12807626165699937,-1.3815017851796236,0.202580987882729
2020-12-24,265.0721740722656,267.3999938964844,270.3999938964844,266.20001220703125,268.8800048828125,6702000,-0.0026481350709379736,-0.025794290317907365,276.9824981689453,275.72519836425784,0.2143298324265417,40.816370143651575,-1.90827393522801,-0.4841157963712015,-1.4241581388568085,0.18127272560746635
2020-12-28,274.5887145996094,277.0,277.29998779296875,265.6600036621094,268.739990234375,23299700,0.03590129514824136,0.002170789134461115,276.94199829101564,275.93079833984376,0.2504138452123672,52.264648036553496,-1.433083344539341,-0.6739093060048293,-0.7591740385345116,0.46938809155271427
2020-12-29,274.37060546875,276.7799987792969,280.510009765625,276.2799987792969,276.95001220703125,16383000,-0.0007942282335853257,0.014626599616524905,276.9324981689453,276.1477984619141,0.25018516268654545,52.016325292972304,-1.0620015450012943,-0.7515277538041224,-0.3104737911971719,0.46278541531190753
2020-12-30,269.5033264160156,271.8699951171875,278.0799865722656,271.7099914550781,277.95001220703125,11803800,-0.01773973438747134,0.017896584839702356,276.19849853515626,276.3571984863281,0.22180543302126648,46.685087503701524,-1.1508465634802292,-0.8313915157393439,-0.3194550477408853,0.31542639421888025
2020-12-31,270.7821044921875,273.1600036621094,277.0899963378906,269.80999755859375,272.0,12900400,0.004744946364404257,0.01883562189571175,275.4804992675781,276.4691986083984,0.22233860491219676,48.18759817461519,-1.1044327588362535,-0.8859997643587258,-0.21843299447752762,0.3541421283533151
2021-01-04,266.598876953125,268.94000244140625,275.0,265.20001220703125,274.7799987792969,15106100,-0.015448825465396943,0.005759194390700051,274.83499908447266,276.2733984375,0.21842459080445883,43.83549254107517,-1.3921208125890985,-0.9872239740048003,-0.40489683858429815,0.2274914592931134
2021-01-05,268.6112060546875,270.9700012207031,272.3999938964844,268.2099914550781,268.2900085449219,9871600,0.007548147396700955,-0.02176894866172152,274.39849853515625,276.1303985595703,0.22010714661948352,46.345848805595566,-1.43971558669557,-1.0777222965429543,-0.3619932901526157,0.28841577901321636
2021-01-06,261.01788330078125,263.30999755859375,267.75,260.010009765625,262.0,24354100,-0.028268825433079403,-0.048666815810791464,273.28499908447264,275.70079833984374,0.222756840232451,39.221912112495936,-2.0716523475831536,-1.2765083067509941,-0.7951440408321595,0.058523762856855004
2021-01-07,266.40057373046875,268.739990234375,271.6099853515625,264.7799987792969,265.8999938964844,15789800,0.02062205281276075,-0.01151287357570785,272.5519989013672,275.5333984375,0.2385902445046001,45.60489894836322,-2.109989113770837,-1.4432044681549627,-0.6667846456158741,0.2214886932947437
2021-01-08,265.24078369140625,267.57000732421875,268.95001220703125,263.17999267578125,268.30999755859375,18528300,-0.004353586934106368,-0.02046418312691667,272.0344985961914,275.21899841308596,0.23039156868341143,44.519981122167515,-2.209311551750659,-1.596425884874102,-0.612885666876557,0.1863751682954306
2021-01-11,254.6042022705078,256.8399963378906,263.4700012207031,255.89999389648438,260.4800109863281,30412300,-0.040101695603447784,-0.04499147019288008,271.02049865722654,275.00239807128906,0.26759519202770893,36.049786706333165,-3.117906229399182,-1.900721953779118,-1.217184275620064,0.0
2021-01-12,248.90420532226562,251.08999633789062,259.7200012207031,250.3000030517578,256.6300048828125,26383500,-0.022387478905098068,-0.07336607297211617,269.89749908447266,274.40759826660155,0.273991800097134,32.48322376619561,-4.252925920099358,-2.371162747043166,-1.881763173056192,0.0
2021-01-13,249.44943237304688,251.63999938964844,253.9499969482422,249.1999969482422,251.5500030517578,19528900,0.0021904618255585984,-0.044320376275680196,268.76999893188474,274.1781985473633,0.2739455637719447,33.16436505881647,-5.049845081959575,-2.9068992140264482,-2.1429458679331264,0.012617643908350644
2021-01-14,243.50167846679688,245.63999938964844,255.02999877929688,244.61000061035156,253.39999389648438,29739400,-0.023843586133178274,-0.08595665581657752,267.2744995117188,273.863798828125,0.280262157124432,29.650186855166595,-6.095296333195222,-3.5445786378602033,-2.5507176953350186,0.0
2021-01-15,249.171875,251.36000061035156,253.86000061035156,247.16000366210938,247.89999389648438,24942900,0.023286114781451817,-0.06058230096852846,266.0589988708496,273.58499908447266,0.297946788246409,36.55252155931172,-6.388623611193282,-4.11338763252682,-2.275235978666462,0.11663951883779289
2021-01-19,258.8271179199219,261.1000061035156,262.20001220703125,252.72000122070312,256.8999938964844,28028500,0.03874922608813414,0.016586239784946333,265.389998626709,273.05939910888674,0.33508101591164974,46.22733107432683,-5.768653107478542,-4.444440727517164,-1.324212379961378,0.31525303487834816
2021-01-20,265.151611328125,267.4800109863281,270.32000732421875,263.6000061035156,268.92999267578125,25199900,0.024435100473659377,0.06527545855065253,264.94399948120116,272.51539947509764,0.3469934782523745,51.449688253853246,-4.708235336338305,-4.497199649281392,-0.21103568705691256,0.45719090733408824
2021-01-21,270.49462890625,272.8699951171875,273.6000061035156,267.489990234375,269.260009765625,20838700,0.020150979174047068,0.08436653862276389,264.94799880981446,272.1045993041992,0.35219370359185376,55.391315524251546,-3.39379834467735,-4.276519388360584,0.882721043683234,0.6501910810388367
2021-01-22,272.1104736328125,274.5,278.4700012207031,272.0,272.010009765625,21954000,0.005973558514971389,0.11748901108150611,265.3184989929199,272.0191995239258,0.34360895967675203,56.540408766113025,-2.195264148653962,-3.86026834041926,1.665004191765298,0.6891119331557027
2021-01-25,275.58984375,278.010009765625,280.1000061035156,271.510009765625,278.1400146484375,19087000,0.0127869208219491,0.10602326977467369,265.81350021362306,272.1307998657227,0.3458472128161806,58.99019218757948,-0.9512235961224178,-3.2784593915598914,2.3272357954374736,0.7729230753535883
2021-01-26,279.5947265625,282.04998779296875,285.3900146484375,277.80999755859375,278.1400146484375,19373600,0.014531771826308049,0.08023738490893528,266.54599990844724,272.2421994018555,0.3481273296541802,61.668458164420976,0.35656965486407444,-2.5514535822750983,2.9080232371391728,0.8693886681966752
2021-01-27,269.77093505859375,272.1400146484375,283.45001220703125,268.1199951171875,282.5299987792969,35346200,-0.035135520558169264,0.01742187629245895,266.30300064086913,272.1833999633789,0.35012520851233336,52.59471941865371,0.5865913567300822,-1.9238445944740623,2.5104359512041445,0.6327607885458494
2021-01-28,262.693115234375,265.0,286.7900085449219,264.70001220703125,277.17999267578125,37758800,-0.026236548335831,-0.028841555531994745,265.7140007019043,271.9443997192383,0.3617171516321691,47.205486355818415,0.19054916992092785,-1.5009658415950642,1.691515011515992,0.46227329051786986
2021-01-29,256.0812072753906,258.3299865722656,266.55999755859375,254.85000610351562,265.29998779296875,30389500,-0.025169861991450437,-0.05890715274220171,265.0370002746582,271.531799621582,0.3669494863733517,42.794045547742606,-0.6539926364288817,-1.3315712005618279,0.6775785641329461,0.3030083650101452
2021-02-01,259.7292175292969,262.010009765625,264.1700134277344,254.91000366210938,259.5199890136719,22914300,0.014245435623595037,-0.057551884601165004,264.479500579834,271.27199981689455,0.3708957890425851,45.803368551181585,-1.0146546785553596,-1.2681878961605344,0.2535332176051748,0.39087904564776454
2021-02-02,264.7549743652344,267.0799865722656,268.8500061035156,263.2699890136719,264.0,17320800,0.019350317230917513,-0.05307570242368331,264.38649978637693,271.1741995239258,0.3744897486980227,49.72711954347751,-0.8812190440386303,-1.1907941257361536,0.30957508169752335,0.5119386937555176
2021-02-03,264.32879638671875,266.6499938964844,269.20001220703125,263.8399963378906,265.6199951171875,14223400,-0.0016099771506649097,-0.02017351530992373,264.17049942016604,271.0483993530273,0.37342456481801717,49.40045659602087,-0.8009344835076604,-1.112822197290455,0.3118877137827947,0.5016714353430514
2021-02-04,264.1701965332031,266.489990234375,268.1600036621094,264.0,267.010009765625,16060000,-0.0006000512498472999,0.005622604658018782,264.3294990539551,270.98419891357423,0.35880334523937873,49.27075380318148,-0.7416698409407445,-1.0385917260205129,0.29692188507976836,0.4978509076030542
2021-02-05,265.76617431640625,268.1000061035156,269.1700134277344,265.6700134277344,266.79998779296875,12454400,0.0060415622655267676,0.03781992040833759,264.2974998474121,270.9775991821289,0.3518082738136869,50.67414234787844,-0.558351036366389,-0.9425435880896882,0.38419255172329914,0.5362944670116048
2021-02-08,264.2593688964844,266.5799865722656,269.8599853515625,265.0,268.75,13755200,-0.005669599017700588,0.01744199319227757,264.2479988098145,270.7707986450195,0.35206090734583906,49.287824350531125,-0.5296173368552672,-0.859958337842804,0.3303410009875367,0.4999998178272106
2021-02-09,267.10443115234375,269.45001220703125,273.3900146484375,265.75,266.44000244140625,14613400,0.010766095653574448,0.008873842121915665,264.8784996032715,270.64799896240237,0.3199571289773297,51.96020833525859,-0.2721217400277851,-0.7423910182798003,0.47026927825201514,0.5685295777562652
2021-02-10,269.5033264160156,271.8699951171875,273.79998779296875,267.7200012207031,272.45001220703125,14687200,0.008981194286593164,0.019576228539984752,265.9174995422363,270.5291989135742,0.30656965916805595,54.1540187621811,0.12576799664464033,-0.5687592152949122,0.6945272119395526,0.6263133291822227
2021-02-11,268.0362548828125,270.3900146484375,273.5799865722656,268.489990234375,271.8900146484375,12828600,-0.005443706533749926,0.01463478763548487,266.8550003051758,270.3975991821289,0.30841266748110197,52.57281591103054,0.31801059628378425,-0.39140525297917295,0.7094158492629572,0.590974722796775
2021-02-12,268.14520263671875,270.5,271.17999267578125,268.3399963378906,270.5199890136719,9097600,0.00040676558158225795,0.008951860655899146,268.09800033569337,270.0765994262695,0.2911340293313823,52.68338509677582,0.47377772551283215,-0.21836865728077193,0.6921463827936041,0.5936009257292468
2021-02-16,271.5850830078125,273.9700012207031,276.6000061035156,270.04998779296875,270.79998779296875,15417200,0.012828100631065098,0.027721565836429374,269.22850036621094,269.8055996704102,0.28471400565469124,56.15629474329396,0.8672275369533509,-0.0012494184339473524,0.8684769553872982,0.70931424443182
2021-02-17,271.1885681152344,273.57000732421875,273.9700012207031,269.5799865722656,271.239990234375,12763200,-0.0014599915855829648,0.015290387569260488,269.8520004272461,269.6399996948242,0.25469634937574603,55.64924853201244,1.1336946563173456,0.22573939651631122,0.9079552598010343,0.6992993715012032
2021-02-18,267.0449523925781,269.3900146484375,271.95001220703125,266.0299987792969,269.57000732421875,15249100,-0.015279425974600302,-0.009121935164934314,269.94750061035154,269.43379974365234,0.2481767986112602,50.51607939965074,0.9960988850294257,0.3798112942189341,0.6162875908104916,0.5946425358174783
2021-02-19,259.28314208984375,261.55999755859375,270.2699890136719,260.1499938964844,269.8599853515625,25622600,-0.029065728735573892,-0.032656594591056076,269.3820007324219,268.9533999633789,0.2577247143818577,42.590809874505176,0.25232762816358445,0.3543145610078642,-0.10198693284427973,0.42161018233366565
2021-02-22,258.0638122558594,260.3299865722656,263.07000732421875,257.5299987792969,257.95001220703125,17434900,-0.004702595954308997,-0.03759709215428608,268.67350006103516,268.4919998168945,0.2561317876790382,41.48963824018354,-0.43139520308409374,0.19717260818947263,-0.6285678112735664,0.4034603642246031
2021-02-23,263.5456237792969,265.8599853515625,267.4599914550781,254.9600067138672,259.5,21924600,0.021242265833873786,-0.02960183900794089,268.06599884033204,268.2507992553711,0.26445768985409585,47.99917494066257,-0.5210197955641434,0.05353412743874944,-0.5745539230028928,0.5553417303497453
2021-02-24,262.00909423828125,264.30999755859375,266.3800048828125,258.3900146484375,262.3299865722656,15736100,-0.005830090567856994,-0.03384877551525811,267.17899932861326,267.9945993041992,0.2572532079436904,46.439643622119725,-0.708946695714701,-0.09896203719194065,-0.6099846585227604,0.5127713297278269
2021-02-25,252.472900390625,254.69000244140625,266.94000244140625,254.0399932861328,262.29998779296875,19053100,-0.03639663730485598,-0.054567769433530144,266.3064987182617,267.61739959716795,0.2593652993649793,38.153915183229024,-1.615510724318142,-0.40227177461718094,-1.213238949700961,0.24855825142016583
2021-02-26,255.37738037109375,257.6199951171875,265.54998779296875,256.4700012207031,256.4700012207031,26619500,0.011504152686383273,-0.015063474836298774,265.93749847412107,267.2859994506836,0.24926895693672022,41.57316286043346,-2.073639698810439,-0.7365453594558325,-1.3370943393546062,0.32903047358418214
2021-03-01,262.60394287109375,264.9100036621094,266.6499938964844,257.8999938964844,260.82000732421875,22157300,0.028297526135755646,0.017593121522988087,266.2664993286133,267.0731997680664,0.2535570013975817,49.11163043932737,-1.8274022912102055,-0.9547167458067072,-0.8726855454034983,0.5292504918980875
2021-03-02,256.745361328125,259.0,266.7099914550781,258.6499938964844,265.7799987792969,15191700,-0.02230947710697828,-0.025803000562461986,266.11599884033205,266.7397994995117,0.26201742567203945,44.13950014169348,-2.0851094316209355,-1.180795282969553,-0.9043141486513826,0.36693229512628006
2021-03-03,253.18661499023438,255.41000366210938,260.989990234375,255.10000610351562,260.2900085449219,15513500,-0.013860989721585448,-0.03367255865723118,265.5324996948242,266.3583993530273,0.25516561871850363,41.39776213452423,-2.549636278764524,-1.4545634821285471,-1.0950727966359768,0.2683330783914775
2021-03-04,255.39720153808594,257.6400146484375,266.489990234375,253.5,256.4700012207031,31626500,0.008731102753822828,0.01158275620853999,265.0820007324219,265.9831997680664,0.25805722678862436,43.73568024287285,-2.7066335158934294,-1.7049774888815237,-1.0016560270119057,0.3295803098276942
2021-03-05,261.9794006347656,264.2799987792969,265.45001220703125,255.61000061035156,260.6700134277344,26820100,0.025772332531186715,0.025852044827032294,264.971501159668,265.8129995727539,0.2757717881601587,50.1170244063941,-2.2691068790923055,-1.8178033669236802,-0.4513035121686253,0.5119474135275641
2021-03-08,253.08749389648438,255.30999755859375,265.5799865722656,255.0500030517578,265.54998779296875,18391800,-0.03394127918168366,-0.036238745124024696,264.3320007324219,265.577399597168,0.29915925518356334,43.018830781198425,-2.616012239613724,-1.9774451414616891,-0.6385670981520348,0.2655864116689332
2021-03-09,263.4267272949219,265.739990234375,268.5299987792969,259.80999755859375,261.17999267578125,22039700,0.0408522689104156,0.026023128318050093,264.29000091552734,265.5299996948242,0.33551870747778656,51.6023103735745,-2.025969875690862,-1.9871500883075237,-0.038819787383338245,0.5520460655486943
2021-03-10,262.593994140625,264.8999938964844,268.9700012207031,262.8699951171875,268.6400146484375,14210300,-0.0031609707562259004,0.03715590657494228,264.0625,265.47999969482424,0.33325598091416764,50.93681977960962,-1.6076062514155751,-1.9112413209291341,0.303635069513559,0.5289755737763315
2021-03-11,271.495849609375,273.8800048828125,277.8999938964844,267.82000732421875,268.1099853515625,21834000,0.033899627003529664,0.06303364893273766,264.1630004882812,265.4175997924805,0.3538982365705791,57.27975998897636,-0.5451540311917711,-1.6380238629816617,1.0928698317898906,0.7756114937567185
2021-03-12,266.0635070800781,268.3999938964844,269.739990234375,264.0199890136719,269.1400146484375,20600200,-0.020008802718814445,0.01558950785612856,264.0634994506836,265.2499996948242,0.36090663059327077,52.794259868283106,-0.14368773754756603,-1.3391566378948427,1.1954689003472767,0.6251030419103457
2021-03-15,271.3669738769531,273.75,275.9599914550781,268.5,269.0799865722656,16844800,0.019932959110196435,0.07222593168202995,264.2259994506836,265.2875997924805,0.3678757783065461,56.385146031778945,0.5992699621697852,-0.9514713178819172,1.5507412800517024,0.7720409108339114
2021-03-16,276.8488464355469,279.2799987792969,282.1400146484375,274.79998779296875,276.0799865722656,22437700,0.02020090878281966,0.050952092430574636,264.49149932861326,265.4099996948242,0.3719672936064723,59.789984464742965,1.6156695444886395,-0.4380431454078059,2.0537126898964453,0.9239222769590535
2021-03-17,281.53765869140625,284.010009765625,286.2300109863281,275.4100036621094,275.7099914550781,21315000,0.016936447318112613,0.07214049191940819,265.0134994506836,265.7113998413086,0.37591973278015556,62.48747645754719,2.7709046287533283,0.2037464094244209,2.5671582193289075,1.0
2021-03-18,276.194580078125,278.6199951171875,285.19000244140625,278.2799987792969,279.8699951171875,18728300,-0.01897825591740776,0.017306813750069594,265.4749984741211,265.8643997192383,0.3784140949625781,57.73441760360182,3.214453402261938,0.8058878079919245,2.408565594270014,0.8595253273162473
2021-03-19,287.58453369140625,290.1099853515625,292.79998779296875,281.20001220703125,281.2200012207031,38930500,0.04123892913551419,0.08088670621747918,266.90249786376955,266.40039947509763,0.38421758013773083,64.01766236251422,4.441911595049191,1.533092565403378,2.908819029645813,1.0
2021-03-22,290.98468017578125,293.5400085449219,299.7099914550781,286.75,290.45001220703125,28273100,0.011823182125919596,0.07229226865724891,268.56299896240233,266.8963998413086,0.3828896178847383,65.65890697838736,5.626595372970428,2.351793126916788,3.27480224605364,1.0
2021-03-23,288.1000061035156,290.6300048828125,298.0,289.80999755859375,293.1499938964844,23000900,-0.009913482242281946,0.04064023973476538,269.80149993896487,267.35759979248047,0.3827319911887156,63.032107447967235,6.258508634786381,3.1331362284907067,3.125372406295674,0.9392483693964179
2021-03-24,279.6839599609375,282.1400146484375,291.7200012207031,281.1600036621094,291.0,18675000,-0.02921236655450743,-0.00658425778278271,270.69300079345703,267.8636001586914,0.39991037864273327,55.993752092206776,6.005011158711568,3.7075112145348794,2.2974999441766886,0.7620043482762191
2021-03-25,276.3135070800781,278.739990234375,288.05999755859375,277.75,280.9800109863281,24505600,-0.012050840850416522,0.00043067661793982914,271.89550018310547,268.4166000366211,0.37627875037378333,53.42109628391124,5.4667418306512445,4.059357337758152,1.407384492893092,0.6910226412990674
2021-03-26,280.5562438964844,283.0199890136719,284.5,277.7699890136719,278.29998779296875,17629200,0.015354807093514333,-0.02443899450513154,273.1654998779297,269.04419982910156,0.3774368468907917,56.152188304165506,5.324146198973551,4.312315110001233,1.0118310889723183,0.7803754171079981
2021-03-29,288.2883605957031,290.82000732421875,293.17999267578125,284.70001220703125,285.7699890136719,21718800,0.02755995552727586,-0.00926620270329137,274.4610000610352,269.94779998779296,0.3768411115444996,60.67727904468543,5.773975626859681,4.604647213372923,1.1693284134867579,0.9355144450204373
2021-03-30,285.4928894042969,288.0,292.4700012207031,286.70001220703125,289.8299865722656,17474500,-0.00969674456088876,-0.009049323327345205,275.91100006103517,270.68059997558595,0.3672814997044409,58.33339605707652,5.8356479490338415,4.850847360505107,0.984800588528735,0.857400059856862
2021-03-31,291.966064453125,294.5299987792969,296.5,288.6099853515625,289.989990234375,19498200,0.022673606872558594,0.043914310227487485,277.8669998168945,271.34919982910156,0.36452564832056855,61.99443670127,6.338375192971398,5.148352926998365,1.1900222659730328,1.0
2021-04-01,296.0601501464844,298.6600036621094,302.3999938964844,296.6000061035156,298.3999938964844,17616000,0.0140223573148055,0.07146449783177822,279.9179992675781,271.97279968261716,0.3652649059479024,64.14050138269687,6.989476697329508,5.516577681064594,1.4728990162649138,1.0
2021-04-05,306.22088623046875,308.9100036621094,310.7699890136719,300.67999267578125,300.8900146484375,28237000,0.03431996207833832,0.09147768939806866,282.1494995117188,272.69359985351565,0.3720814214648973,68.8428172521858,8.23761062014762,6.060784268881199,2.1768263512664214,1.0
2021-04-06,303.593994140625,306.260009765625,311.3500061035156,305.25,308.8399963378906,17335200,-0.008578530526913486,0.05309126625594596,284.69700012207034,273.3288000488281,0.3439043468775818,66.41789195219226,8.910221894201243,6.630671793945209,2.279550100256034,0.9511251597782607
2021-04-07,310.364501953125,313.0899963378906,314.25,305.5,306.3399963378906,22855200,0.02230126805485466,0.0871180428398981,287.0645004272461,274.03039978027346,0.32727619419243287,69.40875509265301,9.880497782552709,7.280636991666709,2.599860790886,1.0
2021-04-08,310.295166015625,313.0199890136719,315.8800048828125,310.04998779296875,314.8500061035156,20894100,-0.00022360128090193054,0.06277795236820771,289.47050018310546,274.6497998046875,0.32605985943032956,69.34058648734631,10.522502549186186,7.929010103170604,2.5934924460155813,0.9988012443230244
2021-04-09,309.7400207519531,312.4599914550781,314.739990234375,310.3299865722656,311.3999938964844,15988600,-0.0017890153288877553,0.04620634709621663,291.3994995117188,275.4561993408203,0.3136776423538376,68.75885027593709,10.860911007838126,8.51539028410411,2.345520723734017,0.9892122440298675
2021-04-12,308.8280029296875,311.5400085449219,312.1499938964844,307.92999267578125,311.04998779296875,10881900,-0.0029443222662588475,0.008513822315994846,293.55650024414064,276.3869995117187,0.2998824776610117,67.75320061161332,10.928885824400936,8.998089392163475,1.930796432237461,0.9734591103602486
2021-04-13,307.06353759765625,309.760009765625,314.42999267578125,309.32000732421875,312.2099914550781,14036900,-0.005713547956843645,0.011428197898506243,295.35700073242185,277.41559997558596,0.2997667497514304,65.7494894401179,10.715602535047253,9.341592020740231,1.374010514307022,0.9429796760224304
2021-04-14,300.1839294433594,302.82000732421875,308.0299987792969,301.95001220703125,307.29998779296875,17421400,-0.02240444932403407,-0.03280203498609513,296.534001159668,278.2317999267578,0.3116034879263557,58.48694440373904,9.872766685839736,9.447826953760131,0.4249397320796042,0.8241440053593889
2021-04-15,305.1404113769531,307.82000732421875,310.1400146484375,304.1000061035156,306.3399963378906,14558300,0.016511458553155167,-0.01661229912453288,297.72450103759763,279.0466003417969,0.3113773200085886,61.76386212632499,9.49877544573883,9.458016652155871,0.040758793582957864,0.9097604526635212
2021-04-16,303.5146789550781,306.17999267578125,308.95001220703125,304.6099853515625,308.1700134277344,13059200,-0.00532783642848178,-0.020098569260185606,299.10250091552734,279.83720031738284,0.30150533440505944,60.08840275042683,8.966686833297388,9.359750688384175,-0.3930638550867869,0.8816780071183303
2021-04-19,299.6089172363281,302.239990234375,307.70001220703125,300.55999755859375,305.010009765625,14553500,-0.0128682557177352,-0.029851762391557735,299.709001159668,280.5522003173828,0.27501558211097266,56.14777462680022,8.133321636391486,9.114464877985638,-0.9811432415941521,0.8142122048377682
2021-04-20,300.015380859375,302.6499938964844,305.1000061035156,297.2099914550781,301.989990234375,16796400,0.001356550011106794,-0.022953304639034333,300.1645004272461,281.2432000732422,0.27265352092934225,56.4677099814417,7.420419604609094,8.77565582331033,-1.3552362187012363,0.821232816224066
2021-04-21,298.84564208984375,301.4700012207031,301.9800109863281,297.3900146484375,301.95001220703125,14863500,-0.0038988689891890083,-0.004458113964941002,300.7065002441406,281.9410003662109,0.27008858836927185,55.21907363385571,6.683184470476647,8.357161552743595,-1.6739770822669477,0.8010274600750085
2021-04-22,293.938720703125,296.5199890136719,302.9200134277344,296.0400085449219,301.3299865722656,16375400,-0.01641958465846627,-0.036709824058463014,301.42549896240234,282.48239990234373,0.25382760474137783,50.20391132451095,5.634544181117121,7.8126380784183,-2.1780938973011787,0.716266968219388
2021-04-23,298.5086364746094,301.1300048828125,302.5899963378906,297.1499938964844,298.760009765625,17536800,0.015547066099911522,-0.016493526402021508,302.54499969482424,283.0676000976562,0.25158094524713226,54.36120653413696,5.116499132791205,7.273410289292881,-2.1569111565016765,0.7952056043656863
2021-04-26,300.4020080566406,303.0400085449219,305.79998779296875,301.55999755859375,303.3399963378906,16172600,0.006342787603821343,0.002646963791675949,303.5460006713867,283.7205999755859,0.24819199494355357,56.000220289183105,4.804680664752084,6.779664364384723,-1.9749836996326389,0.8279111499432237
2021-04-27,300.9273986816406,303.57000732421875,305.3399963378906,301.1099853515625,304.2799987792969,15309300,0.0017489399562840013,0.003039859396293476,304.1835006713867,284.38200012207034,0.23140160959053477,56.467404714073126,4.547903355494384,6.3333121626066555,-1.7854088071122716,0.8369864724550088
2021-04-28,304.4266662597656,307.1000061035156,310.9200134277344,305.3699951171875,307.3599853515625,33907200,0.011628285713768616,0.018675174511612047,305.1385009765625,285.0446002197266,0.22917204524059473,59.54818176128186,4.576491937695096,5.981948117624344,-1.4054561799292484,0.8974316633492732
2021-04-29,326.6415100097656,329.510009765625,331.80999755859375,321.6099853515625,330.1199951171875,56526800,0.07297298344746861,0.11125732488284967,306.8875015258789,286.1634002685547,0.3320068961335806,72.73834118245661,6.334429245083982,6.052444343116272,0.28198490196770987,1.0
2021-04-30,322.2501525878906,325.0799865722656,329.82000732421875,324.5,326.1400146484375,26332400,-0.013444275020690233,0.07953369408928035,308.20850067138673,287.27719970703123,0.3372903285303094,68.01686946443172,7.286151162854765,6.2991857070639705,0.9869654557907941,0.940790928098113
2021-05-03,319.7718811035156,322.5799865722656,328.54998779296875,321.8399963378906,326.1700134277344,18719500,-0.007690414984818705,0.06447986231642155,308.89199981689455,288.4975994873047,0.32050298897720103,65.43552316519387,7.749338976916135,6.589216361034405,1.1601226158817308,0.9073774055737606
2021-05-04,315.5885925292969,318.3599853515625,322.19000244140625,313.1199951171875,320.0199890136719,24032600,-0.013082030492792995,0.04872015571534294,309.4969985961914,289.65819946289065,0.3229301565267421,61.212467832397266,7.687285583125572,6.808830205452638,0.8784553776729336,0.850975363237457
2021-05-05,312.2777404785156,315.0199890136719,321.05999755859375,314.489990234375,318.19000244140625,15577600,-0.010491256726885112,0.025789588905076766,309.59349822998047,290.64139953613284,0.3166814661425226,58.02081869413354,7.284625403393932,6.903989245040897,0.38063615835303466,0.8063349460905118
2021-05-06,317.2342224121094,320.0199890136719,320.239990234375,313.2699890136719,314.5199890136719,19012200,0.015872008680004823,-0.028800402023304916,309.9434982299805,291.7555993652344,0.3213199532214915,61.2759238056273,7.284995628351794,6.9801905217030775,0.3048051066487165,0.8731619911392168
2021-05-07,316.3023376464844,319.0799865722656,322.94000244140625,318.75,322.3800048828125,15916700,-0.00293732414748038,-0.01845699596356476,310.27449798583984,293.04339904785155,0.3214919543131847,60.32881578689402,7.127279847698219,7.009608386902106,0.1176714607961129,0.8594336728104875
2021-05-10,303.30645751953125,305.9700012207031,314.5799865722656,304.8299865722656,314.3500061035156,24239200,-0.041086830585638556,-0.05149105971532886,309.9959976196289,294.01039916992187,0.35485163650098717,48.962257401145955,5.87667999324168,6.783022708170021,-0.906342714928341,0.6827492631774634
2021-05-11,303.8616027832031,306.5299987792969,306.8399963378906,299.69000244140625,300.75,18920100,0.00183023680870531,-0.037159150385064454,309.8344970703125,294.8427990722656,0.354439445963186,49.40080466684653,4.874566750199222,6.401331516575861,-1.5267647663766395,0.6902963988441161
2021-05-12,299.916259765625,302.54998779296875,304.9599914550781,298.19000244140625,301.1300048828125,24645500,-0.012984083131105773,-0.03958479352293398,309.82099609375,295.713798828125,0.3481664393193877,46.35235140271026,3.7163909198440592,5.864343397229501,-2.1479524773854415,0.6366574455886478
2021-05-13,302.60272216796875,305.260009765625,308.8599853515625,302.7699890136719,306.0799865722656,18079200,0.008957270143771012,-0.04612205410523995,309.6929962158203,296.71079895019534,0.34447948762527875,48.67481679457575,2.9828202594661093,5.288038769676823,-2.3052185102107137,0.6731806467586801
2021-05-14,313.189697265625,315.94000244140625,316.8500061035156,309.0799865722656,309.5400085449219,19245700,0.03498654371393495,-0.009840742957873405,310.1809967041016,297.8767987060547,0.36559435766895687,56.64116043234742,3.2260583856201492,4.875642692865489,-1.6495843072453393,0.8171158343430455
2021-05-17,312.71392822265625,315.4599914550781,315.67999267578125,311.5799865722656,313.54998779296875,15401300,-0.001519310573586341,0.03101608065010808,310.84199676513674,298.9003985595703,0.3617473798563558,56.21880793489618,3.341573894260307,4.568828933144452,-1.2272550388841452,0.8106466846481801
2021-05-18,307.2617492675781,309.9599914550781,316.5,309.80999755859375,315.5899963378906,14522400,-0.017434857506433477,0.01118974550432461,311.2074966430664,299.9933984375,0.36854145948911027,51.481912561920446,2.9552504449696926,4.246113235509501,-1.2908627905398085,0.6974150517136081
2021-05-19,310.8601379394531,313.5899963378906,314.6600036621094,303.57000732421875,304.19000244140625,19106200,0.01171120461634989,0.03648986610594873,311.8134963989258,300.9503985595703,0.36970310219989366,54.22339187286501,2.9084703491975006,3.978584658247101,-1.0701143090496004,0.7535983668541679
2021-05-20,315.83648681640625,318.6099853515625,319.25,313.1600036621094,313.5799865722656,17320200,0.016008128678514533,0.0437331296562149,312.9179962158203,302.02459838867185,0.36591233477537277,57.776555442009894,3.2391292798204745,3.830693582561776,-0.5915643027413013,0.8216327674107707
2021-05-21,313.4771728515625,316.2300109863281,319.92999267578125,315.80999755859375,319.2900085449219,13600900,-0.007469867470124125,0.0009179228419347041,313.6729965209961,302.87159851074216,0.3652716485242138,55.574143443804516,3.2714238854485984,3.7188396431391406,-0.4474157576905422,0.7826870343523669
2021-05-24,321.8040771484375,324.6300048828125,325.95001220703125,318.0299987792969,318.2099914550781,16445400,0.026562924468441773,0.029068704989932748,314.75249633789065,303.99619873046873,0.3748746438837718,61.19639606723957,3.929529726210717,3.760977659753456,0.16855206645726106,0.9124819937563761
2021-05-25,324.9365234375,327.7900085449219,329.17999267578125,324.79998779296875,327.0799865722656,16437000,0.009734170023039335,0.057523608147433514,315.96349639892577,305.0769989013672,0.37539271199630686,63.088850432523,4.652438814084803,3.9392698906197254,0.7131689234650778,0.9662015970601429
2021-05-26,324.80767822265625,327.6600036621094,329.8299865722656,325.82000732421875,328.3500061035156,9686900,-0.0003966102670108773,0.04486752603249,316.99149627685546,306.04459899902344,0.37462281092080907,62.952823367786806,5.155430572461626,4.1825020269881055,0.9729285454735201,0.9636469724700222
2021-05-27,329.8533020019531,332.75,333.7799987792969,326.760009765625,328.0,20477700,0.0155343840597022,0.04438032484397825,317.1534957885742,307.01939880371094,0.27580457118055735,66.04013948133355,5.8968006827884665,4.525361758148178,1.3714389246402883,1.0
2021-05-28,325.8683776855469,328.7300109863281,332.8699951171875,328.3299865722656,331.0,12037400,-0.012081108981733646,0.039528190132910535,317.3359970092773,308.02159912109374,0.2749227964203196,61.669091123469336,6.089763318759765,4.838242070270496,1.2515212484892686,0.9255695558820206
2021-06-01,326.2649230957031,329.1300048828125,331.4200134277344,326.6400146484375,330.1499938964844,11765900,0.0012167854565034997,0.013861934917644092,317.6634979248047,308.80199951171875,0.2731290623192898,61.93903322616384,6.203454203997978,5.111284497015993,1.0921697069819851,0.9329754774550797
2021-06-02,326.2846374511719,329.1499938964844,331.8699951171875,327.1199951171875,330.3800048828125,11654300,6.0732881765002134e-05,0.0041489530373410854,318.20299835205077,309.51419921875,0.2679840005335234,61.95345303292511,6.2234281897739265,5.33371323556758,0.8897149542063465,0.9333455757712736
2021-06-03,323.2017822265625,326.0400085449219,327.3800048828125,323.4800109863281,325.7799987792969,12610800,-0.009448535346291309,-0.0049441344658534,318.7539993286133,310.2223992919922,0.2673743672355705,58.255445314869064,5.920065065801111,5.450983601614286,0.46908146418682506,0.8757639281274721
2021-06-04,327.4742431640625,330.3500061035156,332.4599914550781,325.17999267578125,325.8999938964844,13289400,0.013219229068937688,-0.007212603746008628,319.27050018310547,311.18659912109376,0.26569046244004063,61.670075130234764,5.958739744675427,5.552534830226515,0.40620491444891194,0.9555639055260482
2021-06-07,333.6500244140625,336.5799865722656,337.69000244140625,328.92999267578125,329.4800109863281,20136700,0.018858726664584324,0.02387970469256606,320.14550018310547,312.34339904785156,0.2718137833114486,65.9994401876888,6.418113051902594,5.725650474561731,0.692462577340863,1.0
2021-06-08,330.7752685546875,333.67999267578125,338.29998779296875,332.239990234375,336.70001220703125,14580500,-0.0086160615965849,0.013824287441033478,321.5309997558594,313.3565991210937,0.22216065189842882,62.462708343593036,6.473541479760968,5.875228675601578,0.5983128041593897,0.9403047612586212
2021-06-09,327.3751220703125,330.25,336.79998779296875,330.0,335.739990234375,13727900,-0.010279287793901304,0.003341959969355379,322.71699981689454,314.1451989746094,0.22812323800692114,58.471650466422034,6.169578108878227,5.934098562256908,0.23547954662131865,0.869699705189309
2021-06-10,329.5658874511719,332.4599914550781,333.94000244140625,328.54998779296875,330.7900085449219,13240200,0.006691874201599113,0.019690782547846952,324.2125,315.0343988037109,0.21941262502840314,60.234657431791554,6.037417200940638,5.9547622899936545,0.0826549109469834,0.9020214907677949
2021-06-11,328.3763427734375,331.260009765625,332.8299865722656,328.92999267578125,332.5799865722656,13587900,-0.00360940179358471,0.0027546651893333163,325.5125,315.7689990234375,0.2207959038679901,58.775590987589084,5.7693448197688895,5.917678795948702,-0.1483339761798126,0.8671997720703961
2021-06-14,333.83837890625,336.7699890136719,336.82000732421875,329.80999755859375,331.8999938964844,12250800,0.016633396986087456,0.0005645090290162802,326.55399932861326,316.53119873046876,0.1949365187305056,63.18529987137836,5.933111585706172,5.920765353900196,0.01234623180597616,1.0
2021-06-15,333.8185729980469,336.75,339.9200134277344,335.0299987792969,336.989990234375,15795200,-5.935509197363409e-05,0.009200453702963518,327.6184997558594,317.08799865722654,0.19452935909554925,63.158905206048956,5.9922105085185535,5.935054384823868,0.05715612369468559,0.9995033785423136
2021-06-16,328.1979064941406,331.0799865722656,337.54998779296875,328.7200012207031,336.70001220703125,17232200,-0.016837456355558666,0.002513206880440988,328.67449951171875,317.5843981933594,0.19369285830761415,56.01140785047584,5.5179170206631625,5.851626911991727,-0.33370989132856455,0.8586334797166149
2021-06-17,333.58062744140625,336.510009765625,337.9800109863281,330.1499938964844,330.489990234375,17794100,0.016400940599211156,0.012181972010590458,329.8205001831055,318.05279846191405,0.19705707296871808,60.608888652214986,5.516601556763362,5.784621840946055,-0.2680202841826924,0.9935408882472826
2021-06-18,326.7903137207031,329.6600036621094,336.1499938964844,329.0,334.5299987792969,23039500,-0.020356024797855365,-0.00483006114939033,330.3730010986328,318.38559875488284,0.20863871779811122,53.073106614362665,4.906264435116839,5.608950359780212,-0.7026859246633732,0.8233544012034162
2021-06-21,329.3973693847656,332.2900085449219,332.9200134277344,327.6499938964844,331.0899963378906,11337500,0.007977931364425261,-0.013302790078982163,331.1760009765625,318.7821990966797,0.20674451481160178,55.367628733434266,4.581969194448675,5.403554126713905,-0.82158493226523,0.8886961374223602
2021-06-22,336.0787353515625,339.0299987792969,339.9200134277344,332.6000061035156,332.69000244140625,15345300,0.0202834574048405,0.006770597711349247,331.89600067138673,319.3319989013672,0.19809593675159923,60.674430454054324,4.813338592172272,5.285511019805579,-0.472172427633307,1.0
2021-06-23,337.6251525878906,340.5899963378906,343.4200134277344,338.20001220703125,339.3500061035156,14817800,0.004601355526680839,0.028724206087127113,332.53600006103517,319.9485986328125,0.19635289868917172,61.8063698448226,5.064202300565171,5.241249275957498,-0.17704697539232672,1.0
2021-06-24,340.19256591796875,343.17999267578125,344.8999938964844,341.7900085449219,341.8500061035156,12329100,0.0076044404290758205,0.019821053509825104,333.31199951171874,320.75579833984375,0.19711569109099936,63.67577904480025,5.409645628390592,5.274928546444117,0.13471708194647558,1.0
2021-06-25,338.3982849121094,341.3699951171875,344.1199951171875,339.67999267578125,342.5899963378906,14594400,-0.005274193126706406,0.03552142002364489,333.7429992675781,321.42679809570313,0.1924964329955515,61.413526949185176,5.4742564574441985,5.314794128644133,0.15946232880006583,0.9612087994741506
2021-06-28,352.5441589355469,355.6400146484375,358.1400146484375,341.7699890136719,342.4599914550781,29156100,0.04180220797188494,0.07026996148865239,335.08849945068357,322.41599853515623,0.233326662646783,70.35563867901504,6.600841924780241,5.572003687871354,1.0288382369088866,1.0
2021-06-29,348.8267822265625,351.8900146484375,356.739990234375,349.04998779296875,356.2699890136719,21417300,-0.010544370277644433,0.03793179339717456,336.2264999389648,323.4089990234375,0.2388851490846664,66.02544119583972,7.109125787510436,5.87942810779917,1.2296976797112658,0.9365697162723352
2021-06-30,344.68310546875,347.7099914550781,352.9200134277344,347.1700134277344,352.1700134277344,15107500,-0.01187877751386468,0.020904886208471973,337.15449981689454,324.31019897460936,0.24482120643794375,61.482935356719004,7.092889062971096,6.122120298833556,0.9707687641375404,0.8658657010342007
2021-07-01,351.3050231933594,354.3900146484375,354.6700134277344,346.5,346.82000732421875,17137000,0.01921147898398079,0.032665138446013264,338.57200012207034,325.36859924316406,0.2468413606213919,65.56070255341677,7.532216680959323,6.40413957525871,1.128077105700613,0.9788565720907784
2021-07-02,351.6123046875,354.70001220703125,356.44000244140625,352.6199951171875,355.1000061035156,11521300,0.0008747355901133069,0.039048590328707,339.7895004272461,326.5321997070312,0.2448005500013622,65.741960368003,7.815311153505036,6.6863738909079755,1.1289372625970602,0.9827554160153713
2021-07-06,349.7090148925781,352.7799987792969,358.7900085449219,349.17999267578125,356.5,13488500,-0.005413062761931098,-0.008041884353108708,340.59950103759763,327.56519958496096,0.2399455088591306,63.512338399780425,7.794881977891009,6.908075508304583,0.8868064695864266,0.9461289428817454
2021-07-07,347.43890380859375,350.489990234375,356.489990234375,350.0,355.260009765625,14218900,-0.006491321936747729,-0.0039785852277200995,341.4400009155273,328.51419921875,0.23876018841969565,60.861116841683014,7.507366905346203,7.027933787712907,0.4794331176332953,0.9029945035047199
2021-07-08,342.64111328125,345.6499938964844,348.3299865722656,342.55999755859375,345.7300109863281,14406500,-0.01380922843090071,-0.005924470418503636,342.2100006103516,329.3557989501953,0.24159118784167796,55.580296502818214,6.810455195852967,6.98443806934092,-0.17398287348795272,0.811828673977699
2021-07-09,347.36956787109375,350.4200134277344,350.7099914550781,345.2699890136719,345.32000732421875,13018700,0.013800143542541221,-0.011202350677519624,343.1080017089844,330.2221990966797,0.24456903353025825,59.32603767274104,6.5673441017816,6.901019275829056,-0.33367517404745595,0.9016764253121597
2021-07-12,350.0857238769531,353.1600036621094,354.19000244140625,349.6400146484375,351.2300109863281,10018600,0.00781916023452256,-0.004341721150048938,344.20300140380857,330.69519897460935,0.24399402071049517,61.34258517936649,6.520605638208224,6.8249365483048905,-0.3043309100966667,0.9532866880425648
2021-07-13,349.02496337890625,352.0899963378906,358.489990234375,348.79998779296875,351.5,11456000,-0.003029808905661069,-0.001955900118469911,344.96900177001953,331.2353991699219,0.23970644109554673,60.089691074340045,6.3243215780554465,6.724813554255002,-0.40049197619955557,0.9331321055796152
2021-07-14,344.6038513183594,347.6300048828125,355.20001220703125,346.7300109863281,354.55999755859375,13894200,-0.012667191631306696,-0.008159962998229964,345.5130020141602,331.7363995361328,0.24548424179309739,55.04321686561347,5.742682935330549,6.5283874304701115,-0.7857044951395622,0.8491240212134137
2021-07-15,341.4614562988281,344.4599914550781,349.2300109863281,340.2200012207031,349.2300109863281,14781600,-0.009118929273101761,-0.003442796072383625,346.18200225830077,332.25839965820313,0.23920068959864224,51.71856402264323,4.968660899811368,6.216442124338363,-1.247781224526995,0.7894138719538483
2021-07-16,338.1901550292969,341.1600036621094,345.989990234375,340.1400146484375,344.9100036621094,11026100,-0.009580177306017013,-0.026425459194084122,346.414501953125,332.78119995117186,0.2363452937037129,48.43859353871509,4.042363573400678,5.781626414150827,-1.7392628407501487,0.7272555347212721
2021-07-19,334.016845703125,336.95001220703125,339.7900085449219,334.5400085449219,337.57000732421875,14372300,-0.012340225729531196,-0.045899850739007375,346.7790023803711,333.11980041503904,0.22841254171535058,44.55631815511992,2.9347254543160375,5.212246222183869,-2.2775207678678315,0.6479564327159308
2021-07-20,338.6858215332031,341.6600036621094,343.45001220703125,334.5,338.79998779296875,11024300,0.01397830919852927,-0.02962308723412832,347.2475021362305,333.57140075683594,0.2317458681339616,49.43875014984073,2.4091994605173,4.651636869850556,-2.242437409333256,0.7366734994429927
2021-07-21,343.2160339355469,346.2300109863281,346.5199890136719,341.25,341.5,9279700,0.013375892042483128,-0.004027252759600919,347.60750274658204,334.37660095214846,0.22553057098941098,53.69918776279797,2.334566295108175,4.18822275490208,-1.8536564597939051,0.8227538349579859
2021-07-22,348.1328430175781,351.19000244140625,351.5400085449219,345.2099914550781,346.67999267578125,12385400,0.014325712092225329,0.0195378597029483,348.1375030517578,335.2698010253906,0.2301018071347964,57.850431711696224,2.645157107285513,3.879609625378767,-1.2344525180932537,0.916179884045908
2021-07-23,366.5709228515625,369.7900085449219,375.3299865722656,357.19000244140625,360.9100036621094,33694300,0.05296280068968917,0.08391958194246052,349.46800384521487,336.6146014404297,0.2933522348079101,69.05503498065696,4.342114417308494,3.9721105837647124,0.37000383354378164,1.0
2021-07-26,369.2176513671875,372.4599914550781,374.44000244140625,368.2200012207031,369.5799865722656,14925200,0.007220267850562845,0.10538649046324577,351.0225036621094,337.95860107421873,0.29151649295797244,70.27650633295215,5.8351466796203795,4.344717802935846,1.4904288766845335,1.0
2021-07-27,364.6081237792969,367.80999755859375,373.1499938964844,364.54998779296875,371.9100036621094,15705400,-0.012484546000010366,0.07653806010710529,351.63100280761716,338.9960009765625,0.2615995742134264,65.43238902690409,6.567464218981399,4.789267086144957,1.7781971328364428,0.92560009765625
2021-07-28,370.030517578125,373.2799987792969,377.54998779296875,366.92999267578125,374.55999755859375,29676900,0.01487181223188938,0.07812721871194728,352.7005020141602,340.1524011230469,0.2612356420992167,68.20849064579953,7.502727753534202,5.3319592196228065,2.170768533911396,1.0
2021-07-29,355.2007751464844,358.32000732421875,365.5199890136719,356.739990234375,361.0,33413200,-0.040077131118732345,0.020302414172516547,353.2310028076172,341.1196014404297,0.2990870580278399,55.16100641797989,6.956593281299661,5.656886031958178,1.2997072493414823,0.7493719074687027
2021-07-30,353.19830322265625,356.29998779296875,360.7300109863281,352.94000244140625,354.0,15976200,-0.005637473459365716,-0.036480219692886506,353.3265014648438,341.97380126953124,0.2926972072150146,53.66816393576793,6.288291572283526,5.783167140023248,0.5051244322602786,0.7023660890525052
2021-08-02,348.8862609863281,351.95001220703125,359.3999938964844,350.739990234375,358.1000061035156,13180400,-0.012208744695397233,-0.055066261393394655,353.1890014648437,342.64060180664063,0.296097603924146,50.498754097277704,5.346025325346659,5.69573877708793,-0.34971345174127144,0.6261175962092934
2021-08-03,348.1823425292969,351.239990234375,353.7699890136719,347.70001220703125,352.7300109863281,12406100,-0.0020173943686030427,-0.045050453859887485,353.1120010375977,343.3408013916016,0.29555334625017693,49.97992193489569,4.490219244311334,5.454634870532612,-0.9644156262212782,0.5469679072968071
2021-08-04,355.7955322265625,358.9200134277344,360.4800109863281,351.510009765625,352.4200134277344,14180600,0.021865457826242052,-0.03846974228065425,353.53350219726565,344.0266015625,0.3043721812803947,55.326452938750826,4.38119673762219,5.239947243950528,-0.858750506328338,0.6960205690069511
2021-08-05,359.810302734375,362.9700012207031,363.8999938964844,356.8999938964844,359.6400146484375,10247200,0.01128381712206794,0.012977209760650865,354.3995025634766,344.73020141601563,0.30079477713573516,57.88304011122214,4.56892802512391,5.1057434001852045,-0.5368153750612947,0.7817527584692111
2021-08-06,360.34564208984375,363.510009765625,365.1499938964844,361.3999938964844,361.3999938964844,8925000,0.001487749795040294,0.020235818747335266,355.0540023803711,345.44720153808595,0.29788451120653214,58.226316977607155,4.707020991563468,5.025998918460857,-0.31897792689738935,0.793183932401354
2021-08-09,358.46209716796875,361.6099853515625,365.7799987792969,360.75,363.760009765625,7798900,-0.005226883340262223,0.027447003294458927,355.47650146484375,346.0244012451172,0.2981046825752775,56.48193994700321,4.610003322648652,4.942799799298417,-0.3327964766497651,0.7529632548644668
2021-08-10,357.9862976074219,361.1300048828125,364.1000061035156,359.0400085449219,361.8299865722656,7469900,-0.0013273429611833087,0.028157427751430264,355.92850189208986,346.6724011230469,0.29783412555713557,56.02532044524642,4.443167637841896,4.842873367007113,-0.39970572916521707,0.7428027856016951
2021-08-11,356.8264465332031,359.9599914550781,362.3599853515625,357.80999755859375,362.1000061035156,8400300,-0.0032398676706856255,0.002897520306577084,356.5450012207031,347.2890008544922,0.29376622741615716,54.86103147376924,4.168487125449303,4.707996118695551,-0.5395089932462476,0.7180353497506395
2021-08-12,359.49310302734375,362.6499938964844,363.0,357.1099853515625,358.45001220703125,7170700,0.007473059521232894,-0.0008816357361284277,357.4545013427734,347.95900085449216,0.29140198017950086,57.069972458228186,4.120364558354197,4.59046980662728,-0.4701052482730832,0.7749786816196801
2021-08-13,360.01849365234375,363.17999267578125,364.6600036621094,361.4800109863281,362.9700012207031,7195700,0.0014614608802341333,-0.000907862454892272,358.55550079345704,348.70180053710936,0.28782661816417476,57.51115094617295,4.077985075834988,4.487972860468822,-0.40998778463383356,0.7684546713867939
2021-08-16,363.3690185546875,366.55999755859375,366.95001220703125,357.3800048828125,362.5199890136719,11222100,0.009306693515548137,0.013688815042590008,360.03600006103517,349.4260003662109,0.2824443933077233,60.312300088766236,4.267939032309698,4.4439660948369974,-0.17602706252729927,0.8459421831054893
2021-08-17,355.32965087890625,358.45001220703125,364.6700134277344,355.07000732421875,362.9800109863281,12328700,-0.022124578256158878,-0.007421129896561518,360.87550048828126,349.86340087890625,0.29495076074740495,51.5334452262548,3.72117547691812,4.299407971253222,-0.5782324943351025,0.6600186099878266
2021-08-18,352.3558349609375,355.45001220703125,359.8599853515625,355.1499938964844,356.25,10042400,-0.008369367827688268,-0.012529112554470423,361.3365005493164,350.2988012695312,0.2944787227771619,48.7090374799877,3.011076674523906,4.041741711907359,-1.0306650373834527,0.5912428113674842
2021-08-19,352.02862548828125,355.1199951171875,357.57000732421875,351.0,351.3500061035156,12004500,-0.000928448666507653,-0.02076381885021139,361.53300018310546,350.796201171875,0.2906039502582543,48.394815246505836,2.3940910452585626,3.7122115785776,-1.3181205333190373,0.5836770817300292
2021-08-20,356.24163818359375,359.3699951171875,359.989990234375,353.30999755859375,354.6000061035156,8697700,0.011967785701837208,-0.010490659274821401,361.0119995117187,351.3344012451172,0.2209274445547889,52.63264656917518,2.2224459961731213,3.4142584620967042,-1.191812465923583,0.6811094631088475
2021-08-23,360.1869812011719,363.3500061035156,365.69000244140625,359.1000061035156,359.44000244140625,10942000,0.011074967416326187,-0.00875706971971213,360.55650024414064,351.976201171875,0.22331806638770743,56.25552346839317,2.3801329908568505,3.2074333678487337,-0.8273003769918832,0.7723522744763317
2021-08-24,362.3282470703125,365.510009765625,367.9599914550781,361.8399963378906,363.6600036621094,9235100,0.005944691415510794,0.019695905476817543,360.4415008544922,352.5510015869141,0.22046697545363395,58.12732609535433,2.6488608943145664,3.0957188731419003,-0.4468579788273339,0.8218709334378105
2021-08-25,365.1831970214844,368.3900146484375,370.8599853515625,365.3999938964844,365.6000061035156,9684500,0.007879414532748985,0.036404563221309916,360.1970016479492,353.1838018798828,0.2154583395830688,60.55111598887499,3.0589602293355256,3.0883671443806255,-0.029406915045099957,0.8878958120531154
2021-08-26,361.2080383300781,364.3800048828125,369.44000244140625,364.1300048828125,368.3800048828125,7888700,-0.010885229257508122,0.026075720581628437,360.50000152587893,353.84980224609376,0.16299565122500156,55.715239844029476,3.0255163626002854,3.0757969880245577,-0.05028062542427225,0.7959652706843718
2021-08-27,369.3861999511719,372.6300048828125,373.739990234375,364.0799865722656,365.1000061035156,11219100,0.02264119844515955,0.03689793234212835,361.3165023803711,354.5722021484375,0.1781794139343841,62.373230119078194,3.6229547420801396,3.1852285388356743,0.4377262032444653,0.985098716890313
2021-08-30,377.3463134765625,380.6600036621094,381.489990234375,370.5199890136719,372.55999755859375,13547300,0.021549522781511454,0.04764000899359355,362.752001953125,355.5922021484375,0.18196752566343805,67.49566411188889,4.690315714185374,3.486245973905614,1.2040697402797598,1.0
2021-08-31,376.07745361328125,379.3800048828125,382.760009765625,378.79998779296875,379.95001220703125,12345400,-0.0033625775415928594,0.03794696382208884,364.15900268554685,356.5340020751953,0.18261810014378918,65.95431364511295,5.37100813199703,3.8631984055238977,1.5078097264731323,0.9707161054787128
2021-09-01,378.7242126464844,382.04998779296875,384.3299865722656,378.80999755859375,379.5899963378906,11567200,0.007037753376013978,0.037080193820039575,365.3155014038086,357.39440185546874,0.1704776745272527,67.61560178296024,6.056096177166808,4.30177795985248,1.754318217314328,1.0
2021-09-02,372.0131530761719,375.2799987792969,381.75,374.05999755859375,381.5,14832900,-0.017720165501851848,0.029913809074100906,365.9310012817383,358.08820190429685,0.1828360188495994,59.66553826049108,5.983774625400997,4.638177292962183,1.345597332438814,0.849889297594591
2021-09-03,372.984619140625,376.260009765625,377.1600036621094,373.1099853515625,374.75,7509600,0.002611412783830369,0.00974157967755196,366.5685012817383,358.74980224609374,0.18285961486384752,60.39154269346341,5.937098791725759,4.897961592714899,1.0391371990108604,0.8716190429790586
2021-09-07,378.8530578613281,382.17999267578125,382.9599914550781,373.1499938964844,375.8800048828125,10793800,0.015733755266321925,0.0039930357774626835,367.59700164794924,359.5660021972656,0.18727785785055587,64.5433304058166,6.305119509836231,5.179393176139166,1.1257263336970658,1.0
2021-09-08,374.2832336425781,377.57000732421875,380.8699951171875,374.7900085449219,380.1600036621094,11067200,-0.012062340886257017,-0.004770935566709267,368.4190017700195,360.0046020507813,0.19419226180108265,59.3281228765117,6.153853497292857,5.374285240369904,0.7795682569229534,0.8980767777525882
2021-09-09,374.70941162109375,378.0,379.8299865722656,376.57000732421875,377.6400146484375,9098900,0.0011388422476366067,-0.010600675101090196,369.3210021972656,360.5268017578125,0.1931549048754725,59.6555765999093,5.9995122650514645,5.499330645306216,0.5001816197452484,0.9075835843292203
2021-09-10,375.3934631347656,378.69000244140625,383.7900085449219,378.260009765625,381.3599853515625,11549600,0.0018254032841436008,0.009086558498191621,370.12300262451174,361.1464019775391,0.19227178934871011,60.20919773869491,5.865262066854314,5.572516929615836,0.2927451372384775,0.9228390063801535
2021-09-13,373.2324523925781,376.510009765625,381.75,374.3500061035156,381.67999267578125,13026300,-0.00575666815000897,0.0006644341506176765,370.7895034790039,361.5888018798828,0.19435334213259833,57.5234621219006,5.519337144650592,5.561880972622787,-0.042543827972195025,0.8746410488929193
2021-09-14,373.2522277832031,376.5299987792969,378.5899963378906,375.1099853515625,377.3999938964844,8711600,5.309025830224634e-05,-0.014783594130416744,371.2880035400391,362.0254016113281,0.1924265087969765,57.54216374455127,5.187009481397581,5.486906674377746,-0.2998971929801648,0.8750829905755093
2021-09-15,370.6650085449219,373.9200134277344,377.55999755859375,367.6700134277344,377.0,17940300,-0.006931679706860039,-0.009667065247982332,372.0615036010742,362.44820190429687,0.17450117661105763,54.187414992856,4.65932362622965,5.321390064748127,-0.6620664385184769,0.8173782265116429
2021-09-16,369.8125,373.05999755859375,373.55999755859375,369.7099914550781,372.7900085449219,11934200,-0.0022999995674390927,-0.013068789527529767,372.94200286865237,362.89960205078125,0.17093174042654655,53.08908676707907,4.12419157776236,5.081950367350974,-0.9577587895886133,0.7983639386382528
2021-09-17,361.5450439453125,364.7200012207031,371.4100036621094,361.5899963378906,371.4100036621094,26299000,-0.02235564357601949,-0.03689033544756615,373.4220031738281,363.28100219726565,0.192191059528598,43.81448094993534,2.9926303894418425,4.664086371769147,-1.6714559823273047,0.6139730489792834
2021-09-20,352.6036071777344,355.70001220703125,361.0299987792969,349.79998779296875,359.29998779296875,19822800,-0.024731270518431492,-0.055270768422724936,373.23850402832034,363.38660217285155,0.20886303837328085,36.406583476722304,1.352432267707627,4.001755550956843,-2.649323283249216,0.41454804547073876
2021-09-21,354.3680725097656,357.4800109863281,360.0400085449219,355.19000244140625,358.5,11751900,0.005004213433259075,-0.05059354594515297,372.94500427246095,363.47300231933593,0.205512300086559,38.61233596941534,0.19395863030752025,3.2401961668269785,-3.0462375365194583,0.45390244626528914
2021-09-22,340.2222900390625,343.2099914550781,349.8399963378906,340.69000244140625,347.2300109863281,43692900,-0.03991837051777358,-0.08212992316494827,371.8300033569336,363.2954022216797,0.2461968153083576,29.71421306046807,-1.8542369015478357,2.2213095531520155,-4.075546454699851,0.13840331530481156
2021-09-23,342.9483642578125,345.9599914550781,349.6700134277344,343.0,345.3599853515625,21806300,0.008012587245321834,-0.07264248721617284,370.7085021972656,363.262001953125,0.2462755058375685,32.92228003003527,-3.218444376345701,1.133358767252472,-4.351803143598174,0.19920369530718657
2021-09-24,349.88739013671875,352.9599914550781,354.3500061035156,342.3699951171875,343.239990234375,18801900,0.020233553511660674,-0.03224393980660434,370.1375015258789,363.432001953125,0.2576070231306856,40.38170721818164,-3.692185909291652,0.1682498319436473,-3.860435741235299,0.3539682989495957
2021-09-27,350.5020446777344,353.5799865722656,355.1499938964844,347.0799865722656,349.80999755859375,15205800,0.0017565591914017187,-0.005960150581978851,369.18500061035155,363.68040161132814,0.2418729327814571,41.00745487634816,-3.97181643533645,-0.6597634215123722,-3.3120530138240776,0.3676759130312746
2021-09-28,337.6846008300781,340.6499938964844,349.6000061035156,338.9200134277344,347.9700012207031,21710300,-0.03656879112737499,-0.047079603257837555,367.1845001220703,363.7544012451172,0.2529262486028161,33.18480838421557,-5.1770897226380725,-1.5632286817375123,-3.6138610409005603,0.0
2021-09-29,336.6536560058594,339.6099853515625,345.2300109863281,338.8800048828125,343.1499938964844,14452200,-0.0030530120756083745,-0.010489222904767392,365.1959991455078,363.71340087890627,0.2529619508439343,32.64537739181851,-6.145357626840848,-2.4796544707581796,-3.6657031560826687,0.0
2021-09-30,336.43560791015625,339.3900146484375,342.79998779296875,338.1499938964844,340.45001220703125,16547100,-0.0006477156521098593,-0.0189905681839333,363.06300048828126,363.57660095214845,0.2493961307496424,32.52494984632732,-6.8514870366298055,-3.354020983932505,-3.4974660526973005,0.0
2021-10-01,340.0240478515625,343.010009765625,345.0199890136719,338.6400146484375,341.6099853515625,14905300,0.010666180385234147,-0.028190111996643896,361.44950103759766,363.41300109863283,0.25172091525507284,36.665627641593495,-7.037868165587554,-4.090790420263515,-2.947077745324039,0.08459913475240026
2021-10-04,323.3901062011719,326.2300109863281,335.94000244140625,322.70001220703125,335.5299987792969,42885000,-0.048919851612384324,-0.07735159405111758,358.9480010986328,362.54180114746094,0.29544330617150705,28.067550191539425,-8.44226504200168,-4.961085344611147,-3.481179697390532,0.0
2021-10-05,330.0615539550781,332.9599914550781,335.17999267578125,326.1600036621094,328.5799865722656,35377900,0.02062955657697607,-0.022574497517070413,356.4870010375977,361.7518011474609,0.3008878160640504,34.68321636166054,-8.909503297616709,-5.75076893521226,-3.1587343624044486,0.120285659897162
2021-10-06,330.7356262207031,333.6400146484375,334.3800048828125,325.79998779296875,329.739990234375,26443000,0.0020423570723544504,-0.017578902154319564,354.2905014038086,361.06840148925784,0.3017158603956657,35.33042357983976,-9.119793490464644,-6.424573846262737,-2.6952196442019076,0.13243978708050588
2021-10-07,326.3540954589844,329.2200012207031,338.8399963378906,328.9800109863281,337.0,28307500,-0.013247851677478883,-0.02996556465654754,351.85150146484375,360.18720153808596,0.30152848037467284,33.038878501106126,-9.533215157267705,-7.046302108463731,-2.4869130488039737,0.053440414886474025
2021-10-08,327.1768798828125,330.04998779296875,333.3999938964844,328.7099914550781,331.510009765625,15946100,0.002521069707758228,-0.037783217992710116,349.41950073242185,359.6218011474609,0.30179966341743886,33.90579073714919,-9.682270637946715,-7.573495814360328,-2.108774823586387,0.0682748535619398
2021-10-11,322.6169738769531,325.45001220703125,330.4599914550781,325.30999755859375,327.6300048828125,14708200,-0.013937208774638554,-0.0023909473470531406,346.8665008544922,359.0048016357422,0.30286439222115447,31.47375414072191,-10.055662350314776,-8.069929121551217,-1.985733228763559,0.0
2021-10-12,320.9515380859375,323.7699890136719,324.3800048828125,317.3699951171875,323.0299987792969,31658700,-0.005162154341203817,-0.02760092106335288,344.22850036621094,358.441201171875,0.3017981217100737,30.61016662349803,-10.36763021616673,-8.529469340474321,-1.8381608756924095,0.0
2021-10-13,321.7148132324219,324.5400085449219,327.0,322.6600036621094,326.9700012207031,14761500,0.002378291865764881,-0.027274924181694638,341.75950012207034,357.9072015380859,0.3037702816118093,31.537385860203898,-10.432473792718326,-8.910070230923122,-1.5224035617952048,0.013183007755048513
2021-10-14,325.6701354980469,328.5299987792969,330.5199890136719,327.1000061035156,328.3599853515625,14302200,0.012294293859990146,-0.0020958703567456327,339.53300018310546,357.29940124511717,0.311019486548577,36.28813075892404,-10.046098755163712,-9.137275935771239,-0.9088228193924728,0.0814930571338557
2021-10-15,321.9329833984375,324.760009765625,329.07000732421875,322.510009765625,328.67999267578125,21596400,-0.01147532653845873,-0.01602780858353492,337.5350006103516,356.53520141601564,0.30585549575524684,33.89484364320097,-9.929637678339247,-9.29574828428484,-0.6338893940544068,0.016949506760523494
2021-10-18,332.4208068847656,335.3399963378906,335.8900146484375,327.5,328.95001220703125,21585000,0.03257786135645535,0.03038864267907293,336.51699981689455,355.97180114746095,0.3253555076235815,44.88132639600645,-8.881247447958913,-9.212848117019655,0.3316006690607427,0.1980826330905407
2021-10-19,337.0303649902344,339.989990234375,342.4599914550781,337.2799987792969,339.6499938964844,18786300,0.01386650547881274,0.0500972967572304,335.6424987792969,355.5394012451172,0.3296460452869584,48.90097342028565,-7.587708609645517,-8.887820215544828,1.3001116058993105,0.27769217948577285
2021-10-20,337.8134765625,340.7799987792969,343.9800109863281,339.45001220703125,343.45001220703125,13639500,0.002323622952479454,0.050040025287443335,335.5209991455078,355.13240112304686,0.2983198878831857,49.573809710873896,-6.424762016390275,-8.395208575713918,1.9704465593236424,0.29121740625158377
2021-10-21,338.9039306640625,341.8800048828125,342.30999755859375,337.79998779296875,340.2799987792969,16354400,0.0032279068826102097,0.04063557712574073,335.3169998168945,354.77080139160154,0.2970567487662407,50.55016882252894,-5.352655087304242,-7.786697878031983,2.434042790727741,0.31004990127895865
2021-10-22,321.7842102050781,324.6099853515625,329.6300048828125,321.1099853515625,326.3500061035156,35224500,-0.05051485692229851,-0.0004619547036310845,333.8994995117188,354.01000122070315,0.33547088805523745,38.0830182809499,-5.829351728407232,-7.395228648107034,1.565876919699802,0.014381035528602978
2021-10-25,325.8287048339844,328.69000244140625,329.55999755859375,319.7200012207031,320.29998779296875,38409000,0.012568982082991065,-0.01983060168517392,332.6550003051758,353.3202014160156,0.3400793463656098,41.7387809812186,-5.810929195284928,-7.078368757542614,1.2674395622576862,0.08423237663527133
2021-10-26,313.0608215332031,315.80999755859375,330.2099914550781,309.6000061035156,328.260009765625,65654000,-0.039185873580406705,-0.0711197193161851,331.4130004882812,352.3052014160156,0.3435715307905582,34.76124250257415,-6.757738948358963,-7.014242795705885,0.2565038473469219,0.0
2021-10-27,309.5020751953125,312.2200012207031,319.25,312.05999755859375,314.19000244140625,29971800,-0.011367582931647191,-0.08380772833176275,330.04350128173826,351.38060119628904,0.34467713469912675,33.10029099823788,-7.708911665631945,-7.153176569691097,-0.5557350959408476,0.0
2021-10-28,314.1611633300781,316.9200134277344,325.5199890136719,308.1099853515625,312.989990234375,50806800,0.015053526963856756,-0.07300804697143304,328.9200012207031,350.6100012207031,0.35112891612068464,37.32271189241883,-7.991351861616806,-7.320811628076239,-0.6705402335405672,0.0671814291179433
2021-10-29,320.75323486328125,323.57000732421875,326.0,319.6000061035156,320.19000244140625,37059400,0.020983193281356893,-0.003203777068710334,327.9480010986328,349.97900146484375,0.35836129035465797,42.82161563121821,-7.59108353497237,-7.374866009455466,-0.2162175255169041,0.16223567023737495
2021-11-01,327.10748291015625,329.9800109863281,333.45001220703125,326.0,326.0400085449219,31518900,0.01981025285723259,0.003924696630077218,328.1355010986328,349.3912017822266,0.32189621844815786,47.59433471245279,-6.6796355962084135,-7.235819926806056,0.5561843305976426,0.25385951879409313
2021-11-02,325.2240295410156,328.0799865722656,334.7900085449219,323.79998779296875,331.3800048828125,28353000,-0.005757998517495699,0.03885244010172717,327.89150085449216,348.68580139160156,0.31382978975216075,46.359085902209756,-6.040985904039758,-6.996853122252797,0.9558672182130392,0.2267007902902093
2021-11-03,328.73321533203125,331.6199951171875,332.1499938964844,323.20001220703125,327.489990234375,20786500,0.010790077693880074,0.06213565377181207,327.7904998779297,348.0080010986328,0.31631452124360004,49.01417120914501,-5.1893823478563945,-6.6353589673735165,1.445976619517122,0.27730126166383634
2021-11-04,332.9264221191406,335.8500061035156,337.2699890136719,332.6499938964844,334.010009765625,22495300,0.012755596913971656,0.05973113679706987,328.1220001220703,347.35720092773437,0.31545903455644253,52.067240162164154,-4.1255965502523395,-6.1334064839492815,2.007809933696942,0.33776454786998533
2021-11-05,338.1604309082031,341.1300048828125,346.7900085449219,339.6400146484375,340.30999755859375,26872800,0.015721300233263902,0.05426954650032978,328.6760009765625,346.8922009277344,0.31965114435588443,55.63811122049436,-2.823934309903507,-5.471512049140127,2.6475777392366204,0.41323623775272644
2021-11-08,335.6722717285156,338.6199951171875,344.7900085449219,338.3399963378906,344.4200134277344,18342500,-0.007357927270241871,0.0261833560918856,329.3345001220703,346.21200073242187,0.3161763019852005,53.594092236750896,-1.9721605780002847,-4.771641754912158,2.7994811769118737,0.3773584494137056
2021-11-09,332.4505920410156,335.3699951171875,341.30999755859375,334.4700012207031,340.0,17556700,-0.00959777935994377,0.022220217152185695,329.9145004272461,345.30620056152344,0.3179289639012521,50.98238021948927,-1.5416009808909052,-4.125633600107908,2.5840326192170027,0.3309033265298377
2021-11-10,324.787841796875,327.6400146484375,333.19000244140625,325.510009765625,332.489990234375,21872600,-0.0230491116715702,-0.012001629960049831,330.0695007324219,344.27140075683593,0.3300601210953396,45.32487802551692,-1.803336479455993,-3.661174175977525,1.857837696521532,0.22041188266347475
2021-11-11,324.8869934082031,327.739990234375,332.4599914550781,327.0,329.82000732421875,12376600,0.00030513851015667726,-0.024147731790247318,330.0300003051758,343.18520080566407,0.32719748408766863,45.40925498851468,-1.9798738007702923,-3.3249141009360788,1.3450403001657865,0.22184092208812498
2021-11-12,337.9225158691406,340.8900146484375,341.8599853515625,329.7799987792969,330.17999267578125,25414300,0.04012334413221463,-0.000703515466068283,330.8365005493164,342.49740112304687,0.35324691042744055,55.20210348439486,-1.0466190559401412,-2.8692550919368913,1.8226360359967502,0.40980584519001295
2021-11-15,344.534423828125,347.55999755859375,353.6499938964844,343.20001220703125,344.3399963378906,25076600,0.019566378079554747,0.026401283356915606,331.44750061035154,341.92340087890625,0.3414554237550902,59.200012362507096,0.22856912792434514,-2.249690247964644,2.4782593758889893,0.5051458069514305
2021-11-16,339.9745178222656,342.9599914550781,346.6499938964844,340.8699951171875,343.8299865722656,18181100,-0.013235142524536725,0.022631709599537864,331.5960006713867,341.13900085449217,0.3425275173338083,55.520049118545124,0.8580913591283093,-1.6281339265460535,2.4862252856743625,0.46246411418449845
2021-11-17,337.8034973144531,340.7699890136719,347.29998779296875,340.1000061035156,344.239990234375,13602800,-0.006385591602433571,0.04007439194911222,331.59550018310546,340.40300048828124,0.3433599463661163,53.80523484710078,1.166826914071919,-1.0691417584224592,2.235968672494378,0.42951688383716186
2021-11-18,335.74169921875,338.69000244140625,342.4599914550781,335.29998779296875,339.7200012207031,17487200,-0.0061037844860868384,0.03341066861935471,331.43600006103514,339.6168005371094,0.3438740604997615,52.157509917241434,1.2294917172906707,-0.6094150632798332,1.838906780570504,0.3982247741024357
2021-11-19,342.29412841796875,345.29998779296875,352.1000061035156,339.8999938964844,342.20001220703125,26488500,0.01951632851254903,0.01293664512021353,332.47050018310546,338.9490002441406,0.29437656887443325,56.696013749951945,1.7918690502243635,-0.12915824057899383,1.9210272908033574,0.5143832658697581
2021-11-22,338.0414733886719,341.010009765625,353.8299865722656,340.510009765625,349.04998779296875,27116800,-0.012423915954251075,-0.018845631945501817,333.0865005493164,338.23900024414064,0.297245643065853,53.17060264756148,1.8698374422193638,0.2706408959806777,1.5991965462386861,0.44767547252184064
2021-11-23,334.3141784667969,337.25,341.3999938964844,333.5,338.92999267578125,17225000,-0.011026097938325208,-0.01664914741469503,334.1585006713867,337.4534002685547,0.25995310682766964,50.22293881135815,1.609671301456558,0.5384469770758538,1.0712243243807043,0.4056725093555896
2021-11-24,338.091064453125,341.05999755859375,341.7799987792969,332.80999755859375,336.0,13566200,0.011297249988417413,0.0008510389831020149,335.6005004882812,336.7961999511719,0.2552646852742133,53.06247226331298,1.6914250271688616,0.7690425870944553,0.9223824400744063,0.4740302116015961
2021-11-26,330.2201232910156,333.1199951171875,337.75,331.8999938964844,335.79998779296875,14750700,-0.023280368551700792,-0.016445738829218515,336.4104995727539,335.9973999023438,0.27017449323651443,47.04011231887715,1.1028110844418961,0.8357962865639434,0.2670147978779527,0.3980951218377976
2021-11-29,335.0874328613281,338.0299987792969,340.6700134277344,335.30999755859375,336.8900146484375,16650900,0.014739444446683736,-0.021054124734086965,337.1334991455078,335.46359985351563,0.26541695655595865,50.76169909440239,1.0207598706281829,0.8727890033767913,0.14797086725139152,0.57026053887855
2021-11-30,321.6355285644531,324.4599914550781,335.80999755859375,323.42999267578125,335.0,25390000,-0.04014438769701845,-0.04853235341074491,336.8574981689453,334.83879943847654,0.2965166396067324,41.98120518697299,-0.13766556629320803,0.6706980894427915,-0.8083636557359996,0.27043719826307416
2021-12-01,307.89617919921875,310.6000061035156,330.5,310.2900085449219,330.2900085449219,30329600,-0.04271708597847701,-0.07902147930758896,335.98349914550784,333.9011993408203,0.3318348816673907,35.270582765768395,-2.149334861825878,0.10669149918905763,-2.2560263610149356,0.0
2021-12-02,307.6880187988281,310.3900146484375,314.6000061035156,307.20001220703125,311.3999938964844,24396200,-0.0006760832290780838,-0.08992547683604313,334.9220001220703,333.2447998046875,0.3282087791196166,35.178831335223364,-3.7176866497642322,-0.6581841306016004,-3.0595025191626317,0.0
2021-12-03,304.1689147949219,306.8399963378906,313.75,299.5,313.7300109863281,27471000,-0.011437282589672804,-0.07889048740545246,333.47149963378905,332.46239990234375,0.3239155916547605,33.58809138373525,-5.18727784001868,-1.5640028724850166,-3.6232749675336637,0.0
2021-12-06,315.10284423828125,317.8699951171875,320.1000061035156,306.3399963378906,308.1300048828125,21758300,0.03594706984401963,-0.05963968800080388,332.3084991455078,331.76059997558593,0.3475944589443957,42.31586931306532,-5.399666729305238,-2.331135643849061,-3.0685310854561774,0.23598633042042969
2021-12-07,319.99993896484375,322.80999755859375,326.5400085449219,321.0,321.57000732421875,18794000,0.015540952330480362,-0.005085353941744253,331.51799926757815,331.1452001953125,0.35349980918301505,45.75429368709235,-5.110459348328618,-2.8870003847449723,-2.2234589635836457,0.39219058796549233
2021-12-08,327.6824645996094,330.55999755859375,332.75,323.07000732421875,325.0,19937700,0.024007930543084477,0.06426268854748818,331.2774993896484,330.9434002685547,0.36408027302154444,50.71742471665787,-4.207399897724997,-3.1510802873409776,-1.0563196103840196,0.5825147472894291
2021-12-09,326.94891357421875,329.82000732421875,336.1300048828125,328.0,329.5400085449219,16879200,-0.0022385958368837944,0.06259863964305867,331.3864990234375,330.74760070800784,0.35432742661688027,50.24472017627377,-3.5109576699631475,-3.223055763865412,-0.2879019060977357,0.5643420996422879
2021-12-10,326.87945556640625,329.75,335.0299987792969,326.3699951171875,332.55999755859375,14528000,-0.00021225917974687647,0.07466433299288977,331.48699951171875,330.55480041503904,0.3543372921346769,50.19705370732614,-2.930885766156223,-3.1646217643235746,0.2337359981673517,0.5626228628515199
2021-12-13,331.5782165527344,334.489990234375,341.0899963378906,329.5899963378906,330.95001220703125,22948700,0.01437449654094003,0.052285510971428195,331.1669982910156,330.38440002441405,0.3269165692149504,53.41922005215525,-2.0648941901618514,-2.94467624949123,0.8797820593293788,0.6790273346658543
2021-12-14,330.834716796875,333.739990234375,335.70001220703125,327.6499938964844,328.04998779296875,20461000,-0.00224221956380366,0.03385890387052637,330.4759979248047,330.534599609375,0.3179894516016937,52.83671827255626,-1.4227082637825674,-2.640282652349498,1.2175743885669306,0.6606088676345055
2021-12-15,338.6858215332031,341.6600036621094,342.1099853515625,323.9800109863281,332.489990234375,24681300,0.02373108904980903,0.03357939915747998,330.41099853515624,330.70859985351564,0.3273476128179491,58.040076640651975,-0.2715619994349936,-2.166538521766597,1.8949765223316035,0.8551082092432585
2021-12-16,331.984619140625,334.8999938964844,344.4599914550781,333.739990234375,338.9800109863281,22635000,-0.019785780287909893,0.015402299616323445,330.11749877929685,330.7337994384766,0.334205819838279,52.69610297762204,0.09416790727669877,-1.714397235957938,1.8085651432346368,0.6890961865769126
2021-12-17,330.8843078613281,333.7900085449219,337.1099853515625,330.75,332.79998779296875,40012600,-0.003314378536255158,0.012251731751089734,329.8724990844727,330.82519958496096,0.33374918881539434,51.85188329323891,0.2910894539230071,-1.3132998979817492,1.6043893519047563,0.6618372151062007
2021-12-20,322.6169738769531,325.45001220703125,329.8999938964844,322.5299987792969,329.7799987792969,17901800,-0.024985757884865567,-0.027026154119020096,328.88000030517577,330.7332000732422,0.3356976459079903,45.901594517271874,-0.2232433949342294,-1.0952885973722453,0.8720452024380159,0.45702395165152404
2021-12-21,331.290771484375,334.20001220703125,336.0,323.75,326.4100036621094,16116800,0.026885849352599855,0.00137838432946924,328.5395004272461,330.9082000732422,0.3493819044457719,52.110824484572,0.07433905561839538,-0.8613630667741172,0.9357021223925126,0.6719060670172591
2021-12-22,327.57342529296875,330.45001220703125,334.510009765625,328.260009765625,333.79998779296875,16764600,-0.01122082544292946,-0.032810370938719635,328.19950103759766,331.0418005371094,0.3494583446316061,49.489193538292184,0.007495231343511932,-0.6875914071505915,0.6950866384941035,0.5798137318605154
2021-12-23,332.3216857910156,335.239990234375,336.6700134277344,328.3599853515625,330.1000061035156,13987700,0.014495318052349715,0.0010152175099642502,327.9085006713867,331.25580017089845,0.35110554995208226,52.758490095068254,0.3371458073112308,-0.48264396425822714,0.819789771569458,0.6974458016972029
2021-12-27,343.1664733886719,346.17999267578125,347.8699951171875,338.010009765625,338.8500061035156,17795000,0.032633345543763514,0.03711909827640003,328.5615005493164,331.60880004882813,0.359259478917165,59.24639695484504,1.464283680591052,-0.09325843528837136,1.5575421158794234,0.9661099007504236
2021-12-28,343.20611572265625,346.2200012207031,352.7099914550781,345.20001220703125,346.6300048828125,16637600,0.00011557151126107001,0.06381929093448391,328.9710006713867,332.0379998779297,0.3562101921051117,59.26842784429332,2.33387348027037,0.3921679478233769,1.941705532446993,0.9670924288379114
2021-12-29,339.9546813964844,342.94000244140625,349.69000244140625,341.6400146484375,346.9100036621094,10747000,-0.009473741458414398,0.02615197461142138,329.89500122070314,332.19,0.3238949401806081,56.56853480580227,2.726926856824207,0.859119729623543,1.8678071272006638,0.8865423629987866
2021-12-30,341.3623046875,344.3599853515625,347.2300109863281,343.2200012207031,344.0,10593300,0.004140616142903397,0.04209403126248468,331.58300018310547,332.27739990234375,0.2752889620975804,57.47175722560501,3.1170735594150756,1.3107104955818496,1.806363063833226,0.9214142408865086
2021-12-31,333.42205810546875,336.3500061035156,343.44000244140625,336.2699890136719,343.0199890136719,12870500,-0.02326048202107267,0.003311108165719112,332.88099975585936,332.1888000488281,0.29291536344144087,51.02546280009243,2.748249143544797,1.5982182251744392,1.1500309183703576,0.724705522617257
2022-01-03,335.59295654296875,338.5400085449219,341.0799865722656,337.19000244140625,338.29998779296875,14537900,0.00651108191367844,-0.02206939826824328,334.46600036621095,332.1220001220703,0.2870898275342318,52.59117782301558,2.602666116253829,1.7991078033903172,0.8035583128635118,0.7784875063047426
2022-01-04,333.6004943847656,336.5299987792969,343.0899963378906,331.8699951171875,339.95001220703125,15998000,-0.005937288695254117,-0.027987991471437823,335.3990005493164,332.360400390625,0.2650150964388696,50.98022659860697,2.29860266779923,1.8990067762721,0.39959589152713004,0.7291257748369385
2022-01-05,321.3481140136719,324.1700134277344,335.760009765625,323.8399963378906,333.0199890136719,20564500,-0.03672773718954081,-0.054732573861455136,335.4670013427734,332.2700006103516,0.29538471138687084,42.38288008273299,1.0481996796512476,1.7288453569479296,-0.680645677296682,0.42558979789599594
2022-01-06,329.5658874511719,332.4599914550781,339.1700134277344,322.7200012207031,322.82000732421875,27962800,0.02557293297947738,-0.03455684284669569,335.56200103759767,332.6030004882812,0.29709272528139913,48.63914360069741,0.717902711862962,1.5266568279309363,-0.8087541160679743,0.6291747138789774
2022-01-07,328.9017333984375,331.7900085449219,337.0,328.8800048828125,332.739990234375,14722000,-0.002015228681273573,-0.013557298872741375,335.66050109863284,332.9944006347656,0.29706694145324575,48.18377888737141,0.39749587860484326,1.3008246380657178,-0.9033287594608745,0.6127213030226042
2022-01-10,325.2140808105469,328.07000732421875,328.3399963378906,315.42999267578125,325.30999755859375,24942400,-0.01121191453901016,-0.030926924311558412,335.5765014648438,333.2174005126953,0.29995109341355725,45.629417060439515,-0.15481721780560065,1.0096962668914542,-1.1645134846970548,0.5213656765691408
2022-01-11,331.4592590332031,334.3699951171875,334.6300048828125,325.2799987792969,326.7799987792969,16226800,0.019203181187918528,-0.006418457997635851,335.57050170898435,333.4334002685547,0.3035071918971204,50.42282754042946,-0.08321372617746192,0.7911142682776711,-0.874327994455133,0.6760804998527332
2022-01-12,330.35894775390625,333.260009765625,336.3699951171875,330.0299987792969,335.17999267578125,14104900,-0.0033196320476467367,0.028040830309300047,335.5465026855469,333.49900024414063,0.30364415576753345,49.593234145495686,-0.11471165991343923,0.6099490826394491,-0.7246607425528884,0.6488215283820213
2022-01-13,323.6379699707031,326.4800109863281,335.6300048828125,325.760009765625,334.9800109863281,14797100,-0.02034447152559682,-0.017987067985466232,334.7875030517578,333.46700073242187,0.2984137516232056,44.75007330119668,-0.6789368763180619,0.352171890847947,-1.0311087671660089,0.4823186163966026
2022-01-14,329.0107727050781,331.8999938964844,332.7300109863281,321.2099914550781,321.7900085449219,16868500,0.01660127030068992,0.0003314908488198931,334.6375030517578,333.4726007080078,0.29776621026713934,49.034891495349626,-0.6808931883455216,0.1455588750092533,-0.826452063354775,0.6154223184515177
2022-01-18,315.3804626464844,318.1499938964844,324.2099914550781,317.6400146484375,323.2900085449219,22645600,-0.04142814176817511,-0.030237489579261756,333.8555023193359,333.1186004638672,0.33171280624535293,40.461834239393994,-1.771532541776196,-0.2378594083478366,-1.5336731334283593,0.2777504228767913
2022-01-19,316.80792236328125,319.5899963378906,327.1000061035156,319.3299865722656,319.5799865722656,20814700,0.004526174662994986,-0.04420252712602668,333.56250152587893,332.68780029296875,0.32118621339218156,41.613140419535085,-2.490961669032515,-0.6884798604847724,-1.8024818085477428,0.31311393953292815
2022-01-20,313.8043212890625,316.55999755859375,327.82000732421875,315.9800109863281,323.8999938964844,16925000,-0.009480893688841752,-0.05011105958610529,332.68050079345704,332.24660034179686,0.30528827622301524,39.86625379024125,-3.267939244928982,-1.2043717373736142,-2.063567507555368,0.23870336270425305
2022-01-21,300.5309143066406,303.1700134277344,318.30999755859375,303.0400085449219,314.80999755859375,28710700,-0.04229840862435863,-0.071397931800394,331.3165008544922,331.6026007080078,0.33546064459589675,33.227912467938765,-4.907587769304712,-1.9450149437598339,-2.962572825544878,0.0
2022-01-24,306.0226135253906,308.7099914550781,309.5299987792969,289.010009765625,297.8399963378906,38878100,0.018273502595810953,-0.06987045154522942,329.99000091552733,331.2240002441406,0.3384905333629283,37.83980504303175,-5.694350186286158,-2.694881992265099,-2.999468194021059,0.12480243315726768
2022-01-25,297.53717041015625,300.1499938964844,306.2300109863281,297.5799865722656,299.95001220703125,25108500,-0.02772828154426399,-0.05657708736545386,327.6885009765625,330.6722003173828,0.3193657746492762,33.93916669931485,-6.92871541581718,-3.541648676975515,-3.387066738841665,0.0
2022-01-26,292.065185546875,294.6300048828125,307.510009765625,290.8500061035156,307.010009765625,28348800,-0.01839076836888298,-0.07810003986698277,325.10900115966797,329.7470001220703,0.3207162388464343,31.671863171019012,-8.2571919652205,-4.484757334624512,-3.7724346305959875,0.0
2022-01-27,292.07513427734375,294.6400146484375,301.7099914550781,294.260009765625,297.75,21629900,3.397401981852788e-05,-0.06924432360124388,322.69400177001955,328.6886004638672,0.3218473521147324,31.680776127615275,-9.203123617036795,-5.428430591106968,-3.7746930259298264,0.00019402532148753536
2022-01-28,299.08355712890625,301.7099914550781,301.8999938964844,293.0299987792969,295.6199951171875,21871600,0.02399530428708574,-0.0048158521885089955,320.56150207519534,327.8636004638672,0.3385438177874701,37.84756557807943,-9.27537250363332,-6.1978189736122395,-3.0775535300210812,0.1372356478937309
2022-01-31,310.5330505371094,313.260009765625,313.7900085449219,299.32000732421875,300.67999267578125,21579500,0.03828185554891239,0.014738811300213372,319.4070022583008,327.31340087890624,0.3671000463147677,46.36508547351889,-8.304906523873285,-6.61923648366445,-1.6856700402088354,0.36111661572516074
2022-02-01,316.2230529785156,319.0,319.6600036621094,312.1199951171875,314.55999755859375,18023800,0.01832340565484092,0.06280195397910493,318.4300018310547,326.91960083007814,0.37362131675742044,50.03010752300353,-6.99203616178778,-6.693796419289116,-0.29823974249866403,0.4723783067859765
2022-02-02,320.188232421875,323.0,328.0,316.8699951171875,327.82000732421875,58458300,0.012539184952978122,0.09629024419448218,317.75350189208984,326.4736010742188,0.37723916118813966,52.467647938852586,-5.564664383381341,-6.467970012107561,0.90330562872622,0.5499127181823613
2022-02-03,235.6902618408203,237.75999450683594,248.0,235.75,244.64999389648438,188119900,-0.2639009457992696,-0.19304920348130727,313.4330009460449,324.40860076904295,1.0015812672301772,24.7551060498203,-11.182710700228313,-7.410918149731712,-3.771792550496601,0.0
2022-02-04,235.026123046875,237.08999633789062,242.61000061035156,230.11000061035156,234.97000122070312,89342200,-0.0028179600623520207,-0.2141791685636265,308.66450119018555,322.4054006958008,0.9920521401717942,24.64491990000883,-15.510322788725375,-9.030799077530446,-6.479523711194929,0.0
2022-02-07,222.95213317871094,224.91000366210938,238.3000030517578,224.00999450683594,237.6999969482422,88613800,-0.051372866269831285,-0.2820341037772979,303.32050094604494,320.0824008178711,0.9992203947623807,22.66948816581879,-19.695769592439547,-11.163793180512267,-8.53197641192728,0.0
2022-02-08,218.2633056640625,220.17999267578125,225.77000427246094,216.14999389648438,220.85000610351562,94729700,-0.021030682981243443,-0.3097805872232563,297.92600021362307,317.82360076904297,0.9990705056585953,21.934202221623906,-23.127835405171197,-13.556601625444053,-9.571233779727145,0.0
2022-02-09,229.9804229736328,232.0,233.3699951171875,222.2100067138672,224.1999969482422,86563300,0.05368338503682257,-0.281733746130031,292.8075004577637,315.703000793457,1.0230870349837862,28.20136555421692,-24.610304213725044,-15.767342143100251,-8.842962070624793,0.09377980421197754
2022-02-10,226.08462524414062,228.07000732421875,235.0,226.6999969482422,228.27000427246094,49310400,-0.016939623602505338,-0.04075533061277303,287.54800033569336,313.7752011108398,1.0220264397147727,27.41335668321817,-25.80482700694239,-17.77483911586868,-8.02998789107371,0.06259928684172869
2022-02-11,217.6387939453125,219.5500030517578,230.4199981689453,218.77000427246094,228.4600067138672,46156900,-0.037356969346474034,-0.07398031784156578,282.20149993896484,311.9542010498047,1.024661687930138,25.7345151171844,-27.12629304607603,-19.645129901910153,-7.481163144165876,0.0
2022-02-14,215.8048858642578,217.6999969482422,221.0,214.77999877929688,219.30999755859375,38184000,-0.008426354260079427,-0.03205729668076063,276.4915000915527,310.1004006958008,1.017497453963767,25.3711809736794,-28.00007697620677,-21.316119316769477,-6.683957659437294,0.0
2022-02-15,219.07618713378906,221.0,221.14999389648438,215.05999755859375,220.47000122070312,42685500,0.015158489196223535,0.0037242590221457927,271.63400039672854,308.38360076904297,1.020462949105743,27.34179137903456,-28.10232822245149,-22.673361097905882,-5.428967124545608,0.025676960333442286
2022-02-16,214.65499877929688,216.5399932861328,217.4600067138672,212.36000061035156,212.41000366210938,45817500,-0.020181025854602685,-0.06663795997356547,266.48150024414065,306.35700073242185,1.0177179217798398,26.329865511717955,-28.21796915639959,-23.782282709604626,-4.435686446794964,0.0
2022-02-17,205.90187072753906,207.7100067138672,217.5,207.16000366210938,214.02000427246094,38747500,-0.040777624669997126,-0.08927083770996813,261.0390007019043,304.05500091552733,1.0207174646387471,24.404139711015546,-28.691385122876966,-24.764103192259093,-3.9272819306178732,0.0
2022-02-18,204.3653564453125,206.16000366210938,210.75,205.17999267578125,209.38999938964844,37128400,-0.007462341734421285,-0.06098838170588328,256.18850021362306,301.56700103759766,1.017450990335989,24.07132463441826,-28.85897468338692,-25.58307749048466,-3.27589719290226,0.0
2022-02-22,200.32086181640625,202.0800018310547,207.47999572753906,200.05999755859375,202.33999633789062,39852400,-0.01979046254646799,-0.07175009341364913,250.85700073242188,299.0122009277344,1.0089815441923986,23.175384631507555,-28.986870072777833,-26.263836006943293,-2.7230340658345398,0.0
2022-02-23,196.72247314453125,198.4499969482422,206.94000244140625,198.0500030517578,204.16000366210938,44481400,-0.017963206897866568,-0.10203621290388154,245.77200088500976,296.3862008666992,1.0084189199318014,22.37735463304648,-29.04631135058449,-26.820331075671533,-2.2259802749129562,0.0
2022-02-24,205.79281616210938,207.60000610351562,208.35000610351562,190.22000122070312,191.05999755859375,49957200,0.04610737866456027,-0.04128561679044673,241.4205009460449,293.84840118408204,1.0339401729680613,29.012817294303346,-28.031954796871815,-27.06265581991159,-0.9692989769602249,0.0619206123754486
2022-02-25,208.6477508544922,210.47999572753906,211.32000732421875,203.17999267578125,204.94000244140625,37627600,0.013872781981458138,0.013335847692151459,237.2125,291.3832012939453,1.0377679469116279,31.01181174271794,-26.688035762879963,-26.987731808505266,0.2996960456253035,0.08141028917557416
2022-02-28,209.19296264648438,211.02999877929688,213.14999389648438,206.8300018310547,207.67999267578125,34239800,0.002613089428554316,0.023622405077025954,232.67850036621093,288.7706011962891,1.030048834312305,31.409055690246703,-25.287095697784565,-26.647604586361126,1.360508888576561,0.08513231012607578
2022-03-01,201.71859741210938,203.49000549316406,211.75,202.22000122070312,209.8699951171875,27094900,-0.035729485522190685,0.0069774527381891716,227.19000015258788,286.1424014282227,1.0122665002150575,28.948155555170274,-24.50280199783967,-26.218644068656836,1.7158420708171676,0.034107115105911606
2022-03-02,206.2983856201172,208.11000061035156,209.14999389648438,202.02000427246094,204.77999877929688,29452100,0.022703793761225777,0.0486772678793681,221.64550018310547,283.62880126953127,1.0145296853850918,32.440987147162616,-23.240546046963743,-25.62302446431822,2.382478417354477,0.06537188456933445
2022-03-03,201.20310974121094,202.97000122070312,209.0800018310547,201.4199981689453,209.02000427246094,27263500,-0.024698473761826323,-0.022302527681544726,215.6440002441406,281.1792010498047,1.0078358574191206,30.636524013426097,-22.39677799064299,-24.977775169583175,2.580997178940187,0.03058810409267414
2022-03-04,198.31845092773438,200.05999755859375,205.88999938964844,198.7899932861328,202.3699951171875,32130900,-0.014337112108232852,-0.04950588360156438,213.7590003967285,278.49640075683595,0.4365747515119524,29.631620181221976,-21.712609258700752,-24.324741987406693,2.612132728705941,0.010895314094889075
2022-03-07,185.8380584716797,187.47000122070312,200.88999938964844,187.27999877929688,200.7899932861328,38560600,-0.06293110312671701,-0.11164288345200479,211.27800064086915,275.63680053710937,0.47695621717121084,25.70342732590143,-21.93347267505979,-23.846488124937313,1.9130154498775234,0.0
2022-03-08,188.6334991455078,190.2899932861328,196.6999969482422,186.11000061035156,187.85000610351562,37508100,0.015042364362657601,-0.06486811072141174,209.5470001220703,272.73780059814453,0.46083254025868703,28.005626665007583,-21.631603076673656,-23.40351111528458,1.771908038610924,0.01776372954601378
2022-03-09,196.7720489501953,198.5,199.10000610351562,193.9199981689453,195.74000549316406,31894700,0.04314471072329096,-0.046177505079847414,208.46300048828124,269.7842007446289,0.49187841063244064,34.380711537366196,-20.493652250886868,-22.82153934240504,2.3278870915181713,0.06948030727116142
2022-03-10,193.5106658935547,195.2100067138672,196.27999877929688,191.07000732421875,194.83999633789062,24853000,-0.016574273481777424,-0.03823222377772939,206.6235008239746,266.76400085449217,0.4419355166818157,33.11524246059312,-19.630999048370683,-22.18343128359817,2.5524322352274886,0.0493339682328494
2022-03-11,185.97683715820312,187.61000061035156,193.55999755859375,186.6699981689453,192.63999938964844,34694500,-0.0389324616675798,-0.062231316106038714,204.60050048828126,263.6574008178711,0.45440588014873806,30.33733533707509,-19.33768435894902,-21.614281898668345,2.276597539719326,0.0008923411550074879
2022-03-14,185.00537109375,186.6300048828125,192.2899932861328,185.82000732421875,187.02999877929688,31010500,-0.005223579363311304,-0.004480697351154972,202.954500579834,260.50280120849607,0.442268889372175,29.988008197442696,-18.965683228875918,-21.08456216470986,2.118878935833944,0.0
2022-03-15,190.35836791992188,192.02999877929688,192.27999877929688,185.91000366210938,190.8000030517578,31721700,0.028934221482098232,0.009143967389539265,201.6710006713867,257.61640106201173,0.46096446382554157,34.465923254765485,-18.027327465949526,-20.473115224957795,2.445787759008269,0.03554732253509441
2022-03-16,201.85739135742188,203.6300048828125,203.72999572753906,194.52000427246094,194.6999969482422,40640300,0.06040726020546239,0.02584385331391692,200.80250091552733,254.91820098876954,0.513326133203082,42.912726048964615,-16.16135220792387,-19.61076262155101,3.4494104136271417,0.11340894391056211
2022-03-17,206.03074645996094,207.83999633789062,208.0399932861328,201.11000061035156,201.6999969482422,29499700,0.02067471077015859,0.06469949894800253,200.36750106811525,252.3444009399414,0.5162883333586502,45.65068494959613,-14.17939105256508,-18.524488307753828,4.3450972551887475,0.14356296776133906
2022-03-18,214.6054229736328,216.49000549316406,216.8000030517578,206.0,206.6999969482422,52128000,0.041618597515806766,0.15393638286262568,200.80650100708007,250.19080078125,0.5160905342617591,50.86501463666938,-11.774954761164537,-17.17458159843597,5.399626837271434,0.2021118355496139
2022-03-21,209.64898681640625,211.49000549316406,214.7100067138672,207.6300048828125,214.5,30142300,-0.023095754414204972,0.13320473643003705,201.0730010986328,247.7714010620117,0.523059164499808,47.99840013109138,-10.15581003415656,-15.77082728558009,5.615017251423531,0.16826859519154977
2022-03-22,214.7640380859375,216.64999389648438,219.4600067138672,210.17999267578125,211.3699951171875,31998800,0.024398261238340657,0.12820910937714292,201.8015007019043,245.46860076904298,0.5223943272629026,51.06351195684032,-8.359890617185613,-14.288639951901196,5.928749334715583,0.20319474074722835
2022-03-23,211.601806640625,213.4600067138672,216.8000030517578,212.16000366210938,213.3300018310547,23717300,-0.014724150807691072,0.048273837820274945,202.55200119018554,243.17640075683593,0.5207118261752797,49.13532838985974,-7.112033748175747,-12.853318711156106,5.741284962980359,0.1816028401551369
2022-03-24,217.6586151123047,219.57000732421875,220.6699981689453,214.7899932861328,215.0,31502300,0.028623631678892147,0.05643769819577149,203.1505012512207,240.88040100097658,0.5055093501036627,52.81083327335668,-5.565911836323153,-11.395837336189517,5.8299254998663645,0.2246470800279389
2022-03-25,219.8890380859375,221.82000732421875,225.5,218.88999938964844,220.50999450683594,40039000,0.010247301202106485,0.024620082663460385,203.71750183105468,238.65160095214844,0.5046657343887246,54.12544814718175,-4.111646385882267,-9.938999146128069,5.827352760245802,0.24223862533709142
2022-03-28,221.64361572265625,223.58999633789062,224.0399932861328,219.5399932861328,222.1300048828125,26224100,0.00797939299986039,0.057213062227272404,204.3455017089844,236.5938006591797,0.5049553323650704,55.18316673218458,-2.7842125488521106,-8.508041826672878,5.723829277820768,0.25442275934638975
2022-03-29,227.85903930664062,229.86000061035156,230.88999938964844,225.2899932861328,226.07000732421875,31417900,0.028042418601705643,0.060973953778087564,205.66400146484375,234.55300079345704,0.48996882575378903,58.80650507565914,-1.2123000844429725,-7.048893478226898,5.836593393783925,0.31700518644434955
2022-03-30,225.86656188964844,227.85000610351562,231.14999389648438,226.7100067138672,228.91000366210938,25588000,-0.008744429224305073,0.06741309349314095,206.65100173950196,232.74700103759767,0.4889454497068328,57.20970999137051,-0.12727079139773423,-5.6645689408610655,5.537298149463331,0.3022659140324918
2022-03-31,220.42433166503906,222.36000061035156,228.49000549316406,222.25999450683594,228.4499969482422,24192300,-0.024094822673254024,0.012706622913270182,207.62050170898436,230.80240112304688,0.48846372647092756,52.97830613309753,0.2863246073043513,-4.474390231227982,4.7607148385323335,0.2620077510220267
2022-04-01,222.89268493652344,224.85000610351562,227.27999877929688,222.6999969482422,224.5500030517578,19544800,0.011198081877717536,0.0136597181464706,208.86000213623046,228.9682012939453,0.48342434266469936,54.61780980122643,0.8057365446902622,-3.4183648760443335,4.224101420734596,0.28026693986356266
2022-04-04,231.85394287109375,233.88999938964844,234.35000610351562,225.86000061035156,225.97999572753906,28054800,0.04020454988100375,0.046066475336366874,211.18100204467774,227.5826010131836,0.4222831703397505,60.06221658591809,1.924640101995351,-2.3497638804363965,4.274403982431748,0.34655713279320555
2022-04-05,229.82177734375,231.83999633789062,236.86000061035156,231.02000427246094,234.0800018310547,29727200,-0.008764817038383166,0.008613920309238354,213.2585021972656,226.04520111083986,0.42801853787123306,58.352608846198954,2.615807715675402,-1.356649561214037,3.972457276889439,0.3315244780659235
2022-04-06,221.3561553955078,223.3000030517578,228.99000549316406,221.41000366210938,226.91000366210938,28995100,-0.03683572041506755,-0.019969290892582592,214.4985023498535,224.50820129394532,0.44050571239149766,51.74490704159245,2.4462580031044467,-0.5960680483503402,3.042326051454787,0.2689007808311022
2022-04-07,221.0092010498047,222.9499969482422,225.52000427246094,218.55999755859375,223.92999267578125,21037200,-0.001567425430954894,0.0026533384433853335,215.88550186157227,223.0746011352539,0.43334781825270846,51.48757411431088,2.257621610318523,-0.02533011661656759,2.2829517269350905,0.2663341890876996
2022-04-08,220.3945770263672,222.3300018310547,225.1300048828125,220.02999877929688,222.3800048828125,18375700,-0.0027808707139450606,-0.011207490344922633,217.62150192260742,221.62840087890626,0.40024168295143403,51.00370620574503,2.0346433831428214,0.38666458333531023,1.6479787998075113,0.26178777023174293
2022-04-11,214.57566833496094,216.4600067138672,220.61000061035156,215.22000122070312,218.4199981689453,20516600,-0.026402172756009867,-0.07452218017557821,219.11300201416014,219.92340118408202,0.41681792451444144,46.54385008113005,1.368496803977166,0.5830310274636814,0.7854657765134847,0.21874314658016028
2022-04-12,212.27589416503906,214.13999938964844,222.02999877929688,213.1300048828125,220.24000549316406,20128800,-0.01071794905414336,-0.07634574373632097,220.21850204467773,217.9410009765625,0.41386316282013663,44.87373042616073,0.645919876442747,0.5956087972594946,0.050311079183252394,0.2017305528477554
2022-04-13,213.11846923828125,214.99000549316406,216.61000061035156,211.3300018310547,211.82000732421875,19231800,0.003969394349203181,-0.03721449818640443,220.7865020751953,215.8608010864258,0.36005519802296276,45.64331371200966,0.14024419644476893,0.5045358770965495,-0.3642916806517805,0.2079636402859795
2022-04-14,208.35035705566406,210.17999267578125,214.99000549316406,210.0,214.88999938964844,18379500,-0.022373192680976817,-0.05727743640842253,220.90350189208985,213.6044009399414,0.3643655111807106,42.06463264433448,-0.6412434037601997,0.27538002092519964,-0.9166234246853994,0.46059050600518375
2022-04-18,208.9352264404297,210.77000427246094,213.3800048828125,208.3000030517578,210.0,16580800,0.0028071729814447277,-0.05199477112125439,220.61750183105468,213.0646011352539,0.3312514063764968,42.65853305511504,-1.1991459443137273,-0.019525172122585754,-1.1796207721911416,0.4783988005851925
2022-04-19,215.4182891845703,217.30999755859375,218.42999267578125,209.0,210.52000427246094,20089900,0.031029051352480908,0.0039267800903755035,220.90850143432618,212.66900115966797,0.33927043647460503,48.91032400036985,-1.100874727399912,-0.235795083178051,-0.865079644221861,0.6491746983030972
2022-04-20,198.67532348632812,200.4199981689453,214.16000366210938,198.9199981689453,213.61000061035156,43036500,-0.07772306649211735,-0.06407024030918318,220.0970016479492,212.17920104980467,0.42974414635214947,37.530068354199116,-2.358686406457622,-0.6603733478339652,-1.6983130586236568,0.29178998918711585
2022-04-21,186.4328155517578,188.07000732421875,202.97000122070312,185.5800018310547,201.60000610351562,49954100,-0.061620551629364195,-0.12521511456866896,218.8275016784668,211.53700134277344,0.475725281151307,31.718585338314924,-4.302456234854731,-1.3887899252381182,-2.9136663096166124,0.03046979705420745
2022-04-22,182.50730895996094,184.11000061035156,192.72000122070312,183.27000427246094,190.3699951171875,36426800,-0.021056024669794504,-0.12403650667951371,217.05450134277345,210.57920135498046,0.4603777728259912,30.108634385421794,-6.092219955248083,-2.329475931240111,-3.762744024007972,0.0
2022-04-25,185.3622283935547,186.99000549316406,187.17999267578125,181.66000366210938,182.72999572753906,29281100,0.01564284869515431,-0.11282439767167551,215.3130012512207,209.75760131835938,0.4636568577206613,32.7808638496068,-7.195285501027115,-3.3026378451975122,-3.892647655829603,0.05785465957082892
2022-04-26,179.37481689453125,180.9499969482422,187.19000244140625,179.5,186.6300048828125,31747400,-0.03230123732544987,-0.16731858183629011,213.18100128173828,208.98560119628905,0.4671734380322944,30.175139226666133,-8.45933713163376,-4.333977702484762,-4.125359429148998,0.0
2022-04-27,173.4270477294922,174.9499969482422,181.2100067138672,169.0,174.42999267578125,71062900,-0.03315833158989334,-0.12708313268835092,210.4355010986328,208.13060119628906,0.4511274258176973,27.810247020407616,-9.831920749554797,-5.433566311898769,-4.398354437656028,0.0
2022-04-28,203.9390869140625,205.72999572753906,208.52999877929688,192.89999389648438,202.9199981689453,100890600,0.17593597780057646,0.09390114167899077,209.329500579834,207.82520111083986,0.8092685731465921,49.62250646208904,-8.339877576078322,-6.01482856473468,-2.3250490113436424,0.5222259501922494
2022-04-29,198.72486877441406,200.47000122070312,212.47999572753906,199.89999389648438,204.4600067138672,49193400,-0.025567465202313344,0.0888599237201444,208.23500061035156,207.50380126953124,0.8097719711300945,47.00852160310412,-7.495457243260859,-6.310954300439915,-1.1845029428209433,0.43298274881869947
2022-05-02,209.29208374023438,211.1300048828125,211.8800048828125,200.99000549316406,201.1699981689453,49915300,0.05317505660297517,0.12909780566069307,207.54900054931642,207.57220123291015,0.8335827575283569,52.47269312097318,-5.898085382756847,-6.228380516903302,0.3302951341464553,0.6138446969108591
2022-05-03,210.18423461914062,212.02999877929688,214.89999389648438,208.08999633789062,210.4499969482422,41556300,0.004262747481031504,0.1717601677547671,206.45600051879882,207.6896011352539,0.8191394481061196,52.914137217731614,-4.507574179704989,-5.88421924946364,1.3766450697586512,0.6291143585872236
2022-05-04,221.46519470214844,223.41000366210938,224.3000030517578,206.9600067138672,210.64999389648438,41375900,0.05367167357604896,0.27699346990102414,206.03450088500978,208.116201171875,0.8436371642935168,58.20086954946761,-2.4589673014233995,-5.199168859855592,2.740201558432193,0.8221921395751978
2022-05-05,206.46690368652344,208.27999877929688,220.1699981689453,206.16000366210938,218.74000549316406,41129200,-0.0677230412013935,0.012394901592935215,205.28350067138672,208.3128012084961,0.868014556963452,50.14031132766391,-2.032862959502154,-4.565907679784905,2.533044720282751,0.5654903367910256
2022-05-06,201.9961700439453,203.77000427246094,209.3800048828125,201.02000427246094,207.33999633789062,34747200,-0.021653517060055916,0.0164613310303956,204.32450103759766,208.236201171875,0.8707673296962206,48.00602340603749,-2.035625638490899,-4.059851271526104,2.024225633035205,0.4889719397767153
2022-05-09,194.50198364257812,196.2100067138672,202.57000732421875,195.5800018310547,199.83999633789062,36303200,-0.03710063993759005,-0.07066735103438582,203.01850128173828,207.95080139160157,0.8790674155065007,44.58039524118384,-2.617668845922708,-3.7714147864054253,1.1537459404827173,0.3607059532574691
2022-05-10,195.929443359375,197.64999389648438,202.9600067138672,194.19000244140625,199.50999450683594,34452500,0.007339009904408833,-0.0678206148450754,202.07800064086913,207.6832012939453,0.8762477138419459,45.37989561013327,-2.9289838474804526,-3.602928598620431,0.6739447511399783,0.38513736016229094
2022-05-11,187.09701538085938,188.74000549316406,200.6699981689453,188.27000427246094,196.3300018310547,31153400,-0.04507962903346585,-0.15518552258466034,200.80800094604493,207.38820129394531,0.8885819632259391,41.400107845504394,-3.8502811846070415,-3.6523991158177536,-0.19788206878928793,0.23396688112849795
2022-05-12,189.57525634765625,191.24000549316406,198.0500030517578,184.77999877929688,187.05999755859375,38262200,0.013245734487861593,-0.08181291235837373,199.62050094604493,207.05080139160157,0.8904149305756611,42.91290913266354,-4.328787289938617,-3.7876767506419267,-0.5411105392966906,0.2763828956592967
2022-05-13,196.89100646972656,198.6199951171875,199.88999938964844,191.27999877929688,192.5800018310547,24549800,0.03859019772035732,-0.02527363717570208,199.04250106811523,206.96380126953125,0.9003455067380922,47.24271046374561,-4.065637205419421,-3.8432688415974257,-0.2223683638219951,0.40159479451118546
2022-05-16,198.2986297607422,200.0399932861328,205.3699951171875,195.92999267578125,197.0500030517578,27112600,0.007149321336492376,0.019519833042210166,198.50600051879883,206.96340118408204,0.9007441695705537,48.059023781474195,-3.6998572316447564,-3.814586519606892,0.11472928796213555,0.42568705969826226
2022-05-17,200.85617065429688,202.6199951171875,205.4600067138672,198.36000061035156,202.1199951171875,24872700,0.012897430102211116,0.025145466097540536,197.77150039672853,207.2664010620117,0.8944309795904902,49.58535242887852,-3.1653017530574346,-3.6847295662970008,0.5194278132395662,0.46946041776046343
2022-05-18,190.56654357910156,192.24000549316406,201.0,191.6300048828125,200.0,23960000,-0.05122885141725553,0.018544028283006275,197.36250076293945,207.30540130615233,0.8692935504090936,43.985128404063985,-3.538452026131239,-3.6554740582638487,0.11702203213260987,0.29334930147161614
2022-05-19,189.62478637695312,191.2899932861328,195.2899932861328,189.60000610351562,191.1999969482422,24446900,-0.004941802850005783,0.0002613877407076082,197.52350006103515,207.161201171875,0.8394041617005802,43.50088133406214,-3.866266438631669,-3.697632534337413,-0.16863390429425618,0.2772310088404667
2022-05-20,191.85520935058594,193.5399932861328,197.91000366210938,187.8699951171875,194.97000122070312,31465600,0.011762246217628558,-0.025576487543751303,197.99499969482423,207.12780090332032,0.8354683004263479,45.04405164737329,-3.8995538964182686,-3.7380168067535844,-0.16153708966468416,0.31540542191818555
2022-05-23,194.52178955078125,196.22999572753906,196.99000549316406,191.24000549316406,195.19000244140625,25059200,0.013898948717174564,-0.019046179196497093,198.45699920654297,207.30020080566408,0.8351618139760102,46.910996957210344,-3.666607363501612,-3.7237349181031902,0.05712755460157837,0.3610450949752142
2022-05-24,179.70191955566406,181.27999877929688,183.67999267578125,176.11000061035156,180.5500030517578,50406300,-0.07618609424524436,-0.10532028848163977,198.4734992980957,207.19320068359374,0.8738549270105732,38.98448978157555,-4.63490704596515,-3.9059693436755825,-0.7289377022895676,0.10739737985839927
2022-05-25,182.22975158691406,183.8300018310547,185.4499969482422,179.32000732421875,180.39999389648438,28030200,0.01406665417546904,-0.043747416884090895,198.91749954223633,207.0292007446289,0.8650727244207208,40.821269676804825,-5.137307897943458,-4.152237054529158,-0.9850708434143005,0.15066176645717547
2022-05-26,189.96185302734375,191.6300048828125,192.8300018310547,182.25999450683594,182.8800048828125,23056500,0.042430522624518296,0.0017774667186647441,198.2125,206.7892007446289,0.6028406277114453,46.160253802725734,-4.850159514048983,-4.291821546433122,-0.5583379676158602,0.282999783570629
2022-05-27,193.43138122558594,195.1300048828125,195.3300018310547,189.8000030517578,191.36000061035156,22562700,0.01826436315200408,0.008215416202526082,197.94550018310548,206.53500091552735,0.6010077278640189,48.40941902772496,-4.29071095670659,-4.2915994284878165,0.0008884717812263077,0.3423822039137472
2022-05-31,191.95437622070312,193.63999938964844,197.60000610351562,192.00999450683594,194.88999938964844,26131100,-0.007635962977907473,-0.01319877895470567,197.07099990844728,206.07800079345702,0.5665396502610989,47.49968673697384,-3.9223604060302932,-4.217751623996312,0.29539121796601897,0.3171021660541405
2022-06-01,186.9978485107422,188.63999938964844,199.52999877929688,185.0,196.50999450683594,36623500,-0.025821111422020038,0.04060018016279976,195.90149993896483,205.62100067138672,0.5709793755243369,44.479000757495925,-3.9879278047194475,-4.17178686014094,0.18385905542149228,0.23227013699254304
2022-06-02,197.12889099121094,198.86000061035156,200.94000244140625,187.72999572753906,188.4499969482422,31951600,0.054177275518290546,0.08176031458189237,194.67399978637695,205.26520080566405,0.5716732260660865,51.29671392372991,-3.1785810504201777,-3.9731456981967876,0.79456464777661,0.4056668251053928
2022-06-03,189.11924743652344,190.77999877929688,196.61000061035156,189.77999877929688,195.97999572753906,19465000,-0.040631609203736874,-0.004435662901722703,193.79899978637695,204.81160064697266,0.539546555115031,46.44125186475062,-3.152812872743681,-3.8090791331061666,0.6562662603624858,0.26857823507543443
2022-06-06,192.55902099609375,194.25,196.9199981689453,188.39999389648438,193.99000549316406,30574200,0.018188495874336352,-0.004509838880704109,193.3229995727539,204.30520050048827,0.5406172626332839,48.68754616591339,-2.819885423935432,-3.6112403912720197,0.7913549673365878,0.3274516839551277
2022-06-07,193.94683837890625,195.64999389648438,196.52999877929688,191.49000549316406,191.92999267578125,18828700,0.007207175786277276,0.010380058423731686,193.29499893188478,203.7818002319336,0.5249282210452544,49.60587318124274,-2.4152289589223983,-3.3720381048020958,0.9568091458796975,0.351204548537652
2022-06-08,194.92825317382812,196.63999938964844,202.02999877929688,194.41000366210938,194.6699981689453,22267200,0.005060084457185532,0.04240882117199041,193.24449920654297,203.24280029296875,0.5245900035573017,50.28347026633987,-1.9916916440424473,-3.0959688126501663,1.104277168607719,0.36800138349109895
2022-06-09,182.39825439453125,184.0,199.4499969482422,183.67999267578125,194.27999877929688,23501600,-0.06427989945525714,-0.07472594068562033,193.00749893188475,202.3256002807617,0.5503972544344597,42.4376696959319,-2.6454821133928306,-3.0058714727986997,0.36038935940586914,0.1535460243788529
2022-06-10,174.04164123535156,175.57000732421875,183.10000610351562,175.02000427246094,183.0399932861328,27450800,-0.0458151775857677,-0.07972529380647364,192.2239990234375,201.28000030517578,0.5701374406394768,38.16108069099128,-3.8000412174944813,-3.1647054217378563,-0.635335795756625,0.010519347646667144
2022-06-13,162.830078125,164.25999450683594,172.5800018310547,164.02999877929688,170.58999633789062,31749300,-0.06441882067303795,-0.15438870266751126,190.50599899291993,200.11800018310547,0.5859650906612369,33.310948563478874,-5.563528247821239,-3.644469986954533,-1.9190582608667057,0.0
2022-06-14,162.30471801757812,163.72999572753906,166.75,161.36000061035156,166.02999877929688,27244300,-0.0032265846646842844,-0.16314847515831632,188.69049911499025,198.89559997558592,0.5833727473251366,33.09865360142109,-6.924054704142833,-4.300386930392193,-2.6236677737506398,0.0
2022-06-15,167.8758087158203,169.35000610351562,172.16000366210938,163.97999572753906,167.1999969482422,30008300,0.03432486729755224,-0.13878149598676925,187.02699966430663,197.60480010986328,0.5989426488438515,37.63728227835197,-7.462767713101584,-4.932863086934072,-2.5299046261675127,0.08251373257398587
2022-06-16,159.46961975097656,160.8699951171875,165.0800018310547,159.61000061035156,163.72000122070312,26944100,-0.050073874701514365,-0.1257065482761549,185.4584991455078,196.18540008544923,0.597856212962577,33.90017383127065,-8.476258636829357,-5.641542196913129,-2.834716439916228,0.0
2022-06-17,162.31463623046875,163.74000549316406,165.89999389648438,159.89999389648438,161.67999267578125,31374200,0.01784055736363932,-0.06738053959984547,184.08099975585938,194.99420013427735,0.6049217888467696,36.2087812114878,-8.944761995662589,-6.302186156663021,-2.6425758389995675,0.045890789636126486
2022-06-21,155.68287658691406,157.0500030517578,167.75999450683594,155.97000122070312,165.92999267578125,50724900,-0.040857470483507186,-0.043893776307036614,182.25650024414062,193.67620025634767,0.6120201250965709,33.29006482756877,-9.743563830579575,-6.990461691446332,-2.753102139133243,0.0
2022-06-22,154.4933319091797,155.85000610351562,160.7899932861328,155.44000244140625,158.3800048828125,47267800,-0.007640859120815913,-0.04812795351889232,180.23750076293945,192.3466003417969,0.6057602130306431,32.77965281448374,-10.35409421186344,-7.663188195529754,-2.6909060163336864,0.0
2022-06-23,157.36805725097656,158.75,159.75,154.25,156.27000427246094,40499200,0.01860759565551895,-0.06259229832584912,179.11100082397462,191.19240020751954,0.5618092828016683,35.35903504196631,-10.483096060592914,-8.227169768542385,-2.2559262920505283,0.04292471878746376
2022-06-24,168.67874145507812,170.16000366210938,170.25,161.3000030517578,161.72999572753906,68736000,0.07187403881643695,0.057748547441395015,178.42750091552733,190.31280029296875,0.6233165187361375,44.399075033311135,-9.554500680590536,-8.492635950952016,-1.0618647296385202,0.21181169443031594
2022-06-27,168.0145721435547,169.49000549316406,171.75,168.00999450683594,171.32000732421875,29174600,-0.003937459770368523,0.03511664716684071,177.32050094604492,189.40280029296875,0.5996547965218735,44.009864071479626,-8.771532636452264,-8.548415288052066,-0.2231173484001978,0.2018946104581883
2022-06-28,159.28125,160.67999267578125,171.3000030517578,160.61000061035156,169.89999389648438,27744500,-0.05197954175379471,0.02311359155355852,175.59800033569337,188.41280029296874,0.614482524048559,39.14993636394129,-8.760928694010317,-8.590917969243717,-0.17001072476660006,0.07149181093555623
2022-06-29,162.51287841796875,163.94000244140625,166.3300018310547,160.32000732421875,163.57000732421875,28595200,0.020288834417630408,0.0519088612195322,174.11300048828124,187.47620025634765,0.6232086014206318,41.714804733624106,-8.39272335957989,-8.551279047310953,0.158555687731063,0.11974536160801805
2022-06-30,159.8463134765625,161.25,165.22999572753906,158.49000549316406,162.14999389648438,35250600,-0.01640845676068403,0.015748031496062964,172.74350051879884,186.3550003051758,0.6204391400126935,40.20874225117085,-8.223186915000696,-8.485660620848902,0.2624737058482065,0.07992886458885738
2022-07-01,158.63694763183594,160.02999877929688,160.6199951171875,155.0,160.30999755859375,31423900,-0.007565899043120106,-0.059532232397737195,170.8020004272461,185.54720031738282,0.5767513416198768,39.51199698078365,-8.093969719161379,-8.407322440511399,0.3133527213500198,0.061870823369346725
2022-07-05,166.7259063720703,168.19000244140625,168.25,157.02000427246094,158.13999938964844,28618600,0.0509904625654789,-0.0076700867875671985,169.67250061035156,185.14960021972655,0.6036436819595292,46.2240640936342,-7.249551741179857,-8.17576830064509,0.9262165594652334,0.1826524094703872
2022-07-06,168.2921142578125,169.77000427246094,171.58999633789062,165.4600067138672,168.1999969482422,23085900,0.009394148332955377,0.056572143459213686,168.4485008239746,184.86280029296876,0.5998440158521005,47.44022889219733,-6.379314697934348,-7.8164775801029425,1.437162882168595,0.2060390567195138
2022-07-07,170.69107055664062,172.19000244140625,172.72000122070312,167.77999877929688,169.4499969482422,24083400,0.01425456858127605,0.05032328825875565,167.2755012512207,184.5668002319336,0.6024229076328309,49.33037036615232,-5.431758018690147,-7.339533667820383,1.9077756491302367,0.241859042752617
2022-07-08,169.39244079589844,170.8800048828125,172.39999389648438,168.14999389648438,169.97999572753906,19249200,-0.007607860735349692,0.05972096051356579,165.9875015258789,184.365400390625,0.6011046979544513,48.317427883530456,-4.73197116049559,-6.818021166355425,2.0860500058598355,0.22246890648954787
2022-07-11,161.46214294433594,162.8800048828125,167.49000549316406,161.91000366210938,167.07000732421875,21885600,-0.04681647806299105,0.017809199058022696,164.93150177001954,184.1240005493164,0.5816496858933754,42.56877895751432,-4.767956144411556,-6.408008161966652,1.6400520175550959,0.10405563992508829
2022-07-12,161.8487091064453,163.27000427246094,165.91000366210938,162.10000610351562,164.8000030517578,16639700,0.002394396966828527,-0.029252619641642053,164.31650161743164,183.27480072021484,0.5621089131737896,42.9252829277018,-4.71070276289899,-6.06854708215312,1.3578443192541307,0.10982827763589041
2022-07-13,162.06680297851562,163.49000549316406,164.97999572753906,159.61000061035156,160.16000366210938,16555100,0.0013474687018197873,-0.03699121529865912,164.27800216674805,182.53520080566406,0.513191743229837,43.13970587896368,-4.5946129476647,-5.773760255255437,1.1791473075907364,0.11308466053484362
2022-07-14,156.67416381835938,158.0500030517578,162.58999633789062,157.27999877929688,161.22000122070312,23765200,-0.033274220188546644,-0.08211858522076554,163.99400253295897,181.47360076904297,0.5268025219711083,39.216385678355614,-4.885259435924752,-5.5960600913893,0.7108006554645483,0.032563603134149965
2022-07-15,163.2662811279297,164.6999969482422,164.97999572753906,159.82000732421875,160.5399932861328,23342800,0.04207525319886685,-0.036165775737240224,163.76150207519532,180.52700073242187,0.5344061905636591,45.715567834619925,-4.52681760523032,-5.382211594157504,0.855393988927184,0.13099454062370416
2022-07-18,165.7742462158203,167.22999572753906,171.69000244140625,165.63999938964844,166.75,23574300,0.015361255775201643,0.026706720986755084,164.0795021057129,179.40340057373047,0.5040911108615997,47.99386573516622,-3.9925761816343197,-5.1042845116528675,1.1117083300185477,0.2170511389233923
2022-07-19,174.2498016357422,175.77999877929688,176.49000549316406,169.50999450683594,170.3699951171875,25933700,0.05112720965255524,0.07662151148082019,164.68150177001954,178.75340057373046,0.5307421424899313,54.88494634690013,-2.8464599945555165,-4.652719608233397,1.8062596136778808,0.41590136555340973
2022-07-20,181.49618530273438,183.08999633789062,183.60000610351562,176.6999969482422,177.49000549316406,24784300,0.041586059900773575,0.11988494823034368,165.98350143432617,178.33980041503906,0.518701135078378,59.7905910658466,-1.332933718015596,-3.9887624301898374,2.6558287121742414,0.5824245591849971
2022-07-21,181.5755157470703,183.1699981689453,183.85000610351562,178.8699951171875,180.6300048828125,27195800,0.0004369535892450038,0.15893701127586346,167.34950103759766,178.07900024414062,0.5162150534803449,59.84205624153213,-0.125550492402823,-3.216120042632435,3.090569550229612,0.5841350969195965
2022-07-22,167.79647827148438,169.27000427246094,175.60000610351562,168.41000366210938,173.07000732421875,42583900,-0.0758857565946135,0.027747464534895627,167.8755012512207,177.51140045166017,0.5949094443214396,48.27962797768529,-0.28699562085995467,-2.6302951582779395,2.343299537417985,0.28693609838185674
2022-07-25,165.1992950439453,166.64999389648438,170.57000732421875,164.80999755859375,169.0,26166300,-0.015478290954369811,-0.0034682882609149424,167.70000076293945,177.06960021972657,0.5408471394979413,46.457529926156205,-0.6192170407163928,-2.22807953476563,1.6088624940492373,0.23091704789179404
2022-07-26,157.76458740234375,159.14999389648438,166.0,157.9499969482422,165.94000244140625,28468400,-0.04500450209832396,-0.09460692341733679,167.18300018310546,176.42779998779298,0.5634950396047517,41.61571559921737,-1.4707384717638377,-2.0766113221652716,0.6058728504014339,0.07055780560487394
2022-07-27,168.103759765625,169.5800018310547,170.8699951171875,162.02000427246094,162.58999633789062,43846600,0.06553571055336826,-0.07378881848849561,167.62800064086915,175.8470001220703,0.5808698452255606,49.49825985236271,-1.2891009147354282,-1.9191092406793029,0.6300083259438747,0.2935642281961086
2022-07-28,159.32090759277344,160.72000122070312,161.50999450683594,154.85000610351562,161.05999755859375,73214300,-0.052246730243454054,-0.12256372316789355,167.46700057983398,175.06060028076172,0.60916953116427,44.056780229984554,-1.8388823541886836,-1.9030638633811792,0.06418150919249554,0.10412649692442509
2022-07-29,157.7150421142578,159.10000610351562,160.13999938964844,155.1699981689453,157.69000244140625,42065400,-0.010079611155321633,-0.06008151422135877,167.35950088500977,174.1902005004883,0.6073599356162859,43.12330299554086,-2.3778972536591425,-1.9980305414367718,-0.3798667122223707,0.07556383201777556
2022-08-01,158.5377655029297,159.92999267578125,165.19000244140625,155.22999572753906,157.25,40596700,0.005216760153520017,-0.04032404120504973,167.354500579834,173.54400024414062,0.6069351194647127,43.78053653337677,-2.706894075073137,-2.139803248164045,-0.5670908269090922,0.09486135999429525
2022-08-02,158.79551696777344,160.19000244140625,162.24000549316406,158.00999450683594,158.30999755859375,27374500,0.0016257723849966155,0.006534769618642411,166.954500579834,172.9220004272461,0.5772150722853376,43.998852526501565,-2.9130658019992097,-2.294455758931078,-0.6186100430681316,0.100906693610501
2022-08-03,167.33058166503906,168.8000030517578,169.5399932861328,161.57000732421875,162.69000244140625,31721900,0.05374867644128356,-0.00459959176126179,166.90600051879883,172.4272006225586,0.6092112648916392,50.81073841622367,-2.3545613706796473,-2.3064768812807923,-0.04808448939885501,0.3010927366239011
2022-08-04,169.08518981933594,170.57000732421875,172.14999389648438,166.8000030517578,168.3000030517578,23938200,0.010485807111734635,0.06128674731646777,166.82500076293945,171.9140008544922,0.6082218779941312,52.100638232380724,-1.7489571435442883,-2.1949729337334913,0.446015790189203,0.34224606139774216
2022-08-05,165.6552734375,167.11000061035156,171.61000061035156,165.8000030517578,166.99000549316406,25832700,-0.020284965499769325,0.050345658073855715,166.6365005493164,171.6306008911133,0.6120405223839734,49.37492931577453,-1.530561693264758,-2.0620906856397445,0.5315289923749864,0.2617994872109619
2022-08-08,168.7679443359375,170.25,177.50999450683594,167.1300048828125,168.0,27299100,0.018790014829632717,0.06452827985267295,167.00500030517577,171.3590008544922,0.5899655809301434,51.83746792418729,-1.0915275664553974,-1.8679780618028752,0.7764504953474778,0.3348057599541349
2022-08-09,167.0629119873047,168.52999877929688,169.52999877929688,166.60000610351562,168.9499969482422,18655100,-0.010102797184746715,0.05206315132519701,167.26800003051758,170.89700073242187,0.5917653235341951,50.391500299414744,-0.8723239739804569,-1.6688472442383915,0.7965232702579346,0.294815026627495
2022-08-10,176.7875213623047,178.33999633789062,180.47999572753906,173.9499969482422,175.99000549316406,30262100,0.058209206845368344,0.05651654688186025,168.0104995727539,170.56120056152344,0.6241517649013744,57.6478054237694,0.09192165413111297,-1.3166934645644908,1.4086151186956037,0.5229014905082231
2022-08-11,175.94493103027344,177.49000549316406,183.10000610351562,176.3699951171875,179.7100067138672,24079100,-0.004766125727153958,0.040569841541906015,168.9824996948242,170.23820068359376,0.6089272709268568,56.87158545514091,0.7785316753898428,-0.8976484365736241,1.676180111963467,0.5031388549982031
2022-08-12,178.9287109375,180.5,181.4600067138672,178.91000366210938,180.80999755859375,21274000,0.016958670424695343,0.08012685860057966,169.77249984741212,170.0754006958008,0.5958612832429512,58.978051466066866,1.5477153658057716,-0.40857567609774503,1.9562910419035167,0.5731224609332732
2022-08-15,179.3153076171875,180.88999938964844,181.44000244140625,178.1999969482422,178.9600067138672,15878700,0.0021606614384954703,0.062496325343015746,170.45550003051758,169.71600067138672,0.5947350557462341,59.25572879582429,2.1638254407667716,0.1059045472751583,2.0579208934916133,0.613875886433292
2022-08-16,177.90771484375,179.47000122070312,180.99000549316406,177.0399932861328,179.44000244140625,21156700,-0.007850064535002588,0.06491427354564361,170.6400001525879,169.48980072021484,0.5698681253001341,57.72363157274238,2.508597577862929,0.5864431533927126,1.9221544244702164,0.5790634715602535
2022-08-17,173.32791137695312,174.85000610351562,178.13999938964844,174.1699981689453,176.75999450683594,20118100,-0.02574243653960895,-0.019569307536390856,170.22800064086914,169.10180084228514,0.5572675677769965,52.92866749855475,2.3815835724747103,0.9454712372091121,1.4361123352655982,0.4658005179534889
2022-08-18,173.13955688476562,174.66000366210938,175.75999450683594,171.86000061035156,174.33999633789062,18844500,-0.0010866596212399937,-0.015944570079827303,169.80250091552733,168.68200103759764,0.5572158227696336,52.73465479519,2.239773731645556,1.204331736096401,1.0354419955491552,0.46114245292088585
2022-08-19,166.49790954589844,167.9600067138672,172.32000732421875,167.0500030517578,170.1999969482422,26240800,-0.0383602244804927,-0.06947364701458625,169.73700103759765,168.10840118408203,0.5044563717438407,46.29095298058093,1.5686719774991786,1.2771997843769567,0.29147219312222195,0.43019549684037295
2022-08-22,161.63064575195312,163.0500030517578,165.49000549316406,162.25999450683594,165.49000549316406,19499700,-0.029233171385102064,-0.09862345291661012,169.55700149536133,167.68940124511718,0.5123857501947742,42.21954374193744,0.6333221973301875,1.1484242669676028,-0.5151020696374153,0.26354315663777067
2022-08-23,159.70750427246094,161.11000061035156,165.0500030517578,160.6999969482422,162.47999572753906,18111800,-0.01189820548970133,-0.10230122296468569,169.65500183105468,167.40020111083984,0.48719065391802446,40.69650519254031,-0.2614770810036475,0.8664439973733528,-1.1279210783770002,0.192532797748937
2022-08-24,161.83880615234375,163.25999450683594,165.4600067138672,159.77000427246094,160.60000610351562,20891500,0.013344881685428023,-0.06628545148473208,169.33900146484376,167.38020111083983,0.427089256909717,43.14438643658879,-0.788041366235035,0.5355469246516753,-1.3235882908867103,0.27122952252598936
2022-08-25,167.31076049804688,168.77999877929688,168.8800048828125,164.02000427246094,165.17999267578125,15550500,0.03381112616802029,-0.03366543432684066,169.74200134277345,167.481201171875,0.40000311368715974,48.96856532212538,-0.7512689826019425,0.27818374320095174,-1.0294527258028943,0.4732795179740433
2022-08-26,160.3717041015625,161.77999877929688,170.9199981689453,161.6699981689453,168.47999572753906,24023600,-0.041474108606633364,-0.03679452064501543,169.8760009765625,167.32980102539062,0.42790569951926105,42.958808589441816,-1.2723017990420828,-0.03191336524765517,-1.2403884337944278,0.21705689597490677
2022-08-29,157.78443908691406,159.1699981689453,163.0500030517578,159.00999450683594,160.66000366210938,20052700,-0.01613302404527872,-0.02379641097940277,169.8380012512207,167.29580108642577,0.4319248269857391,40.94124244026876,-1.8742244042122422,-0.40037557304057264,-1.4738488311716695,0.12152243886010333
2022-08-30,155.79190063476562,157.16000366210938,161.66000366210938,155.91000366210938,160.35000610351562,19567900,-0.012627973424379269,-0.024517391429942026,169.68650131225587,167.1642010498047,0.4342187625527476,39.40634060200286,-2.484798948361373,-0.8172602481047327,-1.6675387002566402,0.04795014418219402
2022-08-31,161.51165771484375,162.92999267578125,167.83999633789062,162.13999938964844,167.07000732421875,40953000,0.036714105874400715,-0.0020213269763454944,169.39300079345702,167.28180084228515,0.4094420363509389,45.69975301340452,-2.4745684966939905,-1.1487218978225844,-1.325846598871406,0.2591503890377968
2022-09-01,163.9205322265625,165.36000061035156,167.36000061035156,160.35000610351562,163.5800018310547,30145700,0.014914429778474458,-0.020263053641903617,169.13250045776368,167.47200073242186,0.41145177301783725,48.14255097444083,-2.2445061879667207,-1.3678787558514116,-0.8766274321153091,0.31526330949770354
2022-09-02,158.9243927001953,160.32000732421875,167.92999267578125,159.22000122070312,167.4499969482422,22634200,-0.03047891429323879,-0.009024548560356171,168.79300079345703,167.50340087890626,0.4192299581584661,43.74674570691104,-2.440730268764014,-1.5824490584339321,-0.8582812103300819,0.1214919004030879
2022-09-06,157.15988159179688,158.5399932861328,161.69000244140625,157.69000244140625,160.10000610351562,19339800,-0.011102881466853787,-0.003958063014763646,168.20750045776367,167.27100067138673,0.41319690573802365,42.27847278341491,-2.7086479160877275,-1.8076888299646914,-0.9009590861230361,0.0530561290068996
2022-09-07,158.99380493164062,160.38999938964844,160.9600067138672,156.80999755859375,157.75999450683594,16831200,0.011669018429796063,0.02055227572075835,167.80050048828124,167.0890005493164,0.4156190057906216,44.36833434802892,-2.740108287743624,-1.9941727215204779,-0.7459355662231459,0.12418286850042033
2022-09-08,160.6492462158203,162.05999755859375,162.22999572753906,157.74000549316406,158.7100067138672,22530800,0.010412109079745324,-0.005339686713904945,166.98650054931642,167.11660064697264,0.3535507811687602,46.25983383380051,-2.6003111946494073,-2.115400416146264,-0.48491077850314346,0.18838888624895941
2022-09-09,167.67750549316406,169.14999389648438,169.5399932861328,163.02000427246094,163.25,22086800,0.04374920674256577,0.02291964968640392,166.56949996948242,167.22080047607423,0.39288959013367813,53.48995568891471,-1.8955666281524088,-2.071433658547493,0.175867030395084,0.4609762693807488
2022-09-12,167.4891815185547,168.9600067138672,171.38999938964844,167.27999877929688,167.38999938964844,23220400,-0.0011231876409848462,0.053892209299713834,165.99250030517578,167.37500061035155,0.3864380538111343,53.283085005691305,-1.3369701005569254,-1.9245409469493795,0.587570846392454,0.45367187788742286
2022-09-13,151.7969970703125,153.1300048828125,161.6300048828125,152.6699981689453,161.5399932861328,44444100,-0.09369082150820873,-0.03412380870709619,164.604500579834,167.23700073242188,0.5019291759811046,39.55595068251443,-2.14687929080921,-1.9690086157213456,-0.17787067508786425,0.0
2022-09-14,150.1514434814453,151.47000122070312,153.5399932861328,149.0500030517578,153.3300018310547,43064200,-0.010840485921617682,-0.05561442859835197,163.204500579834,166.9026007080078,0.502044624710588,38.437646186911536,-2.889379611878155,-2.1530828149527075,-0.7362967969254477,0.0
2022-09-15,148.24815368652344,149.5500030517578,154.1999969482422,148.6999969482422,149.8000030517578,34606300,-0.012675765190941823,-0.07719359925519487,161.9395004272461,166.49820068359375,0.4980322539740496,37.13011810088722,-3.591345476769675,-2.4407353473161013,-1.1506101294535735,0.0
2022-09-16,145.0165252685547,146.2899932861328,148.5800018310547,144.2899932861328,148.0500030517578,40122800,-0.021798794377133834,-0.13514632831935736,160.52099990844727,165.98020050048828,0.500024681932378,34.95583216392528,-4.3604494778397225,-2.8246781734208257,-1.5357713044188968,0.0
2022-09-19,146.73146057128906,148.02000427246094,148.5800018310547,145.10000610351562,145.24000549316406,22169500,0.011825901057664012,-0.12393466861579872,159.52399978637695,165.52300048828124,0.4917282100253315,37.06211699698944,-4.775325531303338,-3.2148076449973284,-1.5605178863060094,0.0469091853926076
2022-09-20,144.81826782226562,146.08999633789062,148.83999633789062,145.22000122070312,145.77999877929688,23217400,-0.013038831771803872,-0.045974063347738126,158.6759994506836,165.1872003173828,0.48481791080822684,35.67421721419308,-5.19991195507896,-3.611828507013655,-1.588083448065305,0.0
2022-09-21,140.88282775878906,142.1199951171875,149.60000610351562,142.0,146.38999938964844,38338600,-0.02717503812869526,-0.06172843485946744,157.72649917602538,164.76420013427733,0.4906887714981744,32.941541876033256,-5.7900021342746015,-4.047463232465844,-1.7425389018087571,0.0
2022-09-22,141.5767364501953,142.82000732421875,144.5800018310547,140.8699951171875,141.5500030517578,34418500,0.004925501203782323,-0.045001642194616887,156.70449981689453,164.35080017089842,0.48723305107516596,33.90296643206483,-6.130499139815441,-4.464070413935763,-1.666428725879678,0.017052671254339277
2022-09-23,139.18772888183594,140.41000366210938,142.6199951171875,138.88999938964844,141.4199981689453,31710700,-0.016874412116772763,-0.04019406585467944,155.28600006103517,163.99800018310546,0.46471653411578967,32.191757244131736,-6.519658064326904,-4.875187944013992,-1.6444701203129126,0.0
2022-09-26,135.182861328125,136.3699951171875,142.24000549316406,136.19000244140625,140.1199951171875,30497000,-0.028772939531032105,-0.07870563990681434,154.0154998779297,163.43140014648438,0.45493501680823606,29.503401384487475,-7.0725364439313125,-5.314657643997457,-1.7578787999338559,0.0
2022-09-27,133.23004150390625,134.39999389648438,139.4199981689453,134.1199951171875,137.9199981689453,30826500,-0.014446001989002255,-0.08001918498490834,152.77699966430663,162.7748001098633,0.4545795010191674,28.26391083095291,-7.582255654173991,-5.768177246032764,-1.8140784081412278,0.0
2022-09-28,140.37728881835938,141.61000061035156,142.02999877929688,134.27000427246094,134.6199951171875,32658500,0.05364588572392637,-0.003588478218110036,151.99949951171874,162.09140014648438,0.5038718801081625,38.454942929235834,-7.320043609193249,-6.078550518664861,-1.2414930905283876,0.14783690962148383
2022-09-29,135.2225341796875,136.41000366210938,139.83999633789062,135.1999969482422,139.36000061035156,38985400,-0.03672054887246479,-0.0448816925737715,150.67350006103516,161.15780029296874,0.4910660141635274,34.63348747392995,-7.446002092795254,-6.35204083349094,-1.0939612593043142,0.041214057607946455
2022-09-30,134.49887084960938,135.67999267578125,140.99000549316406,135.5,136.0500030517578,33166400,-0.005351594213987232,-0.033687136692273634,149.18949966430665,160.20800018310547,0.48352683678223624,34.12085335773628,-7.518067284352412,-6.585246123663235,-0.9328211606891772,0.027532773242736813
2022-10-03,137.4033660888672,138.61000061035156,139.6199951171875,136.10000610351562,137.13999938964844,27723100,0.021594988891043165,0.0164259409941252,148.10399932861327,159.5948001098633,0.4887116859233866,38.08226886604191,-7.255119809631168,-6.719220860856822,-0.5358989487743457,0.09055724277094851
2022-10-04,139.058837890625,140.27999877929688,142.38999938964844,139.33999633789062,140.49000549316406,34670700,0.012048179507911927,0.04375003831727331,147.19099960327148,159.06740020751954,0.49289290256709134,40.28625385325288,-6.833208175678635,-6.742018323821185,-0.09118985185745032,0.12647890273269816
2022-10-05,137.77017211914062,138.97999572753906,140.2100067138672,134.77999877929688,138.24000549316406,27979300,-0.009267201761265387,-0.01857216913690385,146.12049942016603,158.66400024414062,0.48873108243878705,39.118924087524576,-6.528483256617562,-6.699311310380461,0.17082805376289834,0.09851583759713979
2022-10-06,137.85939025878906,139.07000732421875,141.4499969482422,136.60000610351562,137.72000122070312,36231100,0.0006476586519412741,0.019500062977039878,144.97099990844725,158.0538003540039,0.48542006483683037,39.25018047402464,-6.208159580049738,-6.601080964314317,0.3929213842645787,0.10045198700656334
2022-10-07,132.28829956054688,133.4499969482422,138.2899932861328,132.44000244140625,136.75999450683594,33214800,-0.040411376141474054,-0.016435700530054054,143.18600006103514,157.50840026855468,0.4595756320254937,34.2806984683541,-6.334765395294738,-6.547817850510402,0.21305245521566363,0.0
2022-10-10,132.6253204345703,133.7899932861328,136.11000061035156,131.8699951171875,133.5500030517578,24024000,0.0025477433170904007,-0.03477387852964764,141.42749938964843,157.00220001220703,0.46084469580965176,34.81836931733122,-6.334644711962142,-6.50518322280075,0.17053851083860838,0.007166870160062888
2022-10-11,127.42102813720703,128.5399932861328,132.66000366210938,126.98999786376953,131.6199951171875,38481400,-0.03924060291095144,-0.08368980321731156,140.19799880981446,156.37440002441406,0.3613522832009527,30.64866836214493,-6.681163894969785,-6.540379357234557,-0.14078453773522792,0.0
2022-10-12,126.39009857177734,127.5,129.6699981689453,126.25,128.32000732421875,34605200,-0.008090814847156236,-0.08260178500828874,138.9994987487793,155.72059997558594,0.36124473152411174,29.885169968965357,-6.959477090864226,-6.624198903960492,-0.335278186903734,0.0
2022-10-13,129.15579223632812,130.2899932861328,131.13999938964844,122.52999877929688,123.52999877929688,34325700,0.02188230028339455,-0.06313377130711428,138.03649826049804,154.95039978027344,0.37624853754188564,34.59256800509648,-6.875654892846541,-6.674490101737701,-0.20116479110883922,0.05225685180797647
2022-10-14,125.65652465820312,126.76000213623047,131.7899932861328,126.5199966430664,131.0,23559400,-0.02709334048509815,-0.05013109752716138,137.05999870300292,154.07419967651367,0.37953954745151675,31.693267726230744,-7.013221924672791,-6.74223646632472,-0.2709854583480711,0.0
2022-10-17,132.87315368652344,134.0399932861328,134.7899932861328,130.17999267578125,130.3000030517578,29612200,0.05743129557601656,0.0018686001386167828,136.36099815368652,153.4127995300293,0.4391713743082847,42.41285074816791,-6.460339570986918,-6.68585708725716,0.22551751627024252,0.1344908834157138
2022-10-18,131.64398193359375,132.8000030517578,137.83999633789062,131.39999389648438,137.08999633789062,25445000,-0.009250897467056873,0.033141512277366614,135.69649848937988,152.66379959106445,0.43840978898776173,41.2261020780594,-6.052464132283035,-6.559178496262335,0.5067143639793006,0.11158324814335652
2022-10-19,132.0702362060547,133.22999572753906,137.0,132.22000122070312,132.88999938964844,30691000,0.003237896580572164,0.04494114296109064,135.25199851989746,151.9577995300293,0.43067702983028755,41.83389930867876,-5.629628243124728,-6.373268445634814,0.7436402025100861,0.11952695214482122
2022-10-20,130.38504028320312,131.52999877929688,136.77000427246094,131.30999755859375,132.92999267578125,26356300,-0.012759866417159982,0.009517273444330066,134.68749809265137,151.02159957885743,0.43100213024133727,40.069643842104284,-5.369803548138236,-6.172575466135498,0.8027719179972621,0.08812113218360104
2022-10-21,128.87823486328125,130.00999450683594,130.1199951171875,125.44000244140625,126.30999755859375,46348600,-0.011556331533245534,0.025638942220217675,134.1674976348877,150.07199935913087,0.42926618663490296,38.50598255171691,-5.226296751315061,-5.9833197231714115,0.7570229718563501,0.06004050499744395
2022-10-24,128.5907745361328,129.72000122070312,133.47999572753906,124.56999969482422,127.25,63563400,-0.00223054609941975,-0.03222912773658437,133.8349979400635,149.0563993835449,0.41874760282703694,38.19970509583506,-5.077437081457759,-5.802143194828681,0.7247061133709218,0.054683156007101975
2022-10-25,136.31295776367188,137.50999450683594,138.35000610351562,130.58999633789062,130.8800048828125,38433200,0.060052368276493295,0.035466802310557544,133.99049797058106,148.18879928588868,0.47012609911004827,49.76002947876415,-4.281522638300203,-5.498019083522986,1.2164964452227833,0.20394597908031853
2022-10-26,128.6898956298828,129.82000732421875,135.5500030517578,128.52999877929688,131.67999267578125,82791500,-0.05592311460847965,-0.025594749776123082,133.4009983062744,147.195799407959,0.4699874381621273,41.50603875833763,-4.2225969365672995,-5.242934654131849,1.0203377175645496,0.06363079508311026
2022-10-27,97.0874252319336,97.94000244140625,102.5,96.37999725341797,97.9800033569336,232316600,-0.24557081408256154,-0.2553789755160992,131.47749824523925,145.6575993347168,0.9757978835407392,23.84635787750507,-6.671443606071378,-5.528636444519755,-1.142807161551623,0.0
2022-10-28,98.3364486694336,99.19999694824219,100.8499984741211,97.51000213623047,99.58000183105469,95928300,0.012864962991906648,-0.23698176186734443,129.65349845886232,144.14839920043946,0.98016236938405,25.20093179129651,-8.413515439398807,-6.105612243495566,-2.3079031959032417,0.01769406906376036
2022-10-31,92.34903717041016,93.16000366210938,99.31999969482422,92.5999984741211,98.22000122070312,121361400,-0.06088703096719039,-0.28183778302924367,127.3809986114502,142.6523991394043,0.9847606781536784,23.081459320256954,-10.16432884230241,-6.917355563256935,-3.2469732790454753,0.0
2022-11-01,94.37126922607422,95.19999694824219,97.48999786376953,93.55000305175781,94.33000183105469,110189600,0.021897737290048402,-0.3076867082304364,125.12699851989746,141.29539901733398,0.9893010648399497,25.364601731125262,-11.257481430386648,-7.785380736682878,-3.4721006937037693,0.026845552681884627
2022-11-02,89.7518310546875,90.54000091552734,95.19999694824219,90.4800033569336,94.20999908447266,71821100,-0.0489495397279095,-0.30257282539348207,122.70499877929687,139.8839990234375,0.9951519453180527,23.638511171242826,-12.357387199382757,-8.699782029222854,-3.6576051701599024,0.0
2022-11-03,88.13603973388672,88.91000366210938,90.45999908447266,88.41000366210938,90.08000183105469,60664000,-0.018003062038167372,-0.09219929093527623,120.1969985961914,138.39699920654297,0.9924491046262598,23.0476994260588,-13.20834007907537,-9.601493639193357,-3.6068464398820126,0.0
2022-11-04,89.99966430664062,90.79000091552734,91.38999938964844,88.08999633789062,90.3499984741211,55638100,0.021144946305059698,-0.08477818842174745,118.06399879455566,136.83719924926757,0.9996870830100074,25.3647112160008,-13.574547368259019,-10.39610438500649,-3.1784429832525287,0.023429679489324933
2022-11-07,95.87804412841797,96.72000122070312,96.87999725341797,93.0999984741211,94.77999877929688,81987300,0.0653155660907323,0.038213797967482144,116.21049919128419,135.5359992980957,1.0399219031330607,32.29005418485444,-13.233717757169416,-10.963627059439077,-2.270090697730339,0.09733298241663954
2022-11-08,95.63021087646484,96.47000122070312,97.80000305175781,94.79000091552734,95.91999816894531,52088300,-0.002584780777964757,0.013340381440888116,114.6069995880127,134.28199935913085,1.0361550799175587,32.15459449343982,-12.835817432159942,-11.33806513398325,-1.4977522981766924,0.09421732899657095
2022-11-09,100.5866928100586,101.47000122070312,104.9000015258789,100.73999786376953,101.72000122070312,107677300,0.051829583670897295,0.12072012585214487,113.30549964904785,133.16819931030273,1.060658723555,37.776819152405245,-11.978934642683456,-11.46623903572329,-0.5126956069601647,0.15653039739794258
2022-11-10,110.89617156982422,111.87000274658203,112.75,104.61000061035156,107.12000274658203,80671000,0.10249336159224343,0.2582386473824596,112.3845001220703,132.14699951171875,1.1281928064601146,47.51865470638691,-10.3414459007992,-11.241280408738474,0.8998345079392731,0.2861415986892349
2022-11-11,112.03614807128906,113.0199966430664,114.9000015258789,108.80999755859375,109.2300033569336,59961700,0.010279734229464932,0.24485070496058547,111.6974998474121,131.10019943237305,1.1262517712185918,48.47920032800848,-8.848924485634171,-10.762809224117614,1.9138847384834428,0.300473528355793
2022-11-14,113.2257080078125,114.22000122070312,116.2699966430664,110.80000305175781,110.98999786376953,53395000,0.010617630625370689,0.1809346544575321,110.70650024414063,130.17819931030274,1.104961726397441,49.51750755607341,-7.483000795358535,-10.1068475383658,2.623846743007265,0.3154287218214402
2022-11-15,116.06080627441406,117.08000183105469,118.73999786376953,114.41000366210938,116.06999969482422,50670500,0.02503940272969607,0.21364155021829223,109.92050018310547,129.34899948120116,1.1100685743636582,52.000350533559335,-6.099408102774248,-9.305359651247489,3.205951548473241,0.3510718045536005
2022-11-16,112.24432373046875,113.2300033569336,116.08000183105469,112.66000366210938,114.5,33287800,-0.03288348491552473,0.1158963436952345,108.92050056457519,128.40579956054688,1.1144771144978467,48.53949973789209,-5.2530101950922585,-8.494889760016443,3.2418795649241847,0.3030907609009837
2022-11-17,110.47979736328125,111.44999694824219,112.33000183105469,109.80000305175781,110.41000366210938,35093800,-0.015720271623416937,-0.0037544094755345148,107.91650047302247,127.39359954833985,1.1147827168292375,46.9826045165633,-4.67200938042113,-7.730313684097381,3.058304303676251,0.28090722868105017
2022-11-18,111.0745849609375,112.05000305175781,114.31999969482422,110.62000274658203,113.80000305175781,33357700,0.0053836349927784966,-0.008582495311621474,107.01850090026855,126.25159973144531,1.1152116879519927,47.59280672688357,-4.115703305051682,-7.007391608288242,2.8916883032365606,0.289069313022847
2022-11-21,108.90364837646484,109.86000061035156,112.37000274658203,109.19000244140625,111.5199966430664,24351100,-0.01954486730709548,-0.038171953806294345,106.02550086975097,125.069599609375,1.1163772281647604,45.532869336281735,-3.8076494144892052,-6.3674431695284355,2.5597937550392302,0.32622230691407034
2022-11-22,110.46990203857422,111.44000244140625,111.62000274658203,108.31999969482422,109.86000061035156,29029000,0.014381957239000931,-0.04817218398908896,104.7220012664795,124.23579956054688,1.0922333805927897,47.304937020236096,-3.396864603001518,-5.773327456223052,2.3764628532215344,0.36013426564147893
2022-11-23,111.262939453125,112.23999786376953,112.66999816894531,110.7300033569336,111.72000122070312,21343100,0.007178709662931881,-0.008743314173040195,103.84300079345704,123.4511994934082,1.0783457350255568,48.22346707101991,-2.972496644604689,-5.21316129389938,2.2406646492946907,0.3847294597044918
2022-11-25,110.44017028808594,111.41000366210938,112.7300033569336,111.0199966430664,111.30000305175781,12007600,-0.007394816620252875,-0.0003588451074735266,104.5165008544922,122.68839950561524,0.5969395240284331,47.3022177427988,-2.6723503839464087,-4.704999111908785,2.0326487279623766,0.3806462488186765
2022-11-28,107.83305358886719,108.77999877929688,112.04000091552734,108.37999725341797,110.77999877929688,23309400,-0.023606541570440398,-0.029183437602857243,104.99550094604493,121.93819961547851,0.6062522794886271,44.40728076807431,-2.6165398811029235,-4.287307265747613,1.670767384644689,0.3361528491290151
2022-11-29,108.50714111328125,109.45999908447266,110.94000244140625,108.54000091552734,109.54000091552734,23899200,0.0062511519838810425,-0.003641011502426794,105.81050071716308,121.16699951171876,0.5535914342660856,45.33876242435908,-2.488750546768756,-3.9275959219518417,1.4388453751830856,0.35939136157090296
2022-11-30,117.0719223022461,118.0999984741211,118.16000366210938,109.37999725341797,109.51000213623047,43348600,0.0789329386251938,0.05976306431091993,106.95550079345703,120.60719955444335,0.6062053022803241,55.53354913332805,-1.6710381477968923,-3.476284367120852,1.8052462193239598,0.541457852515931
2022-12-01,119.39155578613281,120.44000244140625,121.19999694824219,118.4000015258789,119.19999694824219,36551400,0.019813751037413452,0.07305777560321602,108.45050086975098,120.17359970092774,0.5628371833657226,57.82765772686206,-0.8246701324338233,-2.945961520183446,2.121291387749623,0.5848635992851494
2022-12-02,122.41499328613281,123.48999786376953,124.04000091552734,117.61000061035156,117.83000183105469,39950500,0.02532377416587228,0.10842827218906703,110.17950057983398,119.78699951171875,0.5500635766882093,60.67547590104073,0.09114113987601513,-2.338540988171554,2.429682128047569,0.656166910894168
2022-12-05,121.3642349243164,122.43000030517578,124.66999816894531,121.3499984741211,121.75,35474900,-0.00858367136553928,0.12548264091796257,111.76150054931641,119.42739944458008,0.5572484240353396,59.17976341161888,0.723060238693904,-1.7262207427984624,2.4492809814923664,0.6360531040634997
2022-12-06,113.12657928466797,114.12000274658203,120.55000305175781,113.73999786376953,119.91000366210938,43689200,-0.06787550059527725,0.04257266308318841,112.63150062561036,118.98239959716797,0.598741933236143,48.98496883210063,0.5470077588634723,-1.2715750424660754,1.8185828013295477,0.47836813177108806
2022-12-07,112.93822479248047,113.93000030517578,115.87999725341797,112.87999725341797,113.76000213623047,29461100,-0.0016649354787361403,-0.03530904507047117,113.50450057983399,118.5729997253418,0.5985154209496814,48.77806298044981,0.3876843077289891,-0.9397231724270625,1.3274074801560516,0.474762772142835
2022-12-08,114.3260498046875,115.33000183105469,117.33999633789062,114.58999633789062,116.38999938964844,30619400,0.012288260529525363,-0.04242776906981183,114.19750061035157,118.04739974975585,0.5770709410165122,50.43918815559696,0.3701212206398594,-0.6777542938136781,1.0478755144535374,0.5143079750869131
2022-12-09,114.8910903930664,115.9000015258789,117.54000091552734,113.87000274658203,115.30000305175781,26033400,0.004942336649393253,-0.06146243800460405,114.39900054931641,117.63719970703124,0.4537638956699947,51.134026402553275,0.3976131226997097,-0.4626808105110005,0.8602939332107102,0.5254039406116111
2022-12-12,113.71141815185547,114.70999908447266,115.72000122070312,113.13999938964844,115.18000030517578,24747100,-0.010267492888173413,-0.06305645022837392,114.48350067138672,117.21779983520508,0.4547466750571535,49.57147240085276,0.31969218884297845,-0.30620621064020476,0.6258983994831833,0.5022386193245141
2022-12-13,119.10408782958984,120.1500015258789,123.30000305175781,118.63999938964844,122.12999725341797,44701100,0.04742396028963625,0.05283910475087583,114.78000068664551,116.84859985351562,0.482831613637144,56.165846668361674,0.6889601170292963,-0.10717294510630457,0.7961330621356009,0.608137061187245
2022-12-14,120.53153991699219,121.58999633789062,124.13999938964844,119.38999938964844,119.38999938964844,36922000,0.011984975395123554,0.06723423165273923,115.0055004119873,116.4747998046875,0.4771075659382784,57.74114056968877,1.085292580047664,0.13132015992448917,0.9539724201231748,0.6515149579318623
2022-12-15,115.13890075683594,116.1500015258789,118.62999725341797,114.01000213623047,118.33000183105469,34531000,-0.0447404801040896,0.007110029322859424,115.15150032043456,116.0181999206543,0.49038225783579337,50.37579506490595,0.9494817603141428,0.2949524800024199,0.6545292803117229,0.5430621187204278
2022-12-16,118.39034271240234,119.43000030517578,123.30999755859375,118.81999969482422,120.2300033569336,67064000,0.028239334793001003,0.030457279834536166,115.55050048828124,115.62539978027344,0.4944496902731743,54.171587527422815,1.0939092912324924,0.45474384224843445,0.6391654489840579,0.6279835883215611
2022-12-19,113.48343658447266,114.4800033569336,117.80000305175781,114.33000183105469,116.83000183105469,29769900,-0.041446846986465835,-0.0020050189989949674,115.67200050354003,115.24599990844726,0.5199032834658095,48.18184375323388,0.7997270099983922,0.5237404757984261,0.2759865341999661,0.5261317800762249
2022-12-20,116.07070922851562,117.08999633789062,117.33000183105469,112.45999908447266,113.26000213623047,28742500,0.022798680157436912,-0.025468207649828378,116.03350028991699,114.91199996948242,0.5188073461959062,51.24304809585617,0.7683331868856556,0.572659018015872,0.1956741688697835,0.5798353494718606
2022-12-21,118.71747589111328,119.76000213623047,120.33999633789062,115.62000274658203,116.69999694824219,20392800,0.02280302230632003,-0.01505053258308131,116.4495002746582,114.73640014648437,0.5219587583129212,54.222394398891566,0.9479728685094955,0.6477217881145968,0.3002510803948987,0.6347737507335052
2022-12-22,116.10045623779297,117.12000274658203,118.62000274658203,114.37999725341797,117.19999694824219,23618100,-0.02204408268668334,0.008351280309600417,116.69350051879883,114.52880020141602,0.5299339410615291,50.90984388683492,0.8673148572911629,0.69164040194991,0.1756744553412528,0.580452765404865
2022-12-23,117.01244354248047,118.04000091552734,118.18000030517578,115.54000091552734,116.02999877929688,17796600,0.007855175438613582,-0.01163861162267954,117.02500038146972,114.2838003540039,0.5288603588842499,52.01011905158823,0.8676274960839123,0.7268378207767106,0.14078967530720177,0.5993827724471429
2022-12-27,115.86253356933594,116.87999725341797,118.5999984741211,116.05000305175781,117.93000030517578,21392300,-0.00982720817614624,0.020964306657133003,117.43000030517578,114.08620025634765,0.5217341548677746,50.473976570435596,0.7654490435044607,0.7345600653222606,0.030888978182200155,0.5755143798415661
2022-12-28,114.61351776123047,115.62000274658203,118.1500015258789,115.51000213623047,116.25,19612500,-0.0107802407293357,-0.012554390958101846,117.73800048828124,113.71780044555663,0.5243035579757964,48.78837855478118,0.5761592519808971,0.7028799026539879,-0.1267206506730908,0.5495885620597988
2022-12-29,119.21312713623047,120.26000213623047,121.02999877929688,115.7699966430664,116.4000015258789,22366200,0.0401314589121613,0.0041750166255944965,117.84600067138672,113.46700042724609,0.46473197863687504,54.77764482349961,0.7914317683149363,0.7205902757861776,0.07084149252875871,0.645061818515194
2022-12-30,119.29241180419922,120.33999633789062,120.41999816894531,117.73999786376953,118.16000366210938,19583800,0.0006651771182371036,0.02749311403514776,117.84100036621093,113.20920043945313,0.45956657543280116,54.87562575311664,0.9574547100958171,0.7679631626481055,0.18949154744771157,0.6467077900528375
2023-01-03,123.65411376953125,124.73999786376953,126.37000274658203,122.27999877929688,122.81999969482422,35528500,0.03656308509038486,0.056760393902715034,117.90350036621093,113.07340042114258,0.46929239315650706,60.00823238832474,1.4276157724148106,0.8998936846014465,0.5277220878133642,0.7372428179283897
2023-01-04,126.26122283935547,127.37000274658203,129.0500030517578,125.8499984741211,127.37999725341797,32397100,0.021083893922178687,0.08975022022305268,118.15050048828125,113.0206005859375,0.4731212829964086,62.73656951802199,1.9895074127761063,1.1178164302363784,0.8716909825397279,0.7913581549294846
2023-01-05,125.83496856689453,126.94000244140625,128.52000427246094,124.54000091552734,126.12999725341797,25447100,-0.0033759935298998123,0.0979069315508978,118.79150047302247,112.96500061035157,0.3949860657371837,61.99190729239039,2.3727614381417226,1.3688054318174474,1.0039560063242752,0.782510410357894
2023-01-06,128.88816833496094,130.02000427246094,130.3300018310547,126.04000091552734,128.97000122070312,27584500,0.02426344550037629,0.08115750842224623,119.59600067138672,112.81520080566406,0.39933229995333,65.18002202936958,2.8916898213112745,1.6733823097162128,1.2183075115950617,1.0
2023-01-09,128.34295654296875,129.47000122070312,132.9499969482422,129.27999877929688,131.16000366210938,26649100,-0.0042301417757629745,0.07586841582724735,120.30300064086914,112.80820068359375,0.4006938779754368,64.14530511319454,3.2214290254057403,1.9829916528541185,1.2384373725516218,0.9866211859987343
2023-01-10,131.83229064941406,132.99000549316406,133.44000244140625,127.1500015258789,127.2699966430664,28684400,0.027187798248804462,0.06613762843257764,121.15750083923339,113.50920074462891,0.4075616030447712,67.68138862623434,3.7238583264121985,2.3311649875657348,1.3926933388464637,1.0
2023-01-11,131.73318481445312,132.88999938964844,133.85000610351562,130.33999633789062,130.9600067138672,25423000,-0.00075198209929217,0.043338278433181054,122.06650085449219,114.18300079345703,0.40352782161279055,67.47777574941577,4.067084689867158,2.6783489280260193,1.3887357618411391,0.9977312590888966
2023-01-12,135.51992797851562,136.7100067138672,137.67999267578125,131.75999450683594,133.44000244140625,30757700,0.028745634297266065,0.07696552768675602,122.89450111389161,115.05400085449219,0.38411429439823436,71.05929623705852,4.594375619407799,3.0615542663023754,1.5328213531054238,1.0
2023-01-13,135.7875518798828,136.97999572753906,137.38999938964844,134.83999633789062,134.97000122070312,22423800,0.0019749030825297886,0.05353015863999855,123.66400108337402,115.88960083007812,0.38395044148797547,71.29986416747042,4.976675321769221,3.4445784773957446,1.5320968443734766,1.0
2023-01-17,134.18167114257812,135.36000061035156,136.75,134.25,136.17999267578125,21147600,-0.011826508743727482,0.04549315929647646,124.62450103759765,116.7860008239746,0.3413851117457238,67.66534279450653,5.090253252199602,3.7737134323565167,1.3165398198430855,0.9662992430915639
2023-01-18,131.86204528808594,133.02000427246094,137.25,132.8000030517578,135.80999755859375,20215500,-0.017287206910012953,0.0002255716825156906,125.30400123596192,117.66820083618164,0.3436543128209089,62.69403235677874,4.934563851625853,4.0058835162103845,0.9286803354154687,0.9142673327590778
2023-01-19,134.96478271484375,136.14999389648438,137.4499969482422,132.13999938964844,132.49000549316406,28625200,0.02353021743716366,0.024531526238308343,126.38750076293945,118.57540069580078,0.3002705636683339,66.26434425584708,5.006036412618357,4.205914095491979,0.8001223171263785,0.9795111838162647
2023-01-20,138.15675354003906,139.3699951171875,139.94000244140625,134.61000061035156,135.88999938964844,28688600,0.023650395630214316,0.019457159481292674,127.50150070190429,119.42840057373047,0.3008091607866546,69.49840531876772,5.261850779576079,4.417101432308799,0.84474934726728,1.0
2023-01-23,142.0228271484375,143.27000427246094,143.75999450683594,138.66000366210938,139.2899932861328,27470100,0.02798313332790303,0.04591917609220153,128.67700080871583,120.36440063476563,0.3045199253306397,72.8884656672385,5.7134228711508115,4.676365720077202,1.0370571510736095,1.0
2023-01-24,141.8939666748047,143.13999938964844,145.0,141.36000061035156,141.69000244140625,21970200,-0.0009074117326419717,0.05747635006069807,129.97800064086914,121.19780059814452,0.2843543324355786,72.59880264160553,5.99173767736076,4.939440111533914,1.052297565826846,0.9962306505622834
2023-01-25,140.2682342529297,141.5,143.1699981689453,140.30999755859375,141.22000122070312,26622000,-0.01145731030209185,0.06374977789182545,131.15100059509277,121.7904005432129,0.2945753749061164,68.88005713088984,6.010682515218718,5.153688592270875,0.8569939229478436,0.9486806613350133
2023-01-26,146.01773071289062,147.3000030517578,147.50999450683594,143.3000030517578,144.39999389648438,25482100,0.0409894208604793,0.08189503969975087,132.67200088500977,122.47600067138671,0.3058982884708867,73.9601798167801,6.419705836584171,5.406892041133535,1.0128137954506364,1.0
2023-01-27,150.41909790039062,151.74000549316406,153.19000244140625,147.38999938964844,148.24000549316406,35771900,0.030142582141333252,0.0887566248788012,134.47800102233887,123.22640075683594,0.30025804483617285,77.04890011990244,7.0211948918221765,5.729752611271263,1.2914422805509131,1.0
2023-01-30,145.77981567382812,147.05999755859375,151.1199951171875,146.9499969482422,149.41000366210938,28040100,-0.03084228130452482,0.02645350159217741,135.81800079345703,123.82600067138672,0.3227261639277321,67.9057617712809,7.039099417335535,5.991621972484118,1.0474774448514168,0.8910612848424058
2023-01-31,147.67320251464844,148.97000122070312,149.8800048828125,147.52000427246094,147.9499969482422,29842100,0.0129879212145938,0.04072936884109213,137.24950103759767,124.54080062866211,0.32080280059318467,69.49668137355057,7.125274486811037,6.218352475349503,0.9069220114615337,0.9355213258947932
2023-02-01,151.7870635986328,153.1199951171875,153.5800018310547,147.05999755859375,148.02999877929688,55661000,0.027857916778399217,0.08212010683524729,138.66850090026855,125.37420059204102,0.31296667069445055,72.66702283858963,7.4426445017970195,6.463210880639007,0.9794336211580124,1.0
2023-02-02,187.12673950195312,188.77000427246094,197.16000366210938,180.16000366210938,183.3800048828125,150475700,0.2328239961605887,0.28153428622897936,141.7385009765625,126.90860061645508,0.8499296336538745,86.06537056355322,10.450355135590769,7.26063973162936,3.189715403961409,1.0
2023-02-03,184.90625,186.52999877929688,196.77000427246094,182.88999938964844,183.47000122070312,76809700,-0.011866321144597514,0.22927370519767187,144.71800079345704,128.44200057983397,0.8536948966961552,83.30227879343283,12.509041317762637,8.310320048856017,4.1987212689066205,0.9719964328124031
2023-02-06,184.44033813476562,186.05999755859375,190.6999969482422,185.52000427246094,186.52999877929688,42483800,-0.002519708485385408,0.26519788281963663,147.52000045776367,129.93440048217772,0.8574760024520154,82.70232312440197,13.941925934989229,9.43664122608266,4.505284708906569,0.9661206834884043
2023-02-07,189.951904296875,191.6199951171875,193.77999877929688,184.39999389648438,185.5800018310547,47080700,0.02988282076507498,0.28629921156607385,150.62750015258788,131.5220004272461,0.8535965387045223,84.15605987700629,15.349206555040439,10.619154291874217,4.730052263166222,1.0
2023-02-08,181.8332061767578,183.42999267578125,190.8300018310547,182.9199981689453,190.0,36139100,-0.04274085507828951,0.19794931116211556,153.14949951171874,132.96240020751952,0.8824912722392657,74.25628494116305,15.623523580494975,11.620028149598369,4.003495430896606,0.9011346836858781
2023-02-09,176.37115478515625,177.9199981689453,186.64999389648438,177.27000427246094,186.1300048828125,37118800,-0.03003867811615213,-0.05747738442520389,155.4009994506836,134.3452001953125,0.8965443264184948,68.42447676394785,15.22085475282151,12.340193470242998,2.8806612825785116,0.8332522199394087
2023-02-10,172.63401794433594,174.14999389648438,178.88999938964844,173.35000610351562,176.35000610351562,33433600,-0.021189322792601994,-0.06637004751959807,157.27299880981445,135.63900009155273,0.9046539599024472,64.68143217818235,14.431175361794772,12.758389848553353,1.6727855132414184,0.7751319038831745
2023-02-13,177.86807250976562,179.42999267578125,181.0,175.82000732421875,178.22000122070312,31463200,0.030318684836907472,-0.035633693269960354,159.39549865722657,136.86559997558595,0.9054351930780068,67.37335495135011,14.069219327153093,13.0205557442733,1.048663582879792,0.8430943074342754
2023-02-14,177.9176025390625,179.47999572753906,181.50999450683594,175.8800048828125,177.16000366210938,24034600,0.0002786772211944566,-0.06335455432103565,161.60149841308595,138.04639984130858,0.9016946536079192,67.39869700710835,13.629291402976861,13.142302876014014,0.4869885269628469,0.8437379302312495
2023-02-15,175.61781311035156,177.16000366210938,178.19000244140625,175.3300018310547,176.4199981689453,25308900,-0.012926187434011083,-0.03418191824689376,163.80849838256836,139.1197999572754,0.8997170464075104,64.88067536748802,12.944228375648095,13.102687975940832,-0.15845960029273698,0.8138757572314518
2023-02-16,170.93890380859375,172.44000244140625,175.85000610351562,171.7899932861328,172.75,25827500,-0.026642589315506005,-0.03080033601582821,165.62299880981445,140.12,0.9115469909209788,59.971660723287535,11.883461195597675,12.8588426198722,-0.9753814242745253,0.7531214576318157
2023-02-17,171.3750457763672,172.8800048828125,173.17999267578125,169.6999969482422,170.22000122070312,24171300,0.0025516262768308096,-0.007292501051861966,167.2984992980957,141.29520004272462,0.9114428427181752,60.27341805065435,10.952051648768986,12.477484425651559,-1.5254327768825728,0.7587850239954245
2023-02-21,170.58203125,172.0800018310547,178.1699981689453,171.8800048828125,174.30999755859375,34592600,-0.004627504796174131,-0.040963000305124786,168.7389991760254,142.45820007324218,0.9113200344582654,59.39667242356586,10.033687211668706,11.98872498285499,-1.9550377711862836,0.7466943819898005
2023-02-22,169.63038635253906,171.1199951171875,172.75999450683594,169.69000244140625,171.07000732421875,22433200,-0.005578839514481793,-0.04657901052684732,170.13799896240235,143.57399993896485,0.9122530256448619,58.300726651430516,9.12324516882677,11.415629020049346,-2.292383851222576,0.7342493882587819
2023-02-23,170.54232788085938,172.0399932861328,173.69000244140625,169.3800048828125,172.0,20017800,0.005376333539019118,-0.028900486961728533,171.66499862670898,144.69679977416993,0.9088615548600635,59.07994740281611,8.37935743741258,10.808374703521993,-2.4290172661094136,0.746175733439173
2023-02-24,168.90673828125,170.38999938964844,170.72000122070312,167.66000366210938,168.63999938964844,19791300,-0.009590757735848943,-0.011888210523856801,172.81949844360352,145.81039978027343,0.9046059359497983,57.0219073577452,7.569424716643056,10.160584706146206,-2.5911599895031507,0.7247861291777096
2023-02-27,168.06411743164062,169.5399932861328,173.1199951171875,169.05999755859375,171.8800048828125,19277000,-0.004988591505137752,-0.019319825904353327,173.70949783325196,146.79819961547852,0.9021443885742071,55.94080498047811,6.780794038646945,9.484626572646356,-2.7038325339994103,0.7137671222512195
2023-02-28,173.4171142578125,174.94000244140625,177.5500030517578,171.8699951171875,171.89999389648438,46051100,0.031850945907257566,0.016620180032072884,175.10349807739257,147.86519973754883,0.8947503025262658,60.99964326921772,6.516416955296904,8.890984649176467,-2.3745676938795626,0.7837698411010778
2023-03-01,171.91036987304688,173.4199981689453,177.85000610351562,173.0500030517578,174.58999633789062,30998400,-0.008688717567441717,0.013440878432603443,176.32599792480468,149.01059967041016,0.8971151284804009,58.94792485658118,6.113768848825828,8.33554148910634,-2.2217726402805127,0.764065350112992
2023-03-02,173.0106964111328,174.52999877929688,175.00999450683594,171.42999267578125,172.3800048828125,17352000,0.006400649418011106,0.014473410778520268,177.39649810791016,150.11259963989258,0.8943546135887568,60.00583833608967,5.817178285905584,7.83186884846619,-2.014690562560606,0.7784547813927019
2023-03-03,183.63735961914062,185.25,186.6199951171875,177.0500030517578,178.9199981689453,45877700,0.06142211250605212,0.08721169472141188,177.22049789428712,151.5279995727539,0.38393623585861913,68.45942397697169,6.373670924745994,7.540229263722151,-1.1665583389761567,0.916184266359858
2023-03-06,183.29042053222656,184.89999389648438,189.66000366210938,184.63999938964844,188.0,33209400,-0.0018893716788968007,0.0905980961343349,177.13899765014648,152.8841995239258,0.381702760035375,67.95438221222383,6.7091142896568385,7.374006268909088,-0.6648919792522499,0.9115789224302314
2023-03-07,182.90383911132812,184.50999450683594,190.36000061035156,184.00999450683594,189.0,36701500,-0.002109245010937011,0.05470442398464592,177.0614974975586,154.1791993713379,0.3816719834982032,67.35809316739883,6.864357837467935,7.272076582620858,-0.4077187451529234,0.9064473509986627
2023-03-08,183.35980224609375,184.97000122070312,185.25999450683594,181.33999633789062,182.8699951171875,19432400,0.002493126267206769,0.06660133302795801,176.72899780273437,155.5361993408203,0.3651140565720872,67.7179136511236,6.944456789851017,7.206552624066891,-0.2620958342158737,0.9125000715255809
2023-03-09,180.10836791992188,181.69000244140625,188.92999267578125,180.3000030517578,186.35000610351562,26582800,-0.017732598570852742,0.041024486977528696,176.64199829101562,156.80919937133788,0.3374030382328745,62.43321467218682,6.666420946334313,7.098526288520375,-0.43210534218606256,0.8693421885181416
2023-03-10,177.94732666015625,179.50999450683594,184.77000427246094,178.8000030517578,181.00999450683594,25665000,-0.011998502423232416,-0.03098518484838897,176.72149810791015,158.06179931640625,0.3220152503590252,59.13031088320306,6.198712220065346,6.91856347482937,-0.7198512547640243,0.8406578707100588
2023-03-13,179.3252410888672,180.89999389648438,183.77999877929688,174.82000732421875,177.9600067138672,24728000,0.0077432980457001754,-0.021633316019682436,177.05899810791016,159.36739913940428,0.3122346059257705,60.56291517908019,5.872516306407022,6.709354041144901,-0.8368377347378795,0.849775752870886
2023-03-14,192.33102416992188,194.02000427246094,194.32000732421875,186.55999755859375,187.5800018310547,41642600,0.07252631740542892,0.051541976308891346,177.78849868774415,160.8425991821289,0.38929429422641226,70.92327178725989,6.59663695895884,6.6868106247076895,-0.09017366574884988,1.0
2023-03-15,196.02854919433594,197.75,197.77999877929688,190.83999633789062,192.9499969482422,42123600,0.01922479973921165,0.06909227818000607,178.70199890136718,162.3907992553711,0.3925626157390331,73.08786776473997,7.386342121314954,6.826716924029142,0.5596251972858113,1.0
2023-03-16,203.1460418701172,204.92999267578125,205.75999450683594,196.08999633789062,198.25999450683594,50447100,0.03630843325300259,0.1279101212069702,180.0904983520508,163.99459915161134,0.4013136784017338,76.68579424820592,8.493645101612827,7.16010255954588,1.3335425420669473,1.0
2023-03-17,193.9071502685547,195.61000061035156,201.89999389648438,195.42999267578125,200.55999755859375,50141100,-0.045478906936647356,0.08968863348108735,181.24899826049804,165.35939910888672,0.4273571043117983,64.61083308347703,8.520921344756488,7.432266316588001,1.0886550281684864,0.8804975864540909
2023-03-20,196.0880126953125,197.80999755859375,199.36000061035156,193.63999938964844,198.47999572753906,25186300,0.011246853133161094,0.09347708254642462,182.4954978942871,166.77679901123048,0.42736280604463245,65.97286542635905,8.620685436027856,7.669950140475973,0.9507352955518824,0.9056454290559245
2023-03-21,200.40016174316406,202.16000366210938,203.5500030517578,197.9499969482422,203.1999969482422,31827000,0.021990830378667336,0.041954433617151565,183.99949798583984,168.21959899902345,0.42812272854930533,68.55029127740877,8.947615790027754,7.92548327038633,1.0221325196414242,0.9632919516652626
2023-03-22,198.07061767578125,199.80999755859375,207.3699951171875,199.6699981689453,202.5,28477800,-0.011624485857466782,0.01041718108012013,185.43399810791016,169.62639892578125,0.43127207470919143,65.65691394629735,8.91432579940502,8.123251776190068,0.7910740232149518,0.9289284342816136
2023-03-23,202.501708984375,204.27999877929688,207.8800048828125,202.14999389648438,202.83999633789062,27389700,0.022371259072721417,-0.003171785095960722,187.04599838256837,171.0521987915039,0.434046182897215,68.38994378411311,9.143237433481431,8.327248907648341,0.8159885258330899,0.9909773187526172
2023-03-24,204.2166290283203,206.00999450683594,207.5800018310547,203.5500030517578,205.17999267578125,27716400,0.008468747493033613,0.0531669846328604,188.82699813842774,172.51459869384766,0.42849982416271687,69.4047455102115,9.35639307453036,8.533077741024744,0.8233153335056151,1.0
2023-03-27,201.0742645263672,202.83999633789062,205.86000061035156,201.36000061035156,204.80999755859375,18527200,-0.015387594065685573,0.025428435576452246,190.49199829101562,173.83719848632813,0.43482783266888914,65.26982610669847,9.163892448490088,8.659240682517813,0.5046517659722749,0.9565694123431683
2023-03-28,198.9330596923828,200.67999267578125,201.02999877929688,197.89999389648438,200.14999389648438,19127300,-0.010648805467888267,-0.007320988125830374,191.77899780273438,175.11119842529297,0.431827276037878,62.53589593164677,8.736333062467025,8.674659158507655,0.061673903959370335,0.9269762632665144
2023-03-29,203.56240844726562,205.35000610351562,205.72000122070312,202.5399932861328,203.55999755859375,18851100,0.02327094677185504,0.027726383127036902,193.3754981994629,176.51099853515626,0.43110048196108663,65.86497083127298,8.67432797007487,8.674592920821098,-0.00026495074622800985,0.9909578231042222
2023-03-30,206.03074645996094,207.83999633789062,208.08999633789062,202.82000732421875,203.3800048828125,22608300,0.012125591236261224,0.01742704904967196,195.04099807739257,178.00739837646483,0.43115157560814593,67.52211449090888,8.72552744094196,8.68477982484527,0.040747616096689754,1.0
2023-03-31,210.09506225585938,211.94000244140625,212.1699981689453,206.77000427246094,207.24000549316406,25440300,0.019726742570040035,0.02878504971938889,196.3754981994629,179.52319854736328,0.38722750490960134,70.09639010427338,8.993270790295611,8.746478017935338,0.24679277236027275,1.0
2023-04-03,211.2152099609375,213.07000732421875,213.49000549316406,208.1999969482422,208.83999633789062,17924600,0.005331720627515413,0.05043389455246783,197.78399887084962,180.9971987915039,0.3858670728241947,70.78373156633428,9.190696643941806,8.835321743136632,0.35537490080517387,1.0
2023-04-04,212.85084533691406,214.72000122070312,216.24000549316406,212.5399932861328,213.38999938964844,21026400,0.007743905006647234,0.06996217389545611,199.29449920654298,182.42619873046874,0.3842307025204418,71.80288664964823,9.372261180347806,8.942709630578868,0.42955154976893795,1.0
2023-04-05,209.63902282714844,211.47999572753906,215.19000244140625,209.94000244140625,214.14999389648438,19396600,-0.01508944427507608,0.029851421679205403,200.61999893188477,183.79299865722658,0.3924834973858669,66.87006549761867,9.149244225879613,8.984016549639017,0.16522767624059576,0.9557497208529417
2023-04-06,214.21884155273438,216.10000610351562,216.94000244140625,208.64999389648438,209.25,26104400,0.021846086955329636,0.03974215700137185,202.34049911499022,185.28499877929687,0.38445860073259813,70.03160648105634,9.238798787546472,9.034972997220509,0.20382579032596304,1.0
2023-04-10,212.88055419921875,214.75,215.66000366210938,210.66000366210938,214.7100067138672,16106100,-0.006247135887950672,0.013258457706069926,204.10249938964844,186.63399871826172,0.3808200639391065,67.9898689719218,9.095984367061448,9.047175271188697,0.04880909587275006,0.9804460322070032
2023-04-11,211.98838806152344,213.85000610351562,216.02000427246094,213.41000366210938,215.47999572753906,16710100,-0.004190891252546569,0.003660762906484427,205.75,187.87619873046876,0.38380015734859324,66.59593546452547,8.808640400670612,8.99946829708508,-0.1908278964144685,0.9674102010208182
2023-04-12,212.1370849609375,214.0,216.83999633789062,212.5800018310547,214.83999633789062,18972200,0.0007013976722158866,-0.0033532098389057463,206.74899978637694,189.21499877929688,0.30108529170128995,66.71840292674318,8.495095320161795,8.898593701700424,-0.40349838153862905,0.9687173253274514
2023-04-13,218.43182373046875,220.35000610351562,221.14999389648438,215.69000244140625,215.72999572753906,23310400,0.029672925717362686,0.04194255038383998,207.87900009155274,190.64259887695312,0.3097528020595697,71.48473273018169,8.659183332919241,8.850711627944188,-0.19152829502494662,1.0
2023-04-14,219.56190490722656,221.49000549316406,222.11000061035156,217.5500030517578,217.8800048828125,21591200,0.005173584561249722,0.024942152880211177,208.70700073242188,192.00999908447267,0.28775823609393214,72.2529979231285,8.780002287582391,8.836569759871828,-0.05656747228943715,1.0
2023-04-17,216.9547882080078,218.86000061035156,220.97999572753906,217.1300048828125,219.7899932861328,15481900,-0.011874146993479884,0.019138536020263386,209.86950073242187,192.61179901123046,0.22996302819164927,67.71998278569126,8.564803047306867,8.782216417358836,-0.21741337005196826,0.9493743163652898
2023-04-18,215.9932403564453,217.88999938964844,220.44000244140625,216.2100067138672,219.91000366210938,12281000,-0.004432062587946706,0.018891714616913413,210.8735008239746,193.2389990234375,0.23170265377165639,66.07349324825398,8.221216046039956,8.67001634309506,-0.4488002970551044,0.930702497447568
2023-04-19,213.82232666015625,215.6999969482422,217.3300018310547,212.92999267578125,213.47000122070312,15898100,-0.01005095436936465,0.007943910973094326,211.55050048828124,193.83179901123046,0.22833169872764292,62.38555868498187,7.683633829823606,8.47273984044077,-0.7891060106171643,0.888546541204889
2023-04-20,211.2152099609375,213.07000732421875,216.75,212.77000427246094,213.47999572753906,16475400,-0.012192812523101337,-0.033038341627623535,212.2135009765625,194.2607992553711,0.22883421738354134,58.185414581496275,6.965088661016097,8.171209604555836,-1.206120943539739,0.8379211512907846
2023-04-21,211.0367431640625,212.88999938964844,213.41000366210938,209.5800018310547,210.2100067138672,17717200,-0.000844830001326291,-0.03882796464954286,212.64400100708008,194.84999938964845,0.21776446954235948,57.898094033160916,6.308392084850567,7.798646100614782,-1.490254015764215,0.8344561293028601
2023-04-24,210.93763732910156,212.7899932861328,213.9199981689453,210.7100067138672,213.67999267578125,15750900,-0.00046975482081046405,-0.02773465826231769,212.9830009460449,195.54739929199218,0.21663581171928406,57.7275426815381,5.714018017376617,7.3817204839671495,-1.6677024665905327,0.8325310844517235
2023-04-25,205.7432403564453,207.5500030517578,211.25999450683594,207.1300048828125,210.82000732421875,19198200,-0.024625172234151727,-0.04745512123940954,213.21850128173827,196.21539947509766,0.22846314674097742,49.499762699520346,4.765218395760229,6.858420066325766,-2.093201670565537,0.7316650786172574
2023-04-26,207.57716369628906,209.39999389648438,214.11000061035156,208.8800048828125,212.5,41992700,0.008913470573475246,-0.029207246828424904,213.65450134277344,196.8147994995117,0.22548755539498266,52.095720884856064,4.115130002953379,6.309762053651289,-2.1946320506979102,0.7672760585984357
2023-04-27,236.48330688476562,238.55999755859375,241.69000244140625,236.77000427246094,239.88999938964844,71196500,0.13925503587418664,0.11963199586128548,215.31500091552735,197.9963995361328,0.5339438171629286,74.41807994755999,5.885059559948729,6.224821554910777,-0.33976199496204806,1.0
2023-04-28,238.2279815673828,240.32000732421875,240.42999267578125,235.75,239.00999450683594,39554000,0.007377639938115355,0.12884592049044863,216.93900146484376,199.259599609375,0.5337259803899087,75.1701395251358,7.345089939924321,6.448875231913487,0.8962147080108345,1.0
2023-05-01,241.06307983398438,243.17999267578125,244.0,236.4600067138672,238.6199951171875,29143900,0.011900737618171231,0.1428168633324023,218.5010009765625,200.6743994140625,0.5321243669138254,76.38503743549474,8.633430636725848,6.885786312875959,1.7476443238498884,1.0
2023-05-02,237.15736389160156,239.24000549316406,244.9199981689453,238.99000549316406,243.17999267578125,24350100,-0.016201938075843914,0.15268610925292814,219.80950088500975,202.00159942626954,0.5386812465691104,71.21545524606512,9.230126727780657,7.354654395856899,1.875472331923758,0.946496642921333
2023-05-03,234.96661376953125,237.02999877929688,241.75,232.75,239.47000122070312,34463900,-0.009237613539221923,0.13194845123286503,220.92500076293945,203.30059936523438,0.5414506350862972,68.41838462175372,9.416140203964886,7.766951557478498,1.6491886464863885,0.916485687840067
2023-05-04,231.48719787597656,233.52000427246094,238.1999969482422,232.92999267578125,236.05999755859375,17889400,-0.014808229021273212,-0.021126732636283285,222.02700119018556,204.54859954833984,0.5413099179446066,64.11150552904238,9.17457125508571,8.048475496999941,1.1260957580857678,0.868821449166413
2023-05-05,230.75360107421875,232.77999877929688,234.67999267578125,229.85000610351562,232.24000549316406,27000500,-0.003168916921998055,-0.03137486815548218,222.86100082397462,205.76339965820313,0.5385566236417896,63.2081142623181,8.821722537790237,8.203124905158,0.6185976326322358,0.8587724880135414
2023-05-08,231.23936462402344,233.27000427246094,235.6199951171875,230.27000427246094,231.4199981689453,16400500,0.0021050154469184346,-0.04075166009455711,223.78700103759766,207.02099975585938,0.5372154197147608,63.5741306464962,8.483830419275051,8.259266007981411,0.22456441129364002,0.8654265550589704
2023-05-09,231.33848571777344,233.3699951171875,235.8800048828125,231.0800018310547,231.4600067138672,16865600,0.0004286485312949839,-0.02453607357129195,224.76300048828125,208.29759979248047,0.5364568207803475,63.65359163297418,8.130394776493205,8.233491761683771,-0.10309698519056631,0.8593750239238845
2023-05-10,231.0509796142578,233.0800018310547,236.75,230.72000122070312,236.1699981689453,19119000,-0.0012426331242249011,-0.016664544439879525,225.71700057983398,209.46039978027343,0.5367020384090836,63.22283656756075,7.737699070274687,8.134333223401955,-0.3966341531272679,0.8552180097471648
2023-05-11,233.7374267578125,235.7899932861328,238.2100067138672,232.3000030517578,233.0500030517578,20449000,0.011626872463483373,0.009720747568261245,226.48899993896484,210.70779968261718,0.5293752303928839,65.56780423988633,7.558034241929931,8.01907342710755,-0.46103918517761855,0.8923525120658913
2023-05-12,231.774658203125,233.80999755859375,236.9600067138672,231.4499969482422,236.74000549316406,16161400,-0.00839728480392432,0.004424773540244953,227.10499954223633,211.89339965820312,0.5311248076034586,62.43544985823285,7.1731913783013965,7.849897017346319,-0.6767056390449229,0.8528350025654993
2023-05-15,236.7806854248047,238.86000061035156,240.25999450683594,235.3300018310547,236.9199981689453,20653200,0.02159874729262712,0.023963631137767116,228.10499954223633,212.96559967041014,0.531811810747685,66.79281879638367,7.1927797898061385,7.718473571838284,-0.5256937820321452,0.9321502718758246
2023-05-16,236.74105834960938,238.82000732421875,239.63999938964844,235.52000427246094,235.7899932861328,18163800,-0.00016743400330998526,0.02335352582192285,229.15149993896483,214.04399993896484,0.5310366338297641,66.72680623070521,7.122967487791499,7.599372355028928,-0.47640486723742903,0.931522137946455
2023-05-17,240.3791046142578,242.49000549316406,243.83999633789062,238.13999938964844,238.4499969482422,21193100,0.015367214037318888,0.040372419719346464,230.49100036621093,215.20360015869142,0.5290858241231682,69.68742887304438,7.279861207806533,7.53547012558445,-0.2556089177779164,0.9891630720518266
2023-05-18,244.7011260986328,246.85000610351562,247.08999633789062,241.19000244140625,241.3000030517578,22943300,0.017980125001376468,0.04690620099370135,232.18000030517578,216.44120025634766,0.5258830802239843,72.78551875415367,7.667628573227461,7.561901815113052,0.10572675811440835,1.0
2023-05-19,243.50167846679688,245.63999938964844,248.69000244140625,243.41000366210938,247.47000122070312,21733600,-0.004901789280733371,0.05059664665575325,233.81750030517577,217.7202001953125,0.5269707750523005,70.62809891445265,7.787529778952745,7.607027407880991,0.18050237107175438,0.9820313854248452
2023-05-22,246.1583251953125,248.32000732421875,253.57000732421875,245.1199951171875,245.41000366210938,27738500,0.010910307528209762,0.039604817423152916,235.59400100708007,219.09640045166014,0.5261880170545321,72.5675851823318,8.006512498686646,7.686924426042122,0.3195880726445246,1.0
2023-05-23,244.5920867919922,246.74000549316406,251.61000061035156,246.64999389648438,246.80999755859375,17748100,-0.006362764918058983,0.033163042986567026,237.5535011291504,220.41320068359374,0.5149341875024497,69.64768805715521,7.960797816813567,7.741699104196411,0.2190987126171562,0.9709023620210728
2023-05-24,247.0406036376953,249.2100067138672,249.58999633789062,244.9499969482422,245.27999877929688,17724300,0.010010542132258937,0.027712487395248786,239.54400177001952,221.51700073242188,0.5149422639041119,71.57332830230386,8.03129726239004,7.799618735835137,0.23167852655490329,1.0
2023-05-25,250.49032592773438,252.69000244140625,255.6199951171875,249.1699981689453,253.39999389648438,22371400,0.013964109119962709,0.023658076538356054,240.25050201416016,222.61580078125,0.17530331077804515,74.06942680700699,8.272613612404427,7.894217711148996,0.37839590125543143,1.0
2023-05-26,259.7589416503906,262.0400085449219,262.30999755859375,252.7100067138672,252.92999267578125,25727200,0.03700188378320868,0.06676440806067085,241.3365020751953,223.7580010986328,0.21278366011451225,79.32286798442601,9.113273762554797,8.138028921430157,0.9752448411246402,1.0
2023-05-30,260.2347717285156,262.5199890136719,268.6499938964844,261.2900085449219,265.25,23816500,0.0018317068123119284,0.05718420292615778,242.30350189208986,225.0962008666992,0.2110837612996858,79.55189211299378,9.706344700919857,8.451692077328097,1.2546526235917597,1.0
2023-05-31,262.41558837890625,264.7200012207031,265.0,258.45001220703125,260.0,25473700,0.008380360730994463,0.07287020883217576,243.5775016784668,226.4344009399414,0.19761426944765917,80.61190764066632,10.2358873534657,8.808531132555618,1.427356220910081,1.0
2023-06-01,270.2369079589844,272.6099853515625,274.0,265.8900146484375,265.8999938964844,25609500,0.029805016978227128,0.09389662536529775,245.35650100708008,227.84340057373046,0.2082342098801938,83.84613949355119,11.163523352611861,9.279529576566867,1.8839937760449939,1.0
2023-06-02,270.2369079589844,272.6099853515625,275.3500061035156,271.1199951171875,272.6600036621094,19416900,0.0,0.0788317017598481,247.31100006103514,229.29940032958984,0.1936994939584981,83.84613949355119,11.763084054477247,9.776240472148944,1.9868435823283033,1.0
2023-06-05,269.02752685546875,271.3900146484375,275.57000732421875,269.55999755859375,270.29998779296875,20742900,-0.00447515046652347,0.035681597460766046,249.2415008544922,230.64160064697265,0.1947367309435197,81.41079336096811,12.00145350492619,10.221283078704392,1.7801704262217974,0.9830394713284079
2023-06-06,268.7598876953125,271.1199951171875,276.57000732421875,269.69000244140625,270.1400146484375,19419000,-0.000994950133297201,0.032759433427630213,251.1340003967285,231.9438006591797,0.19623856449887633,80.85104385795162,12.029901476375613,10.583006758238637,1.446894718136976,0.9792855500334747
2023-06-07,261.3053283691406,263.6000061035156,274.25,262.79998779296875,271.6700134277344,26163600,-0.027736755492421272,-0.004230866999179739,252.64550094604493,233.15900085449218,0.2321131182991581,67.0287648068435,11.315211715293742,10.729447749649658,0.5857639656440838,0.8747396056515863
2023-06-08,262.27679443359375,264.5799865722656,267.6499938964844,258.8800048828125,260.6199951171875,20899400,0.0037176799926368354,-0.029455996518033767,254.22050018310546,234.43700073242186,0.23066409032681706,67.80129824065895,10.704496393260456,10.724457478371818,-0.019961085111361854,0.8806125296339569
2023-06-09,262.6435852050781,264.95001220703125,267.95001220703125,261.70001220703125,262.4800109863281,16949800,0.001398539774528862,-0.02809865212623386,255.6785011291504,235.62900085449218,0.23048140862127725,68.10517768888282,10.133544879417855,10.606274958581025,-0.47273007916317056,0.8822629076467756
2023-06-12,268.6904602050781,271.04998779296875,271.75,265.3299865722656,267.1700134277344,15442500,0.023023118720111535,-0.0012529084974228777,257.54050064086914,236.89320068359376,0.23152935538697958,72.68225982218533,10.057343940904644,10.49648875504575,-0.4391448141411054,0.9760221644173667
2023-06-13,268.9581604003906,271.32000732421875,275.7200012207031,269.0899963378906,274.8800048828125,16164000,0.0009961982785855472,0.0007377257695242445,259.1635009765625,238.08080078125,0.22640357124032948,72.86787101310452,9.904568764324154,10.37810475690143,-0.4735359925772773,0.9801724811205855
2023-06-14,270.970458984375,273.3500061035156,274.989990234375,268.32000732421875,271.8900146484375,19175100,0.007481935443378829,0.03698785953810324,260.89000091552737,239.28640075683595,0.22504557272109052,74.28259529458909,9.833937759205526,10.26927135736225,-0.4353335981567241,1.0
2023-06-15,279.37664794921875,281.8299865722656,283.989990234375,271.4200134277344,272.29998779296875,25973500,0.03102242648400999,0.06519767509054741,262.85699996948244,240.6286004638672,0.23929547905216494,79.16893054090792,10.342998088779837,10.284016703645769,0.05898138513406792,1.0
2023-06-16,278.5539245605469,281.0,287.8500061035156,280.1300048828125,284.75,43127700,-0.002944990284249993,0.06057741858274501,264.56449966430665,242.01900054931642,0.23884497637265398,77.61454013427917,10.5577558501883,10.338764532954276,0.21899131723402476,0.9888262418362482
2023-06-20,281.8548278808594,284.3299865722656,284.79998779296875,276.2200012207031,278.7300109863281,20701600,0.011850486022297657,0.04899464813641785,266.4989990234375,243.3836001586914,0.23551861644733654,79.36505106418412,10.87133700406298,10.445279027176017,0.42605797688696256,1.0
2023-06-21,279.1883239746094,281.6400146484375,284.0,278.3599853515625,283.5299987792969,20556200,-0.009460739460712575,0.03803629310641532,268.1649993896484,244.72140045166014,0.24253797325842458,74.30988590712626,10.778545708997683,10.511932363540351,0.2666133454573316,0.9649651927431108
2023-06-22,282.40008544921875,284.8800048828125,285.260009765625,277.7900085449219,279.0799865722656,17563100,0.01150401244801591,0.0421803494488695,270.07199935913087,246.1420004272461,0.2382981887845743,76.27042975319365,10.84147430610193,10.57784075205267,0.26363355404926025,1.0
2023-06-23,286.2165832519531,288.7300109863281,289.6700134277344,278.95001220703125,281.510009765625,51092000,0.01351448342293926,0.02448293206121699,272.0479995727539,247.63660064697265,0.23914622234707256,78.38165853941028,11.07435076729189,10.677142755100514,0.3972080121913759,1.0
2023-06-26,276.0458679199219,278.4700012207031,289.7900085449219,277.6000061035156,288.70001220703125,24232700,-0.03553496129680411,-0.009003554374722,273.3369995117188,248.79900054931642,0.2820769941524326,62.438659034263765,10.312138090142525,10.604141822108918,-0.2920037319663926,0.8736140827444314
2023-06-27,284.5511779785156,287.04998779296875,289.3500061035156,280.6499938964844,282.010009765625,26108300,0.030811170088894002,0.009566353705755981,274.5874984741211,250.1102001953125,0.27349259519657415,68.25391998451458,10.281889045831349,10.539691266853405,-0.25780222102205563,0.979304963917798
2023-06-28,282.80657958984375,285.2900085449219,289.54998779296875,284.05999755859375,284.82000732421875,16722100,-0.006131263971055234,0.012959784500226501,275.7259994506836,251.43880035400392,0.2760525652148263,65.99679008074679,10.00061992242911,10.431876997968548,-0.43125707553943826,0.9576250048635271
2023-06-29,279.07928466796875,281.5299987792969,286.57000732421875,280.69000244140625,284.5,15395700,-0.013179605499689107,-0.011759358488124372,276.5664993286133,252.71160034179687,0.28237351018835094,61.330501629404296,9.366341398033512,10.21876987798154,-0.8524284799480277,0.9113080622899873
2023-06-30,284.4817810058594,286.9800109863281,289.04998779296875,284.4200134277344,284.760009765625,19694900,0.019358548753817706,-0.006061025641296625,277.2850006103516,254.1372006225586,0.27156332466067135,65.17415023156707,9.19741940941799,10.01449978426883,-0.8170803748508408,0.9784429683548385
2023-07-03,283.5301208496094,286.0199890136719,289.3999938964844,284.8500061035156,286.70001220703125,8629300,-0.0033452572858880814,0.027112391855038442,277.955500793457,255.59620025634766,0.272264963729117,63.96798667767801,8.88367627625189,9.788335082665442,-0.9046588064135523,0.9666171260436377
2023-07-05,291.8074645996094,294.3699951171875,298.1199951171875,286.3599853515625,287.6499938964844,33865500,0.02919378513477433,0.025500810435491905,279.10449981689453,257.2258001708984,0.28660577253998043,69.29130553796399,9.20272500608877,9.671213067350108,-0.468488061261338,1.0
2023-07-06,289.4481506347656,291.989990234375,298.1199951171875,291.30999755859375,295.8900146484375,47600500,-0.008085079737372824,0.023484810153798774,280.1479995727539,258.80980010986326,0.28941047793426944,66.28531893966647,9.157959661251255,9.568562386130338,-0.4106027248790838,0.9725869027836483
2023-07-07,288.0009460449219,290.5299987792969,296.20001220703125,288.6600036621094,292.17999267578125,25586000,-0.005000142141537878,0.031968174045478914,281.49449920654297,260.4694000244141,0.2668478928785046,64.43855560993529,8.902056330147275,9.435261174933727,-0.5332048447864519,0.9548076228936784
2023-07-10,291.5398254394531,294.1000061035156,298.1300048828125,287.04998779296875,295.54998779296875,37058300,0.012287912915081467,0.02481007333129792,282.97050018310546,262.1634002685547,0.2680290505769648,66.86924101739089,8.884901240984732,9.325189188143927,-0.44028794715919517,0.9956163495741958
2023-07-11,295.693359375,298.2900085449219,300.17999267578125,291.8999938964844,293.8999938964844,27585900,0.01424686281690013,0.04289916789928783,284.6375,263.3580004882813,0.2693377788772155,69.50389501088026,9.104453417268871,9.281042033968916,-0.17658861670004455,1.0
2023-07-12,306.647216796875,309.3399963378906,309.45001220703125,300.1000061035156,301.75,36677100,0.03704444492415715,0.050854371943525045,286.55200042724607,264.7384002685547,0.2851692958291156,75.12252789078593,10.054193283400423,9.435672283855217,0.6185209995452059,1.0
2023-07-13,310.6817626953125,313.4100036621094,316.239990234375,310.2900085449219,313.6199951171875,30281000,0.01315706786190396,0.07335872510746322,288.6565002441406,266.14300048828125,0.2851642619390528,76.81678028956829,11.008386716821235,9.75021517044842,1.2581715463728145,1.0
2023-07-14,306.1813049316406,308.8699951171875,314.8800048828125,307.3599853515625,311.7900085449219,23054100,-0.014485844395115466,0.06312599874349889,290.43249969482423,267.53560028076174,0.2955425080869726,71.0075010454033,11.268356540370007,10.053843444432738,1.214513095937269,0.9436933117947802
2023-07-17,307.916015625,310.6199951171875,311.7099914550781,304.7099914550781,307.5400085449219,25323100,0.005665814186114337,0.056171331760725085,291.8720001220703,269.00740020751954,0.2807346850167084,71.88995835262227,11.48322342160776,10.339719439867745,1.1435039817400163,0.965397390847528
2023-07-18,309.3336181640625,312.04998779296875,314.20001220703125,307.6199951171875,310.8800048828125,20731900,0.00460367232715253,0.046129534526379024,293.42449951171875,270.5779998779297,0.27916729253248057,72.62323956319874,11.634776964558796,10.598730944805956,1.03604601975284,0.9831326331789603
2023-07-19,313.2591247558594,316.010009765625,318.67999267578125,310.5199890136719,313.0299987792969,21763700,0.012690344904879636,0.02156207896391371,295.00850067138674,272.24260009765624,0.27944043003396507,74.59931264743477,11.936824633184642,10.866349682481694,1.0704749507029483,1.0
2023-07-20,299.88653564453125,302.5199890136719,315.5400085449219,302.2200012207031,313.5,23836900,-0.04268858686456878,-0.0347468636010041,296.05249938964846,273.62759979248045,0.3242446852848413,58.981037763665746,10.961312465904598,10.885342239166276,0.07597022673832221,0.8373324555497883
2023-07-21,291.69842529296875,294.260009765625,305.4599914550781,291.20001220703125,304.57000732421875,42139300,-0.027303912296762545,-0.0473014070078881,296.52149963378906,274.8454000854492,0.34082396999648085,51.82621687593354,9.413191341087042,10.59091205955043,-1.1777207184633873,0.7377306412757104
2023-07-24,289.0715026855469,291.6099853515625,297.5199890136719,288.29998779296875,295.7799987792969,24915700,-0.00900572393840815,-0.061200212685770916,296.6654983520508,276.01599975585935,0.33996719136954845,49.741436630829654,7.881605135152768,10.049050674670898,-2.1674455395181305,0.7031627641050963
2023-07-25,291.9066162109375,294.4700012207031,298.29998779296875,291.8599853515625,295.19000244140625,19585600,0.00980767467784971,-0.05633708463379006,297.46549835205076,277.1895999145508,0.31286145069434673,51.98624710100624,6.819974984621126,9.403235536660944,-2.5832605520398175,0.7379561393413104
2023-07-26,295.970947265625,298.57000732421875,301.7699890136719,291.8999938964844,301.19000244140625,47256900,0.01392334053220834,-0.055188132978259086,298.04149932861327,278.4848001098633,0.2983440095223036,55.08349728048855,6.237558971982253,8.770100223725207,-2.5325412517429537,0.7740639734446868
2023-07-27,308.99652099609375,311.7099914550781,325.3500061035156,309.8399963378906,325.1199951171875,64229200,0.044009725721011916,0.03037816598952392,299.3624984741211,279.9417999267578,0.3311930843073881,63.262729531400886,6.758370699333966,8.36775431884696,-1.6093836195129931,0.9442930667891745
2023-07-28,322.64666748046875,325.4800109863281,326.20001220703125,314.25,316.8800048828125,39220300,0.04417573997859625,0.10609664984912337,301.5599990844727,281.675,0.3521644886992373,69.52551314606862,8.187858702466087,8.331775195570785,-0.14391649310469745,1.0
2023-07-31,315.8265380859375,318.6000061035156,325.6600036621094,317.5899963378906,323.69000244140625,25799600,-0.02113802584055302,0.09255520080841606,303.14099884033203,283.197200012207,0.36326048680897716,63.68394616098658,8.665686706262989,8.398557497709227,0.26712920855376154,0.9138276066696035
2023-08-01,319.9007263183594,322.7099914550781,324.1400146484375,314.6600036621094,317.5400085449219,22817900,0.012900142099266487,0.09590107690871141,304.97549896240236,284.71439971923826,0.36259770763003174,65.54627981475596,9.269161190772536,8.572678236321888,0.6964829544506479,0.96530537163192
2023-08-02,311.5738830566406,314.30999755859375,318.3900146484375,310.6499938964844,318.0,20461100,-0.02602954392149237,0.05271792158708988,305.97249908447264,286.0877996826172,0.3692773346048771,58.898364818469894,8.966252385574421,8.651393066172396,0.31485931940202505,0.8581405556454512
2023-08-03,310.463623046875,313.19000244140625,315.95001220703125,309.92999267578125,309.92999267578125,15180200,-0.003563345505669835,0.0047480383269697946,307.0324996948242,287.38519958496096,0.36773515672005713,58.05292373275589,8.537406817901967,8.628595816518311,-0.09118899861634411,0.8439165902015482
2023-08-04,308.0251159667969,310.7300109863281,318.4100036621094,310.20001220703125,314.9599914550781,17612800,-0.00785462957278904,-0.04531768312069884,308.0425003051758,288.66499969482425,0.36877566434858355,56.14656148626361,7.907885680797392,8.484453789374129,-0.5765681085767369,0.8066081136260559
2023-08-07,313.8043212890625,316.55999755859375,317.07000732421875,310.4599914550781,313.2300109863281,16236500,0.018762225617538153,-0.0064030398802286115,309.1654998779297,290.0119995117187,0.3714995227907823,59.53773607624791,7.789622913266044,8.345487614152512,-0.5558647008864686,0.8774555243769555
2023-08-08,309.9184265136719,312.6400146484375,317.8900146484375,310.1099853515625,314.3999938964844,15183500,-0.0123830646335239,-0.031204415956369247,309.8830001831055,291.21099975585935,0.3737253899430244,56.38070881759552,7.295491077913994,8.135488306904808,-0.8399972289908142,0.797604100823455
2023-08-09,302.5531005859375,305.2099914550781,313.6300048828125,302.8500061035156,312.8800048828125,19955800,-0.023765426193810835,-0.028952327874391615,309.67649993896487,292.0743994140625,0.36155998898216685,50.87422347301776,6.232502848718752,7.754891215267596,-1.522388366548844,0.6780493574151969
2023-08-10,303.0784606933594,305.739990234375,312.3399963378906,303.8699951171875,307.94000244140625,14358900,0.0017365053377516038,-0.023787516041240964,309.2929992675781,292.93879943847656,0.35812577386688205,51.24005116799285,5.370930744435952,7.278099121101268,-1.9071683766653154,0.6809951649270793
2023-08-11,299.01416015625,301.6400146484375,304.7200012207031,300.3599853515625,302.57000732421875,14046300,-0.013410007577989824,-0.029253680096869017,308.93150024414064,293.67719970703126,0.3576083236675684,48.24690649148451,4.3076390975363665,6.684007116388288,-2.376368018851921,0.6147382925544611
2023-08-14,303.52459716796875,306.19000244140625,306.2099914550781,298.25,300.9800109863281,15641900,0.015084165137280614,-0.03275838765846606,308.7100006103516,294.34880004882814,0.3614589828888244,51.624135696595204,3.7884479263557296,6.104895278381777,-2.3164473520260476,0.688267501247729
2023-08-15,299.32147216796875,301.95001220703125,307.2300109863281,300.0299987792969,306.1400146484375,11623600,-0.01384757895609734,-0.03419268788554508,308.2050018310547,294.9356005859375,0.3639474962456616,48.45115339364635,3.0002681817898633,5.483969859063395,-2.4837016772735314,0.6197479488914446
2023-08-16,291.72821044921875,294.2900085449219,301.0799865722656,294.2799987792969,300.20001220703125,18547700,-0.02536844958581197,-0.03577858922014843,307.1190017700195,295.3936004638672,0.36944354229329496,43.276132555592945,1.7375029253174148,4.734676472314199,-2.997173546996784,0.4959599227493041
2023-08-17,282.6082458496094,285.0899963378906,296.04998779296875,284.95001220703125,293.04998779296875,23950100,-0.03126172122702875,-0.06754103014347079,306.2475021362305,295.6730004882813,0.3552378786332495,38.02321135270681,-0.005547784164264158,3.7866316210185063,-3.7921794051827704,0.3472848826542992
2023-08-18,280.7843017578125,283.25,285.69000244140625,274.3800048828125,279.0299987792969,35347900,-0.0064540894507917335,-0.060966760891691174,305.6970016479492,296.0660003662109,0.3436253907761887,37.05447337120516,-1.5179029164484064,2.725724713525124,-4.24362762997353,0.3065682420879828
2023-08-21,287.3763732910156,289.8999938964844,290.5,281.8500061035156,283.45001220703125,20181500,0.023477471832248353,-0.05320228751766376,305.6115020751953,296.5724005126953,0.35364481751422144,42.73318166646383,-2.1550146560802546,1.7495768396040483,-3.904591495684303,0.4121920071471534
2023-08-22,285.0964050292969,287.6000061035156,292.8999938964844,286.75,292.54998779296875,12980200,-0.007933728324913347,-0.04752444286598201,305.26800231933595,297.025400390625,0.3526850714206664,41.34391611343908,-2.8130925135662324,0.8370429689699922,-3.6501354825362244,0.30406046772667966
2023-08-23,291.6786193847656,294.239990234375,297.3999938964844,287.6700134277344,288.5,18287000,0.02308756602901263,-0.00016996265280699863,305.05150146484374,297.4892004394531,0.3592489764956031,46.72837625729666,-2.7669372004331763,0.11624693508935846,-2.8831841355225345,0.42319020237052146
2023-08-24,284.2538146972656,286.75,299.4599914550781,286.6400146484375,298.5,18360900,-0.025455378204739976,0.005822735569233739,303.80350189208986,297.79780029296876,0.32842733534125934,42.04030840314794,-3.2967356809151624,-0.5663495881115458,-2.7303860928036165,0.2570495423241829
2023-08-25,283.0146789550781,285.5,288.3900146484375,276.0299987792969,286.1300048828125,23701400,-0.0043591979075849885,0.007943512797881747,301.80450134277345,298.0408001708984,0.2749007521182997,41.29569403331606,-3.7739654228208224,-1.2078727550534012,-2.566092667767421,0.14954259346777252
2023-08-28,287.7332458496094,290.260009765625,291.45001220703125,285.79998779296875,288.0,14239300,0.016672538583625274,0.0012418622860308481,300.3875015258789,298.20940063476564,0.28069694218585295,45.270957214421614,-3.725139337052383,-1.7113260714531977,-2.013813265599185,0.2507978322851371
2023-08-29,295.3959045410156,297.989990234375,299.1499938964844,288.17999267578125,288.5799865722656,20844500,0.026631227894575282,0.036126508728653306,299.15150146484376,298.5492004394531,0.29580995070782373,51.066062462642954,-3.0277969323243497,-1.9746202436274283,-1.0531766886969214,0.4152304819971644
2023-08-30,292.5310974121094,295.1000061035156,298.2900085449219,293.42999267578125,297.1700134277344,17717000,-0.009698259087784655,0.0029228381514545543,298.19100189208984,298.7646008300781,0.2850247846860283,48.97798717549261,-2.677481281710584,-2.1151924512440594,-0.5622888304665246,0.3537545506951333
2023-08-31,293.31427001953125,295.8900146484375,301.1000061035156,295.6600036621094,295.79998779296875,17229900,0.002677087524846522,0.03187450618461196,297.3260025024414,299.04960083007813,0.2857197132798115,49.58485735246703,-2.3094842210169872,-2.1540508051986453,-0.1554334158183419,0.37055966409248364
2023-09-01,293.79998779296875,296.3800048828125,301.739990234375,294.4700012207031,299.3699951171875,12842300,0.0016559877323241157,0.03810859853874771,296.60850219726564,299.27960083007815,0.28543085883920666,49.98223443232749,-1.9557609870076362,-2.1143928415604436,0.15863185455280737,0.38098276838065365
2023-09-05,297.53717041015625,300.1499938964844,301.3900146484375,295.510009765625,297.0199890136719,14956000,0.012720119277825459,0.03407284433995983,295.78800201416016,299.50800048828125,0.2803031001377941,53.04862501428118,-1.3555996602742653,-1.9626342053032082,0.6070345450289429,0.4611782210612143
2023-09-06,296.5657043457031,299.1700134277344,303.29998779296875,295.6600036621094,301.7099914550781,15418100,-0.003264969144353813,0.00395994238743147,295.114501953125,299.92200073242185,0.27790164619947405,52.15357097927959,-0.9481144455512549,-1.7597302533528176,0.8116158078015627,0.40136540953259164
2023-09-07,296.070068359375,298.6700134277344,307.04998779296875,292.2200012207031,298.0,33748700,-0.0016712904955655805,0.012097618605153349,294.7875030517578,300.1544012451172,0.2658107709634598,51.67451222987812,-0.6579409645511873,-1.5393723955924916,0.8814314310413043,0.3899888484148223
2023-09-08,295.2968444824219,297.8900146484375,305.25,296.7799987792969,299.2200012207031,17548000,-0.002611573791238997,0.006759268312505506,294.39500427246094,300.4064013671875,0.26567616602202054,50.889206070467694,-0.48532129129500845,-1.3285621747329952,0.8432408834379868,0.37224144084590954
2023-09-11,304.8825988769531,307.55999755859375,309.0400085449219,301.2799987792969,301.4100036621094,19489300,0.03246158795073595,0.03772181824547105,294.6910034179688,300.92700134277345,0.28670339565696606,59.172956661691444,0.4268474175227084,-0.9774802562818546,1.4043276738045631,0.5756569082225449
2023-09-12,299.0340270996094,301.6600036621094,308.6600036621094,300.2300109863281,306.3299865722656,13480400,-0.019183229104299704,0.005030850562488309,294.4645034790039,301.22060119628907,0.2903577423216385,53.269098124823785,0.6659903695261278,-0.6487861311202582,1.3147765006463858,0.43594598325038497
2023-09-13,302.4044189453125,305.05999755859375,307.17999267578125,301.32000732421875,302.3599853515625,13210900,0.011270946944271554,0.01968774899387471,294.62000274658203,301.6014013671875,0.2888277112279682,55.99391112546715,1.1169880317039542,-0.2956312985554157,1.41261933025937,0.5164573025011688
2023-09-14,309.0064697265625,311.7200012207031,312.8699951171875,305.0299987792969,306.739990234375,19343100,0.021831782978462,0.04369366593987278,295.4915023803711,301.94840148925783,0.2808764351320192,60.81389565739416,1.9888869135020855,0.16127234385608455,1.8276145696460009,0.6741651388610869
2023-09-15,297.69573974609375,300.30999755859375,312.0,298.75,311.6099853515625,28131100,-0.03660337359626431,0.008123746319634861,296.25250244140625,302.1148016357422,0.2900172128158686,50.590447614420235,1.7391334727653316,0.476844569637934,1.2622889031273976,0.40397805163055456
2023-09-18,299.916259765625,302.54998779296875,303.6000061035156,297.79998779296875,298.19000244140625,14234200,0.007458926617779138,-0.016289536368169988,297.2175018310547,302.35520141601563,0.28835305482471674,52.2862797998444,1.7023271948987713,0.7219410946901015,0.9803861002086698,0.4570206671084476
2023-09-19,302.4143371582031,305.07000732421875,306.1700134277344,299.80999755859375,302.4800109863281,15924400,0.0083292666763366,0.01130412922068702,297.9760025024414,302.57460144042966,0.27927499356605257,54.191143349588266,1.8551178264717123,0.9485764410464237,0.9065413854252886,0.5166943321725143
2023-09-20,297.0613708496094,299.6700134277344,308.05999755859375,299.42999267578125,305.04998779296875,19379500,-0.017700835109448976,-0.017668603468155797,298.57950286865236,302.6022015380859,0.28627219117993186,49.61974405076963,1.5229158984805622,1.0634443325332514,0.45947156594731076,0.38882332834462957
2023-09-21,293.1556701660156,295.7300109863281,300.260009765625,293.2699890136719,295.70001220703125,21319600,-0.013147803466683428,-0.051296003374046606,298.65400390625,302.3300018310547,0.28005467107703236,46.53520428575502,0.9309863766832791,1.036952741363257,-0.105966364679978,0.29552469191562614
2023-09-22,296.4764709472656,299.0799865722656,305.3800048828125,298.2699890136719,299.29998779296875,25369600,0.011327817473663071,-0.004095804323291374,299.27050323486327,302.0434014892578,0.26504739677063094,49.414534276552416,0.723848919148395,0.9743319769202847,-0.25048305777188973,0.3748515854611203
2023-09-25,298.21124267578125,300.8299865722656,300.95001220703125,293.70001220703125,295.6400146484375,18987000,0.005851277512937569,-0.0056850150061156235,300.03700256347656,301.8826013183594,0.2641522214913696,50.902071320956004,0.6929138863885669,0.9180483588139412,-0.22513447242537432,0.41629130946608345
2023-09-26,296.3575134277344,298.9599914550781,300.29998779296875,296.010009765625,297.6600036621094,19417200,-0.006216119405165421,-0.020028241788603962,300.47200164794924,301.6494012451172,0.260623376039702,49.23593202355167,0.5116071831528188,0.8367601236817168,-0.325152940528898,0.37201012001072414
2023-09-27,295.14813232421875,297.739990234375,301.29998779296875,286.7900085449219,300.45001220703125,36429800,-0.0040808176865579915,-0.006440494900651128,300.4595016479492,301.36320129394534,0.24376565138070885,48.1290841720013,0.26640545579635955,0.7226891901046454,-0.45628373430828584,0.3431206835126352
2023-09-28,301.31402587890625,303.9599914550781,306.3299865722656,296.70001220703125,298.94000244140625,22167100,0.020890714800544163,0.02782937193726509,300.90250091552736,301.12220092773435,0.25156504661643003,53.828082879663214,0.5674423142962155,0.6916398149429595,-0.12419750064674395,0.49040933145347604
2023-09-29,297.5966796875,300.2099914550781,310.6400146484375,299.3599853515625,307.3800048828125,25373700,-0.012337149971772599,0.0037782698058916875,301.1184997558594,301.0760009765625,0.2563128815140554,50.24395157154358,0.4976855246389391,0.6528489568821554,-0.15516343224321627,0.4016099228714121
2023-10-02,304.1491394042969,306.82000732421875,307.17999267578125,301.6300048828125,302.739990234375,16265600,0.02201797427561547,0.019911647838717794,301.6404998779297,301.3272009277344,0.2671258661109698,55.82718737702534,0.9646558525068372,0.7152103360070917,0.24944551649974545,0.5581340561774775
2023-10-03,298.3202819824219,300.94000244140625,306.7699890136719,299.6400146484375,304.260009765625,17362300,-0.01916434633481723,0.0066229965310447,301.6800003051758,301.51380126953126,0.2738365280845781,50.40839144950707,0.8504623483327123,0.7422607384722159,0.10820160986049643,0.41889646789657126
2023-10-04,302.91986083984375,305.5799865722656,306.8999938964844,298.5,298.7300109863281,16880500,0.015418302961444308,0.026331687361577316,302.00049896240233,301.7360009765625,0.27862389897404377,54.187300363190396,1.1214438087966414,0.818097352537101,0.3033464562595404,0.5287705603366978
2023-10-05,302.1367492675781,304.7900085449219,306.2099914550781,299.5,304.6300048828125,19130000,-0.002585175934474826,0.002730678751076354,302.3064987182617,301.86040100097654,0.2787679653122985,53.44065698598232,1.257953044200633,0.9060684908698075,0.3518845533308256,0.5100640052377776
2023-10-06,312.6841735839844,315.42999267578125,316.30999755859375,300.9100036621094,301.44000244140625,21803900,0.03490922875607061,0.050697850351128615,303.1834976196289,301.93480102539064,0.3028114688676864,61.196027368225764,2.1993427399935968,1.1647233406945654,1.0346193992990314,0.7620171514092065
2023-10-09,315.5885925292969,318.3599853515625,320.3299865722656,311.82000732421875,312.5,22503700,0.00928888420193097,0.03761155645612568,303.72349700927737,301.79240051269534,0.2835031582561885,63.022621495268865,3.1455666439964034,1.560892001354933,1.5846746426414704,0.8897616055374026
2023-10-10,319.0383605957031,321.8399963378906,324.6600036621094,318.1600036621094,319.1199951171875,19038000,0.010931056497207603,0.06944903876829622,304.7324966430664,301.8572003173828,0.27381709614799044,65.12257210571565,4.12867095921564,2.0744477929270744,2.0542231662885655,0.9779524757835308
2023-10-11,324.9662780761719,327.82000732421875,328.8399963378906,322.95001220703125,323.010009765625,22036300,0.01858069554552788,0.07277970328300176,305.87049713134763,301.95940063476564,0.2778097062060868,68.4394091626095,5.328896914958193,2.725337617333298,2.603559297624895,1.0
2023-10-12,321.3381652832031,324.1600036621094,330.5400085449219,322.69000244140625,328.0,20530500,-0.011164674456521473,0.06355193600230047,306.492497253418,302.1564007568359,0.27398937534307427,64.40252048610574,5.916550611910566,3.363580216248752,2.5529703956618137,0.9178819147260814
2023-10-13,311.9505920410156,314.69000244140625,325.04998779296875,312.3699951171875,323.5299987792969,21341000,-0.029213971846367093,-0.002345972962487508,307.2114974975586,302.18640075683595,0.2610972105758279,55.31156256464165,5.554096281524778,3.8016834293039574,1.7524128522208207,0.7054071634473834
2023-10-16,318.3543701171875,321.1499938964844,321.82000732421875,315.5199890136719,318.6400146484375,16536100,0.02052811149054845,0.008763691020531095,308.14149780273436,302.3948004150391,0.26842791092655044,59.51029313952933,5.722154500214231,4.185777643486012,1.5363768567282188,0.8503474908762247
2023-10-17,321.1795349121094,324.0,324.3999938964844,317.29998779296875,318.17999267578125,16387800,0.00887437695058546,0.006711420851004624,309.08799743652344,302.54360046386716,0.2685750677880898,61.24050573707261,6.015965221117881,4.551815159012386,1.464150062105495,0.9142919745013591
2023-10-18,314.2107238769531,316.9700012207031,325.94000244140625,315.55999755859375,321.3900146484375,16851000,-0.021697527096595337,-0.0330974493963232,309.9529968261719,302.6302001953125,0.27302825389972296,54.997523308857055,5.616803174233894,4.764812762056688,0.851990412177206,0.7565626134052736
2023-10-19,310.0869140625,312.80999755859375,321.8900146484375,311.75,319.8800048828125,18709200,-0.01312428193863302,-0.03501359197708542,310.80699615478517,302.78220031738283,0.27300987162532636,51.64258554389456,4.908208079848976,4.7934918256151455,0.11471625423383003,0.6632262216957555
2023-10-20,305.963134765625,308.6499938964844,315.29998779296875,306.4700012207031,314.1400146484375,22312300,-0.013298819393808392,-0.01919351901256061,311.2854965209961,302.840400390625,0.2769552457550201,48.45911044732591,3.9652548439107704,4.627844429274271,-0.6625895853635004,0.5698898299862373
2023-10-23,311.2765197753906,314.010009765625,317.3599853515625,307.260009765625,309.5,17796800,0.017366000243428825,-0.022232552597092003,311.9444976806641,303.0878002929687,0.28219953905869677,52.52034506297365,3.6088653427065083,4.4240486119607185,-0.8151832692542103,0.6901504310256288
2023-10-24,309.8291931152344,312.54998779296875,318.3500061035156,310.6300048828125,316.7799987792969,19525500,-0.004649603284130999,-0.03533954384886184,312.6239974975586,303.215,0.2816270282081582,51.3337910631954,3.1720471391840874,4.173648317405393,-1.0016011782213052,0.6573924832416962
2023-10-25,296.922607421875,299.5299987792969,310.8800048828125,298.8399963378906,310.0,42192500,-0.04165730130277989,-0.05502098739389205,312.7134979248047,303.16659973144533,0.32177518838298563,42.18170706220989,1.755030367365805,3.689924727397475,-1.9348943600316701,0.36526803015467624
2023-10-26,285.8398742675781,288.3500061035156,295.0,279.3999938964844,295.0,66684100,-0.03732511842334374,-0.07819440441796122,311.93299865722656,303.0477996826172,0.3387426318583957,36.211625506913464,-0.2670195717833508,2.89853586756131,-3.165555439344661,0.11442686258533212
2023-10-27,294.1468811035156,296.7300109863281,299.30999755859375,292.9700012207031,294.4800109863281,29596300,0.02906192025466492,-0.038619741279353414,311.7589996337891,303.2805999755859,0.35418289630689936,42.75201691266786,-1.1797133560003203,2.0828860228489843,-3.2625993788493046,0.3024457879997535
2023-10-30,300.0252990722656,302.6600036621094,309.3999938964844,299.04998779296875,299.0899963378906,28435100,0.019984472268477438,-0.036145364002845626,311.5509994506836,303.66880004882813,0.35254975095038343,46.90101285109272,-1.4082949580338777,1.3846498266724119,-2.7929447847062896,0.40548205794589043
2023-10-31,298.6473693847656,301.2699890136719,303.67999267578125,296.8599853515625,303.30999755859375,19434200,-0.0045926605154915645,-0.03609022306783349,311.5674987792969,303.89619995117187,0.3460228575060667,46.05837429440959,-1.6822185218041454,0.7712761569771005,-2.453494678781246,0.37263672694704564
2023-11-01,309.13531494140625,311.8500061035156,312.739990234375,301.8500061035156,301.8500061035156,20434600,0.035118058471345526,0.041131130018454476,311.88099975585936,304.3811999511719,0.36404868535215634,52.98257463604526,-1.0336704518155102,0.41028683521857834,-1.4439572870340887,0.6226370875043807
2023-11-02,308.163818359375,310.8699951171875,318.82000732421875,308.3299865722656,317.29998779296875,21631800,-0.003142571643890979,0.0780994920651652,312.1849990844727,304.71380004882815,0.36413227303261364,52.312717583652535,-0.5919465388897152,0.20984016039691966,-0.8017866992866348,0.5994799320998426
2023-11-03,311.8614196777344,314.6000061035156,315.54998779296875,311.0199890136719,312.54998779296875,16764300,0.011998620146412176,0.06022307975451424,312.14349975585935,305.27080017089844,0.34459156169047644,54.6622060111798,0.058430013324937136,0.17955813098252316,-0.12112811765758602,0.6876181726665811
2023-11-06,313.0509033203125,315.79998779296875,318.3299865722656,314.45001220703125,315.9800109863281,12887700,0.0038143091741018598,0.04341500023745759,312.0154998779297,305.8767999267578,0.3431990539854761,55.42310971239868,0.6630434580840188,0.27625519640282226,0.3867882616811965,0.6954644246389037
2023-11-07,316.04461669921875,318.82000732421875,321.0,315.1199951171875,317.05999755859375,14055600,0.009563076782731939,0.05825345686772154,311.86450042724607,306.4479998779297,0.34264553360041433,57.36256682084362,1.3701006385722962,0.4950242848367171,0.8750763537355791,0.7719787250657787
2023-11-08,316.9962463378906,319.7799987792969,321.3299865722656,314.8800048828125,318.1400146484375,13609700,0.0030110765730642086,0.025428868111514458,311.4625,306.8838000488281,0.3356838970733338,57.98829117239682,1.9850296494616941,0.7930253577617126,1.1920042916999816,0.7963007779005422
2023-11-09,317.7595520019531,320.54998779296875,324.17999267578125,318.79998779296875,319.4200134277344,16103100,0.002407871088283109,0.03113839491692416,311.281999206543,307.3927996826172,0.3336990096340214,58.51417950257379,2.5056138425658787,1.1355430547225458,1.370070787843333,0.8158089864097428
2023-11-10,325.90802001953125,328.7699890136719,329.1000061035156,319.4599914550781,319.94000244140625,19096200,0.02564343014735071,0.04504126711775647,311.9859985351562,308.0503991699219,0.3275193353239571,63.73336239887727,3.540651540323836,1.616564751842804,1.924086788481032,1.0
2023-11-13,326.3243408203125,329.19000244140625,332.3299865722656,325.70001220703125,326.20001220703125,16908900,0.0012775297069980152,0.04240030134901618,312.3879989624023,308.70659912109375,0.3204344593366239,63.98270124580586,4.344734550861517,2.1621987116465466,2.1825358392149705,1.0
2023-11-14,333.38238525390625,336.30999755859375,338.1000061035156,333.3299865722656,334.5400085449219,17179400,0.02162883156955786,0.05485850897866906,313.00349884033204,309.42979919433594,0.3274844304914625,67.99917582051695,5.4931782915328995,2.828394627623817,2.6647836639090823,1.0
2023-11-15,329.8137512207031,332.7099914550781,338.3999938964844,330.0199890136719,337.92999267578125,14531200,-0.01070442784826342,0.04043402565870036,313.7904983520508,310.1005987548828,0.3191209196662593,64.10653432788067,6.043175854553056,3.471350873009665,2.5718249815433905,0.9249373072368543
2023-11-16,331.2808532714844,334.19000244140625,334.5799865722656,326.3800048828125,329.3699951171875,18932600,0.004448351490303759,0.04255191130204339,314.85949859619143,310.8109985351563,0.3136725519491652,64.99375703212624,6.523281079708397,4.0817369143494115,2.4415441653589856,0.9557965910153842
2023-11-17,332.1234130859375,335.0400085449219,335.5,329.3500061035156,330.260009765625,14494400,0.0025434815443488024,0.01907114317234493,316.17899932861326,311.55399841308594,0.307399227926658,65.52088391527539,6.892899266310451,4.64396938474162,2.248929881568831,0.9735198240212071
2023-11-20,337.010498046875,339.9700012207031,341.8699951171875,334.19000244140625,334.8900146484375,16960500,0.014714638699993454,0.03274704182796584,317.4769989013672,312.20219848632814,0.3060444365680556,68.4850042383372,7.497210375063105,5.214617582805918,2.282592792257187,1.0
2023-11-21,334.0466003417969,336.9800109863281,339.8999938964844,335.8999938964844,338.3299865722656,12027900,-0.008794864910548261,0.0019922495096733606,318.69850006103513,312.9085986328125,0.30797416833344665,64.84402780468324,7.6467174600894054,5.701037558262616,1.9456799018267894,0.9420768981557023
2023-11-22,338.5172424316406,341.489990234375,342.9200134277344,338.5799865722656,339.2099914550781,10702700,0.013383521576981083,0.02638934508969304,320.79649963378904,313.63719848632815,0.2577435616940327,67.63874101099071,8.036480985693913,6.168126243748875,1.868354741945038,1.0
2023-11-24,335.28570556640625,338.2300109863281,341.8599853515625,336.7699890136719,340.1300048828125,5467500,-0.009546339105897195,0.012088956926921357,323.2904998779297,314.16739868164063,0.20907529582788134,63.697051260160364,7.990212115759903,6.532543418151081,1.4576686976088213,0.9386529879267739
2023-11-27,331.786376953125,334.70001220703125,339.8999938964844,334.20001220703125,336.17999267578125,15684500,-0.01043668114784635,-0.0010147932462371,325.18899993896486,314.8551989746094,0.20346453739869588,59.6438602577511,7.581309684092616,6.742296671339389,0.8390130127532274,0.8722246884639041
2023-11-28,336.0390319824219,338.989990234375,339.3800048828125,333.3999938964844,333.3999938964844,12637200,0.01281738234503016,-0.002882639594109171,327.0054992675781,315.5839990234375,0.1985155321899448,62.74635932274,7.516768308938083,6.897190998859128,0.619577310078955,0.952954445868037
2023-11-29,329.3081359863281,332.20001220703125,339.8999938964844,330.7799987792969,339.69000244140625,16024500,-0.020030025142185548,-0.014184814005157143,328.55200042724607,316.12659912109376,0.2159850876190461,55.476750512435665,6.838889858314531,6.885530770750209,-0.04664091243567814,0.8251791343319411
2023-11-30,324.3020935058594,327.1499938964844,333.5,322.3999938964844,331.8900146484375,23146400,-0.015201740291928778,-0.04199243535088293,329.3169998168945,316.67619873046874,0.19578876308099874,50.76585490317956,5.827001977830037,6.673825012166175,-0.846823034336138,0.7301467704134461
2023-12-01,321.9924011230469,324.82000732421875,326.8599853515625,320.760009765625,325.4800109863281,15276400,-0.0071220743259523545,-0.03964758663196044,330.0145004272461,317.25799865722655,0.19780097760221416,48.71062088456806,4.781939872223234,6.295447984177587,-1.5135081119543532,0.6863005666485383
2023-12-04,317.2342224121094,320.0199890136719,320.8599853515625,313.6600036621094,317.2900085449219,19037100,-0.014777471221948946,-0.04386024098582619,330.2854995727539,317.6767987060547,0.20309978039104487,44.696103024768995,3.525756535396795,5.7415096944214286,-2.2157531590246338,0.5959727581432397
2023-12-05,315.51922607421875,318.2900085449219,321.8800048828125,315.3900146484375,318.9800109863281,16952100,-0.005405851284733587,-0.06106369593727923,330.4100006103516,318.0259991455078,0.20399930441340944,43.31066355555326,2.363383609773223,5.065884477491787,-2.7025008677185642,0.563417602227313
2023-12-06,314.6866149902344,317.45001220703125,322.25,317.0400085449219,321.92999267578125,11294300,-0.0026390911286555685,-0.04440096164357643,330.3415008544922,318.3957995605469,0.20136745480935908,42.61986590553322,1.3587511697547257,4.324457815944375,-2.9657066461896493,0.5476103649533594
2023-12-07,323.7469787597656,326.5899963378906,328.239990234375,317.7699890136719,317.7699890136719,15905100,0.028791884641347965,-0.0017117455877775356,330.6820007324219,318.97279968261716,0.2260039134945939,51.65545063445618,1.2852771810935906,3.7166216889742185,-2.431344507880628,0.7196086122308104
2023-12-08,329.8533020019531,332.75,333.1700134277344,323.0,323.0899963378906,14087400,0.018861580976706316,0.024413498235858144,331.29200134277346,319.5485998535156,0.23460166265391422,56.61410130302644,1.70446136038953,3.314189623257281,-1.6097282628677512,0.8355289265263531
2023-12-11,322.4483947753906,325.2799987792969,329.8900146484375,320.0,329.3999938964844,25802500,-0.022449289919468485,0.016436503800393076,331.1175018310547,320.05,0.23234283289578953,49.92648463790412,1.4175604193215463,2.9348637824701345,-1.5173033631485882,0.6949567878085857
2023-12-12,331.310546875,334.2200012207031,334.4700012207031,324.55999755859375,324.6000061035156,18485500,0.027484021381444013,0.050048673373713326,331.3690017700195,320.5979998779297,0.25263619069494586,56.54271994369685,1.8897885329636779,2.7258487325688434,-0.8360601996051655,0.8631917353274093
2023-12-13,331.8260192871094,334.739990234375,338.3699951171875,332.6400146484375,333.92999267578125,16353300,0.0015558285314243303,0.05446519881079026,331.2905014038086,321.27399963378906,0.24052653640015245,56.899439559891086,2.279712377700264,2.636621461595128,-0.35690908389486387,0.8729770038436999
2023-12-14,330.2697448730469,333.1700134277344,334.70001220703125,328.6400146484375,333.8500061035156,19607300,-0.004690138174233027,0.020147638211906793,331.3135025024414,321.82580017089845,0.2379517291763604,55.42027371636477,2.4339883241556777,2.596094834107238,-0.16210650995156017,0.8434328323066047
2023-12-15,332.0045166015625,334.9200134277344,338.6600036621094,331.2200012207031,331.989990234375,31776900,0.005252573549448636,0.006521452825648089,331.3500030517578,322.4284002685547,0.23816030478168618,56.76933082420525,2.666723173097523,2.610220501905295,0.05650267119222807,0.8763647201989788
2023-12-18,341.62005615234375,344.6199951171875,347.55999755859375,337.0199890136719,337.4800109863281,18993900,0.0289620843800249,0.059456457238284965,331.8290023803711,323.0122003173828,0.2591250316825576,63.38365501270385,3.592462996662505,2.806669000856737,0.7857939958057676,1.0
2023-12-19,347.31005859375,350.3599853515625,353.6000061035156,345.1199951171875,345.5799865722656,17729400,0.016655998826832885,0.04829149683415057,332.34850158691404,323.65220031738284,0.26052237216257024,66.6366820699277,4.734708939842619,3.192276988653914,1.5424319511887052,1.0
2023-12-20,346.23944091796875,349.2799987792969,354.9599914550781,347.7900085449219,348.6499938964844,16369900,-0.0030825054727123824,0.043436723932331445,332.9635009765625,324.20100036621096,0.2582689683107611,65.45834486629734,5.489521403066988,3.651725871536529,1.8377955315304586,0.9825836649945398
2023-12-21,351.0075988769531,354.0899963378906,356.4100036621094,349.2099914550781,352.9800109863281,15289600,0.013771179498981434,0.06279071365074662,333.59350128173827,324.72640014648437,0.25850075987670296,68.15891388942647,6.40204354954858,4.201789407138939,2.2002541424096407,1.0
2023-12-22,350.3137512207031,353.3900146484375,357.20001220703125,351.2200012207031,355.5799865722656,11772800,-0.0019768468375062076,0.05514749934371532,334.35150146484375,325.3110003662109,0.2554183334307474,67.33387906634522,6.988185796783853,4.7590686850679225,2.2291171117159303,0.9893522696465642
2023-12-26,351.74114990234375,354.8299865722656,356.9800109863281,353.45001220703125,354.989990234375,9898600,0.004074738572510839,0.02962681097945641,335.35800018310545,326.1138000488281,0.25096314827657457,68.18699172263324,7.482646163364279,5.3037841807271935,2.178861982637086,1.0
2023-12-27,354.7150573730469,357.8299865722656,359.0,355.30999755859375,356.07000732421875,13207900,0.00845475330025125,0.02132093142202729,336.3,326.84739990234374,0.24918092125731386,69.94789549363284,8.024087804834835,5.847844905548722,2.1762428992861134,1.0
2023-12-28,355.2007751464844,358.32000732421875,361.8999938964844,357.80999755859375,359.70001220703125,11798800,0.001369423386360591,0.025881838572251237,337.6059997558594,327.53380004882814,0.23428146237216196,70.23768026842225,8.395941597540627,6.357464243947103,2.0384773535935246,1.0
2023-12-29,350.87872314453125,353.9599914550781,360.0,351.82000732421875,358.989990234375,14987100,-0.012167938658238397,-0.00036715209171978014,338.9464996337891,328.27359985351563,0.23122931514626271,64.29683113375734,8.24379225927288,6.734729847012258,1.5090624122606213,0.9376873546795
2024-01-02,343.2755432128906,346.2900085449219,353.1600036621094,340.010009765625,351.32000732421875,19042200,-0.021669067395515662,-0.020091133900823177,340.0199996948242,328.94320007324217,0.24585141064309246,55.41686468595015,7.418790098175691,6.871541897244946,0.5472482009307456,0.8280691929481149
2024-01-03,341.4714050292969,344.4700012207031,347.95001220703125,343.17999267578125,344.9800109863281,15451100,-0.005255731552481824,-0.029197040113892903,341.2425003051758,329.65960021972654,0.23877726491896295,53.52772545156081,6.542690497684134,6.805771617332784,-0.2630811196486498,0.8020579410906512
2024-01-04,344.0982360839844,347.1199951171875,348.1499938964844,343.3999938964844,344.5,12099900,0.007692959871958616,-0.02993039112700291,342.6839996337891,330.3217999267578,0.23660000029234238,55.885796469041594,5.993122625819865,6.643241819030201,-0.6501191932103358,0.8399312275027183
2024-01-05,348.8862609863281,351.95001220703125,353.5,346.260009765625,346.989990234375,13920700,0.013914545856723581,-0.017777391680570465,344.40899963378905,331.10980041503905,0.23731720911401344,59.88152391080739,5.879552321687868,6.490503919561735,-0.6109515978738669,0.9089610546511937
2024-01-08,355.53778076171875,358.6600036621094,358.9800109863281,352.04998779296875,354.70001220703125,13890200,0.01906518318610262,0.013278371342789752,346.0125,332.29240051269534,0.22681379670253565,64.66923987900265,6.2588392670414805,6.444170989057684,-0.18533172201620385,1.0
2024-01-09,354.3185119628906,357.42999267578125,360.6400146484375,355.3599853515625,356.3999938964844,13463900,-0.0034294623704038685,0.03216952223850922,347.2464996337891,333.67400024414064,0.22222847521147046,63.18076825643867,6.386555065579728,6.432647804362094,-0.04609273878236575,0.9801386867140848
2024-01-10,367.2450256347656,370.4700012207031,372.94000244140625,359.0799865722656,360.1700134277344,22117200,0.036482692589119736,0.0754782706995194,349.50599975585936,335.14880004882815,0.22870012201571494,70.84277542173618,7.454064648467181,6.636931173183111,0.81713347528407,1.0
2024-01-11,366.45196533203125,369.6700134277344,372.7799987792969,362.92999267578125,372.1300048828125,17205400,-0.002159386159021781,0.0649631788077607,351.27850036621095,336.48900024414064,0.21673088797066178,69.88199685713789,8.14166925956988,6.9378787904604655,1.203790469109415,0.9884394847998673
2024-01-12,371.22998046875,374.489990234375,377.05999755859375,369.5400085449219,370.1600036621094,19310000,0.013038592884361266,0.06404312330037598,353.26600036621096,337.9534002685547,0.2180403547939213,72.3179671582021,8.972107839629416,7.3447246002942554,1.6273832393351606,1.0
2024-01-16,364.2611999511719,367.4599914550781,375.6099853515625,367.2300109863281,373.6499938964844,15306900,-0.01877219408427211,0.02453573775474327,354.9804992675781,339.06559997558594,0.23222206317454114,64.16627738010925,8.959692490163775,7.66771817826816,1.2919743118956148,0.8895001678898643
2024-01-17,365.16326904296875,368.3699951171875,368.5400085449219,358.6099853515625,366.29998779296875,12724800,0.002476470046455681,0.030607399114739975,356.65299835205076,340.2155999755859,0.2323927884481391,64.720640964289,8.92045349151806,7.91826524091814,1.0021882505999198,0.897812710989949
2024-01-18,372.8557434082031,376.1300048828125,376.8500061035156,370.95001220703125,371.489990234375,16354300,0.021065803047168208,0.015277900082218743,358.228498840332,341.4461999511719,0.22303856263045632,69.10932200005522,9.407085214719928,8.216029235678498,1.1910559790414297,1.0
2024-01-19,380.1120300292969,383.45001220703125,384.3599853515625,377.9700012207031,379.0,21670800,0.019461375665840164,0.03727648518613402,359.8830001831055,342.7992004394531,0.22528125995483678,72.57504031070431,10.265078343209211,8.62583905718464,1.639239286024571,1.0
2024-01-22,378.4565124511719,381.7799987792969,390.3500061035156,381.1600036621094,387.95001220703125,17680500,-0.004355231124188119,0.019466497730311616,361.5080001831055,344.0584002685547,0.22590268134936042,70.6281705117603,10.687093787611332,9.038090003269978,1.6490037843413532,0.9746967662464489
2024-01-23,381.8468017578125,385.20001220703125,388.3800048828125,382.0799865722656,384.6199951171875,15506100,0.008958073861044413,0.04827742111925093,363.0635009765625,345.3668005371094,0.2239355508342915,72.26880108320508,11.168764009938172,9.464224804603617,1.7045392053345552,1.0
2024-01-24,387.2989196777344,390.70001220703125,396.1499938964844,387.80999755859375,390.0,15698500,0.01427829653609658,0.060618447174938916,364.9290008544922,346.7698010253906,0.2253089502299591,74.71484876578758,11.857608041562514,9.942901451995397,1.9147065895671176,1.0
2024-01-25,389.75732421875,393.17999267578125,395.489990234375,385.6600036621094,390.1700134277344,15091100,0.006347531075673096,0.045330039006807876,366.846501159668,348.0580010986328,0.22531271243199152,75.7533758051234,12.460004422347254,10.446322046065768,2.0136823762814853,1.0
2024-01-26,390.708984375,394.1400146484375,396.7900085449219,391.5899963378906,394.3500061035156,13163700,0.0024416857178384266,0.027878477248905575,368.66200256347656,349.35700134277346,0.22518570612371197,76.16155214171818,12.866555995739816,10.930368836000579,1.9361871597392373,1.0
2024-01-29,397.5290832519531,401.0199890136719,402.92999267578125,393.1000061035156,394.989990234375,18742400,0.01745566070314153,0.050395490323990044,370.79700164794923,350.651201171875,0.22901052480120052,78.90259548273968,13.587281753365346,11.461751419473533,2.1255303338918132,1.0
2024-01-30,396.577392578125,400.05999755859375,406.3599853515625,399.57000732421875,403.5899963378906,18614700,-0.0023938743239190208,0.03857732315848361,373.102001953125,351.9982012939453,0.22137215831344728,77.56244171682492,13.920531598354955,11.953507455249818,1.967024143105137,0.9885127232080093
2024-01-31,386.7438049316406,390.1400146484375,398.0,387.1000061035156,389.0,20180800,-0.02479623799103614,-0.0014333185080552813,375.2945022583008,353.11720153808596,0.22681120947781064,65.23262939606812,13.231648576971338,12.209135679594123,1.022512897377215,0.8698100109515666
2024-02-01,391.3433837890625,394.7799987792969,400.5,393.04998779296875,393.94000244140625,29727100,0.011893125433546148,0.0040693985790751785,377.8100021362305,354.31200134277344,0.22359357952937178,67.81021624527514,12.911278578326574,12.349564259340614,0.5617143189859597,0.9253321530911427
2024-02-02,470.85516357421875,474.989990234375,485.9599914550781,453.010009765625,459.6000061035156,84707600,0.20317643169131228,0.20513008723068515,384.20350189208983,357.01240112304686,0.7317288422590499,86.47594673990127,18.91165720169289,13.661982847811071,5.249674353881819,1.0
2024-02-05,455.4107971191406,459.4100036621094,471.8999938964844,459.2200012207031,469.8800048828125,40832400,-0.03280066294571382,0.14560375105502987,389.5765014648438,359.4610009765625,0.7525856340222784,77.12135428789801,22.154443152107433,15.360474908670344,6.793968243437089,0.9011045528420637
2024-02-06,450.7615661621094,454.7200012207031,467.1199951171875,453.0,464.0,21655200,-0.01020875123314835,0.13662951556185954,394.37950134277344,361.72560119628906,0.7573230748134606,74.50843694175667,24.068483879731957,17.10207670288267,6.9664071768492875,0.8713343161051244
2024-02-07,465.5021667480469,469.5899963378906,471.5199890136719,456.17999267578125,458.0,23066000,0.03270143182017238,0.2036447908606529,399.9875015258789,364.3528009033203,0.757844748607538,77.15162892558888,26.480014158532697,18.977664194012675,7.502349964520022,0.965723024948327
2024-02-08,465.9085998535156,470.0,470.5899963378906,465.0299987792969,468.32000732421875,18815100,0.0008731098730951903,0.1905365050237895,404.96400146484376,367.05880065917967,0.7548138821936352,77.22176056477397,28.100330034815215,20.80219736217318,7.2981326726420335,0.9683255622042242
2024-02-09,464.0350036621094,468.1099853515625,473.5899963378906,467.4700012207031,472.95001220703125,18413100,-0.004021307762632986,-0.014484526041101842,409.88600006103513,369.6412005615234,0.7553364429561849,76.06273556235661,28.898806204849848,22.421519130708518,6.47728707414133,0.9563285143938616
2024-02-12,464.81817626953125,468.8999938964844,479.1499938964844,466.5799865722656,468.19000244140625,19382000,0.0016876558279963483,0.020656908118515283,414.60650024414065,372.3752001953125,0.7563709860597254,76.22337589680514,29.258082447579,23.78883179408262,5.469250653496381,0.9613431687997722
2024-02-13,456.1145935058594,460.1199951171875,467.8900146484375,455.0899963378906,456.8699951171875,20916600,-0.018724672411139287,0.01187542637664496,419.23950042724607,375.03460021972654,0.7563451339739321,70.55624925179953,28.50574247931661,24.73221393112942,3.7735285481871905,0.9056112911567973
2024-02-14,469.1600646972656,473.2799987792969,474.1099853515625,466.0899963378906,467.92999267578125,16858400,0.028601242723124143,0.007857923870148165,424.48500061035156,378.0038000488281,0.7575398572570057,73.71119451922253,28.64125142903066,25.51402143070967,3.127229998320992,0.9891456665381703
2024-02-15,479.81646728515625,484.0299987792969,488.6199951171875,472.2200012207031,475.2799987792969,24212300,0.022713826968658868,0.02985106123254644,429.88000030517577,381.2840002441406,0.7577783430352161,75.97576290238327,29.278573239444427,26.26693179245662,3.011641446987806,1.0
2024-02-16,469.19970703125,473.32000732421875,478.9599914550781,469.2099914550781,478.1099853515625,23324600,-0.02212671008426803,0.011129909926496095,434.37350006103514,384.38460021972656,0.7678707730666787,69.54793595985767,28.589882197176166,26.73152187340053,1.858360323775635,0.9357066135286791
2024-02-20,467.6433410644531,471.75,476.17999267578125,466.55999755859375,469.7200012207031,18015500,-0.003317010267734788,0.006078068118177127,438.8720001220703,387.4705999755859,0.7675937129099368,68.63127567656348,27.599256070422314,26.90506871280489,0.6941873576174231,0.9226456769808071
2024-02-21,464.447998046875,468.0299987792969,469.0,461.7900085449219,466.5,12921800,-0.007885535179020908,0.017191175662980562,443.0134994506836,390.29940002441407,0.7706956168410372,66.3981844711144,26.21185081880219,26.76642513400435,-0.55457431520216,0.8992125984251969
2024-02-22,482.40948486328125,486.1300048828125,489.989990234375,476.05999755859375,480.239990234375,21625800,0.0386727477954909,0.027150959551764053,447.78499908447264,393.3670001220703,0.7769968056651229,71.29257819417262,26.27001698241378,26.667143503686237,-0.3971265212724582,1.0
2024-02-23,480.3255310058594,484.0299987792969,494.3599853515625,482.3500061035156,488.04998779296875,18374300,-0.004319844655591321,0.0,452.32749938964844,396.5420001220703,0.778948896095077,70.01827121384466,25.84869349570465,26.50345350208992,-0.654760006385267,0.9862708798324407
2024-02-26,478.05303955078125,481.739990234375,486.1400146484375,480.6000061035156,483.4700012207031,12101400,-0.004731129373586773,0.017789197117942024,456.70749816894534,399.4923999023438,0.7804675272486311,68.57874199348116,25.041345996885184,26.211032001048974,-1.1696860041637898,0.971299588822697
2024-02-27,483.3224792480469,487.04998779296875,487.2699890136719,479.9200134277344,479.9800109863281,10809600,0.011022538436159968,0.032432406556372584,461.00899810791014,402.5385998535156,0.7801091420403579,70.1131173727529,24.547026867192017,25.878230974277585,-1.3312041070855685,1.0
2024-02-28,480.3156433105469,484.0199890136719,491.04998779296875,482.75,485.0,12715500,-0.006221124843934556,0.034164455859837295,465.2069976806641,405.5555993652344,0.781085398200237,68.0704416094004,23.638292297520536,25.430243238926174,-1.7919509414056378,0.9800828285685341
2024-02-29,486.3788757324219,490.1300048828125,491.70001220703125,482.6099853515625,488.44000244140625,17732000,0.012623478384831799,0.008228251619572857,470.2064971923828,408.65979919433596,0.769800893108844,69.97035961358468,23.14434719349265,24.97306402983947,-1.8287168363468211,1.0
2024-03-01,498.45574951171875,502.29998779296875,504.25,491.8500061035156,492.1099853515625,16273600,0.024830111988483505,0.037745571678920786,475.5824966430664,411.8133990478516,0.7710386968764137,73.36939227131157,23.46442476928388,24.671336177728353,-1.2069114084444728,1.0
2024-03-04,494.3771667480469,498.19000244140625,504.4200134277344,496.4200134277344,503.0,12324100,-0.00818233217488451,0.03414707630775693,476.742497253418,414.76999938964843,0.3030690257854307,70.46847676922981,23.11993486735139,24.361055915652962,-1.2411210483015722,0.9739594139185923
2024-03-05,486.4681396484375,490.2200012207031,495.5799865722656,487.8900146484375,495.0,15325300,-0.01599791481492141,0.006508599747839128,478.28299713134766,417.58879943847654,0.28221929816187413,65.09368306926574,21.950776757150493,23.87900008395247,-1.9282233268019766,0.9234620312995175
2024-03-06,492.2932434082031,496.0899963378906,502.9700012207031,494.2900085449219,497.6300048828125,11757900,0.01197420566800722,0.024937001773035927,480.351496887207,420.4287994384766,0.2789990300386668,67.08493265693103,21.252880107427927,23.35377608864756,-2.100895981219633,0.9606539188784968
2024-03-07,508.2699890136719,512.1900024414062,519.8499755859375,501.3800048828125,503.2799987792969,18586400,0.032453801169878504,0.045008461711843584,482.4814971923828,423.60479919433595,0.27866833438949634,71.83130105426062,21.748227890319754,23.032666448982,-1.284438558662245,1.0
2024-03-08,502.07781982421875,505.95001220703125,523.5700073242188,499.3500061035156,514.1900024414062,18597100,-0.012182959848164643,0.007266622541840295,484.27899780273435,426.62719970703125,0.28470801019693526,67.75336759899866,21.390700830979313,22.704273325381465,-1.3135724944021518,0.9627951932449381
2024-03-11,479.8888854980469,483.5899963378906,497.32000732421875,476.0,497.010009765625,20428300,-0.044194120623898825,-0.029306100146465286,485.0529983520508,429.14239990234375,0.3313218993518045,55.57753741520297,19.083113397992122,21.980041339903597,-2.896927941911475,0.8294776657801187
2024-03-12,495.92523193359375,499.75,502.30999755859375,484.7300109863281,493.260009765625,15448200,0.033416745144616566,0.01944024877721451,486.5954986572266,431.9709997558594,0.3497645034759155,61.02845207848171,18.34682024948961,21.2533971218208,-2.9065768723311898,0.9258287482061461
2024-03-13,491.7772216796875,495.57000732421875,500.9800109863281,491.0299987792969,495.3900146484375,12090700,-0.008364167435280123,-0.0010481747616569725,488.3679992675781,434.8032000732422,0.3429306228648973,59.01138064996503,17.227425116275924,20.448202720711826,-3.220777604435902,0.9009063021928004
2024-03-14,488.0658264160156,491.8299865722656,501.3500061035156,488.1600036621094,500.260009765625,12620000,-0.007546906989280844,-0.03975090449265417,489.2954986572266,437.71399963378906,0.3322919008806943,57.19003464618073,15.855732970539293,19.52970877067732,-3.6739758001380274,0.8786071087469834
2024-03-15,480.3950500488281,484.1000061035156,491.8299865722656,481.29998779296875,489.010009765625,29153600,-0.015716773437550846,-0.04318609660310624,489.2989990234375,440.5065997314453,0.32870244465063864,53.51373412227499,13.983716659756567,18.42051034849317,-4.4367936887366035,0.829829798924536
2024-03-18,493.1764221191406,496.9800109863281,497.4200134277344,486.80999755859375,491.9100036621094,11755300,0.02660608287631039,0.027688775098403173,490.481999206543,443.5038000488281,0.33029334391188,58.321318671859274,13.38514339654995,17.413436958104526,-4.028293561554577,0.9050799277207192
2024-03-19,492.44207763671875,496.239990234375,496.6300048828125,481.2799987792969,488.1700134277344,10903100,-0.0014890352440622978,-0.0070235312968984775,491.70649871826174,446.389599609375,0.3299190879114025,57.95049116234085,12.704605499049308,16.471670666293484,-3.7670651672441764,0.8969371206994197
2024-03-20,501.65106201171875,505.5199890136719,508.20001220703125,495.1700134277344,499.5,11711100,0.018700626636144246,0.02007785286114694,493.5809982299805,449.32679931640627,0.3320545780355212,61.275685638339716,12.766923510477852,15.730721235130359,-2.9637977246525065,0.9569009239671429
2024-03-21,503.8739318847656,507.760009765625,515.0399780273438,506.010009765625,514.7100219726562,9712500,0.004431122014232569,0.032389288226163826,494.6624984741211,452.3333996582031,0.30594394123329316,62.05568042224895,12.848947271605141,15.154366442425317,-2.3054191708201763,0.9693913332446321
2024-03-22,505.6799621582031,509.5799865722656,509.9700012207031,504.3399963378906,507.0,8120600,0.003584324822036855,0.05263371234765413,495.9399978637695,455.1155993652344,0.30494139895062333,62.712832447642796,12.911967487586594,14.705886651457574,-1.7939191638709797,0.9819663119531775
2024-03-25,499.1702575683594,503.0199890136719,507.2200012207031,500.239990234375,505.7900085449219,8380600,-0.012873342225859674,0.012153362094697862,497.0039978027344,457.7825988769531,0.30893455097833683,58.762430049644685,12.290892723495233,14.222887865865106,-1.931995142369873,0.9366405532256844
2024-03-26,492.09478759765625,495.8900146484375,510.0,495.2099914550781,505.1300048828125,11205400,-0.014174336052161562,-0.0007052547010010235,497.4459991455078,460.2105993652344,0.31247291706722385,54.72729671022132,11.09545564872127,13.597401422436338,-2.501945773715068,0.887376587054163
2024-03-27,490.08026123046875,493.8599853515625,499.8900146484375,488.07000732421875,499.29998779296875,9989700,-0.004093708759822845,-0.023065366188307235,497.93799896240233,462.73859924316406,0.3119040089347915,53.598769631753136,9.870476051939988,12.85201634833707,-2.981540296397082,0.8725489072704488
2024-03-28,481.8636779785156,485.5799865722656,492.8900146484375,485.1499938964844,492.8399963378906,15212800,-0.016765883094178258,-0.04368209935161571,497.710498046875,465.08279907226563,0.3150458935075958,49.147141278758205,8.137737421903182,11.909160563050294,-3.771423141147112,0.8044243984520055
2024-04-01,487.5895690917969,491.3500061035156,497.42999267578125,481.7799987792969,487.20001220703125,9247000,0.0118827375320405,-0.03577452205565523,497.16299896240236,467.3871990966797,0.3045363779737904,52.13081808699233,7.147727376111902,10.956873925662617,-3.8091465495507144,0.840196336533455
2024-04-02,493.5634460449219,497.3699951171875,497.5299987792969,484.6499938964844,485.1000061035156,11081000,0.012251936377107864,-0.011232145878661726,497.1219985961914,469.6655987548828,0.3067094863487995,55.0913484547448,6.770849941028587,10.119669128735811,-3.3488191877072246,0.8863583551257525
2024-04-03,502.8616943359375,506.739990234375,507.239990234375,498.75,498.92999267578125,12099200,0.01883908400019152,0.021879802507476676,497.947998046875,472.16479858398435,0.30739347140948975,59.309611871244215,7.1458789121659265,9.524911085421834,-2.379032173255908,0.9570831354741219
2024-04-04,507.009765625,510.9200134277344,530.0,510.5799865722656,516.4199829101562,26476300,0.008248852022564979,0.0345442606856019,498.6894989013672,474.67919860839845,0.306045506111325,61.06652721445405,7.691719655266127,9.158272799390692,-1.4665531441245658,0.9895945174871617
2024-04-05,523.3040771484375,527.3400268554688,530.7000122070312,514.4099731445312,516.8599853515625,19263300,0.03213812924957349,0.08600033246425465,499.44700012207034,477.4119989013672,0.3056258728717328,67.07968365546455,9.341576355289135,9.194933510570381,0.14664284471875355,1.0
2024-04-08,515.2760009765625,519.25,531.489990234375,518.8900146484375,529.280029296875,13260600,-0.015341196274649582,0.056782321257581314,500.11199951171875,479.93339904785154,0.3077181571968708,61.99896726113283,9.882384147688072,9.33242363799392,0.5499605096941522,0.941034794929456
2024-04-09,512.944091796875,516.9000244140625,525.8699951171875,506.739990234375,522.22998046875,10863800,-0.004525711287313383,0.03926660130005111,501.77750091552736,482.38859924316404,0.2577980841995496,60.56398523031326,10.00601175427704,9.467141261250543,0.5388704930264971,0.9239066945150664
2024-04-10,515.8515625,519.8300170898438,522.5599975585938,505.79998779296875,509.2900085449219,11418500,0.005668393378589265,0.02583184099880187,502.78150177001953,484.7647998046875,0.2326194207176236,61.75262832395926,10.222573975692228,9.618227804138881,0.6043461715533471,0.9452623243626787
2024-04-11,519.156005859375,523.1599731445312,523.8599853515625,517.2899780273438,521.1099853515625,10369500,0.0064058556551418455,0.023956704366853154,504.16100006103517,487.22679931640624,0.22972005329482736,63.11339536687474,10.541386182295241,9.802859479770154,0.7385267025250872,0.9695331389283705
2024-04-12,507.98223876953125,511.8999938964844,520.1900024414062,509.3299865722656,517.75,11984500,-0.021523013659411117,-0.029279084030570113,505.1645004272461,489.6619989013672,0.24304877131486047,55.87439215931265,9.772806105774805,9.796848804971084,-0.024042699196279216,0.8835242177972971
2024-04-15,496.40155029296875,500.2300109863281,518.530029296875,497.2799987792969,516.719970703125,13512900,-0.022797388258059104,-0.03662973329546826,505.9710006713867,491.7709991455078,0.2511039375075856,49.533199881491946,8.128332410758844,9.463145526128637,-1.3348131153697924,0.6266867763791844
2024-04-16,495.9351806640625,499.760009765625,504.7699890136719,497.1099853515625,498.1099853515625,9847900,-0.0009395702184609167,-0.03315924519033786,506.11000061035156,492.26639953613284,0.23336234012017087,49.290574940029565,6.709803550496474,8.912477131002204,-2.2026735805057296,0.6202147155861059
2024-04-17,490.387939453125,494.1700134277344,503.1600036621094,487.1400146484375,503.1000061035156,12193700,-0.011185361430803953,-0.04936229694037553,506.00650177001955,492.9615997314453,0.2369044256580804,46.380704700876066,5.076029908801104,8.145187686561984,-3.0691577777608803,0.5432387535284099
2024-04-18,497.95953369140625,501.79998779296875,512.2100219726562,499.0400085449219,499.82000732421875,14808700,0.01543997846471945,-0.040828783637966604,505.82050170898435,493.9031994628906,0.23373328733506543,50.66211188502216,4.346820253886904,7.385514200026968,-3.0386939461400644,0.6200531537691143
2024-04-19,477.3882141113281,481.07000732421875,502.79998779296875,475.7300109863281,502.79998779296875,25215400,-0.04131124147675891,-0.06022658124606273,504.4860015869141,494.1327996826172,0.27439953509731063,41.067557607721724,2.072292079408385,6.322869775903252,-4.250577696494867,0.31166322992228507
2024-04-22,478.043212890625,481.7300109863281,492.010009765625,473.3999938964844,489.7200012207031,17271100,0.0013719493048016673,-0.03698298701335945,503.0935028076172,494.3673999023438,0.2738550112038552,41.44776201724877,0.319288336501927,5.122153488022987,-4.80286515152106,0.32148178616276823
2024-04-23,492.30316162109375,496.1000061035156,498.760009765625,488.9700012207031,491.25,15079200,0.02982997693617917,-0.007323522471967769,502.74750366210935,494.9272003173828,0.29395417670519625,49.14125107564738,0.08853813888362083,4.115430418195115,-4.026892279311494,0.5352572745936061
2024-04-24,489.72308349609375,493.5,510.0,484.5799865722656,508.05999755859375,37772700,-0.005240891093585498,-0.0013558358652459024,502.6280029296875,495.4192004394531,0.2901397441258772,47.91451987261039,-0.300665928919841,3.232211148772124,-3.532877077691965,0.49657823746314694
2024-04-25,438.0019836425781,441.3800048828125,445.7699890136719,414.5,421.3999938964844,82890700,-0.1056129586974417,-0.12040650534069797,500.00400390625,495.0444006347656,0.4741739855745823,31.135320709802187,-4.759891906730388,1.6337905376716213,-6.3936824444020095,0.0
2024-04-26,439.8973388671875,443.2900085449219,446.44000244140625,431.9599914550781,441.4599914550781,32691400,0.004327345237617797,-0.07853326585341436,497.88950500488284,494.4446008300781,0.47323596995164297,32.07407975832713,-8.046978726479438,-0.3023633151585905,-7.744615411320847,0.02221967396328661
2024-04-29,429.30902099609375,432.6199951171875,439.760009765625,428.55999755859375,439.55999755859375,21502600,-0.024070051708943718,-0.10194510358320696,494.95300445556643,493.4164007568359,0.47433420573879137,29.643020678606035,-11.381797348991256,-2.5182501219251234,-8.863547227066132,0.0
2024-04-30,426.87774658203125,430.1700134277344,439.6199951171875,429.7200012207031,431.04998779296875,18429500,-0.005663126339755742,-0.1328965770301248,491.59300537109374,492.55340087890625,0.4694785541092877,29.097662332258935,-14.060280024488236,-4.826656102437746,-9.23362392205049,0.0
2024-05-01,435.8287658691406,439.19000244140625,449.9599914550781,427.1099853515625,428.6000061035156,20344900,0.020968428137976503,-0.11005065361417177,488.2155059814453,491.9022009277344,0.47107883088391206,33.91792838677581,-15.27903194266753,-6.917131270483703,-8.361900672183825,0.09282687832887938
2024-05-02,438.2996520996094,441.67999267578125,443.9599914550781,432.2799987792969,438.8399963378906,15221300,0.005669505727665447,0.0006796587739592574,484.75350494384764,491.37520080566406,0.4700818320498726,35.227051353415064,-15.861142834878763,-8.705933583362716,-7.155209251516046,0.11845196724817662
2024-05-03,448.5010070800781,451.9599914550781,454.1700134277344,443.8500061035156,445.92999267578125,16489100,0.023274766685759785,0.019558263761944472,480.9845031738281,490.6918005371094,0.4613104633670722,40.470412466114944,-15.316401975044698,-10.028027261699114,-5.2883747133455845,0.22424590939826328
2024-05-06,462.1159973144531,465.67999267578125,466.1600036621094,453.3399963378906,455.5799865722656,15094600,0.030356672006590202,0.07641809886673978,478.3060028076172,490.3248004150391,0.4788811543430434,46.674741743600016,-13.620591779790516,-10.746540165317395,-2.874051614473121,0.36544174478740554
2024-05-07,464.65643310546875,468.239990234375,471.5299987792969,461.30999755859375,466.2900085449219,13406800,0.005497332071073391,0.08849983871094746,475.8730010986328,490.05480041503904,0.48032611662006197,47.76860658040288,-11.932528809834139,-10.983737894220745,-0.9487909156133938,0.3917872959331572
2024-05-08,468.9830322265625,472.6000061035156,475.5799865722656,463.0,463.5,11683900,0.009311498291630915,0.07607186747509509,473.5115005493164,489.76580078125,0.4815192710196184,49.66250001728155,-10.126181583870391,-10.812226632150676,0.6860450482802847,0.4366572688325968
2024-05-09,471.78143310546875,475.4200134277344,476.0799865722656,467.6300048828125,470.0,9437700,0.005967006533641683,0.07639019496343868,471.12450256347654,489.59380126953124,0.48139242975809565,50.902523605902985,-8.370596345825845,-10.32390057488571,1.9533042290598654,0.4656786430687545
2024-05-10,472.5555114746094,476.20001220703125,477.5,469.6000061035156,477.0899963378906,10750000,0.0016406519651395168,0.05363311180246888,469.3395034790039,489.3152014160156,0.47741675454948657,51.26016741152232,-6.837524289797727,-9.626625317868115,2.7891010280703874,0.4737057982762297
2024-05-13,464.4281311035156,468.010009765625,473.3500061035156,462.8500061035156,472.75,14668800,-0.01719866071285525,0.005003472613146931,467.72850341796874,488.62940185546876,0.4747684047076965,47.359213573419176,-6.211812482938569,-8.943662750882206,2.7318502679436367,0.38942051156586843
2024-05-14,468.23870849609375,471.8500061035156,472.5400085449219,460.0799865722656,463.3699951171875,10478600,0.008204944889562693,0.007709755562171461,466.33300323486327,488.10260192871095,0.47637061689148225,49.3071248729208,-5.344468054793424,-8.22382381166445,2.8793557568710266,0.4289388382844959
2024-05-15,477.8546142578125,481.5400085449219,482.5,471.20001220703125,474.9800109863281,13100500,0.02053619225614778,0.018916636322362068,465.70150299072264,487.9290020751953,0.48190566753471625,53.93901053982403,-3.8310274328034666,-7.345264535892254,3.514237103088788,0.528660986091059
2024-05-16,469.6082458496094,473.2300109863281,477.69000244140625,472.75,475.0,16608200,-0.017257127987566845,-0.0046064582465019654,464.27300415039065,487.47180236816405,0.48123577808174023,49.74150282905743,-3.2645307116130766,-6.52911777103642,3.2645870594233433,0.44314080074320045
2024-05-17,468.2983703613281,471.9100036621094,472.79998779296875,468.4200134277344,470.8299865722656,10807300,-0.0027893567474038816,-0.00900883753664572,463.8150039672852,486.6662023925781,0.45890704134376914,49.08803486457184,-2.888791349517078,-5.8010524867325515,2.9122611372154736,0.42955628760324455
2024-05-20,465.2518310546875,468.8399963378906,473.20001220703125,467.0400085449219,469.95001220703125,11745100,-0.006505493209287616,0.0017734376507914096,463.1705032348633,485.9240020751953,0.4593225894759434,47.52427991100013,-2.806388828444881,-5.202119755075017,2.3957309266301365,0.3979621031843865
2024-05-21,461.07403564453125,464.6300048828125,470.70001220703125,462.2699890136719,467.1199951171875,11742200,-0.008979591092829864,-0.015301475314846491,461.5970031738281,485.54480224609375,0.4452871269739987,45.38892797259153,-3.045686583811232,-4.77083312082226,1.7251465370110282,0.3546360676455615
2024-05-22,464.19989013671875,467.7799987792969,473.7200012207031,465.6499938964844,467.8699951171875,10078600,0.006779574851776715,-0.028575008351235165,460.31100311279295,484.9054022216797,0.4464838605793306,47.29703253001313,-2.947180336771112,-4.406102564012031,1.4589222272409188,0.38705341313483665
2024-05-23,462.2152099609375,465.7799987792969,474.3599853515625,461.5400085449219,472.8800048828125,11747900,-0.00427551414173144,-0.015742898873855382,461.5310028076172,484.3096020507812,0.22574928360805077,46.193444996857615,-2.9959611365343335,-4.124074278516492,1.1281131419821584,0.36647093167323425
2024-05-24,474.55999755859375,478.2200012207031,479.8500061035156,466.29998779296875,467.6199951171875,12024300,0.026707893155585527,0.013371188382587773,463.2775024414062,484.03740234375,0.24121933819965144,53.46645499634941,-2.0076728374726827,-3.70079399030773,1.6931211528350474,0.4944939914895007
2024-05-28,476.24700927734375,479.9200134277344,480.8599853515625,474.8399963378906,476.5799865722656,10175800,0.0035548747494704713,0.023632832472463505,465.6425033569336,483.95380249023435,0.2174850639645581,54.37408089852869,-1.07487991613732,-3.175611175473648,2.100731259336328,0.51198922635736
2024-05-29,470.7295227050781,474.3599853515625,479.8500061035156,473.70001220703125,474.6600036621094,9226200,-0.011585322388329766,0.020941351971455413,467.852001953125,483.50140197753905,0.22240130386153528,50.87876124138399,-0.7753449107271422,-2.695557922524347,1.920213011797205,0.4547696389554617
2024-05-30,463.4754638671875,467.04998779296875,471.7300109863281,464.7099914550781,471.6700134277344,10719600,-0.015410232279976288,-0.00156058614783261,469.2450012207031,482.91760192871095,0.2252154332785763,46.634274997441715,-1.1149643566243412,-2.379439209344346,1.2644748527200047,0.3795406943384043
2024-05-31,463.25714111328125,466.8299865722656,469.1199951171875,454.4599914550781,465.79998779296875,16919800,-0.00047104427032051976,0.002254256936151222,470.5025009155273,482.1438018798828,0.22536807190058156,46.50852334681485,-1.385891776495896,-2.180729722774656,0.79483794627876,0.37727660881507835
2024-06-03,473.8355712890625,477.489990234375,479.6000061035156,468.239990234375,470.8599853515625,11279400,0.022834873441573977,-0.0015265170517014814,471.7790008544922,481.5384014892578,0.22484457757108955,53.10686341237128,-0.7319925480618394,-1.8909822878320928,1.1589897397702533,0.48698127269306835
2024-06-04,473.33941650390625,476.989990234375,478.8900146484375,473.2300109863281,477.0,7088700,-0.0010471423699469629,-0.006105232354100543,472.34450073242186,480.8866015625,0.20015998033266405,52.77801142999131,-0.2512225822167693,-1.563030346709028,1.3118077644922588,0.48183565232766773
2024-06-05,491.2711181640625,495.05999755859375,496.6499938964844,483.9100036621094,484.45001220703125,15690500,0.03788340991252204,0.043637770567198864,473.6855010986328,480.72740173339844,0.23855042327601897,61.94853619842107,1.569794044604805,-0.9364654684462614,2.5062595130510665,0.6677984477085438
2024-06-06,489.9811096191406,493.760009765625,502.82000732421875,490.8900146484375,492.9800109863281,10667300,-0.0026259196852496114,0.057188786362833754,474.7435012817383,480.6848016357422,0.23805468033046856,61.030286167154244,2.874924352281141,-0.1741875043007809,3.049111856581922,0.6544199603839994
2024-06-07,489.1871643066406,492.9599914550781,498.9100036621094,490.1700134277344,495.9100036621094,9380700,-0.001620257401822811,0.05597327856908696,475.6205001831055,480.6668017578125,0.2380272629455422,60.43657518133037,3.8008805474565293,0.6208261060506811,3.180054441405848,0.6461867793611127
2024-06-10,498.7533874511719,502.6000061035156,502.6600036621094,493.4100036621094,493.8599853515625,11220900,0.019555369229829145,0.052587523053237994,476.9404998779297,481.0072021484375,0.24610686353255737,64.87118694533854,5.252033942441301,1.5470676733288051,3.7049662691124956,0.745394490756633
2024-06-11,503.5861511230469,507.4700012207031,507.6000061035156,498.2699890136719,500.1600036621094,9673700,0.009689604174386801,0.0639007350476084,478.9134994506836,481.32960205078126,0.23538001113450996,66.89026428587684,6.717614885838088,2.581177115830662,4.136437770007427,0.7955127828654359
2024-06-12,504.9456787109375,508.8399963378906,514.010009765625,504.4700012207031,513.989990234375,11983200,0.0026996573470194907,0.02783500756929147,480.7629989624023,481.55900207519534,0.2349356962400542,67.45692517736964,7.898595407695723,3.644660774203674,4.253934633492049,0.8096117324164347
2024-06-13,500.2419738769531,504.1000061035156,509.3599853515625,501.3599853515625,505.7099914550781,9954600,-0.009315286275624168,0.020941340192371483,481.89099884033203,481.50620239257813,0.23073041201219913,63.41312407100584,8.355733684953748,4.586875356353689,3.768858328600059,0.7608313518528348
2024-06-14,500.7982177734375,504.1600036621094,507.1499938964844,500.75,502.6499938964844,10243300,0.00011901915863377077,0.022719921294164225,483.43749847412107,481.3710021972656,0.2190535599118148,63.44299678269744,8.62345454861969,5.39419119480689,3.229263353812801,0.7614488011715834
2024-06-17,503.25177001953125,506.6300048828125,510.75,496.010009765625,501.6700134277344,11266600,0.004899240722710196,0.008018302288812285,485.1734985351562,480.9568017578125,0.21793473085025475,64.72009698895465,8.931971510139306,6.101747257873373,2.830224252265933,0.82223921472747
2024-06-18,496.15936279296875,499.489990234375,506.0,495.0199890136719,504.55999755859375,13060400,-0.014093153938028236,-0.015725089103065137,486.7059982299805,480.5616015625,0.22419601910967,58.371973281957814,8.502324411054019,6.581862688509503,1.9204617225445162,0.7454565742124877
2024-06-20,498.3546447753906,501.70001220703125,503.6700134277344,496.7699890136719,502.0,11801200,0.0044245570799512635,-0.014031884643985637,488.5594985961914,480.2576013183594,0.2194857433792758,59.689932345704854,8.2451117766999,6.914512506147583,1.3305992705523177,0.769222817142229
2024-06-21,491.4807434082031,494.7799987792969,503.45001220703125,492.3900146484375,503.45001220703125,22359200,-0.013793129877140098,-0.018488409465134747,489.9094985961914,479.75660095214846,0.22793539910894658,53.93210669073559,7.397606655529671,7.011131336024,0.3864753195056707,0.694806036569257
2024-06-24,495.5832214355469,498.9100036621094,507.79998779296875,494.2900085449219,499.20001220703125,13525300,0.008347154074542118,-0.010413360762188906,491.56599884033204,479.2716015625,0.22706238503962972,56.621534667738956,6.978762785942308,7.0046576260076625,-0.025894840065354252,0.8410621150296028
2024-06-25,507.1953125,510.6000061035156,510.7099914550781,495.5,497.04998779296875,12063200,0.02343108447535447,0.007836095735429982,493.1849990844727,479.24560180664065,0.22288702947364858,63.17476987175439,7.503614504116285,7.104449001629388,0.3991655024868974,1.0
2024-06-26,509.69842529296875,513.1199951171875,513.8099975585938,504.67999267578125,506.6499938964844,8882300,0.004935348577259857,0.027287843899368003,494.8449981689453,479.50340148925784,0.22295575368463433,64.42251406363852,8.030336603444539,7.289626521992418,0.7407100814521206,1.0
2024-06-27,516.095458984375,519.5599975585938,522.8800048828125,513.9000244140625,514.25,10121200,0.01255067528587639,0.03559893346024556,497.10499877929686,479.8994012451172,0.2177790221028562,67.45715730769152,8.86522919393127,7.604747056380189,1.2604821375510813,1.0
2024-06-28,500.85784912109375,504.2200012207031,521.8800048828125,503.8399963378906,517.1500244140625,15855100,-0.029524975767905692,0.01907919169064276,498.96349945068357,480.10040100097655,0.239684436010979,55.34698638785882,8.194615655889095,7.722720776281971,0.47189487960712384,0.8283924481356416
2024-07-01,501.3147277832031,504.67999267578125,506.5799865722656,493.1700134277344,504.95001220703125,10328200,0.0009122832374053313,0.011565190056961994,500.8559997558594,480.15800109863284,0.2393966032303872,55.60436455574852,7.612514730410567,7.700679567107691,-0.08816483669712394,0.8335383429419851
2024-07-02,506.10260009765625,509.5,510.5,499.45001220703125,500.760009765625,7739500,0.009550620976003676,-0.002154340169147284,502.4565002441406,480.72660095214843,0.23000395802113016,58.315657849541964,7.454202455908785,7.65138414486791,-0.1971816889591249,0.8874594546983389
2024-07-03,506.5595397949219,509.9599914550781,511.2799987792969,506.0199890136719,506.3699951171875,6005600,0.000902829156188556,-0.0061584106879087885,504.1050003051758,481.29120056152345,0.2296134635417679,58.575660970007526,7.281914921522969,7.577490300198922,-0.2955753786759532,0.8926053495046824
2024-07-05,536.3098754882812,539.9099731445312,540.8699951171875,511.6000061035156,511.6000061035156,21354100,0.0587300615563906,0.03916771052729584,506.34749908447264,482.16739990234373,0.2779230624582567,71.18022188588114,9.45311935360985,7.952616110881108,1.5005032427287421,1.0
2024-07-08,525.79052734375,529.3200073242188,542.8099975585938,526.6500244140625,542.3499755859375,14917500,-0.019614317843833606,0.04977986998284312,508.12549896240233,482.8838000488281,0.28997208004674685,63.78923840571099,10.201693993042113,8.402431687313308,1.7992623057288046,0.9034994559170446
2024-07-09,526.4658203125,530.0,537.47998046875,528.1900024414062,533.75,8753200,0.0012846532652690534,0.05017042024981744,509.9774993896484,484.65619995117186,0.28945612346117733,64.04738578983354,10.726169904134906,8.867179330677628,1.8589905734572785,0.9096958558203806
2024-07-10,531.1246337890625,534.6900024414062,538.8800048828125,528.3599853515625,530.7899780273438,10983300,0.00884906121020057,0.04944063285850109,511.58199920654295,486.48419982910156,0.2841658522013374,65.85541493164868,11.388979773916503,9.371539419325403,2.0174403545911,0.9524332730156267
2024-07-11,509.28125,512.7000122070312,535.4600219726562,508.3699951171875,530.8900146484375,16458300,-0.04112661567257336,0.0053730112123795415,511.8434997558594,488.08580017089844,0.3234280081586221,52.51927056341042,10.024299057482835,9.50209134695689,0.5222077105259455,0.7520505656488297
2024-07-12,495.5434265136719,498.8699951171875,508.0899963378906,494.2300109863281,497.760009765625,19750500,-0.026974871777961096,-0.07601263186215967,511.3449996948242,489.4597998046875,0.3378365808521843,46.18467293462106,7.737618511144262,9.149196779794364,-1.4115782686501017,0.5925338565843088
2024-07-15,492.8515625,496.1600036621094,506.67999267578125,493.3699951171875,498.6300048828125,12539200,-0.00543225987051299,-0.06264642031903822,510.94799957275393,490.59919982910156,0.3368143355798725,45.03833525997532,5.641700035275676,8.447697430890626,-2.80599739561495,0.5546169379893128
2024-07-16,486.5240478515625,489.7900085449219,503.95001220703125,485.7900085449219,501.5,14075800,-0.012838590515501402,-0.07586790840580782,510.22949981689453,491.5614001464844,0.33958618385511063,42.37583981783688,3.4271580287622783,7.4435895504649565,-4.016431521702678,0.4301310399747393
2024-07-17,458.909423828125,461.989990234375,479.1700134277344,459.1199951171875,479.1700134277344,28076600,-0.05675905556574279,-0.13596665708182576,507.9974990844727,491.76200012207033,0.3914046375980576,33.16204538112768,-0.5646032151167333,5.8419509973486194,-6.406554212465353,0.0
2024-07-18,472.6770324707031,475.8500061035156,479.239990234375,464.5400085449219,475.0,19267200,0.03000068434839731,-0.07187440067513662,506.8154998779297,491.965400390625,0.40774351205481,40.14910110380546,-2.5799749668840946,4.1575658045020765,-6.737540771386171,0.17787498599841303
2024-07-19,473.6107482910156,476.7900085449219,486.7099914550781,475.7099914550781,476.05999755859375,15149400,0.001975417525163836,-0.0442600011794233,505.5699996948242,492.13640075683594,0.40731560371113085,40.60261263674009,-4.0545825552291035,2.515136132555841,-6.5697186877849445,0.18993867500730433
2024-07-22,484.1499938964844,487.3999938964844,492.05999755859375,483.8999938964844,486.5799865722656,12023100,0.02225295237193059,-0.01765561452146125,505.2009994506836,492.4324005126953,0.41378838662526285,45.61206989233652,-4.317315223976152,1.1486458612494426,-5.465961085225595,0.3261038146197717
2024-07-23,485.431396484375,488.69000244140625,495.2200012207031,487.7200012207031,489.8399963378906,9455500,0.002646714323094157,-0.0022458728931272764,504.68999938964845,492.69780029296874,0.4126783883297281,46.2061140602295,-4.3710530694227145,0.044706075115011235,-4.415759144537725,0.34265936939202174
2024-07-24,458.1942443847656,461.2699890136719,476.29998779296875,460.5799865722656,472.30999755859375,17649700,-0.056109217071658835,-0.0015584779668881277,502.22349853515624,492.3991998291016,0.44618238848761466,36.96427914682555,-6.550694297903192,-1.2743739994886294,-5.2763202984145625,0.0
2024-07-25,450.38665771484375,453.4100036621094,463.54998779296875,442.6499938964844,463.260009765625,18240500,-0.01703988019764613,-0.04715772229395476,499.23799896240234,492.10719970703127,0.4467134478430498,34.814668605729,-8.810746008684646,-2.781648401327833,-6.029097607356813,0.0
2024-07-26,462.59466552734375,465.70001220703125,469.7699890136719,459.4200134277344,464.20001220703125,14222400,0.02710572869071637,-0.02325970791991916,496.54499969482424,491.98419982910156,0.45749611792417705,40.628600738166426,-9.500634889517471,-4.125445698965761,-5.37518919055171,0.14208107376753923
2024-07-29,462.6045837402344,465.7099914550781,473.9599914550781,465.0199890136719,469.8800048828125,11339600,2.142848998354374e-05,-0.044501441758353466,494.61949920654297,491.6675994873047,0.4484730915289785,40.63323087483727,-9.932080712097672,-5.2867727015921435,-4.645308010505529,0.14219644083768487
2024-07-30,460.1014099121094,463.19000244140625,472.7300109863281,456.70001220703125,467.0,11390400,-0.005411069248908218,-0.05218031855083316,492.54499969482424,491.46679931640625,0.44819402583924123,39.78937332877596,-10.357946725613317,-6.301007506396379,-4.056939219216938,0.11306360959218975
2024-07-31,471.6637878417969,474.8299865722656,476.5,466.75,471.0199890136719,24285800,0.025130041817627236,0.029397094720141848,490.8114990234375,491.5251989746094,0.45770569922300974,45.427090857636315,-9.645017412651157,-6.9698094876473355,-2.6752079250038214,0.24762994759794824
2024-08-01,494.42095947265625,497.739990234375,527.1699829101562,492.1000061035156,521.0,43083100,0.04824885603264795,0.0977701996299607,490.2004989624023,492.10319885253904,0.49273926173345467,54.46439207373846,-7.148961192553543,-7.005639828628578,-0.14332136392496508,0.5124855747061756
2024-08-02,484.8851013183594,488.1400146484375,501.1499938964844,476.1499938964844,489.0,24044700,-0.019287129373344314,0.04818553114280433,487.6120010375977,492.5733990478516,0.44315170703667833,50.67730884549967,-5.877701964944322,-6.780052255891727,0.902350290947405,0.40150315883505366
2024-08-05,472.55780029296875,475.7300109863281,483.4800109863281,450.79998779296875,451.3500061035156,21396200,-0.025423041114642442,0.0215155777524616,484.9325012207031,492.7323992919922,0.44622162759239914,46.204663473307505,-5.80469058912314,-6.58497992253801,0.7802893334148697,0.2580348577897998
2024-08-06,490.79541015625,494.0899963378906,502.55999755859375,478.6499938964844,479.0,20955000,0.03859328805743578,0.06671127125718401,483.13700103759766,493.29859924316406,0.4720346084224162,52.836610306197606,-4.216723408066002,-6.111328619643609,1.8946052115776064,0.47028909858804113
2024-08-07,485.6598205566406,488.9200134277344,510.1499938964844,486.8599853515625,503.1300048828125,20105300,-0.010463646194975085,0.029673835380917613,480.84850158691404,493.51259948730467,0.4705375699087929,50.93249679689241,-3.336956037870493,-5.556454103288986,2.2194980654184926,0.41052048894469473
2024-08-08,506.2317810058594,509.6300048828125,509.9599914550781,494.7200012207031,497.5,16156800,0.04235864944428003,0.023888003539435765,480.69500122070315,494.10679931640624,0.47655486682928677,57.534419656333554,-0.9575725287610339,-4.636677788383396,3.6791052596223617,0.6499424399465007
2024-08-09,514.3173828125,517.77001953125,518.3400268554688,505.70001220703125,507.7099914550781,13696600,0.015972400703347933,0.060699807419295926,481.64000244140624,494.975,0.46847237205590303,59.82259010203516,1.5668752355591664,-3.3959671835948835,4.96284241915405,0.7440466887357639
2024-08-12,512.5095825195312,515.9500122070312,518.02001953125,509.1000061035156,516.8599853515625,9767400,-0.0035150882738758105,0.08454375442347062,482.62950286865237,495.95300048828125,0.46810320574958003,59.05637496714431,3.3816770280596984,-2.0404383412639673,5.422115369323666,0.7230061342117695
2024-08-13,525.015625,528.5399780273438,531.5,518.1500244140625,520.010009765625,13743800,0.024401522477841553,0.06972410278449348,484.56700134277344,497.1872003173828,0.47071008414187604,62.62276459659359,5.769320412088632,-0.47848659059344745,6.247807002682079,0.8685549233690995
2024-08-14,523.24755859375,526.760009765625,534.0,523.1300048828125,528.0599975585938,11444200,-0.0033677079042574443,0.07739506524308726,487.8055023193359,498.1726007080078,0.41364432382248595,61.803120544286884,7.432242171722521,1.1036591618697464,6.328583009852775,0.847977248343671
2024-08-15,533.7471313476562,537.3300170898438,539.77001953125,526.7000122070312,531.7899780273438,13482100,0.020066077774054447,0.05435318160554692,490.87950286865237,499.3794012451172,0.4077483417691846,64.75336767483222,9.493594651182775,2.7816462597323524,6.711948391450423,0.9701739079201435
2024-08-16,523.9030151367188,527.4199829101562,533.6599731445312,524.6599731445312,531.9000244140625,14776700,-0.018443105474285293,0.018637547588488346,493.41100158691404,500.02660095214844,0.41702825349643846,60.06885504584353,10.20988125008762,4.267293257803406,5.9425879922842135,0.8556069983711017
2024-08-19,525.750732421875,529.280029296875,531.6599731445312,522.760009765625,526.8699951171875,9879700,0.0035266892552221485,0.02583586931769455,495.50500335693357,500.73700134277345,0.41225358150436925,60.64435121402787,10.803102300020896,5.574455066246904,5.228647233773992,0.877110432393662
2024-08-20,523.2177124023438,526.72998046875,531.0900268554688,525.8800048828125,528.3499755859375,7944400,-0.004817957767106029,-0.003424523468119056,497.4070022583008,501.4124011230469,0.41353631912655425,59.38081916391416,10.941341651428502,6.647832383283225,4.293509268145277,0.8476300887197465
2024-08-21,531.5914306640625,535.1599731445312,539.4000244140625,526.9299926757812,527.1500244140625,13423300,0.016004391222005587,0.01594647130226101,501.10150146484375,502.0636004638672,0.34843307758458386,62.185705668102635,11.59743922964293,7.637753752555167,3.9596854770877634,0.9450866858286548
2024-08-22,528.3829956054688,531.9299926757812,544.22998046875,528.5900268554688,537.0,15708300,-0.006035541951635581,-0.010049735250803216,505.02750091552736,502.55280029296875,0.3401686119509632,60.4629223861365,11.721648984530134,8.454532798950162,3.2671161855799724,0.9077458579870175
2024-08-23,524.479248046875,528.0,539.8699951171875,525.0599975585938,536.9199829101562,11323900,-0.0073881765079876205,0.0010997252827686932,508.14250030517576,502.9360003662109,0.33680599718586496,58.344951937278715,11.371880584911821,9.038002356142494,2.3338782287693274,0.8623124006193835
2024-08-26,517.6451416015625,521.1199951171875,528.0,514.9500122070312,527.5999755859375,9584000,-0.013030312278053957,-0.01541723422009278,510.9130004882812,503.2764001464844,0.34326461783330614,54.730504587543756,10.419419134902057,9.314285711894406,1.1051334230076506,0.7827747438551159
2024-08-27,515.6385498046875,519.0999755859375,524.010009765625,515.3099975585938,518.97998046875,6282700,-0.0038763040186085007,-0.01448560964010892,513.7084991455079,503.57519958496096,0.34263913639077503,53.679039497310164,9.393307675735969,9.33009010466272,0.06321757107324899,0.7594219086652665
2024-08-28,513.3340454101562,516.780029296875,521.0900268554688,512.4500122070312,517.6699829101562,9106100,-0.004469170483862639,-0.03434476562149835,515.8060012817383,503.7782000732422,0.3367011360598891,52.433153150316514,8.297261014575383,9.123524286645253,-0.8262632720698697,0.7326017108901222
2024-08-29,514.7644653320312,518.219970703125,527.2000122070312,515.6799926757812,519.0499877929688,8317400,0.002786372004756288,-0.025774109678776247,516.8300003051758,504.1527996826172,0.294268207088572,53.15983395709658,7.458846437645207,8.790588716845244,-1.3317422792000375,0.7492484382226979
2024-08-30,517.8339233398438,521.3099975585938,523.5399780273438,515.2000122070312,521.3499755859375,9157500,0.005962770696150921,-0.012670459169330073,518.4884994506835,504.5449993896484,0.2832823011296041,54.75715193402225,6.9634656899152105,8.425164111459239,-1.4616984215440283,0.7849713046463294
2024-09-03,508.3475646972656,511.760009765625,525.489990234375,508.6199951171875,519.6400146484375,12459100,-0.018319210906549643,-0.017961286151489286,520.2899993896484,504.884599609375,0.27467327923391666,49.17568198276052,5.734168748067532,7.886965038780898,-2.1527962907133658,0.6745667825394233
2024-09-04,509.3210144042969,512.739990234375,516.5900268554688,504.07000732421875,506.07000732421875,8335200,0.0019149219361607184,-0.012251946928688695,521.2224990844727,505.1611993408203,0.24195401197196428,49.741808997622805,4.783872791157592,7.266346589256236,-2.4824737980986447,0.6858960405104234
2024-09-05,513.4135131835938,516.8599853515625,521.6300048828125,511.1499938964844,511.7200012207031,8640900,0.008035252166120666,0.00015471970694425075,522.619497680664,505.28639892578127,0.23823422201830835,52.15474158455108,4.31348243208754,6.675773757822497,-2.362291325734957,0.7335260586692708
2024-09-06,496.9342041015625,500.2699890136719,524.5800170898438,498.25,521.8800048828125,14744500,-0.032097660503949244,-0.03463776524300766,522.151496887207,505.02939880371093,0.2205691843280997,43.16744707475907,2.5723679707382416,5.855092600405646,-3.2827246296674044,0.5417341258263122
2024-09-09,501.4240417480469,504.7900085449219,511.3299865722656,502.0799865722656,506.1600036621094,11047800,0.00903516027447826,-0.03168937693702123,521.5024963378906,504.7339990234375,0.2148589051316753,45.90265191491144,1.5395035779205273,4.9919747959086225,-3.452471217988095,0.5939887053168696
2024-09-10,501.4240417480469,504.7900085449219,514.1799926757812,500.0299987792969,508.1600036621094,9899000,0.0,-0.013619667593595786,520.9444961547852,504.7453991699219,0.21471476407593437,45.90265191491144,0.7127351382152938,4.136126864369957,-3.423391726154663,0.5939887053168696
2024-09-11,508.41705322265625,511.8299865722656,513.1199951171875,495.6000061035156,507.010009765625,10782500,0.013946349785402434,-0.0017747858162836527,520.1089965820313,504.8883990478516,0.20108058966492126,50.22943956399284,0.6184534381977187,3.4325921791355096,-2.814138740937791,0.6753757632484262
2024-09-12,522.09521484375,525.5999755859375,526.7100219726562,515.219970703125,517.0499877929688,11970500,0.026903443281800943,0.016909783078738805,520.0509948730469,505.2103985595703,0.22472729085742085,57.405556787447466,1.6359987690387925,3.0732734971161664,-1.4372747280773739,0.8345664438471072
2024-09-13,521.1218872070312,524.6199951171875,527.5800170898438,517.1099853515625,520.3400268554688,10321400,-0.0018644986953386677,0.0486737294626125,519.415493774414,505.5035986328125,0.21185025296296794,56.77812495399264,2.3364019535974876,2.925899188412431,-0.5894972348149432,0.8232371858761071
2024-09-16,530.2294311523438,533.280029296875,534.0999755859375,517.4000244140625,524.5399780273438,9527600,0.016507251458749872,0.05643935155150315,519.70849609375,505.3709997558594,0.21024607741350793,60.85031261417515,3.549354161490669,3.0505901830280786,0.49876397846259035,0.9517399053271566
2024-09-17,533.2520751953125,536.3200073242188,542.0999755859375,530.5700073242188,537.5999755859375,11690800,0.005700528540984351,0.06246161422684149,520.0604949951172,505.51099975585936,0.21078337939076738,62.196758018045905,4.701729732118338,3.380818092846131,1.320911639272207,0.9879646138701498
2024-09-18,534.8726806640625,537.9500122070312,544.2000122070312,533.9000244140625,537.0700073242188,10323500,0.0030392393730467315,0.05103262083117066,520.6214965820312,505.67,0.20987634530643326,62.93288440603657,5.681035999106484,3.8408616740982016,1.8401743250082827,1.0
2024-09-19,555.9016723632812,559.0999755859375,562.0700073242188,546.52001953125,550.0,15647000,0.03931585258662773,0.06373668484792883,521.8184967041016,506.15819946289065,0.24512909810743722,70.86147942972096,8.070734158749588,4.686836171028479,3.3838979877211086,1.0
2024-09-20,558.1387939453125,561.3499755859375,564.5,556.2999877929688,560.0,22066800,0.004024324983455729,0.07001254395678425,523.2894958496094,507.1311987304687,0.24318341383741496,71.55845602359186,10.030517797686457,5.755572496360075,4.274945301326382,1.0
2024-09-23,561.1813354492188,564.4099731445312,573.97998046875,562.4099731445312,569.5,12830700,0.0054511404501260685,0.05837447895564507,525.109994506836,508.44199829101564,0.24029819707450936,72.52111624816342,11.695755293861794,6.943609055860419,4.752146238001375,1.0
2024-09-24,560.1074829101562,563.3300170898438,567.75,554.1900024414062,566.6799926757812,12993000,-0.0019134248260544995,0.05036174186449238,527.2204956054687,509.7853985595703,0.23332600773889403,71.60002486545142,12.780993244692354,8.111085893626807,4.669907351065547,0.9902706634990694
2024-09-25,565.0590209960938,568.3099975585938,576.8800048828125,563.719970703125,564.0499877929688,16543400,0.008840254056541319,0.056436443280306836,529.6809967041015,511.3557983398438,0.23199209454419537,73.28502248373823,13.88286195302453,9.265441105506353,4.6174208475181775,1.0
2024-09-26,564.5917358398438,567.8400268554688,577.4000244140625,562.3499755859375,575.72998046875,14400800,-0.0008269618784535471,0.015632358524737322,532.2339965820313,513.4727990722656,0.2304504459895704,72.84577073018546,14.550449609126417,10.322442806230367,4.228006802896051,0.9959097412698872
2024-09-27,564.114501953125,567.3599853515625,570.8400268554688,564.510009765625,570.0999755859375,9398400,-0.0008453815884811311,0.010706350809674081,534.6909973144532,515.3029986572266,0.23123518147090105,72.36863564941085,14.86937737232347,11.231829719448989,3.6375476528744812,0.9917318341384149
2024-09-30,569.1654052734375,572.4400024414062,574.6799926757812,564.7999877929688,567.7000122070312,12792300,0.0089537810578868,0.014227298734883709,537.2474975585938,517.2159985351562,0.23170529282725463,74.28794452450988,15.35504148601433,12.056472072762057,3.298569413252272,1.0
2024-10-01,573.1723022460938,576.469970703125,583.0399780273438,570.0999755859375,577.97998046875,15259300,0.007039983656857096,0.02332549875677148,540.4829956054688,518.997398071289,0.21504652073211672,75.72828179641976,15.882040279886269,12.8215857141869,3.0604545656993682,1.0
2024-10-02,569.533203125,572.8099975585938,576.0,569.3400268554688,574.8599853515625,6524700,-0.006348939806989695,0.007918213685016218,543.4864959716797,520.6797979736328,0.21912023259132313,71.79476389832416,15.821975491135277,13.421663669576576,2.4003118215587005,0.9702586207965472
2024-10-03,579.4363403320312,582.77001953125,583.3599853515625,568.72998046875,570.1500244140625,11581000,0.01738800302911514,0.026292603496902434,546.7819976806641,523.1097985839843,0.22295494784866174,75.52109987095234,16.38914043803925,14.015159023269112,2.373981414770137,1.0
2024-10-04,592.5309448242188,595.9400024414062,596.8499755859375,581.4299926757812,583.72998046875,14169500,0.022598936919832502,0.05037369188476393,551.5654983520508,525.9603985595703,0.17878918744057792,79.39714837218742,17.69732653527808,14.751592525670906,2.9457340096071736,1.0
2024-10-07,581.434814453125,584.780029296875,602.9500122070312,584.0399780273438,598.219970703125,12014200,-0.01872667231401115,0.021556891207531903,555.5649993896484,528.3419989013672,0.20380936727076396,69.37294124627965,17.63032545992951,15.327339112522628,2.302986347406881,0.9159324056909134
2024-10-08,589.4984130859375,592.8900146484375,593.5599975585938,585.969970703125,589.6900024414062,7857400,0.013868437609461104,0.02848378021371145,559.9699996948242,530.8855993652344,0.20302117099830502,72.12698409759983,18.023866748485602,15.866644639715224,2.1572221087703785,0.9770245740642656
2024-10-09,587.1320190429688,590.510009765625,594.3900146484375,581.6099853515625,593.989990234375,9529700,-0.004014243492064473,0.030900319970795787,563.9040008544922,533.4319995117188,0.20620820884953603,70.13385435288679,17.936938687631596,16.2807034492985,1.656235238333096,0.9551647926324413
2024-10-10,580.490234375,583.8300170898438,590.22998046875,582.52001953125,587.5700073242188,7740400,-0.011312242917664639,0.001818895143999244,566.8155029296875,535.6120001220703,0.20249654958288824,64.72744318935581,17.13154619074487,16.450871997587775,0.6806741931570954,0.8992597436787279
2024-10-11,586.5752563476562,589.9500122070312,591.2100219726562,582.7100219726562,584.8300170898438,8587100,0.01048249479821739,-0.010051331022981502,570.0820037841797,537.4562005615235,0.2014071674210266,67.22056021108145,16.79351411631285,16.51940042133279,0.2741136949800591,0.9501706125932683
2024-10-14,587.04248046875,590.4199829101562,600.0999755859375,589.9600219726562,594.219970703125,8252000,0.0007966280081372901,0.009644572883350078,572.9390014648437,539.5017999267578,0.1981912653300039,67.41105383013551,16.37478563412901,16.490477463892034,-0.11569182976302272,0.9540801936308863
2024-10-15,582.9163208007812,586.27001953125,590.6099853515625,580.1400146484375,590.1599731445312,9564200,-0.007028832863093859,-0.011165637729812161,575.4365020751953,541.7126000976563,0.20284029664335484,63.88078859247031,15.529063555079347,16.2981946821295,-0.7691311270501515,0.9096432077850344
2024-10-16,573.490478515625,576.7899780273438,582.0800170898438,574.030029296875,581.4000244140625,11268400,-0.016170094304815308,-0.023234206891305287,577.3785003662109,543.3665997314453,0.21577264633575188,56.5901179900193,13.93324877425789,15.825205500555178,-1.8919567262972876,0.8210612373393529
2024-10-17,573.6297607421875,576.9299926757812,584.969970703125,575.2000122070312,583.3300170898438,8701200,0.00024274806042279273,-0.011818550283619111,578.2700012207031,545.1267993164063,0.1695699670385652,56.6687765657573,12.53535233646096,15.167234867736337,-2.6318825312753766,0.8012960478992254
2024-10-18,573.1723022460938,576.469970703125,583.969970703125,575.25,581.0999755859375,7694300,-0.0007973618610512823,-0.022849463895215028,579.0260009765625,546.4635986328125,0.16952884421410055,56.30776959905988,11.260584402061,14.385904774601268,-3.125320372540269,0.7964876240663622
2024-10-21,571.869873046875,575.1599731445312,577.239990234375,569.1099853515625,576.030029296875,8171900,-0.0022724471788112544,-0.025846025214812385,579.5635009765625,547.6113977050782,0.16928786177731145,55.228788452288896,10.02900761799026,13.514525343279068,-3.4855177252888083,0.7827947488209409
2024-10-22,578.6806640625,582.010009765625,583.530029296875,572.1199951171875,574.2899780273438,8544500,0.011909793693818838,-0.0072662930453634145,580.4975006103516,548.93259765625,0.17320087967342432,59.58940471180898,9.496248014854132,12.710869877594082,-3.21462186273995,0.8543954142297319
2024-10-23,560.4654541015625,563.6900024414062,585.0,562.5,579.969970703125,14248400,-0.031477134442406296,-0.02271186408394299,580.2665008544922,549.6355981445313,0.20695787971003762,46.535255823996955,7.509199331093555,11.670535768293977,-4.161336437200422,0.6629037788903367
2024-10-24,564.5320434570312,567.780029296875,568.8800048828125,561.52001953125,567.1300048828125,7184700,0.007255808756150284,-0.01585974640782506,580.2635009765625,550.4559985351563,0.20868046547017252,49.21035502643482,6.193089834211946,10.57504658147757,-4.381956747265624,0.7056551772536097
2024-10-25,569.9707641601562,573.25,581.2899780273438,571.719970703125,573.9299926757812,11337900,0.009633961078023168,-0.005585669448137209,580.5580017089844,551.1743981933594,0.2113640901927761,52.62441032604435,5.5277243319562785,9.565582131573313,-4.037857799617035,0.7628305711638115
2024-10-28,574.8526611328125,578.1599731445312,583.75,574.1199951171875,582.0,10925100,0.008565151582261121,0.005215940155915755,580.8440002441406,552.1891979980469,0.21116480513591146,55.515008262876755,5.335111333661985,8.719487971991049,-3.384376638329064,0.8141525368311422
2024-10-29,589.8862915039062,593.280029296875,593.6699829101562,575.4000244140625,580.1500244140625,13019100,0.026152028598776633,0.019363961688199094,581.6845031738281,553.4691979980469,0.229057090412021,63.00146843031034,6.3295630499014806,8.241502987573135,-1.9119399376716544,0.9721963753403202
2024-10-30,588.4146118164062,591.7999877929688,601.2000122070312,589.3800048828125,600.97998046875,26864900,-0.002494676090244119,0.04986780895494847,582.6340026855469,554.7705981445313,0.22770165434050765,61.9032676399519,6.918494125846905,7.976901215227889,-1.0584070893809834,0.956726099431723
2024-10-31,564.333251953125,567.5800170898438,589.9000244140625,563.010009765625,585.0,26838400,-0.04092593984911996,-0.00035227059197373567,581.8745025634765,555.4189990234376,0.265469246268624,47.355767701898486,5.368986689078042,7.45531830999792,-2.0863316209198777,0.7035645304577636
2024-11-01,563.91552734375,567.1599731445312,573.6699829101562,562.5599975585938,567.6099853515625,15303200,-0.0007400611943073621,-0.010623684004306577,580.4355010986328,556.1235986328124,0.2502243996993089,47.14882436068237,4.060292323447015,6.776313112687739,-2.7160207892407238,0.6991739807937376
2024-11-04,557.4727172851562,560.6799926757812,568.6900024414062,557.8900146484375,564.0999755859375,12064600,-0.011425313448730767,-0.030233812924957082,579.2304992675781,556.7771984863281,0.24517883369503157,43.957470788449996,2.471769323540002,5.915404354858192,-3.4436350313181903,0.6314413628439687
2024-11-05,569.1553955078125,572.4299926757812,573.47998046875,566.6699829101562,567.2999877929688,9775400,0.020956695715009355,-0.03514366840529615,578.2074981689453,557.8033984375,0.2524421876989007,50.50016547665789,2.1363536475612364,5.159594213398801,-3.0232405658375647,0.7542593658839235
2024-11-06,568.777587890625,572.0499877929688,573.0,555.1699829101562,562.75,18305400,-0.0006638451647793531,-0.03337276175630677,577.2844970703125,558.8623986816406,0.2523031485713618,50.29565977011419,1.818903897694554,4.491456150257952,-2.6725522525633982,0.7502873283645649
2024-11-07,588.3152465820312,591.7000122070312,594.7999877929688,575.2100219726562,576.8900146484375,14653700,0.034350187629361706,0.04249620210531391,577.6779968261719,560.3607983398438,0.2792880895237846,59.44200702804415,3.116984771739226,4.216561874554207,-1.0995771028149814,0.955681095021715
2024-11-08,585.9686889648438,589.3400268554688,593.0999755859375,584.52001953125,591.5399780273438,9415700,-0.003988482850895703,0.03910722681638412,577.6474975585937,561.7831994628906,0.2773632406058183,58.06015214140936,3.9102175678406184,4.15529301321149,-0.24507544537087167,0.9310131215678894
2024-11-11,579.833984375,583.1699829101562,587.0,576.510009765625,586.3599853515625,10209100,-0.010469412672059475,0.04011198995534704,577.2849975585938,563.0203991699219,0.2798564093112998,54.49337238730237,3.994938132478069,4.123222037064806,-0.12828390458673677,0.8665201448843111
2024-11-12,581.474609375,584.8200073242188,599.6599731445312,580.3800048828125,588.5399780273438,16287700,0.002829405597710055,0.02164459376162542,577.2124969482422,564.4815991210937,0.27897816996943453,55.28449367775439,4.147414161934307,4.1280604620387065,0.019353699895600762,0.8837671834802538
2024-11-13,576.68212890625,580.0,585.6400146484375,575.1699829101562,582.6099853515625,10757600,-0.008241864614502825,0.013897408227737662,577.372998046875,565.8267993164062,0.27425386581543804,52.417750354975844,3.835109450750906,4.069470259781147,-0.2343608090302407,0.8333855941867643
2024-11-14,573.8583984375,577.1599731445312,580.760009765625,573.010009765625,577.0,11053700,-0.004896598026670307,-0.024573328988562793,577.3844970703125,567.0327990722657,0.27490388210523,50.74795424574775,3.3201664725983164,3.919609502344581,-0.5994430297462645,0.8036999408277418
2024-11-15,550.910400390625,554.0800170898438,572.5700073242188,551.5,571.219970703125,17712900,-0.03998883694054767,-0.05982965378028238,576.2649993896484,568.108999633789,0.3097156438240957,39.68425199232208,1.0377483688557732,3.3432372756468194,-2.3054889067910462,0.5407571239214638
2024-11-18,551.2286376953125,554.4000244140625,559.9000244140625,550.0900268554688,557.0399780273438,14327300,0.0005775471310074387,-0.04933374374401933,575.227001953125,569.1011999511719,0.3098227679779876,39.87996100127794,-0.7367694856355911,2.5272359233903376,-3.2640054090259287,0.5442679011638866
2024-11-19,557.8803100585938,561.0900268554688,561.4299926757812,550.5999755859375,551.8599853515625,9522400,0.012067103439392657,-0.04057655376279612,574.1810028076172,570.2272003173828,0.3099146000782412,43.972847414196174,-1.5849896100892238,1.7047908166944257,-3.2897804267836497,0.5856620020122513
2024-11-20,562.284912109375,565.52001953125,566.3499755859375,554.2000122070312,562.9299926757812,9797300,0.007895333126144433,-0.024965483566810387,574.2725036621093,571.3010009765625,0.2905578441852908,46.56691964859116,-1.878097247874166,0.9882132037807074,-2.8663104516548734,0.5734719603733653
2024-11-21,559.8688354492188,563.0900268554688,570.0,549.0499877929688,569.52001953125,11154700,-0.004296917159175795,-0.024377896846181857,574.0380035400391,572.0508020019531,0.2897943700873688,45.32718454710156,-2.2801827359688787,0.33453401583079023,-2.614716751799669,0.5394002774480597
2024-11-22,555.9415283203125,559.1400146484375,563.8300170898438,554.5900268554688,563.5499877929688,9164000,-0.00701488575297593,0.009132250582090995,573.3325042724609,572.7412023925781,0.28828095532390274,43.30879208886343,-2.8843226792139376,-0.30923732317815533,-2.5750853560357823,0.4127034221976757
2024-11-25,561.8773803710938,565.1099853515625,572.5900268554688,556.3900146484375,562.0999755859375,13599800,0.010677058602000855,0.01931811050841703,572.6800048828125,573.3778015136719,0.28931448090096124,47.13997330098923,-2.8485449412881962,-0.8170988468001635,-2.031446094488033,0.48289131810150143
2024-11-26,570.259033203125,573.5399780273438,577.5,565.2000122070312,566.0,10356600,0.014917437126043431,0.022188865558079085,571.693002319336,574.1222009277344,0.277861285941745,52.066036767879645,-2.1155738512125026,-1.0767938476826315,-1.038780003529871,0.6137260185157898
2024-11-27,565.9439697265625,569.2000122070312,574.97998046875,564.0999755859375,574.8900146484375,7200200,-0.007566980483626584,0.006507272154275823,570.5630035400391,574.7472009277344,0.2786736621191994,49.50808389829192,-1.8634077480588758,-1.2341166277578806,-0.6292911203009952,0.3612040231309617
2024-11-29,571.0346069335938,574.3200073242188,578.4600219726562,566.9000244140625,569.0,7130500,0.008995072043893826,0.019943490264714647,570.9000030517578,575.0516015625,0.2392587980001891,52.47450362192251,-1.2361736379712056,-1.2345280298005457,-0.0016456081706599512,0.4835164194251087
2024-12-02,589.438720703125,592.8300170898438,594.5,575.5700073242188,577.5,12522400,0.032229435731943035,0.060253248844279295,572.1835052490235,575.6812023925781,0.26397461090394253,61.32160455356577,0.7459185223235636,-0.8384387193757238,1.5843572416992875,0.9257050539926571
2024-12-03,610.1396484375,613.6500244140625,614.2000122070312,591.25,595.0,14907200,0.03511969152038308,0.08589485289717991,574.8320068359375,576.6660034179688,0.2827991295561307,68.43850379171255,3.9511945196736633,0.11948792843415368,3.8317065912395094,1.0
2024-12-04,610.2689208984375,613.780029296875,617.780029296875,605.0999755859375,612.9600219726562,14697000,0.00021185509270793546,0.07016084808583778,576.8995086669922,577.6750036621094,0.27647391225732104,68.47750754375151,6.427793545062286,1.3811490517597804,5.046644493302506,1.0
2024-12-05,605.4467163085938,608.9299926757812,619.9000244140625,607.0499877929688,617.0800170898438,8081200,-0.007901913372205693,0.06979968309329432,578.7435089111328,578.4874035644531,0.27914819507628447,65.23842292010943,7.908000190107714,2.6865192794293673,5.221480910678347,0.9187598722044729
2024-12-06,620.2017822265625,623.77001953125,629.7899780273438,608.530029296875,610.0999755859375,16935500,0.02437066170818447,0.08610184492339212,580.3470092773438,579.6060034179687,0.2663689007280016,69.92592040049999,10.161406396888879,4.18149670292127,5.979909693967609,1.0
2024-12-09,610.06005859375,613.5700073242188,626.4000244140625,606.1699829101562,623.9199829101562,11426000,-0.016352200150139273,0.034984716759427936,581.5585083007812,580.5302038574218,0.2740383721986241,63.57975862842814,10.997419899681972,5.54468134227341,5.452738557408562,0.8536373676323633
2024-12-10,615.7772216796875,619.3200073242188,625.5900268554688,612.739990234375,617.5599975585938,10938900,0.009371383756314522,0.009239766454128606,583.3660095214843,581.4678039550781,0.2709450792964996,65.4816047739005,11.985778969965054,6.832900867811739,5.1528781021533145,0.9361456155669858
2024-12-11,629.060791015625,632.6799926757812,638.4000244140625,621.530029296875,623.3699951171875,10837200,0.021572022853394435,0.030792731071027868,585.7590087890625,582.5920043945313,0.2787077333535424,69.47068232647364,13.68929811039743,8.204180316328879,5.485117794068552,1.0
2024-12-12,627.181640625,630.7899780273438,636.6599731445312,627.2100219726562,631.5,7474700,-0.0029873153415901355,0.0358990123897569,588.2985076904297,583.7516040039062,0.2762379683283899,68.26872908740793,14.717190307038777,9.50678231447086,5.210407992567918,0.9759540046374309
2024-12-13,616.80126953125,620.3499755859375,631.0800170898438,616.8900146484375,627.219970703125,8453300,-0.016550678997873547,-0.00548286041044832,590.4580078125,584.503203125,0.28438915688681593,61.8980851140871,14.521980975097904,10.50982204659627,4.012158928501634,0.8431295048385519
2024-12-16,621.1697387695312,624.239990234375,631.1500244140625,618.5800170898438,629.97998046875,10885600,0.00627067752322108,0.017390000786850823,593.9660064697266,585.0692028808594,0.23269642218064496,63.27332496677447,14.513861088978729,11.310629855072763,3.2032312339059654,0.8926208007255887
2024-12-17,616.3934326171875,619.4400024414062,632.3699951171875,616.5399780273438,626.1699829101562,12897800,-0.007689330815166984,0.00019375301260793343,597.2180053710938,585.76240234375,0.2370978804168687,60.37744881383608,13.959194219343885,11.84034272792699,2.118851491416896,0.8315522347726556
2024-12-18,594.2528076171875,597.1900024414062,627.3599853515625,596.3200073242188,621.0,17075500,-0.035919540088314994,-0.056094693439376675,599.0230041503906,585.8484020996094,0.2776377934222525,49.1483935204282,11.590618247757106,11.790397831893014,-0.19977958413590713,0.548473266437953
2024-12-19,592.6406860351562,595.5700073242188,611.52001953125,595.0,610.3900146484375,14958100,-0.0027126963120024383,-0.055834702404860104,600.525503540039,585.9496020507812,0.27784600633045403,48.44198045092857,9.473579135339378,11.327034092582286,-1.8534549572429082,0.52786263513545
2024-12-20,582.3714599609375,585.25,603.1099853515625,580.0,590.5800170898438,48989400,-0.017327950026537642,-0.056580925231414114,601.6335021972657,585.9780017089844,0.2859535133749959,44.094070196531426,6.883720794785631,10.438371433022956,-3.554650638237325,0.39656479124572325
2024-12-23,596.8995971679688,599.8499755859375,601.0900268554688,586.25,589.5999755859375,10205800,0.024946562299765107,-0.03907153503459482,603.6690002441406,586.1760009765625,0.2948307676888578,50.81934175979225,5.940852958816436,9.538867738181652,-3.598014779365217,0.5823151744627585
2024-12-24,604.7608032226562,607.75,607.989990234375,599.280029296875,602.719970703125,4726100,0.01317000039275773,-0.018871888149509686,605.8010009765625,586.5226013183594,0.2957464298173895,54.04102801173031,5.764638192055713,8.784021828956465,-3.019383636900752,0.6828244221459844
2024-12-26,600.3823852539062,603.3499755859375,606.2999877929688,598.9400024414062,605.47998046875,6081400,-0.007239859175750762,0.010314930121650301,607.2915008544921,586.8642004394532,0.29516514353148926,51.997943141590675,5.209885208519495,8.06919450486907,-2.8593092963495756,0.6268444503805768
2024-12-27,596.8599853515625,599.8099975585938,601.8499755859375,589.7999877929688,599.4099731445312,8084200,-0.0058672050560802935,0.007119213832517346,608.8220001220703,587.3246008300781,0.2944417101120508,50.34871270750377,4.433486359311132,7.342052875757483,-2.908566516446351,0.5818065480026899
2024-12-30,588.3319702148438,591.239990234375,596.9400024414062,585.5800170898438,588.75,7025900,-0.01428787009069743,0.010234925646091408,609.6679992675781,587.61080078125,0.29948486385510653,46.50328935761006,3.091025293648272,6.491847359335641,-3.400822065687369,0.47277334207187244
2024-12-31,582.6301879882812,585.510009765625,593.969970703125,583.8499755859375,592.27001953125,6019500,-0.009691462964943498,-0.023905920486710253,609.3019989013671,587.7916015625,0.27892197057015133,44.07921323347597,1.5469217399249828,5.50286223545351,-3.9559404955285276,0.3998728045585355
