Date,Adj Close,Close,High,Low,Open,Volume,Daily_Return,Return_5D,SMA_20,SMA_50,Volatility_20,RSI_14,MACD,MACD_Signal,MACD_Histogram,Price_Position
2020-01-02,151.54425048828125,160.6199951171875,160.72999572753906,158.3300018310547,158.77999877929688,22622100,0.0,0.0,,,0.0,50.0,0.0,0.0,0.0,0.0
2020-01-03,149.6572723388672,158.6199951171875,159.9499969482422,158.05999755859375,158.32000732421875,21116200,-0.012451749849331062,0.0,,,0.0,0.0,-0.15954415954416845,-0.031908831908833694,-0.12763532763533475,0.0
2020-01-06,150.0441131591797,159.02999877929688,159.10000610351562,156.50999450683594,157.0800018310547,20813700,0.0025848170138100812,0.0,,,0.0,18.084568360610646,-0.2500181330410669,-0.07553069213528034,-0.17448744090578655,0.2050018310546875
2020-01-07,148.67605590820312,157.5800018310547,159.6699981689453,157.32000732421875,159.32000732421875,21634100,-0.009117757400316062,0.0,,,0.0,10.708742456226403,-0.43372236304179523,-0.14716902631658332,-0.2865533367252119,0.0
2020-01-08,151.04421997070312,160.08999633789062,160.8000030517578,157.9499969482422,158.92999267578125,27746500,0.0159283822672307,0.0,,,0.0,49.27537504975395,-0.3724799915507333,-0.19223121936341334,-0.18024877218731997,0.8256579112478605
2020-01-09,152.93116760253906,162.08999633789062,162.22000122070312,161.02999877929688,161.83999633789062,21385000,0.012492972988635387,0.00915204373920342,,,0.0,62.99183963315372,-0.16070913079215643,-0.18592680164916195,0.02521767085700552,1.0
2020-01-10,152.22354125976562,161.33999633789062,163.22000122070312,161.17999267578125,162.82000732421875,20725900,-0.004627059145812851,0.017147908866682382,,,0.0,56.79012063703298,-0.05278940648511821,-0.1592993226163532,0.106509916131235,0.8337026799338221
2020-01-13,154.05397033691406,163.27999877929688,163.30999755859375,161.25999450683594,161.75999450683594,21626500,0.01202431192165987,0.026724517591792063,,,0.0,66.09006660899942,0.18712270226060923,-0.09001491764096073,0.27713761990156993,1.0
2020-01-14,152.968994140625,162.1300048828125,163.60000610351562,161.72000122070312,163.38999938964844,23477400,-0.007043078791535318,0.028874241647972365,,,0.0,58.106450256635696,0.28121817233031265,-0.01576829964670605,0.2969864719770187,0.7982465768093052
2020-01-15,153.95962524414062,163.17999267578125,163.94000244140625,162.57000732421875,162.6199951171875,21417900,0.006476208976417874,0.019301620392124796,,,0.0,62.55419668251187,0.4354946389484553,0.07448428807232622,0.3610103508761291,0.9824550601651698
2020-01-16,156.78065490722656,166.1699981689453,166.24000549316406,164.02999877929688,164.35000610351562,23865400,0.018323358422406733,0.025171213049752783,,,0.0,71.75150256395658,0.7899225693552978,0.21757194432892057,0.5723506250263772,1.0
2020-01-17,157.65814208984375,167.10000610351562,167.47000122070312,165.42999267578125,167.4199981689453,34371700,0.005596725912127454,0.03570106542931817,,,0.0,73.89891466486263,1.132794970359356,0.4006165495350077,0.7321784208243484,1.0
2020-01-21,157.09201049804688,166.5,168.19000244140625,166.42999267578125,166.67999267578125,29517200,-0.0035907006678619346,0.019720732758306436,,,0.0,70.19160458395999,1.3406541142232697,0.5886240624726602,0.7520300517506096,0.9369741770756032
2020-01-22,156.33721923828125,165.6999969482422,167.49000549316406,165.67999267578125,167.39999389648438,24138800,-0.00480482313368058,0.02201931757178488,,,0.0,65.47512613226304,1.4244107029881263,0.7557813905757534,0.6686293124123729,0.8529402807808265
2020-01-23,157.29957580566406,166.72000122070312,166.8000030517578,165.27000427246094,166.19000244140625,19680800,0.00615572897553851,0.021693888367524616,,,0.0,68.39142870421404,1.5551672235786782,0.9156585571763385,0.6395086664023397,0.9600835386269981
2020-01-24,155.71450805664062,165.0399932861328,167.52999877929688,164.4499969482422,167.50999450683594,24918100,-0.010076822950272901,-0.0068002942484456375,,,0.0,59.47967647862463,1.5058713606160836,1.0337011178642876,0.472170242751796,0.7836121961266415
2020-01-27,153.11048889160156,162.27999877929688,163.3800048828125,160.1999969482422,161.14999389648438,32078100,-0.016723186010138114,-0.028845045769973487,,,0.0,48.336308441303814,1.2299178166030345,1.072944457612037,0.1569733589909974,0.49369693686358296
2020-01-28,156.1107940673828,165.4600067138672,165.75999450683594,163.07000732421875,163.77999877929688,24899900,0.019595809455823066,-0.006246205922719628,,,0.0,58.08091557173196,1.2533745866827246,1.1090304834261746,0.14434410325655,0.827731233861674
2020-01-29,158.5450439453125,168.0399932861328,168.75,165.69000244140625,167.83999633789062,34754500,0.01559281075533403,0.014121885220200303,,,0.0,64.011723665853,1.4632798215790501,1.1798803510567497,0.2833994705223004,1.0
2020-01-30,163.0171661376953,172.77999877929688,174.0500030517578,170.7899932861328,174.0500030517578,51597500,0.028207603442907514,0.03634835361218336,163.6874984741211,,0.0,71.88260334401113,1.9891800327436613,1.3417402873941322,0.6474397453495291,1.0
2020-01-31,160.61126708984375,170.22999572753906,172.39999389648438,169.5800018310547,172.2100067138672,36142700,-0.014758670388782091,0.031446938030397664,164.16799850463866,,0.20589388697788072,63.79870854714832,2.175122347530163,1.5084166994213384,0.6667056481088245,0.8322366076492727
2020-02-03,164.52676391601562,174.3800048828125,174.5,170.39999389648438,170.42999267578125,30107000,0.0243788360420083,0.07456252276641817,164.95599899291992,,0.21070964425984928,69.75921261136129,2.627070790617978,1.7321475176606664,0.8949232729573116,1.0
2020-02-04,169.94241333007812,180.1199951171875,180.63999938964844,176.30999755859375,177.13999938964844,36433300,0.03291656195463699,0.08860140099396996,166.01049880981446,,0.2327738543299775,75.71505097446581,3.4091142813563806,2.0675408703998093,1.3415734109565713,1.0
2020-02-05,169.73486328125,179.89999389648438,184.1999969482422,178.41000366210938,184.02999877929688,39186300,-0.001221414760532169,0.07057844015833048,167.12649841308593,,0.22744223027561264,75.10451051609085,3.965426157846281,2.4471179278891038,1.518308229957177,0.990239517026011
2020-02-06,173.2541046142578,183.6300048828125,183.82000732421875,180.05999755859375,180.97000122070312,27751400,0.0207338027397288,0.06279665574818671,168.30349884033203,,0.23063368045194763,78.29951436805635,4.653643733403328,2.888423088991949,1.7652206444113792,1.0
2020-02-07,173.4994354248047,183.88999938964844,185.6300048828125,182.47999572753906,182.85000610351562,33529100,0.0014158606977212607,0.08024439878370693,169.39349899291992,,0.23047507511239443,78.50657384415524,5.16055286313545,3.342849043820649,1.8177038193148012,1.0
2020-02-10,178.03761291503906,188.6999969482422,188.83999633789062,183.25,183.5800018310547,35844300,0.026156928460267848,0.08211946131698444,170.7614990234375,,0.23670933835835412,81.93987418317477,5.882597680413028,3.850798771139125,2.0317989092739026,1.0
2020-02-11,174.0183563232422,184.44000244140625,190.6999969482422,183.5,190.64999389648438,53159900,-0.022575487947699258,0.023984051972731457,171.81949920654296,,0.2596001882252029,71.10648762346105,6.041435537502139,4.288926124411728,1.7525094130904106,0.8631106948830094
2020-02-12,174.27310180664062,184.7100067138672,185.85000610351562,181.85000610351562,185.5800018310547,47062900,0.0014639138412868569,0.026737148307801162,172.9484992980957,,0.2555526432309592,71.3649003666998,6.118571686158532,4.654855236761089,1.4637164493974426,0.8717869260791966
2020-02-13,173.32962036132812,183.7100067138672,186.22999572753906,182.8699951171875,183.0800018310547,35295800,-0.005413891850207575,0.000435668621289631,173.975,,0.25912821947676745,68.90685407754398,6.029506598226561,4.9297855090541844,1.0997210891723768,0.8396532449447899
2020-02-14,174.87693786621094,185.35000610351562,185.41000366210938,182.64999389648438,183.25,23149500,0.008927109736612149,0.007939565602877341,174.93400039672852,,0.2553535218810231,70.68985562766905,6.021840094910175,5.1481964262253825,0.8736436686847924,0.8923524623923745
2020-02-18,176.65066528320312,187.22999572753906,187.6999969482422,185.5,185.61000061035156,27792200,0.010142916439794813,-0.0077901496792621705,175.94049987792968,,0.25586242732659487,72.62759957727867,6.097179299129579,5.337993000806223,0.7591862983233559,0.952763449506737
2020-02-19,177.18048095703125,187.27999877929688,188.17999267578125,186.47000122070312,188.05999755859375,29997500,0.00026706752603145034,0.015397941337551568,176.97949981689453,,0.25434121081966593,72.6793358843639,6.0907110638390805,5.488536613412794,0.6021744504262863,0.9543702316276698
2020-02-20,174.47471618652344,184.4199981689453,187.25,181.10000610351562,186.9499969482422,36862400,-0.015271254960450786,-0.00157007489784311,177.91549987792968,,0.26282089768741596,65.10020830134286,5.788085348596667,5.548446360449569,0.23963898814709772,0.8624678839704238
2020-02-21,168.9591522216797,178.58999633789062,183.5,177.25,183.1699981689453,48572600,-0.03161263360231614,-0.027870067981387137,178.50899963378907,,0.2939163856319396,52.97324430796246,5.019952971515266,5.442747682662709,-0.4227947111474428,0.6751284641183046
2020-02-24,161.67434692382812,170.88999938964844,174.5500030517578,163.22999572753906,167.77000427246094,68311100,-0.04311549978238349,-0.07801460068898758,178.80149993896484,,0.33486281732814294,41.877488644282295,3.7466876434975234,5.103535674829672,-1.3568480313321487,0.42769921744758466
2020-02-25,159.0064239501953,168.07000732421875,174.83999633789062,167.64999389648438,174.1999969482422,68073300,-0.016501796919080047,-0.10233396806354855,179.09100036621095,,0.33469991287779643,38.68190504144534,2.4814611659735704,4.5791207730584516,-2.097659607084881,0.33708249161550985
2020-02-26,160.99317932128906,170.1699981689453,173.25999450683594,168.2100067138672,169.7100067138672,56206100,0.012494738818423112,-0.09136053354269358,179.32649993896484,,0.3306639179718839,42.2179417173296,1.6294287376811667,3.9891823659829946,-2.359753628301828,0.4045629278051268
2020-02-27,149.64979553222656,158.17999267578125,167.02999877929688,157.97999572753906,163.32000732421875,93174900,-0.0704589858504926,-0.14228394834450575,178.83349990844727,,0.41318999223693936,31.166803058930455,-0.013154699753982868,3.1887149528355994,-3.2018696525895822,0.01927991448800675
2020-02-28,153.27322387695312,162.00999450683594,163.7100067138672,152.0,152.41000366210938,97012700,0.024212934684508358,-0.09283835696869314,178.2949996948242,,0.40945436261698237,36.85306102259227,-0.9944019226203977,2.3520915777444,-3.3464935003647978,0.14235197207131228
2020-03-02,163.47186279296875,172.7899932861328,172.9199981689453,162.30999755859375,165.30999755859375,71030800,0.06653909724589258,0.011118227533913005,178.4229995727539,,0.4746970546402492,49.49857913637413,-0.8919102211317238,1.7032912179691753,-2.595201439100899,0.4887530154745327
2020-03-03,155.6383819580078,164.50999450683594,175.0,162.25999450683594,173.8000030517578,71677000,-0.047919434579672404,-0.021181725841870724,177.92949905395508,,0.4966844981145217,42.46450925196475,-1.4619589590986948,1.0702411825556013,-2.532200141654296,0.2226861749073293
2020-03-04,161.35267639160156,170.5500030517578,170.6999969482422,165.6199951171875,168.49000549316406,49814400,0.03671514647501195,0.00223308977435166,177.45099945068358,,0.5004398176852576,48.24252822697566,-1.410093796268768,0.5741741867907274,-1.9842679830594956,0.4167738835389413
2020-03-05,157.3035125732422,166.27000427246094,170.8699951171875,165.69000244140625,166.0500030517578,47817300,-0.025095272370050936,0.05114434170737159,176.7694999694824,,0.5069215632916854,44.80857004456399,-1.6948136562602656,0.1203766181805288,-1.8151902744407944,0.27924176750936514
2020-03-06,152.8569793701172,161.57000732421875,163.11000061035156,156.0,162.61000061035156,72821100,-0.02826725703657562,-0.0027158027130148588,175.66650009155273,,0.5057624825244557,41.329496043793114,-2.273499187381077,-0.3583985429317924,-1.9151006444492846,0.12821356424186559
2020-03-09,142.49746704101562,150.6199951171875,157.75,150.0,151.0,70419300,-0.06777255499566892,-0.12830603061736767,174.00299987792968,,0.5501772580785212,34.590942444282746,-3.574481711898386,-1.0016151767251111,-2.572866535173275,0.0
2020-03-10,152.24205017089844,160.9199981689453,161.02999877929688,152.5800018310547,158.16000366210938,65354400,0.06838403522549608,-0.021822360086100723,172.61399993896484,,0.6041022364902902,43.8627634856877,-3.731382515161755,-1.54756864441244,-2.183813870749315,0.2704832604119793
2020-03-11,145.34512329101562,153.6300048828125,157.6999969482422,151.14999389648438,157.1300048828125,56371600,-0.04530197221652499,-0.0992084307603941,171.07350006103516,,0.617001297364397,39.58575119791542,-4.393325543220129,-2.116720024173978,-2.2766055190461514,0.07904437029649253
2020-03-12,131.56085205078125,139.05999755859375,153.47000122070312,138.5800018310547,145.3000030517578,93226400,-0.09483829239823705,-0.16364952195032778,168.79099960327147,,0.6873134990071361,32.71886221925578,-6.024155274334959,-2.8982070742061743,-3.1259482001287844,0.0
2020-03-13,150.2647247314453,158.8300018310547,161.91000366210938,140.72999572753906,147.5,92727400,0.14216888119914373,-0.016958627028256235,167.54699935913087,168.76799926757812,0.8816435018688704,46.324750072837276,-5.656125175560987,-3.4497906944771373,-2.20633448108385,0.3982676171543956
2020-03-16,128.11715698242188,135.4199981689453,149.35000610351562,135.0,140.0,87905900,-0.1473903128642552,-0.10091619599652801,165.05049896240234,168.2639993286133,1.0119529765658257,36.82772033007164,-7.170789918221857,-4.193990539226081,-2.976799378995776,0.0
2020-03-17,138.66590881347656,146.57000732421875,147.5,135.0,140.0,81059800,0.08233650351525679,-0.08917468933638018,163.01749954223632,168.02299957275392,1.0654795854479118,42.83857447553452,-7.386315240760894,-4.832455479533044,-2.5538597612278497,0.20927194839963137
2020-03-18,132.82858276367188,140.39999389648438,146.0,135.02000427246094,138.0,81593200,-0.042096016370430145,-0.08611606174470832,160.6734992980957,167.65039947509766,1.0706529003545162,40.539847863522155,-7.963194382389844,-5.458603260104404,-2.50459112228544,0.09346839042110021
2020-03-19,135.01406860351562,142.7100067138672,150.14999389648438,139.0,142.77000427246094,85922700,0.016453083460145734,0.02624772917700846,158.5879997253418,167.3529995727539,1.0753340083808591,41.799049712270005,-8.14014203917526,-5.994911015918575,-2.1452310232566845,0.13682448783678594
2020-03-20,129.94308471679688,137.35000610351562,147.10000610351562,135.86000061035156,146.0,84866200,-0.03755868795590722,-0.135238906251396,156.52600021362304,166.8981997680664,1.0770841826367301,39.69829050822811,-8.613589488033142,-6.518646710341488,-2.094942777691654,0.0362238734757678
2020-03-23,128.64694213867188,135.97999572753906,140.57000732421875,132.52000427246094,137.00999450683594,78975200,-0.009974592756435974,0.004135264851319098,154.78050003051757,166.37599975585937,1.0703199885042765,39.1565909991258,-8.995652111996492,-7.01404779067249,-1.981604321324002,0.01051046492912739
2020-03-24,140.3404083251953,148.33999633789062,149.60000610351562,141.27000427246094,143.75,82516700,0.09089572730328,0.012076065533356939,153.79399948120118,166.11599975585938,1.1269853332729602,46.278755793301215,-8.206491416988229,-7.252536515935638,-0.9539549010525903,0.24249246368161825
2020-03-25,138.9969940185547,146.9199981689453,154.3300018310547,144.44000244140625,148.91000366210938,75638200,-0.009572591371182382,0.04643877888818193,152.63149948120116,165.78879974365233,1.1254685719496431,45.61807840711502,-7.607958060678385,-7.3236208248841885,-0.28433723579419645,0.2158408457859909
2020-03-26,147.69137573242188,156.11000061035156,156.66000366210938,148.3699951171875,148.39999389648438,64568100,0.06255106558630996,0.09389666642894423,152.5279998779297,165.66839965820313,1.1217755463919241,50.539378645143664,-6.319215685785792,-7.12273979706451,0.8035241112787173,0.38832588054498623
2020-03-27,141.6270751953125,149.6999969482422,154.88999938964844,149.1999969482422,151.75,57042300,-0.04106081376624071,0.0899162016448607,151.9125,165.39879974365235,1.128328342549283,47.32259953726068,-5.74884271342242,-6.847960380336092,1.0991176669136724,0.26801800124750913
2020-03-30,151.58921813964844,160.22999572753906,160.60000610351562,150.00999450683594,152.44000244140625,63420300,0.0703406746423485,0.17833505487519896,151.2845001220703,165.27999969482423,1.1314469438549006,52.65386821962608,-4.39645552232858,-6.35765940873459,1.9612038864060102,0.4656531179995865
2020-03-31,149.20513916015625,157.7100067138672,164.77999877929688,156.55999755859375,159.39999389648438,77927200,-0.015727323727555698,0.06316577192460926,150.9445007324219,165.09219970703126,1.1195814709285563,51.315397296995776,-3.487815615612618,-5.783690650110196,2.295875034497578,0.4183560258185132
2020-04-01,143.90711975097656,152.11000061035156,157.75,150.82000732421875,153.0,57969900,-0.03550824846311562,0.03532536418519561,150.02250061035156,164.8043997192383,1.1177407991830701,48.372649325692386,-3.1828951999120534,-5.263531560070567,2.080636360158514,0.313250803749859
2020-04-02,146.88726806640625,155.25999450683594,155.47999572753906,150.36000061035156,151.86000061035156,49630700,0.020708657444249656,-0.00544491768747879,149.4720001220703,164.59559967041017,1.1177480238161346,50.105896466729796,-2.6564435639608632,-4.742113960848627,2.085670396887764,0.3723723121705456
2020-04-03,145.5343780517578,153.8300018310547,157.3800048828125,152.19000244140625,155.10000610351562,41243300,-0.00921030997278749,0.0275885435337746,149.08499984741212,164.33779968261717,1.1136353776304786,49.29678558999222,-2.3277820847000896,-4.25924758561892,1.9314655009188302,0.3455331096828589
2020-04-06,156.35743713378906,165.27000427246094,166.5,157.5800018310547,160.32000732421875,67111700,0.07436782360550409,0.03145483791619208,149.81750030517577,164.34239990234374,1.1133861254435036,55.48921974596361,-1.1311635562245783,-3.6336307797400518,2.5024672235154735,0.5602478751391133
2020-04-07,154.67344665527344,163.49000549316406,170.0,163.25999450683594,169.58999633789062,62769000,-0.010770247070136185,0.03664953733584908,149.9460006713867,164.3666000366211,1.0907258898754757,54.3764256026105,-0.3227453689443962,-2.971453697580921,2.6487083286365247,0.5268394888763769
2020-04-08,156.22503662109375,165.1300048828125,166.6699981689453,163.5,165.6699981689453,48318200,0.010031190498167808,0.08559597804363483,150.52100067138673,164.36,1.0757809048006088,55.266543102144425,0.4451348757507674,-2.288135982914583,2.7332708586653505,0.5576202589068314
2020-04-09,156.23440551757812,165.13999938964844,167.3699951171875,163.3300018310547,166.36000061035156,51385100,6.052508048459693e-05,0.06363522628089169,151.82500076293945,164.30200012207033,1.0086727276910172,55.27227023494561,1.0424749725586366,-1.622013791819939,2.664488764378576,0.5578078434988908
2020-04-13,156.58447265625,165.50999450683594,165.57000732421875,162.3000030517578,164.35000610351562,41905300,0.002240493633008267,0.07592792392090675,152.15900039672852,164.1566000366211,0.8806789999693813,55.499408280999354,1.5281116962429167,-0.9919886942073681,2.5201003904502848,0.5647521964580592
2020-04-14,164.33282470703125,173.6999969482422,173.75,168.0,169.0,52874300,0.04948343129253141,0.05100739673173682,154.07300033569337,164.22600006103517,0.6896890428960951,60.30475016432233,2.5445154586006424,-0.28468786364576604,2.8292033222464084,0.7184684620182727
2020-04-15,162.61099243164062,171.8800048828125,173.57000732421875,169.24000549316406,171.1999969482422,40940800,-0.010477789852650354,0.051318117975102995,155.33850021362304,164.17600006103515,0.6438084053734187,58.785603740973905,3.1666613132500743,0.40558197173340205,2.7610793415166723,0.6843094509986087
2020-04-16,167.4927215576172,177.0399932861328,177.27999877929688,172.89999389648438,174.3000030517578,50479600,0.030020876522771633,0.07212492006993187,157.17050018310547,164.11440002441407,0.6186557095665308,61.729208343085126,4.02963322227734,1.1303922218421896,2.8992410004351505,0.7811560824089183
2020-04-17,168.9685516357422,178.60000610351562,180.0,175.8699951171875,179.5,52765600,0.008811640739623705,0.08150664141706976,158.9650001525879,164.0884002685547,0.6185805513190149,62.598926864290156,4.784274535610933,1.8611686845959383,2.923105851014995,0.8104356029255178
2020-04-20,165.61947631835938,175.05999755859375,178.75,174.99000549316406,176.6300048828125,36669600,-0.019820875833957752,0.05770046141451224,160.8504997253418,163.9170001220703,0.6027405248436546,59.30536314911265,5.038602238649361,2.496655395406623,2.5419468432427377,0.7439939995841636
2020-04-21,158.76995849609375,167.82000732421875,173.6699981689453,166.11000061035156,173.5,56203700,-0.04135719373554614,-0.03385140890805838,162.44250030517577,163.59560028076172,0.6282693266204344,53.146606120129334,4.602892787989759,2.9179028739232504,1.684989914066509,0.608108293873745
2020-04-22,164.16253662109375,173.52000427246094,174.0,170.82000732421875,171.38999938964844,34620200,0.033964942792727326,0.00954153678763614,163.7015007019043,163.29200042724608,0.5615677104981927,56.93812612747932,4.663770977355654,3.2670764946097313,1.3966944827459224,0.7346703751467106
2020-04-23,162.17579650878906,171.4199981689453,175.05999755859375,170.91000366210938,174.11000061035156,32790800,-0.012102386190690706,-0.031744212213702716,164.9265007019043,163.0316003417969,0.5627153925098464,55.16687042395721,4.490797322847811,3.5118206602573476,0.9789766625904637,0.6941766212168957
2020-04-24,165.13697814941406,174.5500030517578,174.55999755859375,170.7100067138672,172.05999755859375,34277600,0.01825927497518509,-0.022676388092677024,165.8485008239746,162.82840026855467,0.5269339958041633,57.299054635193826,4.553786475092011,3.72021382322428,0.8335726518677307,0.7545315160486504
2020-04-27,164.6639404296875,174.0500030517578,176.89999389648438,173.3000030517578,176.58999633789062,33194400,-0.0028645086866697644,-0.005769419175833623,167.06600112915038,162.6352001953125,0.4982426514159539,56.834064164063506,4.511355908045829,3.87844224018859,0.6329136678572387,0.7448901740873046
2020-04-28,160.65257263183594,169.80999755859375,175.6699981689453,169.38999938964844,175.58999633789062,34392700,-0.024360846991213214,0.011857884325618295,167.5450012207031,162.32440002441408,0.45243672747183733,52.91269628344567,4.088467066511697,3.920447205453212,0.1680198610584851,0.6631314883321461
2020-04-29,167.86163330078125,177.42999267578125,177.67999267578125,171.8800048828125,173.22000122070312,51286600,0.04487365424146006,0.022533358154952943,168.53100051879883,162.1283999633789,0.4694737157204762,58.45984651689832,4.318414541136548,4.000040672589879,0.3183738685466686,0.8100654456693256
2020-04-30,169.5457000732422,179.2100067138672,180.39999389648438,176.22999572753906,180.0,53875900,0.010032204878340778,0.04544398919689829,169.8860008239746,161.96700012207032,0.4427310228060488,59.655496061555986,4.5913555394946,4.1183036459708235,0.47305189352377663,0.8936736437739158
2020-05-01,165.15591430664062,174.57000732421875,178.63999938964844,174.00999450683594,175.8000030517578,39370500,-0.025891407933803734,0.00011460482446978837,170.85150146484375,161.77000030517578,0.456506162016968,55.19565029622815,4.382732660521185,4.171189448880896,0.2115432116402891,0.8940397697139404
2020-05-04,169.19561767578125,178.83999633789062,179.0,173.8000030517578,174.49000549316406,30372900,0.02446003800493335,0.027520788291560017,172.10200119018555,161.77500030517578,0.4570131797593185,58.28624583451335,4.509961919846091,4.238943943073935,0.2710179767721561,0.9915503470250071
2020-05-05,171.0121307373047,180.75999450683594,183.64999389648438,179.89999389648438,180.6199951171875,36839200,0.010735843258002475,0.06448381782977086,172.8765007019043,161.97240020751954,0.38440525485558236,59.63455798365805,4.711409633137947,4.333437081086738,0.37797255205120894,1.0
2020-05-06,172.6960906982422,182.5399932861328,184.1999969482422,181.6300048828125,182.0800018310547,32139300,0.009847304898150888,0.028800094805217613,173.82900009155273,162.26179992675782,0.3802976677378059,60.89647459439379,4.957541964884427,4.458258057846276,0.4992839070381514,1.0
2020-05-07,173.69891357421875,183.60000610351562,184.5500030517578,182.5800018310547,184.1699981689453,28316000,0.00580701685313012,0.02449639654697222,174.75250015258788,162.53040008544923,0.37996938481308257,61.665059469796695,5.178443908637917,4.602295228004604,0.5761486806333123,1.0
2020-05-08,174.720703125,184.67999267578125,185.0,183.36000061035156,184.97999572753906,30877800,0.005882279609820573,0.0579136445402435,175.72949981689453,163.06040008544923,0.3794080498498596,62.47433469252505,5.378654401290589,4.757567062661802,0.6210873386287874,1.0
2020-05-11,176.6696319580078,186.74000549316406,187.50999450683594,182.85000610351562,183.14999389648438,30892700,0.0111544991286594,0.04417361505838757,176.79100036621094,163.55500030517578,0.3795941753561515,64.0339945896734,5.6385507738291665,4.933763804895275,0.7047869689338917,1.0
2020-05-12,172.6677703857422,182.50999450683594,187.0399932861328,182.3000030517578,186.8000030517578,32038200,-0.022651873524138777,0.009681345724613877,177.23150024414062,163.74940032958983,0.3564672282722446,58.64407937349069,5.440479525212652,5.0351069489587506,0.40537257625390133,0.9175757914529385
2020-05-13,170.05654907226562,179.75,184.0500030517578,176.5399932861328,182.5500030517578,44711500,-0.015122429400613258,-0.015284285026566646,177.625,164.05420043945313,0.35911872735851225,55.36923071871986,5.003125229879885,5.028710605142978,-0.025585375263093013,0.8637957035157053
2020-05-14,170.7944793701172,180.52999877929688,180.69000244140625,175.67999267578125,177.5399932861328,41873900,0.004339353431415116,-0.016721172233991388,177.79950027465821,164.2538003540039,0.3442634007135551,56.11508284604079,4.665675183396388,4.9561035207936595,-0.29042833739727136,0.8789944304833218
2020-05-15,173.28271484375,183.16000366210938,187.05999755859375,177.0,179.05999755859375,46610400,0.014568242954611454,-0.00823039351284971,178.0275001525879,164.59160034179686,0.3465503842663417,58.62578634630435,4.557922115596398,4.8764672397542075,-0.31854512415780967,0.9302415954768342
2020-05-18,174.9382781982422,184.91000366210938,186.1999969482422,183.9600067138672,185.75,35264500,0.009554487688416824,-0.009799731055066707,178.52000045776367,165.0584002685547,0.3381801613514476,60.25518301472874,4.561159203609549,4.813405632525276,-0.25224642891572735,0.9643413567832622
2020-05-19,173.72732543945312,183.6300048828125,186.60000610351562,183.49000549316406,185.02999877929688,26799100,-0.006922279779064011,0.006136707082825543,179.31050033569335,165.71860046386718,0.2980419238840867,58.4422563516108,4.409608196683223,4.732646145356865,-0.3230379486736421,0.9393998408709521
2020-05-20,176.13705444335938,185.66000366210938,185.85000610351562,183.94000244140625,184.80999755859375,31261300,0.01105483159243148,0.032879018982527874,179.9175003051758,166.21340057373047,0.27864710418187877,60.47342469171137,4.4025569320930344,4.666628302704099,-0.2640713706110649,0.9789555402003028
2020-05-21,174.0214385986328,183.42999267578125,186.6699981689453,183.2899932861328,185.39999389648438,29119500,-0.012011262212332063,0.016063778408538676,180.51800003051758,166.80940032958983,0.2785794689268498,57.16788775667995,4.168968233780049,4.56709628891929,-0.39812805513924054,0.9355024874320164
2020-05-22,174.09730529785156,183.50999450683594,184.4600067138672,182.5399932861328,183.19000244140625,20826900,0.0004361436746938008,0.0019108475525706492,180.96599960327148,167.69840026855468,0.273219261468872,57.25815046683108,3.9448294483052564,4.442642920796484,-0.4978134724912273,0.9370613693423261
2020-05-26,172.2568359375,181.57000732421875,186.5,181.10000610351562,186.33999633789062,36073600,-0.010571561444545297,-0.018062821219742564,181.34199981689454,168.15320037841798,0.2766292970961732,54.271435338432674,3.5695100041112937,4.268016337459446,-0.6985063333481527,0.8992595979910255
2020-05-27,172.4844970703125,181.80999755859375,181.99000549316406,176.60000610351562,180.1999969482422,39517100,0.0013217504251485934,-0.009911274169927875,181.94199981689454,169.08100036621093,0.2582602314306857,54.587019995120166,3.2539226519537863,4.065197600358315,-0.8112749484045283,0.902876142905927
2020-05-28,172.09555053710938,181.39999389648438,184.14999389648438,180.3800048828125,180.74000549316406,33810200,-0.002255121652357084,-0.022945220734660654,182.1404998779297,169.77760009765626,0.2074057569316383,53.90260904942569,2.936879019503124,3.8395338841872766,-0.9026548646841528,0.8947988461519962
2020-05-29,173.8506622314453,183.25,184.27000427246094,180.41000366210938,182.72999572753906,42130400,0.010198490439703889,-0.0009812608786361476,182.34249954223634,170.63460021972656,0.20750061666949715,56.54982401344879,2.802593138866314,3.632145735123084,-0.8295525962567702,0.9312449798713885
2020-06-01,173.4521942138672,182.8300018310547,183.0,181.4600067138672,182.5399932861328,22622400,-0.002291940894653788,-0.0037054803342382314,182.75549926757813,171.43700012207032,0.18197948028362562,55.76684902500392,2.6319408925385517,3.432104766606178,-0.8001638740676262,0.9229707858575462
2020-06-02,175.425537109375,184.91000366210938,185.0,181.35000610351562,184.25,30794600,0.011376698628361437,0.01839508841306925,183.05899963378906,172.3882000732422,0.16616026415475346,58.808603469303364,2.634171433732945,3.2725181000315318,-0.6383466662985868,0.9639479614069346
2020-06-03,175.8524169921875,185.36000061035156,185.94000244140625,183.5800018310547,184.82000732421875,27311000,0.0024335998016877802,0.019525895712163566,183.28899993896485,173.37580017089843,0.16276588082665644,59.45815015185729,2.641797153517331,3.1463739107286917,-0.5045767572113609,0.9653439319692648
2020-06-04,173.53758239746094,182.9199981689453,185.83999633789062,182.3000030517578,184.3000030517578,28761800,-0.013163586714349584,0.008379296160992755,183.30800018310546,174.06740020751954,0.16718775384119197,54.44482540278344,2.423021700432571,3.0017034686694677,-0.5786817682368968,0.9040681410951072
2020-06-05,177.59803771972656,187.1999969482422,187.72999572753906,182.00999450683594,182.6199951171875,39893600,0.023398200427182658,0.021555235733927258,183.4879997253418,174.87300018310546,0.18570766597765154,60.703798491997354,2.5654280520572854,2.9144483853470313,-0.3490203332897459,1.0
2020-06-08,178.6985626220703,188.36000061035156,188.5500030517578,184.44000244140625,185.94000244140625,33211600,0.00619660086014906,0.03024667026151917,183.6720001220703,175.51800018310547,0.18581976681493073,62.21889542212837,2.7403002373212075,2.8796187557418667,-0.13931851842065912,1.0
2020-06-09,180.064697265625,189.8000030517578,190.6999969482422,187.25999450683594,188.0,29783900,0.007644948167021326,0.026445293887852994,183.825,176.32000030517577,0.18369457189793895,64.0708297634791,2.960951856573814,2.8958853759082563,0.06506648066555787,1.0
2020-06-10,186.7435760498047,196.83999633789062,198.52000427246094,191.00999450683594,191.1300048828125,43872300,0.03709163947807226,0.061933511489738136,184.54150009155273,177.0522003173828,0.20354181482664777,71.44113639436202,3.6616789217586643,3.049044085078338,0.6126348366803263,1.0
2020-06-11,176.71575927734375,186.27000427246094,195.75999450683594,186.07000732421875,193.1300048828125,52854700,-0.05369839596666881,0.018314050607094012,184.86750030517578,177.6234002685547,0.2821482466082364,53.64718478274171,3.325762823202467,3.104387832703164,0.22137499049930298,0.763693425552419
2020-06-12,178.11036682128906,187.74000549316406,191.72000122070312,185.17999267578125,190.5399932861328,43373600,0.007891776383667892,0.002884661077591666,185.22800064086914,178.33600036621092,0.28283070226135704,55.314132438277596,3.141945318313333,3.111899329825198,0.03004598848813478,0.7884214832140882
2020-06-15,179.248779296875,188.94000244140625,190.82000732421875,184.00999450683594,184.5800018310547,32770200,0.0063918020300999245,0.0030792197344196026,185.517000579834,179.00960052490234,0.279524717215529,56.68358038243717,3.05784936228207,3.101089336316573,-0.04323997403450264,0.8163219040814161
2020-06-16,183.6413116455078,193.57000732421875,195.5800018310547,191.4600067138672,192.88999938964844,42556700,0.024505159431488677,0.01986303588958771,185.95000076293945,179.8044006347656,0.2899377701252618,61.57640172558078,3.326460049920314,3.1461634790373214,0.18029657088299267,0.9019493279954246
2020-06-17,184.27694702148438,194.24000549316406,196.32000732421875,193.69000244140625,195.02999877929688,25687800,0.0034612705666901,-0.013208651153719164,186.48050079345703,180.38380065917968,0.28782036834459346,62.2410675715241,3.5524487896106223,3.227420541151982,0.3250282484586404,0.9220392336288247
2020-06-18,186.2503204345703,196.32000732421875,196.49000549316406,194.0,194.0,23061600,0.010708411100863069,0.05395395297815897,187.0135009765625,181.04040069580077,0.2876939137064045,64.30541347773863,3.8549478195990616,3.352925996841398,0.5020218227576638,0.9836017296186119
2020-06-19,185.14024353027344,195.14999389648438,199.2899932861328,194.3699951171875,198.58999633789062,44441100,-0.005959725876548694,0.03946941614204924,187.59950103759766,181.64080047607422,0.2843009655117021,62.24396802966606,3.9546830503450963,3.4732774075421378,0.4814056428029585,0.946687615012532
2020-06-22,190.28228759765625,200.57000732421875,200.75999450683594,195.22999572753906,195.7899932861328,32818900,0.027773577234183167,0.061553957513148516,188.4525016784668,182.34940063476563,0.296982746574132,67.44961426339523,4.42012131880756,3.6626461897952223,0.7574751290123376,1.0
2020-06-23,191.55355834960938,201.91000366210938,203.9499969482422,201.42999267578125,202.08999633789062,30917400,0.006680940763613474,0.04308516827155762,189.46950149536133,183.07740081787108,0.2915399693188804,68.60220567291893,4.841303472690441,3.898377646374266,0.9429258263161753,1.0
2020-06-24,187.69229125976562,197.83999633789062,203.25,196.55999755859375,201.60000610351562,36740600,-0.020157531823087882,0.018533724994428402,190.27100143432617,183.56020080566407,0.30525552715028365,61.48125135321182,4.791444992203026,4.076991115540018,0.7144538766630077,0.8806099219290621
2020-06-25,190.06410217285156,200.33999633789062,200.61000061035156,195.47000122070312,197.8000030517578,27803900,0.012636474152224686,0.020476715890871633,191.21800155639647,184.12940063476563,0.3055187845707707,63.956168009828644,4.897208917835911,4.241034675999197,0.6561742418367142,0.9539452187481257
2020-06-26,186.25978088378906,196.3300018310547,199.88999938964844,194.8800048828125,199.72999572753906,54675800,-0.020015945792834833,0.00604667164476691,191.87200164794922,184.51520080566405,0.3174947457651246,57.5669185591468,4.604378142013388,4.3137033692020355,0.2906747728113528,0.8363155637874744
2020-06-29,188.2615203857422,198.44000244140625,198.52999877929688,193.5500030517578,195.77999877929688,26701600,0.010747214336437771,-0.0106197577156657,192.6525016784668,184.9120007324219,0.31763440919291885,59.840344815357,4.490799911730193,4.349122677707667,0.1416772340225254,0.8982105722068894
2020-06-30,193.07147216796875,203.50999450683594,204.39999389648438,197.74000549316406,197.8800048828125,34310300,0.025549244119399406,0.007924277230979104,193.58250122070314,185.4810006713867,0.32570537077432105,64.73012763901582,4.75508072328924,4.430314286823982,0.32476643646525716,1.0
2020-07-01,194.200439453125,204.6999969482422,206.35000610351562,201.77000427246094,203.13999938964844,32061200,0.005847390661524843,0.03467448815878149,194.54950103759765,186.21860046386718,0.32557319251487105,65.78321418132549,5.002878354756376,4.544827100410461,0.4580512543459152,1.0
2020-07-02,195.680419921875,206.25999450683594,208.02000427246094,205.0,205.67999267578125,29315800,0.007620896833663293,0.02954975679923999,195.71650085449218,186.8734002685547,0.31832295942474775,67.16719145531418,5.264453189158246,4.688752318160018,0.5757008709982276,1.0
2020-07-06,199.8926544189453,210.6999969482422,211.1300048828125,208.08999633789062,208.8300018310547,31897600,0.021526241441158778,0.07319306770828193,196.8915008544922,187.65900024414063,0.31704958983957254,70.78866358551656,5.763585197885476,4.90371889410511,0.8598663037803655,1.0
2020-07-07,197.56837463378906,208.25,214.6699981689453,207.99000549316406,210.4499969482422,33600700,-0.011627892661261074,0.04943558475056142,197.8860008239746,188.33300018310547,0.32324664754771687,66.43418892001554,5.893519804887376,5.101679076261564,0.7918407286258118,0.9400832236533997
2020-07-08,201.9134063720703,212.8300018310547,213.25999450683594,208.69000244140625,210.07000732421875,33600000,0.02199280591142716,0.04579631259292127,199.03750076293946,189.10860015869142,0.3286351019759033,70.13289616638033,6.293514075472842,5.340046076103819,0.9534679993690229,1.0
2020-07-09,203.3269805908203,214.32000732421875,216.3800048828125,211.47000122070312,216.3300018310547,33121700,0.00700091848115858,0.04699565471126488,199.91150131225587,189.99880035400392,0.3074917969503352,71.24309768162064,6.654039778942121,5.60284481667148,1.0511949622706407,1.0
2020-07-10,202.71034240722656,213.6699981689453,214.0800018310547,211.0800018310547,213.6199951171875,26177600,-0.003032890691768819,0.035925549594949535,201.28150100708007,190.7236004638672,0.2208032928869611,70.02031562954666,6.808820841593445,5.844040021655873,0.9647808199375714,0.983647568420794
2020-07-13,196.4488525390625,207.07000732421875,215.8000030517578,206.5,214.47999572753906,38135600,-0.030888711102566968,-0.01722823766777337,202.2480010986328,191.2808004760742,0.2583844766795684,58.95560835091621,6.325999659856677,5.940431949296034,0.3855677105606432,0.8176100628930818
2020-07-14,197.66323852539062,208.35000610351562,208.85000610351562,202.02999877929688,206.1300048828125,37591800,0.006181478408375796,0.00048022138542913595,203.21850128173827,191.95640045166016,0.2583709388717727,60.26695824139282,5.977737956732085,5.947893150783244,0.029844805948840758,0.8317362070997214
2020-07-15,197.36911010742188,208.0399932861328,211.3300018310547,205.02999877929688,209.55999755859375,32179400,-0.0014879424444498301,-0.022506265581504814,203.94200057983397,192.540400390625,0.24867394241885532,59.76888331326591,5.612030608946043,5.880720642415804,-0.2686900334697615,0.8183392332206323
2020-07-16,193.46044921875,203.9199981689453,205.6999969482422,202.30999755859375,205.39999389648438,29940700,-0.019803861037050563,-0.048525610301704214,204.42600021362304,193.0036004638672,0.2623417199608746,53.447078092456785,4.932892414193361,5.691154996771315,-0.7582625825779541,0.6991609212651948
2020-07-17,192.47381591796875,202.8800048828125,205.0399932861328,201.38999938964844,204.47000122070312,31635300,-0.005100006352840358,-0.05049840117282789,204.75400009155274,193.41040069580077,0.2618338350530616,51.95326141857042,4.261626359419921,5.405249269301037,-1.143622909881116,0.6690772340857529
2020-07-20,200.74652099609375,211.60000610351562,212.3000030517578,203.00999450683594,205.0,36884800,0.04298107753763092,0.021876653397727708,205.5765007019043,193.97040069580078,0.29781917384524725,61.63546067648366,4.382752751668647,5.200749965774559,-0.8179972141059118,0.92131904412998
2020-07-21,198.04275512695312,208.75,213.94000244140625,208.02999877929688,213.66000366210938,37990400,-0.01346883752981265,0.0019198170615153387,205.98550033569336,194.45180084228517,0.29045053791119346,57.5532634324607,4.200355532190855,5.000671079057819,-0.8003155468669636,0.8388774618420007
2020-07-22,200.88882446289062,211.75,212.3000030517578,208.38999938964844,209.1999969482422,49605700,0.014371257485029876,0.017833141865009283,206.47750015258788,194.95200073242188,0.29330724020017596,60.517596949238026,4.248900667560747,4.850316996758405,-0.601416329197658,0.9256578889291043
2020-07-23,192.15118408203125,202.5399932861328,210.9199981689453,202.14999389648438,207.19000244140625,67457000,-0.04349471883762546,-0.006767383754432865,206.7125,195.3526007080078,0.3270237155232883,49.165701683137186,3.5038126948205957,4.5810161363708435,-1.0772034415502478,0.6592417835609424
2020-07-24,190.97486877441406,201.3000030517578,202.86000061035156,197.50999450683594,200.4199981689453,39827000,-0.006122199444448695,-0.007787863727464539,206.76050033569337,195.78360076904298,0.325231387342314,47.86392055456882,2.781208222326768,4.221054553562029,-1.4398463312352607,0.6146788700822141
2020-07-27,193.39404296875,203.85000610351562,203.97000122070312,200.86000061035156,201.47000122070312,30160900,0.012667675176846194,-0.03662570782823449,207.1365005493164,196.25000091552735,0.318592626754248,50.75176325886963,2.38678948336414,3.8542015395224514,-1.4674120561583113,0.6819563502400524
2020-07-28,191.65786743164062,202.02000427246094,204.6999969482422,201.74000549316406,203.61000061035156,23251400,-0.008977197823214267,-0.03223950049120505,207.31550064086915,196.62720092773438,0.31916267389648995,48.668341393157775,1.9045890206356262,3.4642790357450863,-1.5596900151094601,0.6263670098811279
2020-07-29,193.59324645996094,204.05999755859375,204.64999389648438,202.00999450683594,202.5,19632600,0.010097976650775164,-0.03631642239152888,207.34300079345704,197.01020080566406,0.30797179543526015,51.0792517921051,1.667826424278985,3.1049885134518664,-1.4371620891728814,0.6883351889224574
2020-07-30,193.44143676757812,203.89999389648438,204.4600067138672,199.57000732421875,201.0,25079600,-0.0007841010684292993,0.006714726253744141,207.30300064086913,197.4156005859375,0.30729040004834096,50.87741206361133,1.4505582697654802,2.7741024647145895,-1.3235441949491094,0.6834748123475628
2020-07-31,194.4945068359375,205.00999450683594,205.10000610351562,199.00999450683594,204.39999389648438,51044000,0.005443848178411814,0.018430160948006646,207.24050064086913,197.80260040283204,0.3066692085472976,52.28600619372641,1.3523504108468387,2.4897520539410394,-1.1374016430942007,0.7171929216304834
2020-08-03,205.43312072753906,216.5399932861328,217.63999938964844,210.44000244140625,211.52000427246094,78983000,0.056241154520456416,0.06225159088871046,207.53250045776366,198.46480041503906,0.3594015451744005,63.87414112858971,2.1797675133377368,2.427755145820379,-0.24798763248264244,1.0
2020-08-04,202.34982299804688,213.2899932861328,214.77000427246094,210.30999755859375,214.1699981689453,49280100,-0.015008774825745475,0.055786500224365154,207.7845001220703,199.060400390625,0.3612487411328093,59.48843901708399,2.5439288612911355,2.4509898889145307,0.09293897237660476,0.9075128043127574
2020-08-05,202.01780700683594,212.94000244140625,215.0,211.57000732421875,214.89999389648438,28806400,-0.0016409154472476484,0.04351663720991028,207.79000015258788,199.68780029296875,0.3530634856512803,59.01847989678595,2.7723303188115835,2.5152579748939417,0.2570723439176419,0.8975529053143054
2020-08-06,205.25289916992188,216.35000610351562,216.3699951171875,211.5500030517578,212.33999633789062,32656800,0.01601391764352811,0.061059404510585,207.89150009155273,200.3786004638672,0.3567762622959028,62.1554721431493,3.1917069059396113,2.6505477611030757,0.5411591448365356,0.9945934210040666
2020-08-07,201.58140563964844,212.47999572753906,215.6999969482422,210.92999267578125,214.85000610351562,27820400,-0.017887729451345202,0.036437253894243904,207.8319999694824,201.0002005004883,0.362690402598669,56.83798977171162,3.1751868014071363,2.755475569163888,0.41971123224324813,0.8795610030336526
2020-08-10,197.56837463378906,208.25,211.8800048828125,206.35000610351562,211.6699981689453,36716500,-0.019907736316801983,-0.03828389001184895,207.8909996032715,201.5002005004883,0.3522441701261342,51.63793369277597,2.788623677979359,2.7621051909269827,0.02651848705237647,0.7540790451643975
2020-08-11,192.94815063476562,203.3800048828125,207.64999389648438,203.13999938964844,207.16000366210938,36446500,-0.023385330694777884,-0.04646250980010047,207.64249954223632,201.91120056152343,0.36145149084779693,46.37719123936838,2.06549200579758,2.6227825539011023,-0.5572905481035222,0.6085666176497286
2020-08-12,198.4601287841797,209.19000244140625,210.27999877929688,204.75,205.2899932861328,28013100,0.028567201392002417,-0.01761059433176193,207.7,202.39680053710939,0.37631116719350205,52.58358098750239,1.9388730706621118,2.4860006572533044,-0.5471275865911926,0.781380371439464
2020-08-13,197.9952392578125,208.6999969482422,211.35000610351562,208.14999389648438,209.44000244140625,22588900,-0.0023423944139076003,-0.03535941270837395,207.93899993896486,202.8636004638672,0.36882077968510507,52.036555315731,1.7784860243558285,2.344497730673809,-0.5660117063179806,0.7668055479912133
2020-08-14,198.18499755859375,208.89999389648438,209.58999633789062,207.50999450683594,208.75999450683594,17958900,0.0009582987597829273,-0.016848653534638047,208.23999938964843,203.38320037841797,0.36802788357947847,52.25487539689131,1.6485131830997943,2.205300821159006,-0.5567876380592116,0.7476048178875214
2020-08-17,199.4942169189453,210.27999877929688,211.19000244140625,208.9199981689453,209.60000610351562,20184800,0.0066060551609987694,0.009747893297944232,208.1739990234375,203.84480041503906,0.335111554694717,53.816971205833696,1.6379819940426614,2.0918370557357373,-0.4538550616930759,0.7931946885078643
2020-08-18,200.64218139648438,211.49000549316406,212.36000061035156,209.2100067138672,210.52999877929688,21336200,0.005754264413598165,0.03987609605489273,208.3109992980957,204.30740051269532,0.3318736663626391,55.200980434351145,1.7075893530779922,2.0149875152041883,-0.3073981621261961,0.8331684960081138
2020-08-19,199.4248809814453,209.6999969482422,212.10000610351562,209.25,211.49000549316406,27627600,-0.008463797335234946,0.0024379487589460958,208.2084991455078,204.705400390625,0.3294316420595644,52.685617503127546,1.5998726210682719,1.9319645363770053,-0.3320919153087334,0.7740337356977156
2020-08-20,204.06576538085938,214.5800018310547,215.0,208.91000366210938,209.5399932861328,26981500,0.0232713636329569,0.028174436841370776,208.8104995727539,205.0602005004883,0.2969213367958292,58.26860441221356,1.8865351422414847,1.9228786575499013,-0.03634351530841662,0.935249680659188
2020-08-21,202.58221435546875,213.02000427246094,216.25,212.85000610351562,213.86000061035156,36249300,-0.0072700044052659285,0.019722405439696278,209.39649963378906,205.5952005004883,0.29741940273990114,55.994013114550604,1.9651850599424563,1.9313399380284122,0.033845121914044096,0.8777781074431134
2020-08-24,203.21934509277344,213.69000244140625,215.52000427246094,212.42999267578125,214.7899932861328,25460100,0.0031452359191972423,0.016216490783264703,209.88849945068358,206.11420043945313,0.29522573898513754,56.77446037588225,2.057857241875439,1.9566433987978178,0.10121384307762127,0.8967394278947343
2020-08-25,205.86314392089844,216.47000122070312,216.61000061035156,213.10000610351562,213.10000610351562,23043700,0.013009493881489087,0.02354719182084475,210.6109992980957,206.66480041503905,0.29418171842516166,59.948458763015125,2.3287785720303873,2.0310704334443317,0.2977081385860556,0.9969528903698183
2020-08-26,210.31385803222656,221.14999389648438,222.08999633789062,217.36000061035156,217.8800048828125,39600800,0.02161959000965563,0.05460179835418999,211.46549911499022,207.21640014648438,0.30032493274035305,64.65382998189622,2.8878328353533504,2.2024229138261355,0.6854099215272149,1.0
2020-08-27,215.47779846191406,226.5800018310547,231.14999389648438,219.39999389648438,222.88999938964844,57602200,0.024553507051471968,0.055923198329767665,212.59949951171876,207.86320007324218,0.3081174156809375,69.17833186127021,3.726091562533867,2.507156643567682,1.2189349189661849,1.0
2020-08-28,217.69361877441406,228.91000366210938,230.63999938964844,226.5800018310547,228.17999267578125,26292900,0.01028335162955818,0.0745939304804657,213.79449996948242,208.515,0.30859176032164576,70.89967230138342,4.526253485593799,2.9109760119729056,1.615277473620893,1.0
2020-08-31,214.47921752929688,225.52999877929688,228.6999969482422,224.30999755859375,227.0,28774200,-0.014765649507400669,0.05540734803977143,214.24400024414064,209.12260009765626,0.25213470182295883,65.21020089931893,4.831949719725884,3.295170753523501,1.536778966202383,0.8962552273526658
2020-09-01,216.13400268554688,227.27000427246094,227.4499969482422,224.42999267578125,225.50999450683594,25725500,0.007715184244144968,0.049891453738879044,214.94300079345703,209.6566000366211,0.2444011960612004,66.69201599058201,5.155194219201718,3.6671754466591446,1.4880187725425733,0.9496623911148704
2020-09-02,220.29934692382812,231.64999389648438,232.86000061035156,227.35000610351562,227.97000122070312,34080800,0.01927218524963159,0.047479087903185,215.87850036621094,210.2513998413086,0.25001259792928043,70.1398135186088,5.699100686300568,4.073560494587429,1.6255401917131387,1.0
2020-09-03,206.65249633789062,217.3000030517578,229.30999755859375,214.9600067138672,229.27000427246094,58400300,-0.061946864765034415,-0.040956830718963166,215.92600021362304,210.64059997558593,0.3390285345161329,51.37613252980832,4.915562600986135,4.24196091586717,0.6736016851189648,0.5937147772246537
2020-09-04,203.75193786621094,214.25,218.36000061035156,205.19000244140625,215.10000610351562,59664100,-0.01403590892279627,-0.06404265181764968,216.0145004272461,210.91880004882813,0.336533399819892,48.411728750081856,4.0023565915427355,4.1940400510022835,-0.191683459459548,0.5073613305390562
2020-09-08,192.72984313964844,202.66000366210938,210.02999877929688,202.1999969482422,206.5,52924300,-0.054095665521076475,-0.10140555687036568,215.73500061035156,211.04540008544922,0.3828952537953267,39.164075498793444,2.316712784066823,3.8185745976151915,-1.5018618135483686,0.12707022904270715
2020-09-09,200.93695068359375,211.2899932861328,214.83999633789062,206.6999969482422,207.60000610351562,45679000,0.04258358565122711,-0.07031289077273306,216.13050003051757,211.30239990234375,0.4029961930440026,47.244922262732224,1.658082616774891,3.386476201447132,-1.728393584672241,0.329159579832651
2020-09-10,195.30702209472656,205.3699951171875,214.74000549316406,204.11000061035156,213.39999389648438,35461500,-0.028018355611040935,-0.11344700829580168,215.93949966430665,211.33959991455077,0.4039855214775847,43.02314872708172,0.6509157358551079,2.8393641083287275,-2.1884483724736197,0.13410192069751037
2020-09-11,194.03269958496094,204.02999877929688,208.6300048828125,201.24000549316406,207.1999969482422,33620100,-0.006524791204898239,-0.06106766721627799,215.70599975585938,211.32619995117187,0.40449609401279807,42.10597781191918,-0.2524872631685753,2.220993834029267,-2.4734810971978423,0.0899504629673854
2020-09-14,195.34512329101562,205.41000366210938,209.1999969482422,204.02999877929688,204.24000549316406,30375800,0.0067637351912415156,-0.04126019294231331,215.53150024414063,211.30920013427735,0.4053581233026706,43.44317302546554,-0.847318428297001,1.6073313815640133,-2.4546498098610146,0.13542015980758335
2020-09-15,198.54995727539062,208.77999877929688,209.77999877929688,206.92999267578125,208.4199981689453,21823900,0.016406187902761493,0.03019833714890896,215.4565002441406,211.27080017089844,0.40912065375657486,46.6818630802309,-1.0348666716471087,1.078891770921789,-2.1137584425688978,0.2464579236879323
2020-09-16,195.00274658203125,205.0500030517578,210.64999389648438,204.63999938964844,210.6199951171875,26328100,-0.01786567558840768,-0.029532824235195543,215.1345001220703,211.20680023193358,0.4132561522678165,43.69908822562713,-1.4675623428886695,0.5696009481596973,-2.037163291048367,0.12355852162148438
2020-09-17,192.9676055908203,202.91000366210938,204.3300018310547,199.9600067138672,200.0500030517578,34011300,-0.010436475775658871,-0.011978339161348384,214.79500045776368,211.00840026855468,0.4137738856751108,42.039428354972856,-1.9605567677605222,0.06356940497565339,-2.0241261727361755,0.05304781205992709
2020-09-18,190.57106018066406,200.38999938964844,203.64999389648438,196.25,202.8000030517578,55225300,-0.01241932002848567,-0.01784051076521298,214.08550033569335,210.72980010986328,0.4049448948618079,40.10769689476694,-2.5254894156170167,-0.4542423591428806,-2.071247056474136,0.0
2020-09-21,192.61569213867188,202.5399932861328,202.7100067138672,196.3800048828125,197.19000244140625,39839700,0.010729047871814279,-0.01397210615261757,213.56149978637694,210.50720001220702,0.40751933914172506,42.53387402545328,-2.767810473726712,-0.9169559820596469,-1.850854491667065,0.06877780787882781
2020-09-22,197.256591796875,207.4199981689453,208.10000610351562,202.0800018310547,205.05999755859375,33517100,0.02409403102881713,-0.006514036872800388,213.2479995727539,210.51419982910156,0.41781889800416294,47.711442646904054,-2.5368330160814594,-1.2409313888640094,-1.29590162721745,0.2248880362969851
2020-09-23,190.76126098632812,200.58999633789062,208.10000610351562,200.02999877929688,207.89999389648438,30803800,-0.03292836703957347,-0.021750824908504884,212.4539993286133,210.35899963378907,0.42883939055747566,42.00691166164662,-2.8718014444368976,-1.567105399978587,-1.3046960444583104,0.006397856154403743
2020-09-24,193.2338409423828,203.19000244140625,205.57000732421875,199.1999969482422,199.85000610351562,31202500,0.012961793464196347,0.0013799160920775488,211.55599975585938,210.26199981689453,0.42319029657792784,44.71666559425869,-2.8941061199969056,-1.832505543982251,-1.0616005760146545,0.08957145053705969
2020-09-25,197.63699340820312,207.82000732421875,209.0399932861328,202.5399932861328,203.5500030517578,29437300,0.022786578213402242,0.037077738196520604,210.61800003051758,210.34,0.42165923280825135,49.26308445444776,-2.5092549079748494,-1.967855416780771,-0.5413994911940785,0.23768423673092834
2020-09-28,199.1776123046875,209.44000244140625,212.57000732421875,208.05999755859375,210.8800048828125,32004900,0.007795183620892487,0.03406739105360601,209.6444999694824,210.47119995117188,0.4206347936595824,50.78805918738064,-2.0499074258688097,-1.9842658185983788,-0.06564160727043089,0.2895075061442752
2020-09-29,197.1044158935547,207.25999450683594,210.07000732421875,206.80999755859375,209.35000610351562,24221900,-0.01040874670148173,-0.0007713993998739177,208.7309997558594,210.38439971923827,0.4194517216051348,48.66817236110723,-1.84056279591249,-1.9555252140612012,0.11496241814871122,0.2197695561234078
2020-09-30,200.0240020751953,210.3300018310547,211.97999572753906,206.5399932861328,207.72999572753906,33829100,0.014812348767661021,0.04855678583670331,207.88399963378907,210.4159997558594,0.4227967318050376,51.72412906632757,-1.4106704041752778,-1.8465542520840166,0.4358838479087388,0.31797838093773717
2020-10-01,202.0496368408203,212.4600067138672,213.99000549316406,211.32000732421875,213.49000549316406,27158400,0.010126966501542656,0.04562234441201962,206.92450027465821,210.43019989013672,0.41746955520418927,53.78009261945467,-0.8878691903200604,-1.6548172397312255,0.7669480494111651,0.38611674488871967
2020-10-02,196.08688354492188,206.19000244140625,210.99000549316406,205.5399932861328,208.0,33154800,-0.029511456623952492,-0.007843349174122327,206.36900024414064,210.5032000732422,0.3710301911160638,47.38303723889403,-0.9683202132757174,-1.517517834440124,0.5491976211644065,0.18554075722852312
2020-10-05,200.07154846191406,210.3800048828125,210.41000366210938,206.97999572753906,207.22000122070312,21331600,0.020321074697096098,0.004488170504434619,206.17550048828124,210.6848001098633,0.3766892578782396,51.532046197576804,-0.6860714443307927,-1.3512285564182578,0.6651571120874651,0.3195779670076221
2020-10-06,195.8206024169922,205.91000366210938,210.17999267578125,204.82000732421875,208.82000732421875,28554300,-0.02124727215969524,-0.006513513849784602,206.33800048828124,210.72600006103517,0.33002002718790174,47.2513819904883,-0.8136991849077333,-1.2437226821161529,0.4300234972084196,0.17658366098733072
2020-10-07,199.5485076904297,209.8300018310547,210.11000061035156,206.72000122070312,207.05999755859375,25681100,0.01903743431221483,-0.0023772167339285444,206.26500091552734,210.88220001220702,0.2998778935802941,51.088520526261476,-0.5917130971258473,-1.1133207651180919,0.5216076679922446,0.30198349648915995
2020-10-08,200.26177978515625,210.5800018310547,211.19000244140625,208.32000732421875,210.50999450683594,19925800,0.003574322039056499,-0.00884874716842321,206.5255012512207,211.01260009765625,0.28137181412111206,51.810801506853764,-0.35122014405314417,-0.9609006409051024,0.6096804968519582,0.32597582316202584
2020-10-09,205.2354736328125,215.80999755859375,215.86000061035156,211.22999572753906,211.22999572753906,26458000,0.024836146272498416,0.04665597266250221,207.11450119018554,211.25080017089843,0.2914909567899521,56.62136564073612,0.2584104059249057,-0.7170384315391007,0.9754488374640065,0.4932821778191057
2020-10-12,210.55162048339844,221.39999389648438,223.86000061035156,216.80999755859375,218.7899932861328,40461400,0.025902397484495188,0.05238135163943136,207.91400070190429,211.57860015869142,0.30250208154869945,61.09210095862022,1.179021964560775,-0.33782635231912567,1.5168483168799005,0.6721048688041666
2020-10-13,211.9400634765625,222.86000061035156,225.2100067138672,220.42999267578125,222.72000122070312,28950800,0.006594429783723488,0.082317501077104,208.61800079345704,211.7050003051758,0.29912021685346846,62.18822121792926,2.0033304510419896,0.13040500835309737,1.8729254426888922,0.7188101461690719
2020-10-14,210.03802490234375,220.86000061035156,224.22000122070312,219.1300048828125,223.0,23421700,-0.008974243895371825,0.05256635697014245,209.40850067138672,211.85640045166016,0.2923088700478149,59.706780498968214,2.466782052119413,0.5976804171063606,1.8691016350130525,0.6548306083747629
2020-10-15,208.89688110351562,219.66000366210938,220.36000061035156,216.00999450683594,217.10000610351562,22733100,-0.0054332923341753325,0.04311901297417342,210.24600067138672,211.9908004760742,0.2895851284373398,58.20606341304537,2.706047429717785,1.0193538196286456,1.6866936100891392,0.6164429833232047
2020-10-16,208.89688110351562,219.66000366210938,222.2899932861328,219.32000732421875,220.14999389648438,26057900,0.0,0.017839794944950693,211.20950088500976,212.0570004272461,0.28346105233162444,58.206063413045364,2.8626679115430704,1.3880166380115306,1.4746512735315398,0.6164429833232047
2020-10-19,203.72340393066406,214.22000122070312,222.3000030517578,213.72000122070312,220.4199981689453,27625800,-0.02476555745566822,-0.032429958779214174,211.7935012817383,212.09180053710938,0.3009953355471413,51.41202216667161,2.518792961390375,1.6141719026872996,0.9046210587030752,0.4424185624226627
2020-10-20,204.13229370117188,214.64999389648438,217.3699951171875,213.08999633789062,215.8000030517578,22753500,0.002007248031607567,-0.036839301316441975,212.15500106811524,212.21980041503906,0.29047155079752823,51.890037269594174,2.254972482143444,1.7423320185785285,0.5126404635649153,0.4561739287483739
2020-10-21,204.27499389648438,214.8000030517578,216.9199981689453,213.1199951171875,213.1199951171875,22724900,0.0006988546915391858,-0.02743818501243689,212.8655014038086,212.44820037841797,0.2599566001700887,52.067205941521564,2.0345443756653196,1.8007744899958866,0.23376988566943302,0.46097268695802857
2020-10-22,204.36058044433594,214.88999938964844,216.05999755859375,211.6999969482422,213.92999267578125,22351500,0.0004189773585288048,-0.02171539740024031,213.45050125122071,212.5622003173828,0.2577404742026699,52.18098028380604,1.8458377963969212,1.8097871512760935,0.036050645120827784,0.4638516490087399
2020-10-23,205.63490295410156,216.22999572753906,216.27999877929688,213.16000366210938,215.02999877929688,18879600,0.006235731498425379,-0.015615077289384494,213.87100067138672,212.71280029296875,0.24731226388330238,53.93426734713788,1.7838498675551762,1.80459969453191,-0.020749826976733887,0.5067178221808943
2020-10-26,199.78628540039062,210.0800018310547,216.33999633789062,208.10000610351562,213.85000610351562,37111600,-0.028441909161547096,-0.01932592365818886,213.90300064086915,212.73640045166016,0.26876629894195,45.659766538763336,1.2243572493122201,1.688551205487972,-0.464193956175752,0.30998093871344856
2020-10-27,202.80093383789062,213.25,214.6699981689453,210.3300018310547,211.58999633789062,36700300,0.015089480870695171,-0.006522217266679897,214.20250091552734,212.79580047607422,0.27053934949519387,49.92431385968194,1.0249328895298788,1.5558275422963537,-0.5308946527664749,0.411388447542412
2020-10-28,192.7488555908203,202.67999267578125,208.83999633789062,202.10000610351562,207.6699981689453,51195600,-0.04956627115694612,-0.05642462850922836,213.82000045776368,212.61960021972655,0.32060748076254453,38.948373781706344,0.01381711865701618,1.2474254575684862,-1.23360833891147,0.07325635599942401
2020-10-29,194.6888885498047,204.72000122070312,207.36000061035156,203.3699951171875,204.07000732421875,31432600,0.010065169817650377,-0.04732653077309845,213.43300018310546,212.52000030517578,0.32057743469820665,41.61623422629208,-0.6157893377727817,0.8747824985002326,-1.4905718362730143,0.13851575789969517
2020-10-30,192.5491485595703,202.47000122070312,204.2899932861328,199.6199951171875,203.5,36953700,-0.01099062127092476,-0.06363591906173016,213.24700012207032,212.27780029296875,0.30562692610523534,39.562767140465645,-1.281540386681911,0.4435179214638039,-1.725058308145715,0.0665387778810976
2020-11-02,192.41603088378906,202.3300018310547,205.27999877929688,200.1199951171875,204.2899932861328,30842200,-0.0006914574445813226,-0.036890707980060444,212.84449996948243,212.06400024414063,0.29535815730923204,39.432388526812666,-1.7997038049537935,-0.005126423819715564,-1.794577381134078,0.0620602297605014
2020-11-03,196.3151397705078,206.42999267578125,208.1199951171875,203.1199951171875,203.88999938964844,27512000,0.02026387983799882,-0.031981277018610754,212.87049942016603,211.91880004882813,0.29582947855194114,45.13479454980126,-1.8580980532518367,-0.37572074970613983,-1.4823773035456969,0.19321798936375328
2020-11-04,205.78707885742188,216.38999938964844,218.32000732421875,212.4199981689453,214.02000427246094,42311800,0.04824883528194657,0.06764361165040356,213.1984992980957,211.91720001220702,0.33584404584282024,55.97782370892146,-1.0881431759888187,-0.5182052349626757,-0.569937941026143,0.5118363023544716
2020-11-05,212.3489990234375,223.2899932861328,224.1199951171875,221.14999389648438,222.0399932861328,36080100,0.03188684281134324,0.09070922213120691,213.8339988708496,211.96,0.3525035816415726,61.63457844553638,0.07792518028713857,-0.3989791519127128,0.4769043321998514,0.7325655124947832
2020-11-06,212.75791931152344,223.72000122070312,224.36000061035156,218.02999877929688,222.25999450683594,25231900,0.0019257823794158746,0.10495381968628714,214.22949905395507,211.90279998779297,0.3430812477791238,61.9626125267597,1.024926090323362,-0.11419810346549786,1.1391241937888599,0.7463213669456302
2020-11-09,207.68910217285156,218.38999938964844,228.1199951171875,217.8800048828125,224.44000244140625,44395000,-0.023824431440962468,0.07937526522637928,214.0789993286133,211.69239990234374,0.3425840661586496,55.61505118860851,1.3300129696086458,0.17464411114933087,1.155368858459315,0.5758158401487805
2020-11-10,200.67062377929688,211.00999450683594,216.5,209.72000122070312,214.5,44045100,-0.033792778531242185,0.02218670732720529,213.4864990234375,211.40199981689454,0.36104797973788083,48.245397959892856,0.9651659701962956,0.33274848295872383,0.6324174872375717,0.33973118948773706
2020-11-11,205.93923950195312,216.5500030517578,218.0399932861328,212.1999969482422,212.38999938964844,29440800,0.026254721051814478,0.0007394226284056504,213.2709991455078,211.18759979248046,0.3740672037493054,53.253178283459434,1.1102561426710054,0.48825001490118014,0.6220061277698252,0.5169547825280489
2020-11-12,204.8836212158203,215.44000244140625,219.11000061035156,214.4600067138672,217.2100067138672,21593900,-0.005125839735436344,-0.035156035114691675,213.05999908447265,210.8633999633789,0.3740174176550767,52.16408432080165,1.1227312303348924,0.6151462579879226,0.5075849723469699,0.6450922362005422
2020-11-13,205.9011993408203,216.50999450683594,217.4199981689453,214.16000366210938,216.36000061035156,18621100,0.00496654313639211,-0.032227814565200186,212.902498626709,210.84759979248048,0.37455670979342254,53.158555318175395,1.2050659939196464,0.7331302051742674,0.471935788745379,0.6909555873129033
2020-11-16,206.58590698242188,217.22999572753906,217.74000549316406,214.52000427246094,214.8699951171875,24953300,0.0033254872244725675,-0.005311615299928185,213.0529983520508,210.90719970703125,0.3634856075073268,53.85375845683749,1.313276336340806,0.8491594314075752,0.46411690493323077,0.7218171888642897
2020-11-17,203.95164489746094,214.4600067138672,217.67999267578125,214.0800018310547,216.10000610351562,24154100,-0.0127514112606536,0.016349994298111126,213.04349899291992,211.1431997680664,0.36667627859372004,50.734073938108935,1.1621226224879422,0.9117520696236486,0.25037055286429355,0.603086421771733
2020-11-18,201.26280212402344,211.0800018310547,215.1699981689453,210.92999267578125,213.64999389648438,28372800,-0.015760537055853563,-0.025259760533901887,212.85749893188478,211.13899993896484,0.37101407708865947,47.145216104053354,0.7608237663106081,0.8815664089610405,-0.12074264265043244,0.4582083841578071
2020-11-19,202.54051208496094,212.4199981689453,213.02999877929688,209.92999267578125,211.3800048828125,24792700,0.006348286556123517,-0.014017843660590779,212.7339988708496,211.28,0.37182894193007665,48.69470917448267,0.5446397690083984,0.8141810809705121,-0.2695413119621137,0.5156449993623096
2020-11-20,200.60491943359375,210.38999938964844,213.2899932861328,210.0,212.1999969482422,22843100,-0.009556533268032297,-0.02826657093187568,212.44199905395507,211.40720001220703,0.3723630668094371,46.472044413700736,0.207120896773489,0.6927690441311075,-0.4856481473576185,0.42863262816760467
2020-11-23,200.33795166015625,210.11000061035156,212.2899932861328,208.16000366210938,210.9499969482422,25683500,-0.0013308559347362525,-0.03277629819648742,212.44349899291993,211.50119995117188,0.358129613054057,46.15908041618376,-0.08201340314673189,0.5378125546755397,-0.6198259578222716,0.4166309669022306
2020-11-24,203.91351318359375,213.86000061035156,214.25,208.86000061035156,209.58999633789062,33979700,0.017847793960813707,-0.0027977528897318305,212.4739990234375,211.60279998779296,0.35977564550252883,50.9257603793135,-0.00846320048430016,0.4285574036435717,-0.43702060412787186,0.5773682024650824
2020-11-25,203.92303466796875,213.8699951171875,215.2899932861328,212.4600067138672,215.11000061035156,21012900,4.6733876402305086e-05,0.01321770542889178,213.03349914550782,211.77919982910157,0.3077525022357502,50.938227367438806,0.050055331497247835,0.35285698921430697,-0.30280165771705914,0.5777965996383151
2020-11-27,205.2198028564453,215.22999572753906,216.27000427246094,214.0399932861328,214.85000610351562,14512200,0.006359006131768874,0.013228498177270787,213.55899887084962,212.02559967041014,0.306882860746212,52.69914630082493,0.20382283024019898,0.3230501574194854,-0.11922732717928641,0.6360906632307687
2020-11-30,204.11378479003906,214.07000732421875,214.75999450683594,210.83999633789062,214.10000610351562,33064800,-0.005389529463117881,0.017491363397719395,214.13899917602538,212.29919982910155,0.3042053290872984,51.0172005682823,0.22943848705043024,0.30432782334567443,-0.07488933629524419,0.5827932615935107
2020-12-01,206.1541748046875,216.2100067138672,217.32000732421875,213.35000610351562,214.50999450683594,30904500,0.009996726848368498,0.029032440558734107,214.832999420166,212.57260009765625,0.3048676780627467,53.93796294129055,0.41760525224916023,0.32698330912637164,0.0906219431227886,0.6753137517745843
2020-12-02,205.353271484375,215.3699951171875,215.47000122070312,212.8000030517578,214.8800048828125,23724500,-0.003885165212502706,0.007060668205959297,215.27999954223634,212.7316000366211,0.2992518463842218,52.611814262442174,0.49326084972389594,0.36023881724587653,0.13302203247801941,0.638996785957431
2020-12-03,204.27581787109375,214.24000549316406,216.3800048828125,213.64999389648438,214.61000061035156,25120900,-0.005246736544747499,0.0017300714659567173,215.1724998474121,213.00460021972657,0.245747573499327,50.802328573055256,0.45677234953583934,0.3795455237038691,0.07722682583197021,0.5568024311339228
2020-12-04,204.39027404785156,214.36000061035156,215.3800048828125,213.17999267578125,214.22000122070312,24666000,0.0005600966864769408,-0.00404216482115638,214.72600021362305,213.22800018310548,0.21433493958588004,50.9950745885558,0.43255137042299907,0.39014669304769517,0.0424046773753039,0.5624123011952362
2020-12-07,204.32351684570312,214.2899932861328,215.5399932861328,212.99000549316406,214.3699951171875,24620000,-0.0003265876283794489,0.0010276356069858217,214.25449981689454,213.35739990234376,0.21394327307948047,50.869856818809225,0.40306082963712697,0.3927295203655815,0.010331309271545464,0.5591394014188749
2020-12-08,205.9635009765625,216.00999450683594,216.9499969482422,212.88999938964844,213.97000122070312,23284100,0.00802651208452132,-0.000925083024931106,214.1354995727539,213.48879974365235,0.20042276597127923,53.8670771116294,0.5125704938679405,0.41669771506605335,0.09587277880188716,0.6395508679818663
2020-12-09,201.94932556152344,211.8000030517578,215.22999572753906,211.2100067138672,215.16000366210938,32440600,-0.019489799371042005,-0.016576088342701523,214.175,213.57959991455078,0.17350717241748315,46.40481021568964,0.25668763046570575,0.3846956981459838,-0.12800806768027806,0.44273031748126535
2020-12-10,200.72885131835938,210.52000427246094,213.0800018310547,210.36000061035156,211.77000427246094,26733300,-0.006043431354361584,-0.017363709509528702,213.87350006103514,213.5833999633789,0.1447877862983436,44.39128040667746,-0.048823776308637434,0.2979918032550596,-0.346815579563697,0.38288932562427996
2020-12-11,203.3413848876953,213.25999450683594,213.32000732421875,209.11000061035156,210.0500030517578,30979400,0.01301534380945979,-0.005131582853067473,213.76449966430664,213.59939971923828,0.15265489859986917,49.44788014096172,-0.06905344922947165,0.22458275275815334,-0.29363620198762497,0.5109861144302208
2020-12-14,204.2376708984375,214.1999969482422,216.2100067138672,212.8800048828125,213.10000610351562,28798400,0.0044077767308396965,-0.00041997452382414036,213.64899978637695,213.759599609375,0.15240391884482682,51.09099952664483,-0.009130024434398365,0.177840197319643,-0.18697022175404138,0.5549319988728898
2020-12-15,204.1709747314453,214.1300048828125,215.4199981689453,212.24000549316406,215.1699981689453,27000600,-0.0003267603474644831,-0.008703252959732621,213.49400024414064,213.834599609375,0.15174040659470533,50.95818419744063,0.03233916099108569,0.14873999005393157,-0.11640082906284588,0.5516598124574212
2020-12-16,209.08139038085938,219.27999877929688,220.11000061035156,214.72000122070312,214.75,35023300,0.024050781203236005,0.03531631548518521,213.7349998474121,214.10199951171876,0.168229751374968,59.33481132240167,0.475286450021315,0.21404928204740825,0.2612371679739067,0.7924262474006912
2020-12-17,209.2149200439453,219.4199981689453,220.88999938964844,217.9199981689453,219.8699951171875,32515800,0.0006384503394190055,0.04227623843749195,214.15199966430663,214.29379943847655,0.15597105627267216,59.53714272884038,0.8280765970110053,0.3368547450401277,0.49122185197087764,0.7989713335925211
2020-12-18,208.42347717285156,218.58999633789062,219.69000244140625,216.02000427246094,218.58999633789062,63354900,-0.003782708221588882,0.024992975561967556,214.46049957275392,214.4539993286133,0.15635742666271102,57.704050159507446,1.028831391212151,0.47525007427453236,0.5535813169376186,0.7601680678263537
2020-12-21,212.23748779296875,222.58999633789062,224.0,217.27999877929688,217.5500030517578,37181900,0.018299099075956393,0.039168998642309605,215.07049942016602,214.58959930419923,0.16146372303558723,63.53151607327206,1.4934816557148736,0.6788963905626006,0.8145852651522729,0.9471713457196563
2020-12-22,213.52467346191406,223.94000244140625,225.6300048828125,221.85000610351562,222.69000244140625,22612200,0.0060649900073062035,0.045813278545258074,215.76199951171876,214.64039947509767,0.16104449711472674,65.27066911097087,1.9481969463525957,0.9327565017205997,1.015440444631996,1.0
2020-12-23,210.74050903320312,221.02000427246094,223.55999755859375,220.8000030517578,223.11000061035156,18699600,-0.013039198611732306,0.007935085292094302,216.11999969482423,214.60359954833984,0.16120888566902583,58.74503407432643,2.049319363473643,1.1560690740712083,0.8932502894024346,0.8648774601354439
2020-12-24,212.39004516601562,222.75,223.61000061035156,221.1999969482422,221.4199981689453,10550600,0.007827326459583395,0.015176382548735212,216.56399993896486,214.6413995361328,0.1625131535306332,61.21887759436679,2.2431976188169074,1.373494783020348,0.8697028357965593,0.9449327900140725
2020-12-28,214.4972381591797,224.9600067138672,226.02999877929688,223.02000427246094,224.4499969482422,17933500,0.009921466728921136,0.02914136274621626,217.05050048828124,214.74739959716797,0.16423838118651005,64.17432742102974,2.5458298630688034,1.6079617990300392,0.9378680640387642,1.0
2020-12-29,213.72494506835938,224.14999389648438,227.17999267578125,223.5800018310547,226.30999755859375,17403200,-0.003600696982611229,0.007008390243314011,217.55449981689452,214.83719940185546,0.16325256322924783,62.300298346471976,2.6893061845225645,1.8242306761285443,0.8650755083940203,0.9642062464600696
2020-12-30,211.36978149414062,221.67999267578125,225.6300048828125,221.47000122070312,225.22999572753906,20272300,-0.01101941239330928,-0.010092032423802078,217.82799911499023,214.98639923095703,0.16719904808070485,56.84868115095837,2.5740319095425264,1.9741909228113408,0.5998409867311856,0.8550590662674974
2020-12-31,212.075439453125,222.4199981689453,223.0,219.67999267578125,221.6999969482422,20942100,0.003338169963972959,0.0063342406543369645,218.1804992675781,215.14179931640626,0.16618944906644423,58.033522503092215,2.513415386895531,2.0820358156281786,0.43137957126735227,0.887759257760876
2021-01-04,207.5653533935547,217.69000244140625,223.0,214.80999755859375,222.52999877929688,37130100,-0.0212660541609494,-0.02271603842241865,218.35299911499024,215.1995993041992,0.1838173464678467,48.808417029430544,2.059959302432304,2.0776205129890037,-0.017661210556699558,0.6787449092429269
2021-01-05,207.76560974121094,217.89999389648438,218.52000427246094,215.6999969482422,217.25999450683594,23823000,0.0009646352736600861,-0.03138341308089765,218.52999877929688,215.25979919433593,0.18381412058839977,49.194542395854704,1.6979635768057335,2.0016891257523497,-0.3037255489466162,0.6880242468376622
2021-01-06,202.3783721923828,212.25,216.49000549316406,211.94000244140625,212.1699981689453,35930700,-0.025929298094282904,-0.05308942324566812,218.42799911499023,215.18019927978514,0.20704685069734774,40.37121101446791,0.9442869159621807,1.790208683794316,-0.8459217678321354,0.4383559888879899
2021-01-07,208.13746643066406,218.2899932861328,219.33999633789062,213.7100067138672,214.0399932861328,27694500,0.028456976613111085,-0.015292310996267933,218.54199905395507,215.3443991088867,0.2295492174574174,50.57644188257939,0.8248612254091654,1.5971391921172862,-0.7722779667081208,0.705257976643202
2021-01-08,209.40562438964844,219.6199951171875,220.5800018310547,217.02999877929688,218.67999267578125,22956200,0.006092820889463946,-0.012588809795920364,218.93299865722656,215.47179901123047,0.21746133508903734,52.504071938399576,0.8279909731750195,1.4433095483288327,-0.6153185751538133,0.7640295870755455
2021-01-11,207.3746795654297,217.49000549316406,218.91000366210938,216.72999572753906,218.47000122070312,23031300,-0.009698523228210076,-0.0009187236253351827,219.28149871826173,215.76799926757812,0.21960935640058896,49.19489741025067,0.6510935579905492,1.2848663502611761,-0.6337727922706269,0.6699072201095019
2021-01-12,204.93373107910156,214.92999267578125,217.10000610351562,213.32000732421875,216.5,23249300,-0.01177071475803182,-0.013630111536919287,219.364998626709,215.97219909667967,0.2203249140741158,45.48434976725623,0.3008613007415306,1.0880653403572471,-0.7872040396157165,0.5567825066752974
2021-01-13,206.2781524658203,216.33999633789062,216.75999450683594,213.92999267578125,214.02000427246094,20087100,0.00656029270068581,0.019269711839296155,219.4719985961914,216.24959899902345,0.22096523244464636,47.81885237618651,0.13551311439567826,0.8975548951649334,-0.7620417807692551,0.6190893276155028
2021-01-14,203.1125946044922,213.02000427246094,217.4600067138672,212.74000549316406,215.91000366210938,29480800,-0.015346177875700584,-0.02414214657455238,219.41649856567383,216.46339904785157,0.2281071220992926,43.13498774844448,-0.26042016633002163,0.6659598828659424,-0.9263800491959641,0.35563985991239994
2021-01-15,202.75978088378906,212.64999389648438,214.50999450683594,212.02999877929688,213.52000427246094,31746500,-0.0017369747843178907,-0.031736642271501636,219.0849983215332,216.58779907226562,0.20940197442708774,42.633776818089714,-0.5971730496964085,0.41333329635347227,-1.0105063460498807,0.17104324863081966
2021-01-19,206.37351989746094,216.44000244140625,216.97999572753906,212.6300048828125,213.75,30480900,0.017822754073375746,-0.004827822084867317,218.93599853515624,216.58879913330077,0.22027833283222695,49.15128794422463,-0.551868523967471,0.22029293228928362,-0.7721614562567546,0.4262625743673
2021-01-20,213.9060821533203,224.33999633789062,225.7899932861328,217.2899932861328,217.6999969482422,37777300,0.036499694175631925,0.04378171489683269,219.22349853515624,216.60979919433595,0.25604465375052293,59.484170778592464,0.12011451812051632,0.2002572494555302,-0.08014273133501387,0.9582484766905396
2021-01-21,214.5067596435547,224.97000122070312,226.3000030517578,222.4199981689453,224.6999969482422,30709400,0.0028082593077323192,0.03989093569796376,219.34249877929688,216.63479919433593,0.24828896536379752,60.17912184221271,0.6954849318540539,0.29930278593523496,0.39618214591881895,1.0
2021-01-22,215.4412078857422,225.9499969482422,230.07000732421875,225.8000030517578,227.0800018310547,30172700,0.004356117358854661,0.06069849035982222,219.44299850463867,216.78599914550782,0.24786817229745717,61.291371364243126,1.2165242606870947,0.4827470808856069,0.7337771798014878,1.0
2021-01-25,218.85472106933594,229.52999877929688,229.77999877929688,224.22000122070312,229.1199951171875,33152100,0.015844221639333522,0.07937928693771568,219.86849822998047,217.15639923095702,0.24805102165908788,65.12372230073113,1.8964666243790589,0.7654909895842974,1.1309756347947615,1.0
2021-01-26,221.5244903564453,232.3300018310547,234.17999267578125,230.0800018310547,231.86000061035156,49169600,0.012198854470653053,0.0734152615524486,220.3474983215332,217.47199920654296,0.2498902046722452,67.80821646423259,2.630934912034263,1.1385797740742907,1.4923551379599724,1.0
2021-01-27,222.06793212890625,232.89999389648438,240.44000244140625,230.13999938964844,238.0,69870600,0.00245337262057177,0.03815635953609031,220.74449768066407,217.82119903564453,0.24824007235799145,68.34241792026101,3.221860317416258,1.5552358827426844,1.6666244346735737,1.0
2021-01-28,227.81748962402344,238.92999267578125,242.63999938964844,235.08999633789062,235.61000061035156,49111200,0.025890935754927513,0.06205267982099927,221.4834976196289,218.26959899902343,0.2613749271327924,73.37589546917492,4.129145249127646,2.070017756019677,2.059127493107969,1.0
2021-01-29,221.17169189453125,231.9600067138672,238.02000427246094,231.35000610351562,235.99000549316406,42503100,-0.02917166607614663,0.026598848624909355,221.99749832153321,218.56419921875,0.2817376435912194,61.25274925555762,4.23691495935708,2.5033971966871578,1.7335177626699219,0.7581544801924238
2021-02-01,228.5040283203125,239.64999389648438,242.5,232.42999267578125,235.05999755859375,33314200,0.03315221141592373,0.04409007611644844,222.85899810791017,219.06799896240236,0.3021644736140027,67.6110026112384,4.886512257331276,2.9800202088159815,1.9064920485152945,1.0
2021-02-02,228.37054443359375,239.50999450683594,242.30999755859375,238.69000244140625,241.3000030517578,25916300,-0.000584182738218253,0.030904285366477824,223.94999771118165,219.63659881591798,0.287891402370713,67.39418001552875,5.328601217454974,3.44973641054378,1.878864806911194,0.9952606830918219
2021-02-03,231.6982421875,243.0,245.08999633789062,239.25999450683594,239.57000732421875,27158100,0.01457143991151666,0.04336627895320899,225.20499801635742,220.24819885253908,0.28944477627935633,69.97881734003394,5.892647408260643,3.938318610087153,1.9543287981734903,1.0
2021-02-04,230.75425720214844,242.00999450683594,243.24000549316406,240.3699951171875,242.66000366210938,25296100,-0.0040740966796875,0.012890812896956483,226.69299774169923,220.8805987548828,0.2674028779275282,68.32428314959378,6.188436465325964,4.388342181134915,1.800094284191049,0.9698994979770158
2021-02-05,230.93545532226562,242.1999969482422,243.27999877929688,240.4199981689453,242.22999572753906,18054800,0.0007851016310025383,0.044145498956664975,227.88849792480468,221.52239868164062,0.25533144104852623,68.47832004726432,6.364813425984181,4.783636430104768,1.5811769958794128,0.9753693609300722
2021-02-08,231.19288635253906,242.47000122070312,243.67999267578125,240.80999755859375,243.14999389648438,22211900,0.0011147988268498388,0.011767191304151936,229.03099822998047,222.09459869384764,0.25574598148949623,68.71117405483247,6.4520058194484875,5.117310307973512,1.3346955114749752,0.9836823014466255
2021-02-09,232.4324188232422,243.77000427246094,244.75999450683594,241.3800048828125,241.8699951171875,23565000,0.005361500578269451,0.017786354905132917,230.34499816894532,222.69259887695313,0.2497166432187588,69.86541888844441,6.550495763534286,5.403947399085667,1.146548364448619,1.0
2021-02-10,231.52658081054688,242.82000732421875,245.9199981689453,240.88999938964844,245.0,22186700,-0.003897103546752989,-0.0007407105999228669,231.7394989013672,223.2443991088867,0.24384843116752403,67.89433665587127,6.477227492932201,5.618603417854975,0.858624075077226,0.9714286632107613
2021-02-11,233.11892700195312,244.49000549316406,245.14999389648438,242.14999389648438,244.77999877929688,15751100,0.006877514696371323,0.01024755606222727,233.14699935913086,223.8527990722656,0.24385672167770267,69.5221523735633,6.479228246046631,5.790728383493306,0.688499862553325,1.0
2021-02-12,233.5956268310547,244.99000549316406,245.3000030517578,242.72999572753906,243.92999267578125,16561100,0.0020450733721872894,0.011519440875625175,234.74549942016603,224.42839904785157,0.23090227509477884,70.01238721895295,6.4468444686172575,5.9219516005180965,0.5248928680991609,1.0
2021-02-16,232.3656768798828,243.6999969482422,246.1300048828125,242.9199981689453,245.02999877929688,26728500,-0.00526555580226673,0.0050727748642995785,236.2979995727539,224.99499908447265,0.233026548487053,67.01726961408326,6.24509758563903,5.986580797542284,0.2585167880967463,0.9625759066075379
2021-02-17,233.37867736816406,244.1999969482422,244.30999755859375,240.94000244140625,241.32000732421875,21653500,0.002051702939110722,0.001763927752573835,237.6859992980957,225.59419891357422,0.22996155871609983,67.59589976693395,6.055750625064746,6.000414763046776,0.05533586201797025,0.977081273079637
2021-02-18,232.98687744140625,243.7899932861328,243.92999267578125,240.86000061035156,241.8000030517578,16925600,-0.0016789666962865324,0.003994670672334388,238.65849914550782,226.18279876708985,0.20127792268878675,66.56465780790262,5.805683618804807,5.961468534198382,-0.15578491539357575,0.9651867663320387
2021-02-19,230.29183959960938,240.97000122070312,243.86000061035156,240.17999267578125,243.75,25262600,-0.011567300312117057,-0.014397334015190832,239.4584991455078,226.71639892578125,0.20895788357017953,59.80642849169648,5.318643906472204,5.832903608653147,-0.5142597021809436,0.8833767296171005
2021-02-22,224.1180877685547,234.50999450683594,237.92999267578125,232.39999389648438,237.4199981689453,36446900,-0.026808344113965044,-0.04277730009937297,239.8864990234375,227.08639892578125,0.23497289069646052,47.82708763356021,4.3611205887923745,5.538547004680993,-1.1774264158886183,0.6959672000233729
2021-02-23,222.93304443359375,233.27000427246094,234.8300018310547,228.72999572753906,230.3300018310547,30228700,-0.0052875794781482854,-0.042798493255608916,240.0734992980957,227.51579895019532,0.23034502874652918,45.92553118828132,3.462308277454383,5.1232992592356705,-1.6609909817812873,0.6599941744805062
2021-02-24,224.15631103515625,234.5500030517578,235.1999969482422,229.0,230.00999450683594,26339700,0.005487198336061372,-0.039516765016707533,240.18449935913085,227.99639892578125,0.22719223491655163,48.21439682270548,2.8207622577750158,4.66279185894354,-1.842029601168524,0.6811239862624315
2021-02-25,218.8426971435547,228.99000549316406,234.58999633789062,227.8800048828125,232.0800018310547,39542200,-0.02370495624068203,-0.06070793798168006,239.98899993896484,228.31099914550782,0.24276133753960238,40.24554764996892,1.8424484797592129,4.098723183106674,-2.2562747033474615,0.5113012426543204
2021-02-26,222.0824737548828,232.3800048828125,235.3699951171875,229.5399932861328,231.52999877929688,37819200,0.014804136898235232,-0.03564757560848042,239.6615005493164,228.6745993041992,0.22945874654293769,46.09551537028636,1.3253940639095845,3.5440573592672564,-2.218663295357672,0.6148442732245581
2021-03-01,226.44039916992188,236.94000244140625,237.47000122070312,233.14999389648438,235.89999389648438,25324000,0.01962302032351415,0.010362065547272259,239.91050033569337,229.1307992553711,0.2157817706320754,52.79067132101452,1.2689507335003043,3.089036034113866,-1.8200853006135618,0.7541233444985643
2021-03-02,223.50645446777344,233.8699951171875,237.3000030517578,233.4499969482422,237.00999450683594,22812500,-0.012956897495508102,0.0025720874254615556,239.62150039672852,229.42259918212892,0.1849548242072991,48.429480452025636,0.9653669047974915,2.664302208250591,-1.6989353034530996,0.6603540467243244
2021-03-03,217.47605895996094,227.55999755859375,233.5800018310547,227.25999450683594,232.16000366210938,34029500,-0.026980791424021433,-0.02980177106039772,239.0240005493164,229.58539916992189,0.20636839780732963,40.94264529276356,0.2131533658998137,2.174072439780436,-1.9609190738806221,0.4676235488656346
2021-03-04,216.682861328125,226.72999572753906,232.49000549316406,224.25999450683594,226.74000549316406,44727800,-0.0036473977850214334,-0.00986946902227337,238.21050033569335,229.74819915771485,0.19629569774674271,40.06525877627004,-0.4448277962938789,1.650292392565573,-2.095120188859452,0.44227224490119305
2021-03-05,221.33705139160156,231.60000610351562,233.27000427246094,226.4600067138672,229.52000427246094,41872800,0.02147933871894403,-0.003356565809912171,237.69000091552735,229.92839935302734,0.2151582446496005,47.21312663875722,-0.5667799840168186,1.2068779172490949,-1.7736579012659135,0.5910202460887125
2021-03-08,217.3135986328125,227.38999938964844,233.3699951171875,227.1300048828125,231.3699951171875,35267400,-0.01817792142883401,-0.04030557505425647,236.94950103759766,229.9973992919922,0.2221903664100776,42.49496376012154,-0.9917085301023292,0.7671606277788101,-1.7588691578811393,0.46243118049597115
2021-03-09,223.42041015625,233.77999877929688,235.3800048828125,231.6699981689453,232.8800048828125,33080500,0.02810149701746001,-0.00038481352789843104,236.51500091552734,230.2525991821289,0.24805425670381812,50.56934488807956,-0.8035846929028025,0.45301156364248757,-1.2565962565452902,0.6576052280685238
2021-03-10,222.12069702148438,232.4199981689453,237.0,232.0399932861328,237.0,29746800,-0.005817437836653783,0.021357007657289095,235.94750061035157,230.4459991455078,0.24700086444557176,48.99261621590346,-0.7555266390234863,0.2113039231092928,-0.9668305621327791,0.6160658150517629
2021-03-11,226.62197875976562,237.1300048828125,239.1699981689453,234.30999755859375,234.9600067138672,29907600,0.020265066478674987,0.04586957769703792,235.66300048828126,230.68939910888673,0.25946104687296917,54.30627110658982,-0.3335372961141161,0.10233567926461103,-0.4358729753787271,0.7599267168115568
2021-03-12,225.30311584472656,235.75,235.82000732421875,233.22999572753906,234.00999450683594,22653700,-0.005819613099972254,0.017918798735391706,235.22600021362305,230.92139923095704,0.2582220910434486,52.57801437594684,-0.1092037298298294,0.06002779744572294,-0.16923152727555235,0.7177762998514668
2021-03-15,224.40476989746094,234.80999755859375,235.19000244140625,231.80999755859375,234.9600067138672,26034900,-0.0039872850112672165,0.03263115435534458,234.71699981689454,231.18399932861328,0.25795161524437615,51.37858830986025,-0.007185276017509068,0.04658518275307654,-0.05377045877058561,0.6890651732878956
2021-03-16,227.1763153076172,237.7100067138672,240.05999755859375,235.94000244140625,236.27999877929688,28092200,0.012350450089118503,0.01681071073270246,234.4175003051758,231.48979949951172,0.2625272271428894,54.80408502687412,0.3041653571736731,0.09810121763719587,0.20606413953647723,0.777642102692472
2021-03-17,226.53598022460938,237.0399932861328,238.5500030517578,233.22999572753906,236.14999389648438,29562100,-0.0028186168390499367,0.01987778656563477,234.05950012207032,231.87679931640625,0.26231752892317695,53.85995716093143,0.49118640196664387,0.17671825450308548,0.3144681474635584,0.7571774320963028
2021-03-18,220.49603271484375,230.72000122070312,234.19000244140625,230.3300018310547,232.55999755859375,34833000,-0.026662134004538096,-0.027031600936697764,233.40600051879883,232.13319946289062,0.27728717321211044,45.83829999242388,0.12795638452550406,0.16696588050756922,-0.03900949598206516,0.5641416652956751
2021-03-19,220.1424102783203,230.35000610351562,232.47000122070312,229.35000610351562,231.02000427246094,46430700,-0.0016036542789091834,-0.02290559447077145,232.87500076293946,232.49519958496094,0.2752646805222431,45.41188568078697,-0.1875990103909544,0.09605290232786448,-0.28365191271881884,0.5473100142254893
2021-03-22,225.5325164794922,235.99000549316406,236.89999389648438,230.13999938964844,230.27000427246094,30127000,0.02448447684049082,0.005025373480002093,232.94900131225586,232.84919982910156,0.27443262272148816,52.64372186693111,0.017223341032689632,0.08028699006882951,-0.06306364903613988,0.7217069643560666
2021-03-23,227.05201721191406,237.5800018310547,241.0500030517578,237.07000732421875,237.49000549316406,31638400,0.006737557951100204,-0.0005469053853041084,233.16450119018555,233.2083999633789,0.27441391768271817,54.47478874927432,0.3043377306005368,0.12509713817517099,0.17924059242536583,0.7708719540821021
2021-03-24,225.0260009765625,235.4600067138672,238.0,235.32000732421875,237.85000610351562,25620100,-0.008923289421872482,-0.00666548522197441,233.21000137329102,233.56779998779297,0.27609124023258613,51.60942922868223,0.35670024606352513,0.17141775975284182,0.1852824863106833,0.7053186344473881
2021-03-25,222.04425048828125,232.33999633789062,236.94000244140625,231.57000732421875,235.3000030517578,34061900,-0.013250701974913404,0.007021476719037523,233.37750091552735,233.91600006103516,0.26633855265102147,47.63803275177722,0.1447703322193945,0.16608827424615236,-0.021317942026757852,0.6088433945839339
2021-03-26,226.00076293945312,236.47999572753906,236.7100067138672,231.5500030517578,231.5500030517578,25479900,0.01781871160756876,0.026611632131968488,233.58250045776367,234.31880004882814,0.2686368937120784,52.825446735849766,0.30733493414007285,0.19433760622493645,0.11299732791513639,0.736858172107189
2021-03-29,224.8157196044922,235.24000549316406,236.8000030517578,231.8800048828125,236.58999633789062,25227500,-0.005243531194087381,-0.003178100693004615,233.49750061035155,234.7632000732422,0.2601536536636146,51.18968486446542,0.3322813706902821,0.22192635911800562,0.11035501157227645,0.6985158780524054
2021-03-30,221.57595825195312,231.85000610351562,233.85000610351562,231.10000610351562,233.52999877929688,24792000,-0.014410811556229697,-0.024118173597850734,233.39650115966796,235.1472003173828,0.2611461193760773,46.91273920191946,0.0776123155859807,0.19306355041160064,-0.11545123482561995,0.5397548866868015
2021-03-31,225.32228088378906,235.77000427246094,239.10000610351562,232.38999938964844,232.91000366210938,43623500,0.01690747494393041,0.0013165614106622758,233.80700149536133,235.53380035400392,0.24781388253575296,51.91568333119605,0.18990721391770649,0.19243228311282182,-0.0025250691951153315,0.5535110347227815
2021-04-01,231.6106719970703,242.35000610351562,242.83999633789062,238.0500030517578,238.47000122070312,30338000,0.027908562208153853,0.043083454951370115,234.58800201416017,235.89400054931642,0.2632947472679125,58.91483224990073,0.8006237935618401,0.3140705852026255,0.4865532083592146,0.8681319267608768
2021-04-05,238.0329132080078,249.07000732421875,249.9600067138672,242.6999969482422,242.75999450683594,36910600,0.027728496189237894,0.053239224560817755,235.4615020751953,236.37600067138672,0.26981854600230715,64.58456273053243,1.8060499998512398,0.6124664681323484,1.1935835317188914,1.0
2021-04-06,236.87655639648438,247.86000061035156,249.39999389648438,246.8800048828125,247.61000061035156,22931900,-0.00485809884082955,0.053647316878481455,236.48500213623046,236.81420074462892,0.25938279487576577,62.90134463694959,2.4766705660674404,0.9853072877193668,1.4913632783480737,0.9458367911479945
2021-04-07,238.82611083984375,249.89999389648438,250.92999267578125,247.19000244140625,247.80999755859375,22719800,0.008230425567293365,0.07785200482121124,237.29100189208984,237.22160064697266,0.24451045450547362,64.57750827970693,3.1365958807595007,1.4155650063273937,1.721030874432107,1.0
2021-04-08,242.0276641845703,253.25,254.13999938964844,252.0,252.77000427246094,23625200,0.013405386896100824,0.0741400322805219,238.33250198364257,237.64000061035156,0.2443661013607926,67.19843207883739,3.8851236554481545,1.909476736151546,1.9756469192966086,1.0
2021-04-09,244.512451171875,255.85000610351562,255.99000549316406,252.44000244140625,252.8699951171875,24326800,0.010266559145175158,0.0557045581184501,239.26850204467775,238.09900085449217,0.23826468237540066,69.10882693500602,4.634710021020851,2.454523393125407,2.180186627895444,1.0
2021-04-12,244.5697784423828,255.91000366210938,257.6700134277344,254.6199951171875,254.7100067138672,27148700,0.0002345028616863587,0.02746214372165201,240.2765022277832,238.43860107421875,0.23594253923108086,69.15347253989796,5.173961707884217,2.998411056077169,2.175550651807048,1.0
2021-04-13,247.03543090820312,258.489990234375,259.19000244140625,256.8299865722656,257.260009765625,23837500,0.01008161672207275,0.042887071725357995,241.46050186157225,238.9692007446289,0.23473712728771323,71.08848477175805,5.743300713808253,3.5473889876233864,2.1959117261848666,1.0
2021-04-14,244.2639617919922,255.58999633789062,258.8299865722656,255.16000366210938,257.4800109863281,23070900,-0.011218979481004032,0.02276911796869907,242.35450134277343,239.28800079345703,0.23969758805368954,66.07135892248789,5.8925747727037106,4.016426144639452,1.876148628064259,0.9086903527058171
2021-04-15,248.0006866455078,259.5,259.92999267578125,257.7300109863281,257.92999267578125,25627500,0.015297952651246671,0.024679170779861703,243.4775016784668,239.68780090332032,0.24173993949434794,69.22504148863788,6.2542846577307785,4.463997847257717,1.7902868104730612,1.0
2021-04-16,249.18577575683594,260.739990234375,261.0,257.6000061035156,259.4700012207031,24878600,0.004778382406069426,0.019112698902500336,244.9785011291504,240.04260070800783,0.21161738796988533,70.17193761231287,6.565318293952998,4.884261936596774,1.6810563573562245,1.0
2021-04-19,247.2743682861328,258.739990234375,261.4800109863281,257.82000732421875,260.19000244140625,23209300,-0.007670476623866662,0.011058522651588909,246.39800033569335,240.3772006225586,0.21564904318283615,66.61191158064008,6.57464301413907,5.222338152105234,1.3523048620338365,0.9411937570410955
2021-04-20,246.8156280517578,258.260009765625,260.20001220703125,256.8399963378906,257.82000732421875,19722900,-0.0018550687441675207,-0.000889707444924559,247.5115005493164,240.69840087890626,0.2056011960185577,65.74980212507289,6.468734959636578,5.471617513611503,0.9971174460250749,0.9270808330106749
2021-04-21,249.03280639648438,260.5799865722656,260.67999267578125,257.25,258.94000244140625,24030400,0.008983105083694598,0.019523417605821436,248.66149978637696,241.0606005859375,0.20606508260849038,67.91154520257348,6.497110161229756,5.676716043135154,0.8203941180946019,0.9952953928858408
2021-04-22,245.7739715576172,257.1700134277344,261.7799987792969,255.63999938964844,260.2099914550781,25606200,-0.013086089954132296,-0.00897875365034928,249.74700012207032,241.32860076904296,0.21020622738641653,61.74302625642177,6.173279653384526,5.776028765185028,0.3972508881994976,0.8950315382755187
2021-04-23,249.57757568359375,261.1499938964844,261.510009765625,257.2699890136719,257.8800048828125,21462600,0.01547606742987706,0.00157246175295489,251.1875,241.69520050048828,0.20262380809520833,65.66325233381781,6.1667068467008335,5.854164381488189,0.31254246521264406,1.0
2021-04-26,249.9599151611328,261.54998779296875,262.44000244140625,260.1700134277344,261.6600036621094,19763300,0.0015316634341677737,0.010860314078424249,252.44099960327148,242.03640014648437,0.19815701427992885,66.03989252654128,6.123189695352522,5.907969444261056,0.21522025109146625,1.0
2021-04-27,250.3612518310547,261.9700012207031,263.19000244140625,260.1199951171875,261.5799865722656,31014200,0.001605862922336776,0.014365334603855251,253.77749938964843,242.37600006103514,0.19486812979974638,66.45597287156212,6.052820466219657,5.936939648652777,0.11588081756688062,1.0
2021-04-28,243.2795867919922,254.55999755859375,256.5400085449219,252.9499969482422,256.0799865722656,46903100,-0.02828569541390591,-0.023102269260430575,254.91299896240236,242.5932000732422,0.21843809213195947,53.90735019650795,5.337598465035967,5.817071411929415,-0.47947294689344844,0.789727511150735
2021-04-29,241.3204345703125,252.50999450683594,256.1000061035156,249.0,255.4600067138672,40589000,-0.008053123316384192,-0.01812038215026157,255.7499984741211,242.75940002441405,0.21801619447530912,51.03616728128206,4.552879007386736,5.56423293102088,-1.011353923634144,0.7315549024048177
2021-04-30,241.0050811767578,252.17999267578125,253.0800018310547,249.60000610351562,249.74000549316406,30945100,-0.0013068862153325922,-0.03434808129560474,256.2414978027344,242.92720001220704,0.19846663937750614,50.56924364416618,3.8598607220516783,5.2233584892270395,-1.3634977671753612,0.7221904932216607
2021-05-03,240.69924926757812,251.86000061035156,254.35000610351562,251.1199951171875,253.39999389648438,19626600,-0.0012689034607161753,-0.037048318236922784,256.380997467041,243.145,0.1739049771223248,50.090688103687235,3.2473842286403,4.828163637109692,-1.5807794084693922,0.7131101295567981
2021-05-04,236.8095703125,247.7899932861328,251.2100067138672,245.75999450683594,250.97000122070312,32756100,-0.016159800342871344,-0.054128365341434725,256.37749710083006,243.41059997558594,0.18301075594952143,44.342784029652975,2.40584355148701,4.343699619985156,-1.9378560684981458,0.5976161826274123
2021-05-05,235.54811096191406,246.47000122070312,249.5,245.82000732421875,249.05999755859375,21901300,-0.005327059611747287,-0.03178031275722537,256.205997467041,243.67459991455078,0.1812917941609316,42.634067216497996,1.6138012772558454,3.797719951439294,-2.1839186741834484,0.5601589788910014
2021-05-06,238.66366577148438,249.72999572753906,249.86000061035156,244.69000244140625,246.4499969482422,26491100,0.013226739524850872,-0.011009460376910418,256.02999725341795,243.97819976806642,0.1811093922115356,47.96688999767197,1.2349209800159997,3.285160157154635,-2.0502391771386352,0.6526673216456108
2021-05-07,241.27267456054688,252.4600067138672,254.3000030517578,251.1699981689453,252.14999389648438,27032900,0.01093185053070922,0.00111037372598366,255.86049728393556,244.44759979248047,0.1816552240529116,51.991753405407124,1.1417829229110623,2.8564847103059208,-1.7147017873948585,0.7301364067982138
2021-05-10,236.2266387939453,247.17999267578125,251.72999572753906,247.1199951171875,250.8699951171875,29299900,-0.020914259279372516,-0.018581783225716242,255.42399673461915,244.74359954833983,0.1953553260446892,44.77756899734142,0.6346020384042106,2.412108175925579,-1.7775061375213683,0.5803062928639192
2021-05-11,235.3187255859375,246.22999572753906,246.60000610351562,242.57000732421875,244.5500030517578,33641600,-0.003843340789674188,-0.006295643895483538,254.81099700927734,244.9293994140625,0.1904447301328206,43.605203813728856,0.15422293315126012,1.9605311273707153,-1.8063081942194552,0.5533483813951917
2021-05-12,228.40908813476562,239.0,244.3800048828125,238.07000732421875,242.1699981689453,36684400,-0.02936277404455334,-0.03030795303163103,253.98149719238282,245.03199951171874,0.2113807252045702,35.90126732018665,-0.800651784934928,1.4082945449095867,-2.2089463298445144,0.3481839489168383
2021-05-13,232.26055908203125,243.02999877929688,245.60000610351562,241.4199981689453,241.8000030517578,29624300,0.01686191957864791,-0.026828963532086192,253.15799713134766,245.34139953613283,0.21326683333794808,42.047360646462536,-1.2181673818399474,0.88300215955968,-2.1011695413996274,0.4625425797654806
2021-05-14,237.1536865234375,248.14999389648438,249.17999267578125,245.49000549316406,245.5800018310547,23901100,0.021067337953768916,-0.01707206172369191,252.52849731445312,245.76979949951172,0.22862105222471182,48.76840689868156,-1.1229658329518202,0.48180856105737996,-1.6047743940092,0.6003468307567397
2021-05-17,234.31527709960938,245.17999267578125,246.58999633789062,243.52000427246094,246.5500030517578,24970200,-0.011968572612345296,-0.008091269759941011,251.85049743652343,246.04139923095704,0.23044391009908755,45.47384900271275,-1.2725035677200651,0.13094613530189092,-1.403449703021956,0.5144590035896542
2021-05-18,232.308349609375,243.0800018310547,246.41000366210938,242.89999389648438,246.27000427246094,20168000,-0.008565098733417154,-0.012792892625356433,251.09149703979492,246.35519927978515,0.23139006830461972,43.249099583224556,-1.5426819336537392,-0.2037794784892351,-1.3389024551645041,0.40259322243283624
2021-05-19,232.88304138183594,243.1199951171875,243.22999572753906,238.60000610351562,239.30999755859375,25739800,0.00016452725782278854,0.017238473293671452,250.218497467041,246.54199920654298,0.22745579360193896,43.30598631233808,-1.7335893720737658,-0.5097414572061413,-1.2238479148676245,0.4038580324362721
2021-05-20,236.10157775878906,246.47999572753906,247.9499969482422,243.86000061035156,243.9600067138672,21800700,0.013820338424784806,0.014195765813154848,249.68399658203126,246.82319915771484,0.2322044241707599,48.020204934496896,-1.595370485997904,-0.7268672629644939,-0.8685032230334102,0.5101199277306577
2021-05-21,234.84678649902344,245.1699981689453,248.3300018310547,244.74000549316406,247.57000732421875,21863100,-0.00531482303351638,-0.012008848683599638,248.8849967956543,246.9839990234375,0.22297321040437115,46.40022939925797,-1.5733997054445297,-0.896173751460501,-0.6772259539840286,0.46869052352807195
2021-05-24,240.2205352783203,250.77999877929688,251.16000366210938,247.50999450683594,247.7899932861328,21411500,0.0228820844811759,0.022840387759212044,248.34649734497071,247.28459899902344,0.24095641120744257,53.61667626718309,-1.0907342337527837,-0.9350858479189577,-0.155648385833826,0.6461099250668839
2021-05-25,241.12095642089844,251.72000122070312,252.75,250.82000732421875,251.77000427246094,17704300,0.0037483150409993726,0.03554385109661706,247.8339973449707,247.62279907226562,0.2414999226845085,54.71681686482268,-0.6251615556627144,-0.8731009894677091,0.24793943380499472,0.6758380271087244
2021-05-26,240.90065002441406,251.49000549316406,252.94000244140625,250.75,251.42999267578125,17771600,-0.0009136966725874496,0.034427486607763846,247.6804977416992,247.89839904785157,0.22043661844534135,54.3769750299048,-0.27161952624297214,-0.7528046968227617,0.4811851705797896,0.6685642838115902
2021-05-27,238.81243896484375,249.30999755859375,251.47999572753906,249.25,251.1699981689453,24426200,-0.008668368074092547,0.011481669425956076,247.5204978942871,248.14379913330077,0.22072630015825015,51.13508704950731,-0.1654362953955797,-0.6353310165373254,0.4698947211417457,0.5996203157151074
2021-05-28,239.16683959960938,249.67999267578125,252.0800018310547,249.55999755859375,251.0,18270200,0.0014840765344781293,0.018395376842676114,247.3954978942871,248.52299896240234,0.22082092347936955,51.66182644192244,-0.05084371150425682,-0.5184335555307117,0.46758984402645487,0.6113216178758527
2021-06-01,236.9828338623047,247.39999389648438,251.2899932861328,246.9600067138672,251.22999572753906,23213300,-0.009131683940160729,-0.013477968335852575,247.17249755859376,248.8639987182617,0.22298169312180613,48.21289038571343,-0.14236402604603882,-0.44321964963377714,0.3008556235877383,0.5162679387054546
2021-06-02,236.8870391845703,247.3000030517578,249.27000427246094,245.83999633789062,248.1300048828125,19406700,-0.00040416672268961396,-0.01755918539452872,247.147998046875,249.0901986694336,0.21547350408634092,48.06135234094036,-0.22042207176443185,-0.3986601340599081,0.17823806229547623,0.5129481890063751
2021-06-03,235.36404418945312,245.7100067138672,246.33999633789062,243.0,245.22000122070312,25307700,-0.00642942304193117,-0.022983015837796272,247.1099983215332,249.25279876708984,0.21586936587389163,45.60660485525024,-0.40590404255203794,-0.40010891575833407,-0.005795126793703864,0.4601594574111525
2021-06-04,240.23008728027344,250.7899932861328,251.64999389648438,247.50999450683594,247.75999450683594,25281100,0.02067472399763237,0.005936367341992543,247.1629981994629,249.55939849853516,0.22343867133013987,53.73674682464046,-0.14135789375697527,-0.34835871135806235,0.20700081760108707,0.6288177374839408
2021-06-07,243.12295532226562,253.80999755859375,254.08999633789062,249.80999755859375,249.97999572753906,23079200,0.012041964804454297,0.016541192742565825,247.23049774169922,249.98879852294922,0.22417241358683937,57.77718802917259,0.3084305453386662,-0.21700086001871666,0.5254314053573829,0.7290834998358616
2021-06-08,241.9351806640625,252.57000732421875,256.010009765625,252.50999450683594,255.16000366210938,22455000,-0.004885505875664831,0.0208973870464102,247.4999984741211,250.31059875488282,0.21081837372866385,55.62891915739319,0.5583974171547652,-0.061921204584020284,0.6203186217387855,0.6879151586873792
2021-06-09,242.91224670410156,253.58999633789062,255.52999877929688,253.2100067138672,253.80999755859375,17937600,0.004038440765306461,0.025434667240244124,247.86799850463868,250.67759857177734,0.2101914692894853,57.04380042987273,0.8292435495297354,0.11631174623873088,0.7129318032910046,0.721779341257908
2021-06-10,246.4084930419922,257.239990234375,257.4599914550781,253.6699981689453,254.2899932861328,24563600,0.014393288178532915,0.046925168717017796,248.7799980163574,251.18539825439453,0.18004489436926785,61.74481526292972,1.323162470631047,0.3576818911171941,0.9654805795138528,0.8194652085008937
2021-06-11,247.0311737060547,257.8900146484375,258.489990234375,256.6099853515625,257.989990234375,18999700,0.0025269182037763738,0.02831062463566525,249.52299880981445,251.62779846191407,0.17325562926504556,62.53124024583156,1.746911009132731,0.6355277147203016,1.1113832944124293,0.8223776075123459
2021-06-14,248.94696044921875,259.8900146484375,259.95001220703125,256.79998779296875,257.8999938964844,19150500,0.007755244043575971,0.023954994477473734,250.1099998474121,251.9785986328125,0.16087364199289947,64.92071651974692,2.218544069108333,0.9521309855979079,1.266413083510425,0.9094476943087444
2021-06-15,247.4813690185547,258.3599853515625,259.989990234375,257.67999267578125,259.7699890136719,18038900,-0.005887218479496914,0.022924250146262537,250.76899948120118,252.16439819335938,0.1550306230708242,61.680062661982106,2.440720977667752,1.2498489840118767,1.1908719936558751,0.8428378024687749
2021-06-16,246.54261779785156,257.3800048828125,260.5799865722656,254.4199981689453,259.3999938964844,27220000,-0.0037930814534475887,0.014945418193357929,251.48399963378907,252.3547982788086,0.1513264102878571,59.62703449219996,2.508801640967363,1.501639515402974,1.0071621255643888,0.8001743102323561
2021-06-17,249.91436767578125,260.8999938964844,261.75,256.010009765625,256.07000732421875,27565500,0.013676233378247638,0.014227973103150493,252.3729995727539,252.5747982788086,0.15562054134824435,64.23225315868714,2.8143477042902703,1.7641811531804334,1.0501665511098368,0.9534171847037457
2021-06-18,248.5063018798828,259.42999267578125,262.29998779296875,258.75,259.6300048828125,37202200,-0.005634347470649503,0.005971452711897696,253.020499420166,252.69839813232423,0.15395575064549846,61.09790664994846,2.9043982524867147,1.9922245730416899,0.9121736794450248,0.8894206177650292
2021-06-21,251.57156372070312,262.6300048828125,263.5199890136719,257.9200134277344,259.82000732421875,26696100,0.012334781241081894,0.010542883835231054,253.89349975585938,252.83399810791016,0.15465479452926947,65.09133349160919,3.197123749754354,2.2332044083842226,0.9639193413701315,1.0
2021-06-22,254.3302764892578,265.510009765625,265.7900085449219,262.3999938964844,262.7200012207031,24694100,0.010966016179672966,0.02767465869117891,254.63000030517577,253.02599822998047,0.13992039416463625,68.25025791201489,3.619776608638489,2.5105188484350762,1.1092577602034126,1.0
2021-06-23,254.10043334960938,265.2699890136719,266.8299865722656,264.42999267578125,265.989990234375,19518700,-0.0009039988818688727,0.030655000315396475,255.30749969482423,253.1615982055664,0.14051718280124093,67.70041634738755,3.890516918336175,2.7865184624152963,1.1039984559208786,0.9909460330616567
2021-06-24,255.46060180664062,266.69000244140625,267.8500061035156,265.4700012207031,266.1600036621094,21446900,0.005353087369642795,0.0221924441562813,256.0674995422363,253.38359832763672,0.1401624297973026,69.27737370770306,4.171576443892036,3.0635300587106444,1.1080463851813915,1.0
2021-06-25,253.86085510253906,265.0199890136719,267.25,264.760009765625,266.2300109863281,25611100,-0.006262002371466013,0.021547224668339027,256.8529991149902,253.49399810791016,0.13775059452418625,65.24306107005683,4.211019998808581,3.2930280467302318,0.9179919520783493,0.9396889389494195
2021-06-28,257.4051513671875,268.7200012207031,268.8999938964844,265.9100036621094,266.19000244140625,19590000,0.013961257114233572,0.02318850178831644,257.8049995422363,253.65359832763673,0.14284047283113385,69.48324215235534,4.4890919059416206,3.5322408185725096,0.956851087369111,1.0
2021-06-29,259.9722900390625,271.3999938964844,271.6499938964844,267.9800109863281,268.8699951171875,19937800,0.009973179010148048,0.022183661309261637,259.0049995422363,253.9067984008789,0.13597643303765589,72.13490634438796,4.869585358248457,3.7997097265076993,1.069875631740758,1.0
2021-06-30,259.49334716796875,270.8999938964844,271.3599853515625,269.6000061035156,270.69000244140625,21656500,-0.0018422992308197994,0.021223678199505436,260.1849990844727,254.1595980834961,0.13678231994858822,70.89716448402004,5.072312873779481,4.054230355962056,1.018082517817425,0.9845678983274668
2021-07-01,260.1639099121094,271.6000061035156,271.8399963378906,269.6000061035156,269.6099853515625,16725300,0.0025840244474082397,0.018410902610374924,261.47949905395507,254.3799984741211,0.13074902204688135,71.63108268909109,5.22918226714927,4.289220738199499,0.9399615289497705,1.0
2021-07-02,265.95904541015625,277.6499938964844,278.0,272.5,272.82000732421875,26458000,0.02227535956189519,0.0476568010202465,262.82249908447267,254.7895980834961,0.1333823372673058,77.02396565937849,5.775113926155541,4.586399375790708,1.1887145503648329,1.0
2021-07-06,265.9687194824219,277.6600036621094,279.3699951171875,274.29998779296875,278.0299987792969,31565600,3.605174084286844e-05,0.03326883894311883,264.01499938964844,255.1197982788086,0.13193521424807333,77.03174531411725,6.1378233961259525,4.896684179857758,1.241139216268195,1.0
2021-07-07,268.1431579589844,279.92999267578125,280.69000244140625,277.1499938964844,279.3999938964844,23260000,0.008175426722367485,0.031429620379985534,265.38299865722655,255.48739837646485,0.1276444058713907,78.78599888413679,6.533132521596542,5.223973848205515,1.3091586733910274,1.0
2021-07-08,265.7388610839844,277.4200134277344,278.7300109863281,274.8699951171875,276.8999938964844,24618600,-0.00896645344807323,0.024067994382242164,266.5744995117187,255.79639862060546,0.13718630916909594,72.21789160298452,6.568169730920488,5.49281302474851,1.075356706171978,0.9386762839678674
2021-07-09,266.2369384765625,277.94000244140625,278.04998779296875,275.32000732421875,275.7200012207031,23916700,0.0018743745530360734,0.023343137685623683,267.6095001220703,256.26399871826175,0.1323684453921256,72.72518788605372,6.562250203921053,5.7067004605830185,0.8555497433380346,0.9513806354636242
2021-07-12,265.64300537109375,277.32000732421875,279.7699890136719,276.5799865722656,279.1600036621094,18931700,-0.0022306796853331923,-0.0011884983955327,268.58099975585935,256.76019897460935,0.13409387082624305,71.0591110227007,6.433370619813445,5.8520344924291035,0.5813361273843416,0.9362329387098361
2021-07-13,269.14898681640625,280.9800109863281,282.8500061035156,277.3900146484375,277.5199890136719,26120100,0.013197762748615505,0.011957096018261781,269.63549957275393,257.3361993408203,0.1376366701643624,74.73828959912746,6.551047925882472,5.991837179119777,0.5592107467626946,1.0
2021-07-14,270.6145935058594,282.510009765625,283.6600036621094,280.54998779296875,282.3500061035156,23113700,0.005445222860964716,0.009216651153318711,270.843000793457,257.94919952392576,0.13268965216905504,76.10578541995189,6.690640613306357,6.131597865957094,0.5590427473492632,1.0
2021-07-15,269.1967468261719,281.0299987792969,282.510009765625,279.8299865722656,282.0,22604200,-0.005238791317716429,0.013012707003212887,272.02550048828124,258.61399963378904,0.13398259132499107,72.04309122808885,6.6056979323124665,6.226417879228169,0.37928005308429746,0.965984586206703
2021-07-16,268.9285583496094,280.75,284.1000061035156,279.4599914550781,282.07000732421875,26186800,-0.0009963305715158244,0.010110086831369713,273.018000793457,259.299599609375,0.1306468028898353,71.2679751191515,6.441532704896815,6.269440844361899,0.1720918605349162,0.9595493134773899
2021-07-19,265.3460998535156,277.010009765625,280.3699951171875,274.45001220703125,278.92999267578125,32935600,-0.013321425589937652,-0.0011178333708585786,273.8970016479492,259.8451998901367,0.14041914978005282,61.71641853784575,5.941158645291694,6.203784404547859,-0.2626257592561654,0.8735923060089666
2021-07-20,267.5588684082031,279.32000732421875,280.9700012207031,276.260009765625,278.0299987792969,26259700,0.00833904002439545,-0.0059079066026164195,274.7315017700195,260.38239990234376,0.1377072561847503,64.84993248841778,5.665695484801859,6.09616662059866,-0.4304711357968012,0.9266834813738308
2021-07-21,269.55120849609375,281.3999938964844,281.5199890136719,277.2900085449219,278.8999938964844,24364300,0.00744660789676721,-0.003929120494036709,275.5260009765625,261.0667999267578,0.13559853535664182,67.43462481079348,5.551235293774823,5.9871803552338925,-0.4359450614590692,0.9744882643069965
2021-07-22,274.0916748046875,286.1400146484375,286.4200134277344,283.4200134277344,283.8399963378906,23384100,0.016844423790914442,0.018183168670024008,276.56950225830076,261.8650003051758,0.14333160471740478,72.41303821856532,5.776417878809468,5.9450278599490085,-0.1686099811395403,1.0
2021-07-23,277.4730529785156,289.6700134277344,289.989990234375,286.5,287.3699951171875,22768100,0.012336613540870678,0.03177208700884915,277.7185028076172,262.87840057373046,0.14642455729137524,75.42597588732987,6.168610201286924,5.9897443282165925,0.17886587307033164,1.0
2021-07-26,276.87908935546875,289.04998779296875,289.69000244140625,286.6400146484375,289.0,23176100,-0.0021404550213144358,0.04346405401570386,278.92000274658204,263.7988003540039,0.14322150366755218,73.89930163232862,6.356125101864507,6.063020482946175,0.2931046189183313,0.9866918763589703
2021-07-27,274.4747619628906,286.5400085449219,289.5799865722656,282.95001220703125,289.42999267578125,33604100,-0.00868354732415566,0.025848492880506724,279.81100311279295,264.56660064697263,0.14568050461104146,67.90710788403811,6.230377746611111,6.096491935679163,0.1338858109319485,0.9328181132490733
2021-07-28,274.1683044433594,286.2200012207031,290.1499938964844,283.8299865722656,288.989990234375,33566900,-0.0011167980549864343,0.01712866890107967,280.55200347900393,265.3874008178711,0.14420902775520913,67.15940880054386,6.035328633336917,6.084259275210714,-0.04893064187379714,0.9259495310519064
2021-07-29,274.4364929199219,286.5,288.6199951171875,286.0799865722656,286.239990234375,18168300,0.0009782641957329918,0.0012580741355059377,281.3320037841797,266.25580078125,0.14337560866211677,67.49663464143563,5.836069787572114,6.034621377682995,-0.1985515901108803,0.9319009198538566
2021-07-30,272.9134521484375,284.9100036621094,286.6600036621094,283.9100036621094,285.1700134277344,20944800,-0.005549725437663633,-0.01643252509743298,281.99750366210935,267.09160095214844,0.1464438486736438,63.50852944278834,5.4866100747614155,5.925019117098679,-0.4384090423372635,0.8930335250910983
2021-08-02,272.82720947265625,284.82000732421875,286.7699890136719,283.739990234375,286.3599853515625,16267400,-0.0003158763705515266,-0.01463407938899386,282.3560043334961,267.858401184082,0.12643953434268568,63.28061671136233,5.14311218649101,5.7686377309771455,-0.6255255444861358,0.891011136169044
2021-08-03,275.0303649902344,287.1199951171875,287.2300109863281,284.0,285.4200134277344,17879000,0.008075232546253641,0.0020241032839038997,282.82900390625,268.69740112304686,0.12857108882403917,66.58135259293648,4.998853753963431,5.614680935574403,-0.6158271816109719,0.9419923129870116
2021-08-04,274.4460754394531,286.510009765625,287.5899963378906,284.6499938964844,286.2200012207031,16191300,-0.002124496245249463,0.0010132364743380418,283.1580047607422,269.41200134277346,0.1268862395308895,64.91473020891009,4.7802039710439885,5.447785542668321,-0.6675815716243321,0.9281163971908004
2021-08-05,277.3293762207031,289.5199890136719,289.6300048828125,286.1000061035156,286.8800048828125,13900200,0.010505668721693562,0.010540973869709758,283.76300354003905,270.1680010986328,0.12502064649030195,69.03381791255876,4.794534206822618,5.31713527549918,-0.5226010686765621,0.9965872522486404
2021-08-06,277.2718200683594,289.4599914550781,289.5,287.6199951171875,288.510009765625,16589300,-0.00020723114420573285,0.015969912374031114,284.33900299072263,270.9274008178711,0.1253031352514976,68.86027784991954,4.746336903036934,5.202975601006731,-0.4566386979697974,0.9952224308330235
2021-08-09,276.1893615722656,288.3299865722656,291.54998779296875,287.80999755859375,289.75,16117600,-0.003903837891834794,0.01232349960602086,284.889501953125,271.70780059814456,0.1262009406237208,65.51955665683992,4.56434333360113,5.075249147525611,-0.5109058139244809,0.9695171371517094
2021-08-10,274.3789978027344,286.44000244140625,289.25,285.20001220703125,288.79998779296875,18616600,-0.006554934342168028,-0.00236832226018846,285.1625015258789,272.44300079345703,0.12232865728114532,60.25427232779472,4.218972505699924,4.9039938191604735,-0.6850213134605498,0.9265238741351416
2021-08-11,274.86749267578125,286.95001220703125,288.6600036621094,285.8599853515625,287.2099914550781,13955900,0.0017805116648443864,0.0015357314802584288,285.3845016479492,273.23400115966797,0.12124564929507853,61.161300089544866,3.940987906673911,4.711392636663161,-0.7704047299892505,0.9381255503802027
2021-08-12,277.60711669921875,289.80999755859375,289.9700012207031,286.3399963378906,286.6300048828125,14561300,0.00996684171422535,0.0010016874686611388,285.82350158691406,274.0842010498047,0.12318661730183968,65.86557524403307,3.906429141673641,4.550399937665257,-0.6439707959916161,1.0
2021-08-13,280.5191650390625,292.8500061035156,292.8999938964844,289.29998779296875,289.4800109863281,18249000,0.010489660710573778,0.011711513675504381,286.42850189208986,275.02700103759764,0.1267120937108194,70.022054157557,4.0773432793262145,4.455788605997449,-0.3784453266712342,1.0
2021-08-16,282.1954040527344,294.6000061035156,294.82000732421875,290.0199890136719,293.19000244140625,22507600,0.005975755381686376,0.02174598488970725,287.30800170898436,275.9032012939453,0.11328007379897928,72.12620568604208,4.304386056355099,4.425508096068979,-0.12112203971387991,1.0
2021-08-17,280.7393798828125,293.0799865722656,293.42999267578125,291.0799865722656,292.3900146484375,20075300,-0.005159604547719909,0.023181064356462056,287.9960006713867,276.68860107421875,0.11512976086418833,67.68248032572168,4.311960622117283,4.40279860127864,-0.09083797916135694,0.9638348899501104
2021-08-18,279.021484375,290.7300109863281,294.82000732421875,290.2699890136719,292.0400085449219,21813000,-0.00801820558756594,0.013173021845246158,288.4625015258789,277.4518011474609,0.11921086981715114,61.38567817770254,4.081293518669611,4.338497584756834,-0.25720406608722346,0.905632914029897
2021-08-19,284.81829833984375,296.7699890136719,297.4700012207031,288.6400146484375,288.69000244140625,29850500,0.020775213425172634,0.024015705164453394,288.99400024414064,278.3154010009766,0.12644880003759196,69.29312231679552,4.335882570643548,4.337974581934177,-0.002092011290629081,1.0
2021-08-20,292.10260009765625,304.3599853515625,305.8399963378906,298.05999755859375,299.7200012207031,40817600,0.025575349997876584,0.039303325962637636,289.728498840332,279.2578009033203,0.1479133122982893,75.95628219407948,5.091404953752317,4.488660656297806,0.6027442974545112,1.0
2021-08-23,292.38092041015625,304.6499938964844,305.3999938964844,301.8500061035156,303.25,22830200,0.000952847151004077,0.034114010810432305,290.5084991455078,280.19300048828126,0.14702624576746026,76.16906647471777,5.648451320697461,4.720618789177737,0.9278325315197238,1.0
2021-08-24,290.4326477050781,302.6199951171875,305.6499938964844,302.0,305.0199890136719,18175800,-0.006663380337984304,0.03255087000821044,291.31249847412107,281.04760009765624,0.14511932739456399,71.40542782015875,5.858576619292364,4.948210355200663,0.9103662640917012,0.9570552305669092
2021-08-25,289.8473205566406,302.010009765625,304.5899963378906,300.4200134277344,304.29998779296875,20006100,-0.002015680924607355,0.03879887989901154,292.1019989013672,281.9206005859375,0.1454735367761946,69.98898775518484,5.907780496194505,5.1401243833994315,0.7676561127950734,0.9441509468069516
2021-08-26,287.0447998046875,299.0899963378906,302.42999267578125,298.95001220703125,300.989990234375,17666100,-0.009668598169976117,0.007817526738230551,292.7314987182617,282.7548004150391,0.15193758223797024,63.49574382403254,5.646069864247977,5.241313479569141,0.40475638467883623,0.8770456123727788
2021-08-27,287.6495056152344,299.7200012207031,300.8699951171875,296.8299865722656,298.989990234375,22605700,0.0021064057324764462,-0.01524505307588242,293.4719985961914,283.53120056152346,0.14916624670732603,64.2660385436285,5.4269400450926355,5.27843879267384,0.14850125241879564,0.8909776085206264
2021-08-30,291.3636169433594,303.5899963378906,304.2200012207031,301.05999755859375,301.1199951171875,16348100,0.012912034903996172,-0.00347939464904079,294.410498046875,284.4144006347656,0.15310015467965074,68.64323335949717,5.502129226953457,5.323176879529763,0.17895234742369404,0.9747739686878818
2021-08-31,289.7224426269531,301.8800048828125,304.5,301.5,304.4200134277344,26285300,-0.0056325685157785355,-0.0024452787202261517,295.14849853515625,285.19940063476565,0.1550776007725416,64.86249545559161,5.361926227983986,5.330926749220607,0.03099947876337872,0.9301037428114671
2021-09-01,289.6744384765625,301.8299865722656,305.19000244140625,301.489990234375,302.8699951171875,18983800,-0.0001656893790176195,-0.0005960835321289215,295.9144973754883,285.9258001708984,0.1544483170581234,64.75015416529837,5.1869859364630315,5.302138586669092,-0.11515265020606069,0.9288416104777776
2021-09-02,289.02178955078125,301.1499938964844,303.3599853515625,300.17999267578125,302.20001220703125,16285600,-0.0022528996654824773,0.0068875508503016825,296.4959976196289,286.6434002685547,0.1524713884185081,63.14885982848323,4.936569073682449,5.2290246840717645,-0.29245561038931545,0.9116830792640668
2021-09-03,289.01226806640625,301.1400146484375,302.6000061035156,300.260009765625,300.989990234375,14747900,-3.3137135145744345e-05,0.004737800019855021,297.0799987792969,287.3324005126953,0.15243898976571937,63.12418782427393,4.683320263127769,5.119883799882966,-0.4365635367551972,0.9114312688472781
2021-09-07,288.09088134765625,300.17999267578125,301.0899963378906,298.20001220703125,301.010009765625,17180400,-0.0031879588429223338,-0.011232266224984855,297.67249908447263,288.0356005859375,0.15209059348538273,60.66851599870765,4.354951832388679,4.966897406384109,-0.6119455739954303,0.8755913684414374
2021-09-08,288.1197814941406,300.2099914550781,300.6099853515625,297.4700012207031,299.7799987792969,15046800,9.993597184632108e-05,-0.005532043860879909,298.3609985351562,288.665400390625,0.1488923785809041,60.71993856841192,4.050447103150759,4.7836073457374395,-0.7331602425866803,0.8684443721064815
2021-09-09,285.2789306640625,297.25,302.1400146484375,297.0,300.82000732421875,19927000,-0.009859736648775153,-0.015174060815753565,298.87599792480466,289.1824005126953,0.15512879919612135,53.31330878136043,3.529591406013367,4.532804157792625,-1.003212751779258,0.7807409215856481
2021-09-10,283.80084228515625,295.7099914550781,299.9200134277344,295.3800048828125,298.4200134277344,19633400,-0.005180852968618588,-0.018064096137010655,299.1709976196289,289.6786004638672,0.1538780619538877,49.902708758435914,2.9584406322394443,4.217931452681989,-1.2594908204425446,0.7295005826504966
2021-09-13,285.0294189453125,296.989990234375,298.5400085449219,294.0799865722656,297.54998779296875,23652900,0.004328561145325205,-0.01378104606558983,299.37799682617185,290.1864001464844,0.15038087299354533,52.61600926947548,2.579351573844974,3.890215476914586,-1.3108639030696119,0.7228651208393001
2021-09-14,287.71661376953125,299.7900085449219,301.3900146484375,298.1000061035156,299.55999755859375,21853400,0.009427988829984413,-0.001299167634002174,299.6374969482422,290.62920043945314,0.15245863441735466,57.97767493725924,2.4763134409146232,3.607435069714594,-1.1311216287999706,0.8241683016693037
2021-09-15,292.5440979003906,304.82000732421875,305.32000732421875,301.82000732421875,303.260009765625,28356300,0.016778407004658824,0.01535597082161222,300.22449798583983,291.17240051269533,0.160535136174346,65.5245866367375,2.768618926671934,3.439671841106062,-0.671052914434128,1.0
2021-09-16,292.9279479980469,305.2200012207031,305.30999755859375,300.760009765625,303.760009765625,19550800,0.0013122297974978991,0.026812451541473825,300.9489974975586,291.67820068359373,0.15615851259291266,66.0467906322953,2.9979903283190197,3.351335538548654,-0.35334521022963417,1.0
2021-09-17,287.79345703125,299.8699951171875,304.5,299.5299987792969,304.1700134277344,41372500,-0.01752836014061565,0.014067849522566123,301.1039978027344,292.1272003173828,0.15583091433903057,54.217565048143975,2.7167510213139963,3.2244186351017228,-0.5076676137877265,0.8103506655776543
2021-09-20,282.44775390625,294.29998779296875,298.7200012207031,289.5199890136719,296.3299865722656,38278700,-0.018574740437241832,-0.009057552543381586,300.6009979248047,292.45440002441404,0.1398329806115794,45.15073297951084,2.0211156407163458,2.9837580362246476,-0.9626423955083019,0.6129026325611082
2021-09-21,282.9275817871094,294.79998779296875,297.5400085449219,294.07000732421875,295.69000244140625,22364100,0.0016989467235444256,-0.016645053569907087,300.1084976196289,292.8039996337891,0.14004155421441958,46.02334353749884,1.4929555489009658,2.6855975387599114,-1.1926419898589455,0.6306268492024427
2021-09-22,286.5553283691406,298.5799865722656,300.2200012207031,294.510009765625,296.7300109863281,26626300,0.01282224876464877,-0.020471165284488668,299.9064971923828,293.1559991455078,0.14758427664634177,52.21298984485929,1.3636795328766311,2.4212139375832553,-1.0575344047066242,0.7646218837389183
2021-09-23,287.49591064453125,299.55999755859375,300.8999938964844,297.5299987792969,298.8500061035156,18604600,0.003282239367677464,-0.018544012972520285,299.78399658203125,293.4969989013672,0.1481220236875136,53.69553090795443,1.3250319120190852,2.2019775324704214,-0.8769456204513362,0.7993617378040535
2021-09-24,287.2944030761719,299.3500061035156,299.79998779296875,296.92999267578125,298.2300109863281,14999000,-0.0007009996554598885,-0.001734048161332935,299.7969970703125,293.86339904785154,0.14401551328949821,53.31385711784986,1.2629009031127794,2.0141622065988933,-0.751261303486114,0.791917869718786
2021-09-27,282.3230285644531,294.1700134277344,296.4700012207031,292.94000244140625,296.1400146484375,23571700,-0.017304134191298504,-0.0004416390439193618,299.5194976806641,294.1317993164063,0.15635127782746833,44.845727833508704,0.7866119401967353,1.7686521533184618,-0.9820402131217265,0.6082952449466402
2021-09-28,272.101806640625,283.5199890136719,290.7799987792969,282.75,289.79998779296875,43186200,-0.03620363710755581,-0.03826322675161897,298.5159973144531,294.2619989013672,0.19199462929872396,33.17765355740357,-0.4450877639527562,1.3259041698642182,-1.7709919338169744,0.16216149340572716
2021-09-29,272.5625305175781,284.0,286.7699890136719,283.010009765625,285.1000061035156,26353700,0.00169304107268764,-0.04883109125847862,297.6219970703125,294.3555987548828,0.19259630421893065,34.01101767400074,-1.3667309547450373,0.7873771449423671,-2.1541080996874045,0.10915219580441082
2021-09-30,270.5663757324219,281.9200134277344,287.8299865722656,281.6199951171875,285.7099914550781,32343600,-0.007323896381216999,-0.05888631417620771,296.6264984130859,294.3659991455078,0.1928861432503983,32.14050844724636,-2.239165648968253,0.18206858616024313,-2.4212342351284963,0.0
2021-10-01,277.45709228515625,289.1000061035156,289.9800109863281,281.2900085449219,282.1199951171875,30086300,0.025468190741349206,-0.03424085448809222,296.0239990234375,294.4251989746094,0.21836575756928414,43.659381485307065,-2.324416598807659,-0.3192284508333373,-2.0051881479743217,0.3081543535378143
2021-10-04,271.70831298828125,283.1099853515625,287.75,280.25,287.3999938964844,31350700,-0.020719545574164888,-0.0375974014050513,295.12249755859375,294.29399841308594,0.22808778051164877,37.88211249614528,-2.842555988737274,-0.8238939584141247,-2.0186620303231493,0.05107178314433381
2021-10-05,277.13092041015625,288.760009765625,290.3999938964844,284.04998779296875,284.04998779296875,24993000,0.019956994477063006,0.018482015219394077,294.55149841308594,294.28819885253904,0.24217401048144033,45.24241967260756,-2.7653976544977468,-1.2121946976308493,-1.5532029568668975,0.2935622283868636
2021-10-06,281.3056335449219,293.1099853515625,293.6300048828125,285.510009765625,285.7799987792969,28002600,0.015064328296249263,0.03207741320972701,294.19649810791014,294.4195983886719,0.2494683338376709,50.140730614948346,-2.32642486549463,-1.4350407312036055,-0.8913841342910245,0.4802565573534304
2021-10-07,282.9755859375,294.8500061035156,296.6400146484375,293.9200134277344,295.17999267578125,20430500,0.005936408989499542,0.045864046750606624,294.0764984130859,294.59219848632813,0.2483923703061318,51.99076245142569,-1.8171832771968184,-1.5114692404022483,-0.3057140367945701,0.5549355987080449
2021-10-08,282.9755859375,294.8500061035156,296.6400146484375,293.760009765625,296.2200012207031,17685700,0.0,0.019889311236960472,294.0334991455078,294.75919860839844,0.24771878175643,51.99076245142569,-1.397496183491171,-1.488674629020033,0.091178445528862,0.5549355987080449
2021-10-11,282.38055419921875,294.2300109863281,297.9700012207031,292.75,292.9200134277344,19298600,-0.0021027475134928197,0.03927811172381257,293.89550018310547,294.94559875488284,0.24726970809201265,51.205609905483,-1.1022139264491102,-1.4113824885058486,0.30916856205673837,0.5283263522699589
2021-10-12,281.0849609375,292.8800048828125,295.44000244140625,292.3500061035156,295.3399963378906,17974100,-0.004588267862241868,0.014267886749732117,293.55,295.1067987060547,0.2449119794498436,49.45429587975357,-0.9659993808823515,-1.3223058669811494,0.3563064860987979,0.4703861457981333
2021-10-13,284.3768615722656,296.30999755859375,297.2799987792969,293.489990234375,294.9100036621094,23416300,0.01171125586792332,0.010917445214952526,293.12449951171874,295.2905987548828,0.2406424832933753,53.77965170345389,-0.5746523937705206,-1.1727751723390236,0.598122778568503,0.6175962090075364
2021-10-14,290.5574951171875,302.75,303.2699890136719,297.8299865722656,299.2099914550781,27262900,0.021734003221179687,0.02679326346600397,293.0009994506836,295.61539855957034,0.2541287531256394,60.597386999933015,0.25223962728421156,-0.8877722124143766,1.1400118396985883,0.8939913083796336
2021-10-15,291.9587097167969,304.2099914550781,304.45001220703125,300.5199890136719,302.3399963378906,25384800,0.004822432551868205,0.03174490472378144,293.21799926757814,295.9091986083984,0.24627607544521513,61.9670566225714,1.0136815304839502,-0.5074814638347113,1.5211629943186615,0.9566519186791251
2021-10-18,294.91455078125,307.2900085449219,308.2099914550781,302.69000244140625,303.57000732421875,22729300,0.010124641452805783,0.0443870341941448,293.8675003051758,296.2657989501953,0.23718050969486756,64.75079028284104,1.844400264881699,-0.03710511809142919,1.8815053829731283,1.0
2021-10-19,295.8168029785156,308.2300109863281,309.29998779296875,307.2200012207031,308.3500061035156,17682100,0.0030590075019274465,0.0524105635332035,294.53900146484375,296.6637994384766,0.23718632023825587,65.5788351062763,2.5492154194664636,0.48015898942014934,2.0690564300463143,1.0
2021-10-20,295.0298156738281,307.4100036621094,309.70001220703125,306.1099853515625,309.2099914550781,16537100,-0.002660374703925661,0.03746078834657163,294.9805023193359,297.0831994628906,0.23445955732695592,64.16284088888196,3.006956447257892,0.9855184809876979,2.021437966270194,0.9688328620178489
2021-10-21,298.24493408203125,310.760009765625,311.0199890136719,306.3599853515625,307.1700134277344,16918100,0.010897518179654897,0.02645750541907521,295.5405029296875,297.5593994140625,0.23674753707867383,67.2719140326305,3.5985551018221145,1.5081258051545814,2.090429296667533,1.0
2021-10-22,296.7092590332031,309.1600036621094,311.0899963378906,307.79998779296875,310.3999938964844,17449300,-0.005148687261022911,0.01627169503327175,296.0310028076172,297.9463995361328,0.23792985218968915,64.3982743087185,3.8934133317350756,1.9851833104706804,1.9082300212643952,0.9445212792411661
2021-10-25,295.7207946777344,308.1300048828125,309.3999938964844,306.4599914550781,309.3599853515625,17554500,-0.0033316042408337854,0.0027335621547481814,296.72900238037107,298.25199951171874,0.22807701788158646,62.54603096162503,3.997893086945396,2.387725265765624,1.6101678211797723,0.9088070313186156
2021-10-26,297.6210021972656,310.1099853515625,312.3999938964844,308.6000061035156,311.0,28107300,0.006425795727043937,0.00609925801585165,298.0585021972656,298.5621990966797,0.1767530761551213,64.65083584506088,4.192137569737497,2.7486077265599986,1.4435298431774983,0.977461009133053
2021-10-27,310.1551208496094,323.1700134277344,326.1000061035156,316.0,316.0,52588700,0.042114181074711654,0.051267068663606974,300.01700286865236,299.16399963378905,0.2208259553300998,74.73601700115394,5.338375372078588,3.2665612556637167,2.071814116414871,1.0
2021-10-28,311.28753662109375,324.3500061035156,324.8699951171875,321.3599853515625,324.3299865722656,26297900,0.0036513062064933433,0.04373148381653147,302.1385025024414,299.83639953613283,0.21502629136723253,75.4184097664234,6.269719215603743,3.8671928476517223,2.402526367952021,1.0
2021-10-29,318.2647399902344,331.6199951171875,332.0,323.8999938964844,324.1300048828125,34766000,0.022414024593394588,0.0726484383135968,304.264501953125,300.5333996582031,0.21181927462863176,79.15425692798733,7.507896915005006,4.595333661122379,2.9125632538826265,1.0
2021-11-01,316.1053771972656,329.3699951171875,331.489990234375,326.3699951171875,331.3599853515625,27073200,-0.006784874353565118,0.06893191152368616,306.57750244140624,301.0335998535156,0.19256089694208886,75.33809155110653,8.212931899835041,5.318853308864912,2.894078590970129,0.9547283535422816
2021-11-02,319.7138977050781,333.1300048828125,333.45001220703125,330.0,330.30999755859375,26487100,0.011415762884798397,0.07423179071500363,308.79600219726564,301.6032000732422,0.18765362822177908,77.30704354982905,8.971658870394606,6.049414421170852,2.9222444492237543,1.0
2021-11-03,320.5489501953125,334.0,334.8999938964844,330.6499938964844,333.8999938964844,21500100,0.0026115783761164746,0.033511731046443005,310.8405029296875,302.2308001708984,0.185963557882574,77.74969005335504,9.53326327125933,6.746184191188548,2.7870790800707814,1.0
2021-11-04,322.8907165527344,336.44000244140625,336.5400085449219,329.510009765625,332.8900146484375,23992200,0.007305396531156472,0.037274537106165795,312.92000274658204,302.9194000244141,0.1859607859245472,78.98762878802951,10.059269611749812,7.408801275300801,2.650468336449011,1.0
2021-11-05,322.52593994140625,336.05999755859375,338.7900085449219,334.4200134277344,338.510009765625,22570100,-0.0011294878137407816,0.01338882608642833,314.9805023193359,303.65880004882814,0.18654150779524253,78.25737809149379,10.326433510522293,7.9923277223451,2.334105788177193,0.9930299897397777
2021-11-08,323.41851806640625,336.989990234375,337.6499938964844,334.44000244140625,337.29998779296875,20897000,0.002767341196624029,0.02313506157255274,317.1185012817383,304.4041998291016,0.18430630891520242,78.77456152917763,10.492257251383307,8.492313628152742,1.9999436232305658,1.0
2021-11-09,322.42034912109375,335.95001220703125,338.7200012207031,334.5299987792969,337.1099853515625,21307400,-0.003086079876201797,0.008465185611877812,319.2720016479492,305.05140014648435,0.1831410466852993,76.58083684841854,10.419645043308151,8.877779911183824,1.541865132124327,0.9811153356574803
2021-11-10,317.47772216796875,330.79998779296875,334.6300048828125,329.9200134277344,334.57000732421875,25500900,-0.015329734266801509,-0.009580874871351064,320.99650115966796,305.6297998046875,0.1983320446734303,66.67822086491373,9.833184584653907,9.06886084587784,0.7643237387760671,0.8875975113782901
2021-11-11,319.0421142578125,332.42999267578125,333.7699890136719,330.510009765625,331.25,16849800,0.004927463551881006,-0.011918944645482155,322.48050079345705,306.24179992675784,0.1889416661118362,68.0848854026787,9.391676813287006,9.133424039359673,0.2582527739273335,0.9171963050828109
2021-11-12,323.159423828125,336.7200012207031,337.2300109863281,333.7900085449219,333.9200134277344,23831000,0.012904998464160489,0.001963945923061816,324.10600128173826,306.9532000732422,0.19114630693193502,71.49547947468898,9.280961414081162,9.16293151430397,0.11802989977719136,0.9950973465156914
2021-11-15,322.53558349609375,336.07000732421875,337.8800048828125,334.0299987792969,337.5400085449219,16723000,-0.0019303691320027294,-0.0027300007027402096,325.5450012207031,307.6517999267578,0.19178004857335276,70.2701848580046,9.036601272943017,9.13766546603178,-0.10106419308876369,0.9832942927616175
2021-11-16,325.8370361328125,339.510009765625,340.6700134277344,335.510009765625,335.67999267578125,20886800,0.010235969787353083,0.01059680735001689,327.10900115966797,308.4384002685547,0.19272741950512332,72.91571921225565,9.01658595799887,9.1134495644252,-0.09686360642632863,1.0
2021-11-17,326.0581359863281,339.1199951171875,342.19000244140625,338.0,338.94000244140625,19053400,-0.0011487574363616693,0.025151171799395078,328.6945007324219,309.2166003417969,0.19201290147633845,72.1320079816654,8.867039047463606,9.06416746103288,-0.19712841356927413,0.9932277361827007
2021-11-18,328.1253967285156,341.2699890136719,342.45001220703125,337.1199951171875,338.17999267578125,22463500,0.0063399207579648564,0.026592054064484616,330.2199996948242,310.0970001220703,0.19083073759817235,73.80355376953841,8.820333271151696,9.015400623056644,-0.19506735190494773,1.0
2021-11-19,329.89447021484375,343.1099853515625,345.1000061035156,342.20001220703125,342.6400146484375,21963400,0.0053916148419863585,0.01897714453461008,331.91749877929686,311.045,0.18720428433985883,75.17586057429479,8.830004142634778,8.97832132697227,-0.1483171843374933,1.0
2021-11-22,326.7407531738281,339.8299865722656,349.6700134277344,339.54998779296875,344.6199951171875,31031100,-0.009559613299904623,0.011188083334135568,333.5024978637695,311.9017999267578,0.19224521406301304,68.30655800941656,8.475301884136172,8.877717438405051,-0.4024155542688792,0.9463964653656002
2021-11-23,324.67364501953125,337.67999267578125,339.45001220703125,333.55999755859375,337.04998779296875,30427600,-0.006326675047633512,-0.005390171238565444,334.8809982299805,312.659599609375,0.19625786760440192,64.16753516935358,7.929307132782299,8.688035377280501,-0.7587282444982026,0.9112600887847974
2021-11-24,324.8947448730469,337.9100036621094,338.1600036621094,333.9100036621094,336.2799987792969,21661300,0.0006811507679371775,-0.0035680333583987256,335.61799774169924,313.3213995361328,0.13649298301275262,64.41595529047909,7.42951944749376,8.436332191323153,-1.0068127438293928,0.9150190541691001
2021-11-26,316.9817810058594,329.67999267578125,337.92999267578125,328.1199951171875,334.3500061035156,24217200,-0.024355629892974906,-0.033961369915320394,335.8844970703125,313.8105993652344,0.1657878326910219,50.83551546499964,6.296755917973826,8.008416936653289,-1.7116610186794627,0.7805197117511432
2021-11-29,323.6640319824219,336.6300048828125,339.0299987792969,334.739990234375,334.94000244140625,28563500,0.02108108578449941,-0.018886015404391054,336.13499755859374,314.54579956054687,0.16354247321240442,58.7452847101201,5.89192215018744,7.585117979360119,-1.6931958291726783,0.8941006137931138
2021-11-30,317.8567199707031,330.5899963378906,337.7799987792969,328.989990234375,335.32000732421875,42885600,-0.017942573321782507,-0.02719003795861341,336.1959976196289,315.2715997314453,0.17481374969277688,51.05738728848245,5.025776241356084,7.073249631759312,-2.047473390403228,0.7953914894869164
2021-12-01,317.3663024902344,330.0799865722656,339.2799987792969,329.3900146484375,335.1300048828125,33337600,-0.001542725948379009,-0.02250653360684196,336.0434967041016,315.9771997070313,0.16980877287432233,50.45693151471897,4.249213553801837,6.508442416167818,-2.2592288623659806,0.7870566308558342
2021-12-02,316.799072265625,329.489990234375,333.489990234375,327.79998779296875,330.29998779296875,30766000,-0.0017874344458671532,-0.024917917008914325,335.8179962158203,316.59539978027345,0.16948986004387437,49.72834364033063,3.5453061727375825,5.915815167481772,-2.3705089947441893,0.7774145878977973
2021-12-03,310.5686950683594,323.010009765625,332.70001220703125,318.0299987792969,331.989990234375,41779300,-0.019666699022148237,-0.020231688480761845,335.14649658203126,317.06440002441406,0.17949686584200228,42.47406839676998,2.436487917442321,5.219949717473882,-2.783461800031561,0.6715152016909111
2021-12-06,313.626220703125,326.19000244140625,327.45001220703125,319.2300109863281,323.95001220703125,30032600,0.009844873470294724,-0.03101328547655935,334.6529968261719,317.60119995117185,0.18434320350863792,46.59159796148038,1.7936640514762416,4.534692584274354,-2.7410285327981123,0.7234843818653984
2021-12-07,322.0199279785156,334.9200134277344,335.79998779296875,330.1000061035156,331.6400146484375,31021900,0.02676357620094838,0.01309784669170111,334.5494979858398,318.41619995117185,0.2095384392006082,55.91965874766502,1.9659976362928546,4.020953594678054,-2.0549559583851993,0.8661549978479587
2021-12-08,322.0679931640625,334.9700012207031,335.5,330.79998779296875,335.30999755859375,24761000,0.00014925292895195952,0.014814635383435748,334.50049743652346,319.4452001953125,0.20926712262581043,55.96708219310774,2.082599925416787,3.6332828608258003,-1.5506829354090135,0.8669719257104355
2021-12-09,320.2699890136719,333.1000061035156,336.489990234375,332.1199951171875,334.4100036621094,22214200,-0.005582574888416403,0.01095637493136814,334.6154983520508,320.4272003173828,0.20258983754326762,53.642123144416665,2.0010482630981414,3.306835941280269,-1.3057876781821274,0.8364114423764122
2021-12-10,329.34637451171875,342.5400085449219,343.0,334.7900085449219,334.9800109863281,38095700,0.028339844696588345,0.0604625187729253,335.1209991455078,321.63960021972656,0.2252690586751932,62.18273646303822,2.6673991695635664,3.1789485869369285,-0.5115494173733621,0.9905003865559896
2021-12-13,326.3273620605469,339.3999938964844,343.7900085449219,339.0799865722656,340.67999267578125,28899400,-0.009166855170512744,0.040497842840695464,335.2549987792969,322.6455999755859,0.22419255202059427,58.33305750601685,2.908585757721653,3.1248760210938737,-0.2162902633722208,0.9381668090820312
2021-12-14,315.69329833984375,328.3399963378906,334.6400146484375,324.1099853515625,333.2200012207031,44438700,-0.032586911483466374,-0.01964653298111585,334.86849822998045,323.5502001953125,0.2531265314472644,47.23955840197041,2.1821243248782025,2.93632568185074,-0.7542013569725374,0.7282429503520613
2021-12-15,321.7603454589844,334.6499938964844,335.19000244140625,324.5,328.6099853515625,35381100,0.019217876679575197,-0.0009553312925114632,334.62549743652346,324.4679998779297,0.26033936628259996,52.7594164511108,2.0914534995482086,2.7673512453902336,-0.675897745842025,0.831574860747927
2021-12-16,312.3858947753906,324.8999938964844,336.760009765625,323.0199890136719,335.7099914550781,35034800,-0.029134917608921063,-0.02461726825811883,333.9144973754883,325.10380004882813,0.27938844302353116,44.93634432937073,1.2188030979415316,2.4576416159004935,-1.2388385179589618,0.6374676779656074
2021-12-17,311.32818603515625,323.79998779296875,324.9200134277344,317.25,320.8800048828125,47750300,-0.0033856759747004084,-0.054708998319813795,333.04099731445314,325.6827996826172,0.2776691427737554,44.14110884255708,0.43346337220924624,2.052805967162244,-1.6193425949529976,0.6155682845505536
2021-12-20,307.5880126953125,319.9100036621094,322.79998779296875,317.57000732421875,320.04998779296875,28326500,-0.012013540078780194,-0.05742483967256451,331.8809982299805,326.1839996337891,0.2779993211223988,41.35400585878848,-0.49708316263200913,1.5428281412033933,-2.039911303835402,0.5381248116573184
2021-12-21,314.68377685546875,327.2900085449219,327.7300109863281,319.79998779296875,323.2900085449219,24740600,0.02306900315192184,-0.0031978674687205277,331.2539993286133,326.84519958496094,0.2920997673282248,48.05510650326051,-0.6317607344612384,1.107910366070467,-1.7396711005317054,0.6850491149109078
2021-12-22,320.3661804199219,333.20001220703125,333.6099853515625,325.75,328.29998779296875,24831500,0.01805739102267223,-0.004332830467349891,331.0300003051758,327.6515997314453,0.29972081653756316,52.71471651085078,-0.25862451445027546,0.8346033899663186,-1.093227904416594,0.7882483818506438
2021-12-23,321.79876708984375,334.69000244140625,336.3900146484375,332.7300109863281,332.75,19617800,0.004471759243061424,0.03013237528111823,330.86900024414064,328.41919982910156,0.3002202287417045,53.838965732204436,0.1555255856161466,0.6987878290962841,-0.5432622434801375,0.7913779493026928
2021-12-27,329.2599182128906,342.45001220703125,342.4800109863281,335.42999267578125,335.4599914550781,19947000,0.02318566347670803,0.05759735984297487,331.50750122070315,329.2132000732422,0.29712744166908045,59.27035304147964,1.0972619064518199,0.7784826445673914,0.3187792618844285,0.9830341067330888
2021-12-28,328.1060791015625,341.25,343.80999755859375,340.32000732421875,343.1499938964844,15661500,-0.0035041967126745455,0.06670624892502586,331.7385009765625,329.9540002441406,0.2889661485630491,58.13127579640198,1.7268576295490448,0.9681576415637221,0.7586999879853227,0.9480740771664129
2021-12-29,328.7791748046875,341.95001220703125,344.29998779296875,339.67999267578125,341.29998779296875,15042000,0.002051317822802101,0.04479209043772947,332.3065017700195,330.64720031738284,0.2803161518502684,58.630732817819094,2.2562927723707276,1.2257846677251232,1.0305081046456044,0.9675077383898507
2021-12-30,326.2504577636719,339.32000732421875,343.1300048828125,338.82000732421875,341.9100036621094,15994500,-0.007691196926234323,0.018367331611575333,332.7685028076172,331.2690002441406,0.2821435991647017,55.931143396113036,2.4355786882332495,1.4677434718267486,0.9678352164065009,0.8938380960440822
2021-12-31,323.36602783203125,336.32000732421875,339.3599853515625,335.8500061035156,338.510009765625,18000800,-0.008841211644598168,0.004870192927552086,333.11000366210936,331.8472003173828,0.28434652575769875,52.93694448006908,2.3089727398265723,1.6359893254267135,0.6729834143998588,0.8058895992406371
2022-01-03,321.8564758300781,334.75,338.0,329.7799987792969,335.3500061035156,28865100,-0.004668194844278828,-0.02248506915624271,333.69700317382814,332.32700012207033,0.2745794577008778,51.38655240611625,2.0582242160394912,1.7204363035492691,0.3377879124902221,0.7610065746311366
2022-01-04,316.33758544921875,329.010009765625,335.20001220703125,326.1199951171875,334.8299865722656,32674300,-0.017147095547050073,-0.03586810325091572,333.83800354003904,332.7240002441406,0.28090194143375474,46.07367623419844,1.3804223144209118,1.6524335057235977,-0.2720111913026859,0.596912994318737
2022-01-05,304.19403076171875,316.3800048828125,326.07000732421875,315.9800109863281,325.8599853515625,40054300,-0.03838790464706432,-0.07477703293292348,332.91100311279297,332.8890002441406,0.2951892008889484,37.00711681861508,-0.17387212695098242,1.2871723791886818,-1.4610445061396642,0.1900005918560606
2022-01-06,301.790283203125,313.8800048828125,318.70001220703125,311.489990234375,313.1499938964844,39646100,-0.007901890010166723,-0.07497348194118847,331.85650329589845,332.96440063476564,0.2955495087305231,35.51724109826648,-1.5890729328468751,0.7119233167815704,-2.3009962496284455,0.0
2022-01-07,301.94415283203125,314.0400085449219,316.5,310.0899963378906,314.1499938964844,32720000,0.0005097606079402794,-0.066246426897281,330.90350341796875,332.78180053710935,0.2956567309094781,35.69567590175596,-2.6669755748723105,0.03614353845079421,-2.7031191133231047,0.005473957202278536
2022-01-10,302.16534423828125,314.2699890136719,314.7200012207031,304.69000244140625,309.489990234375,44289500,0.0007323285648079825,-0.06118001788298166,329.49000244140626,332.5802001953125,0.2724502138612198,35.96993787418059,-3.4627472875005765,-0.6636346267394799,-2.7991126607610965,0.013341922389455925
2022-01-11,302.8479919433594,314.9800109863281,316.6099853515625,309.8900146484375,313.3800048828125,29386800,0.0022592738647575494,-0.04264307578146742,328.2690032958984,332.2474005126953,0.2726822214854147,36.86521937424735,-3.9901137165272758,-1.3289304446970391,-2.661183271830237,0.03763280323405108
2022-01-12,306.01123046875,318.2699890136719,323.4100036621094,317.0799865722656,319.6700134277344,34372200,0.010445037502670562,0.005973778689204456,327.7655029296875,332.025400390625,0.25413191261410956,40.98296013937705,-4.095372771657253,-1.882218910089082,-2.2131538615681707,0.15018772029467284
2022-01-13,293.0600280761719,304.79998779296875,320.8800048828125,304.0,320.4700012207031,45366000,-0.04232256161646608,-0.028928306832522788,326.2730026245117,331.45880004882815,0.2803379950245585,31.829595449702836,-5.205699789474352,-2.546915085966136,-2.658784703508216,0.0
2022-01-14,298.2521057128906,310.20001220703125,310.82000732421875,303.75,304.25,39846400,0.017716616241239436,-0.01222772969496122,325.5380035400391,330.98280029296876,0.27503538003053024,37.82484280078879,-5.58551872721813,-3.154635814216535,-2.4308829130015948,0.14095601039398029
2022-01-18,290.9928894042969,302.6499938964844,309.79998779296875,301.739990234375,304.07000732421875,42333200,-0.024339194111662077,-0.03697456175709479,324.48050384521486,330.3070001220703,0.28609989472131486,33.40182762039764,-6.4217256949274315,-3.8080537903587146,-2.613671904568717,0.0
2022-01-19,291.6466369628906,303.3299865722656,313.9100036621094,302.70001220703125,306.2900085449219,45933900,0.0022467956038150216,-0.03698655155157826,323.65150299072263,329.65239990234375,0.28475875045001076,34.14870028165052,-6.949447114923089,-4.4363324552715895,-2.5131146596514995,0.016806545214826146
2022-01-20,289.98333740234375,301.6000061035156,311.6499938964844,301.1400146484375,309.07000732421875,35380700,-0.005703295240603756,-0.05237686079613424,322.3670028686523,328.94460021972657,0.2683305971325313,33.130725893816034,-7.42171222935076,-5.033408410087424,-2.388303819263336,0.0
2022-01-21,284.6277770996094,296.0299987792969,304.1099853515625,295.6099853515625,302.69000244140625,57984400,-0.018468193672075084,-0.02877293098721767,320.5085021972656,328.14619995117187,0.259801220143712,30.027061489358417,-8.151473661340333,-5.657021460338006,-2.4944522010023267,0.0
2022-01-24,284.9547119140625,296.3699951171875,297.1099853515625,276.04998779296875,292.20001220703125,85731500,0.0011485198773524274,-0.04458419260349167,318.5925018310547,327.45760009765627,0.2583276500669036,30.45532477413252,-8.603207569291442,-6.246258682128694,-2.3569488871627478,0.007221674487284447
2022-01-25,277.3782958984375,288.489990234375,294.989990234375,285.1700134277344,291.5199890136719,72848600,-0.026588403052396292,-0.04678673037393988,315.8945007324219,326.5788000488281,0.2439299423903467,26.4194197552102,-9.48769227336021,-6.894545400374998,-2.593146872985212,0.0
2022-01-26,285.2816162109375,296.7099914550781,308.5,293.0299987792969,307.989990234375,90428900,0.028493193867922484,-0.021824400521675225,313.6675003051758,325.77859985351563,0.2767251192717087,35.95396586032794,-9.416816177479234,-7.398999555795846,-2.017816621683388,0.15049436022590384
2022-01-27,288.2910461425781,299.8399963378906,307.29998779296875,297.92999267578125,302.6600036621094,53481300,0.010549037689842722,-0.00583557602787621,311.56199951171874,325.0539996337891,0.2819343894420928,39.18545070684685,-9.004285329057723,-7.720056710448222,-1.284228618609501,0.20779947122229
2022-01-28,296.38677978515625,308.260009765625,308.4800109863281,294.45001220703125,300.2300109863281,49743700,0.0280816886691988,0.04131341768320618,310.0089996337891,324.4289996337891,0.30721979113326825,46.941137602941104,-7.906782478320679,-7.757401864022714,-0.14938061429796523,0.3619557176604156
2022-01-31,299.0021057128906,310.9800109863281,312.3800048828125,306.3699951171875,308.95001220703125,46444500,0.008823723916609127,0.04929654185594501,308.7419998168945,323.8661999511719,0.3103752713856485,49.19516315349951,-6.73982963488578,-7.553887418195327,0.814057783309547,0.4117543530295208
2022-02-01,296.8675842285156,308.760009765625,310.6300048828125,305.1300048828125,310.4100036621094,40950400,-0.007138726420588881,0.0702624708565529,307.44250030517577,323.21600036621095,0.31059854624946986,47.42435650137499,-5.925837280742087,-7.22827739070468,1.3024401099625926,0.37110987446557914
2022-02-02,301.3865051269531,313.4599914550781,315.1199951171875,308.8800048828125,309.6300048828125,36636000,0.015222119253788025,0.05645242992275823,306.6649993896484,322.62300048828126,0.31345744565217987,51.411907285718804,-4.845635759895401,-6.751749064542825,1.9061133046474232,0.4619795145532945
2022-02-03,289.6466979980469,301.25,311.2300109863281,299.9599914550781,309.489990234375,43730000,-0.03895231221821793,0.004702520275248423,305.9084991455078,321.8514007568359,0.31432612225856726,42.41240643768265,-4.918119519068512,-6.385023155447962,1.4669036363794508,0.23607780652934796
2022-02-04,294.1561279296875,305.94000244140625,308.79998779296875,299.9700012207031,300.2099914550781,35096500,0.015568472834543545,-0.0075261378405284685,305.5114990234375,321.21660095214844,0.3197323249535484,46.30075574292884,-4.544730594102589,-6.016964643178889,1.4722340490762997,0.3228493301662064
2022-02-07,289.3584289550781,300.95001220703125,307.8399963378906,299.8999938964844,306.1700134277344,28533300,-0.016310355607487725,-0.03225287293380996,304.856999206543,320.4774011230469,0.3241629252352366,42.97590124299687,-4.598459510969974,-5.733263616737107,1.1348041057671328,0.23052761797538382
2022-02-08,292.82928466796875,304.55999755859375,305.55999755859375,299.95001220703125,301.25,32421200,0.011995298903922702,-0.013602837395358947,304.3714996337891,319.9750012207031,0.3278329256449697,45.997184178063705,-4.300174679776035,-5.4466458293448925,1.1464711495688578,0.2973173335832706
2022-02-09,299.2231750488281,311.2099914550781,311.92999267578125,307.3900146484375,309.8699951171875,31284700,0.021834758175045543,-0.007177949535299599,304.18299865722656,319.46660095214844,0.33791124287534935,51.13342479296947,-3.4869870547076403,-5.054714074417443,1.5677270197098023,0.4203514065465123
2022-02-10,290.7332763671875,302.3800048828125,309.1199951171875,300.70001220703125,304.0400085449219,45386200,-0.028373081889114693,0.003751053552904615,303.3884994506836,318.9024011230469,0.3493117218001307,45.011649757613824,-3.514522892060313,-4.746675837946016,1.2321529458857032,0.25698445777819684
2022-02-11,283.67596435546875,295.0400085449219,304.2900085449219,294.2200012207031,303.19000244140625,39175600,-0.02427407969893791,-0.03562788066124811,302.90050048828124,318.2016015625,0.32706919566264764,40.65450811217135,-4.081571784267396,-4.613655027210292,0.5320832429428961,0.12118438652348723
2022-02-14,283.637451171875,295.0,296.760009765625,291.3500061035156,293.7699890136719,36359500,-0.0001356037952926492,-0.019770765793948764,302.1404998779297,317.5118017578125,0.31925865789378843,40.63142042923761,-4.482518785628315,-4.587427778893897,0.10490899326558178,0.12044417317717523
2022-02-15,288.8968811035156,300.4700012207031,300.79998779296875,297.0199890136719,300.010009765625,27058300,0.0185423770193327,-0.013429197434583484,302.0315002441406,317.0610015869141,0.3162975687116661,45.212545138741106,-4.309214842756717,-4.5317851916664615,0.2225703489097448,0.22164675167169082
2022-02-16,288.5596618652344,299.5,300.8699951171875,293.67999267578125,298.3699951171875,29982100,-0.0032282797509314287,-0.03762729917612051,301.84000091552736,316.52720153808593,0.31633934145273956,44.55596036663944,-4.201706553636939,-4.465769464060557,0.2640629104236183,0.2037003891907396
2022-02-17,280.1099853515625,290.7300109863281,296.79998779296875,290.0,296.3599853515625,32461600,-0.02928210021259392,-0.03852765959508242,301.29650115966797,315.6434014892578,0.33221094460174044,39.03630452240696,-4.769193980019622,-4.52645436725237,-0.2427396127672523,0.04144347813321695
2022-02-18,277.4122619628906,287.92999267578125,293.8599853515625,286.30999755859375,293.04998779296875,34264000,-0.009630991658025057,-0.02409848042035312,300.89150085449216,314.70260131835937,0.3277188947389522,37.44150536352843,-5.3828201311035855,-4.697727520022614,-0.6850926110809716,0.0
2022-02-22,277.2099609375,287.7200012207031,291.5400085449219,284.5,285.0,41736100,-0.0007293142792337282,-0.024677961963718187,300.459001159668,313.7950012207031,0.3276094934984974,37.31836926385268,-5.818990136134516,-4.921980043244995,-0.8970100928895217,0.0
2022-02-23,270.0321044921875,280.2699890136719,291.70001220703125,280.1000061035156,290.17999267578125,37811200,-0.025893271845625065,-0.06722804980519104,300.0480010986328,312.54960083007813,0.3269057020126036,33.15264670562328,-6.688708462732393,-5.275325727142475,-1.4133827355899182,0.0
2022-02-24,283.8289489746094,294.5899963378906,295.1600036621094,271.5199890136719,272.510009765625,56989700,0.05109361646109112,-0.01639400221071574,299.94200134277344,311.65340087890627,0.3621180797887133,45.69967910873411,-6.151550345596661,-5.450570650833312,-0.7009796947633493,0.23029916344174153
2022-02-25,286.44964599609375,297.30999755859375,297.6300048828125,291.6499938964844,295.1400146484375,32546700,0.009233175785043679,0.022632636204093393,299.8155014038086,311.0328009033203,0.36163407268285114,47.70741888788048,-5.443616676723707,-5.449179856011391,0.005563179287683795,0.2740431358787543
2022-02-28,287.8755798339844,298.7900085449219,299.1400146484375,293.0,294.30999755859375,34627500,0.004978006116449052,0.037717556855458856,299.3420013427734,310.31560119628904,0.34667844250170676,48.81638058158137,-4.708868718706242,-5.301117628550362,0.5922489098441197,0.2978451692380179
2022-03-01,284.17584228515625,294.95001220703125,299.9700012207031,292.1499938964844,296.3999938964844,31217800,-0.012851823113466998,0.025128635324807247,298.5405014038086,309.7166015625,0.3467939659581171,46.08556758564704,-4.385873659251274,-5.118068834690544,0.7321951754392702,0.23608905946704686
2022-03-02,289.224365234375,300.19000244140625,301.4700012207031,293.70001220703125,295.3599853515625,31873000,0.01776568915920884,0.07107437188632648,298.1120010375977,309.24440185546877,0.353498816314753,50.18105209254093,-3.6648284668021347,-4.827420761112863,1.1625922943107279,0.3203603409054657
2022-03-03,285.11041259765625,295.9200134277344,303.1300048828125,294.04998779296875,302.8900146484375,27314500,-0.014224287880824193,0.004514807381029495,297.2350021362305,308.76460205078126,0.3508300375440302,47.04492270205862,-3.3987684969791303,-4.541690308286117,1.1429218113069863,0.2516889446212666
2022-03-04,279.2717590332031,289.8599853515625,295.6600036621094,287.1700134277344,294.2900085449219,32356500,-0.02047860165311788,-0.02505806151225376,296.6655014038086,308.01600158691406,0.33104254558984,42.94307172231592,-3.635005592259972,-4.360353365080888,0.7253477728209159,0.15422953941443376
2022-03-07,268.7217102050781,278.9100036621094,289.69000244140625,278.5299987792969,288.5299987792969,43157200,-0.03777679653220234,-0.0665350390383741,295.3140014648437,306.9302014160156,0.3478233307430035,36.714013104627064,-4.652169883250963,-4.418716668714904,-0.23345321453605905,0.0
2022-03-08,265.7735290527344,275.8500061035156,283.9599914550781,270.0,277.79998779296875,48159500,-0.010971272160968604,-0.0647567564435595,294.05900115966796,305.75340148925784,0.3459069572277142,35.178345943865295,-5.640179661399543,-4.663009267251832,-0.977170394147711,0.0
2022-03-09,277.9613952636719,288.5,289.6000061035156,280.7799987792969,283.44000244140625,35204500,0.045858233157831885,-0.038942011214007755,293.2560012817383,304.67440124511717,0.38545561088836505,45.35430027829007,-5.340869522492767,-4.798581318300019,-0.5422882041927481,0.1913765919578571
2022-03-10,275.1577453613281,285.5899963378906,286.6000061035156,280.5799865722656,283.0199890136719,30628000,-0.010086667806271654,-0.03490813943331483,291.9750015258789,303.561201171875,0.37532806394624946,43.6564802143898,-5.2776397112384075,-4.894392996887697,-0.3832467143507108,0.14735233487152377
2022-03-11,269.83941650390625,280.07000732421875,289.510009765625,279.42999267578125,287.9599914550781,27209300,-0.019328369636382514,-0.03377485172873995,290.85950164794923,302.32360107421874,0.36886290174983155,40.55514632841386,-5.608297646973256,-5.037173926904809,-0.5711237200684467,0.06648812257036184
2022-03-14,266.3419494628906,276.44000244140625,285.3999938964844,275.82000732421875,280.3399963378906,30660700,-0.012961062548230262,-0.008855907598407486,289.92950134277345,301.0660009765625,0.3625735873617865,38.61255253069895,-6.093020947423213,-5.24834333100849,-0.8446776164147227,0.00975684349231711
2022-03-15,276.6607971191406,287.1499938964844,287.82000732421875,278.7300109863281,280.3500061035156,34245100,0.03874255303317842,0.040964247028975276,289.53700103759763,300.0826007080078,0.3917450911532796,46.721339987969785,-5.548995486146396,-5.308473762036072,-0.2405217241103239,0.19185040685790672
2022-03-16,283.6362609863281,294.3900146484375,294.57000732421875,283.20001220703125,289.1099853515625,37826300,0.0252133759562716,0.02041599531520788,289.2330017089844,299.27540100097656,0.39685511344049273,51.39534895379395,-4.481976782868912,-5.14317436620264,0.6611975833337276,0.34875860172554046
2022-03-17,284.43597412109375,295.2200012207031,295.6099853515625,289.3699951171875,293.2900085449219,30816600,0.002819343493211779,0.0337196855852715,289.01900177001954,298.59960083007815,0.39693034397000093,51.916125765945075,-3.5287070547885264,-4.820280903919818,1.2915738491312911,0.45662430270687143
2022-03-18,289.4555969238281,300.42999267578125,301.0,292.7300109863281,295.3699951171875,43390600,0.017647826819102264,0.07269605748248886,289.5040008544922,298.2806005859375,0.3864987089644383,55.16366594986797,-2.3260182679410946,-4.321428376724073,1.9954101087829788,0.5794435755508202
2022-03-21,288.2320251464844,299.1600036621094,300.1400146484375,294.8999938964844,298.8900146484375,28351200,-0.004227237774633297,0.08218782021432958,290.0655014038086,297.98620056152345,0.38482892524297213,54.20266599879746,-1.4585430626077596,-3.748851313900811,2.2903082512930513,0.5495051143222606
2022-03-22,292.9530334472656,304.05999755859375,305.0,298.7699890136719,299.79998779296875,27599700,0.016379174476875313,0.058889096366149696,290.88250122070315,297.7866003417969,0.38788650887689896,57.29395665121995,-0.37139296910726216,-3.0733596449421015,2.7019666758348393,0.6650165681307724
2022-03-23,288.5500183105469,299.489990234375,303.2300109863281,297.7200012207031,300.510009765625,25715400,-0.01502995251237571,0.017323874221848,291.84350128173827,297.4910003662109,0.3789504880761465,53.656263126699564,0.1200362118354974,-2.434680473586582,2.5547166854220795,0.5572841502771907
2022-03-24,292.9916076660156,304.1000061035156,304.20001220703125,298.32000732421875,299.1400146484375,24484500,0.01539288797442917,0.030079279337763776,292.31900177001955,297.27340026855467,0.3386386254935245,56.646539106614625,0.8714416940231899,-1.773456040064628,2.644897734087818,0.6659597213849029
2022-03-25,292.5869445800781,303.67999267578125,305.5,299.2900085449219,305.2300109863281,22566500,-0.001381168757988771,0.010817828043910849,292.6375015258789,296.9816003417969,0.33764498237627694,56.29017149020165,1.4167133887495424,-1.1354221543017942,2.5521355430513366,0.7399627070343816
2022-03-28,299.3504638671875,310.70001220703125,310.79998779296875,304.3299865722656,304.3299865722656,29578200,0.023116503228926222,0.038574703849636016,293.2330017089844,297.09960083007815,0.3463116732152831,60.736243824245726,2.3877772331077836,-0.43078227681987863,2.8185595099276624,0.9266157850834629
2022-03-29,303.88848876953125,315.4100036621094,315.82000732421875,309.04998779296875,313.9100036621094,30393400,0.01515928957202517,0.037328179289116914,294.2560012817383,297.2038006591797,0.34445350363241206,63.42440499427717,3.497096916892019,0.354793561922501,3.1423033549695183,1.0
2022-03-30,302.3951110839844,313.8599853515625,315.95001220703125,311.5799865722656,313.760009765625,28163600,-0.004914296606163937,0.04798155392753478,294.9395004272461,297.42800048828127,0.3414615180070267,61.921922962958924,4.202720884635028,1.1243790264650064,3.0783418581700213,0.9608185438269786
2022-03-31,297.04779052734375,308.30999755859375,315.1400146484375,307.8900146484375,313.8999938964844,33422100,-0.017683005327206902,0.013844101843408119,295.5589996337891,297.5276007080078,0.34391319146162846,56.73900337383041,4.26493185155141,1.7524895914822873,2.5124422600691223,0.8205256182587082
2022-04-01,298.1173095703125,309.4200134277344,310.1300048828125,305.5400085449219,309.3699951171875,27110500,0.0036003239529385223,0.018901544027898343,296.53700103759763,297.6840008544922,0.3332396926368245,57.50510890853594,4.353617700074892,2.2727152132008084,2.0809024868740837,0.8485846662274686
2022-04-04,303.4644775390625,314.9700012207031,315.1099853515625,309.7099914550781,310.0899963378906,24289600,0.017936744722768072,0.013743124705211107,298.34000091552736,298.0628009033203,0.2986451551461491,61.204427758345744,4.816221106760906,2.781416391912828,2.0348047148480783,0.988877591795739
2022-04-05,299.5239562988281,310.8800048828125,314.8699951171875,309.8699951171875,313.2699890136719,23156700,-0.012985352008252793,-0.014362254610509217,300.0915008544922,298.35300109863283,0.3002679854894572,57.24921239731945,4.7975064485006556,3.184634403230394,1.6128720452702616,0.8854904181278745
2022-04-06,288.5596618652344,299.5,307.0,296.7099914550781,305.19000244140625,40110400,-0.036605779413514394,-0.045752838914707494,300.64150085449216,298.5732012939453,0.29835184145325777,47.96193884643454,3.8203648714798533,3.311780496880286,0.5085843745995673,0.5978259695657339
2022-04-07,290.36126708984375,301.3699951171875,303.6499938964844,296.3500061035156,296.6600036621094,31411200,0.006243723262729484,-0.022509819650228247,301.43050079345704,298.6664013671875,0.29516234059968843,49.41415231680348,3.1604345869060353,3.281511314885436,-0.12107672797940072,0.6450958187212548
2022-04-08,286.1220397949219,296.9700012207031,301.1199951171875,296.2799987792969,300.44000244140625,24361900,-0.01459997334762353,-0.04023660935538986,302.27550048828124,298.60900146484374,0.29089499812556785,46.15065326075443,2.256382177484454,3.07648548740524,-0.820103309920786,0.5338725081038215
2022-04-11,274.8397216796875,285.260009765625,292.6099853515625,285.0,291.7900085449219,34569300,-0.039431563480970766,-0.09432641629340432,302.7165008544922,298.14900146484376,0.32360670214683174,38.80530444572394,0.5882348782164399,2.5788353655674805,-1.9906004873510406,0.23786663910107367
2022-04-12,271.7566223144531,282.05999755859375,290.739990234375,280.489990234375,289.239990234375,30966700,-0.011217878768427614,-0.09270460264912361,302.46200103759764,297.5706011962891,0.2952499801010586,37.06900265485011,-0.9806932944571258,1.8669296335625594,-2.8476229280196854,0.15697653787466193
2022-04-13,277.1136169433594,287.6199951171875,288.5799865722656,281.29998779296875,282.7300109863281,21907200,0.01971210950407376,-0.03966612648685308,302.12350006103514,297.14780090332033,0.2894274406791047,41.930704534539345,-1.7552019630234668,1.1425033142453542,-2.897705277268821,0.29752249090104005
2022-04-14,269.6081848144531,279.8299865722656,288.30999755859375,279.32000732421875,288.0899963378906,28221600,-0.02708437757169113,-0.07147363338724566,301.35399932861327,296.4752008056641,0.30332033589142743,37.55327156921852,-2.96343363043502,0.32131592530927944,-3.284749555744299,0.1006061859042106
2022-04-18,270.2729797363281,280.5199890136719,282.4599914550781,278.3399963378906,278.9100036621094,20778000,0.0024657916396249036,-0.055392841497164835,300.35849914550784,296.0606005859375,0.29460823858203233,38.16900250493529,-3.8212396294580344,-0.5071951856441834,-3.314044443813851,0.11804810915974827
2022-04-19,274.87835693359375,285.29998779296875,286.1700134277344,278.4100036621094,279.3800048828125,22297700,0.017039779575436675,0.0001401459229304347,299.6654983520508,295.6478002929687,0.3032257713959675,42.40565614028709,-4.068452522316079,-1.2194466529785626,-2.8490058693375166,0.23887720608315038
2022-04-20,275.89959716796875,286.3599853515625,289.70001220703125,285.3699951171875,289.3999938964844,22906700,0.0037153789132404746,0.015244940190696443,298.7804977416992,295.3559997558594,0.29618788308080396,43.332932543228644,-4.131215496122536,-1.8018004216073573,-2.329415074515179,0.26567188818654913
2022-04-21,270.5523681640625,280.80999755859375,293.29998779296875,280.05999755859375,288.5799865722656,29454600,-0.019381156854562098,-0.023677065830625232,297.8464981079102,294.88099975585936,0.298955243001425,39.72647175194891,-4.576043456280445,-2.356649028541975,-2.21939442773847,0.12537896261827877
2022-04-22,264.0201110839844,274.0299987792969,283.20001220703125,273.3800048828125,281.67999267578125,29405800,-0.024144435163431677,-0.020726827256845493,296.3429977416992,294.13739990234376,0.29955495509852886,35.80597653725064,-5.413261350977336,-2.9679714930290473,-2.445289857948289,0.0
2022-04-25,270.4656066894531,280.7200012207031,281.1099853515625,270.7699890136719,273.2900085449219,35678900,0.024413394413778544,0.0007130051863131204,295.1949981689453,293.7041998291016,0.3171874231184797,41.8989115368696,-5.473836300488358,-3.46914445452091,-2.0046918459674483,0.16167234538401404
2022-04-26,260.3492431640625,270.2200012207031,278.3599853515625,270.0,277.5,46518400,-0.037403818589131665,-0.05285659732733183,293.1709976196289,293.2077996826172,0.32195579523675705,36.10643521404958,-6.296522243262075,-4.0346200122691425,-2.2619022309929324,0.0
2022-04-27,272.8742370605469,283.2200012207031,290.9700012207031,279.1600036621094,282.1000061035156,63477700,0.048108948047047795,-0.010965163750111362,291.5614974975586,292.9721997070312,0.3694479128579516,46.05095902266383,-5.8322844805546765,-4.39415290592625,-1.438131574628427,0.28767424867604097
2022-04-28,279.05010986328125,289.6300048828125,290.9800109863281,281.4599914550781,285.19000244140625,33646600,0.0226325952774582,0.03140916420676354,290.3499984741211,292.7553997802734,0.38235664271490155,50.16931023250935,-4.890761331820215,-4.493474591105043,-0.3972867407151721,0.42951986309973217
2022-04-29,267.3824768066406,277.5199890136719,289.8800048828125,276.5,288.6099853515625,37073900,-0.041812021078549755,0.012735796262896892,288.810498046875,292.31579956054685,0.4030644144758256,43.42482448757076,-5.063406725286541,-4.607461017941343,-0.45594570734519735,0.1615398848989658
2022-05-02,274.0786437988281,284.4700012207031,284.94000244140625,276.2200012207031,277.7099914550781,35151100,0.025043285104370927,0.013358506638975642,287.56299743652346,292.1905993652344,0.41606742265274177,47.76491286402047,-4.586550641255769,-4.603278942604229,0.016728301348459595,0.3153352341256603
2022-05-03,271.48687744140625,281.7799987792969,284.1300048828125,280.1499938964844,283.9599914550781,25978600,-0.009456190212897897,0.042779947843875954,285.90349731445315,292.0675994873047,0.40831719708361797,46.28490563758202,-4.375264153181433,-4.55767598471967,0.1824118315382366,0.2558087394127173
2022-05-04,279.3873596191406,289.9800109863281,290.8800048828125,276.7300109863281,282.5899963378906,33599300,0.029100760318527374,0.023868405255591973,284.8584976196289,292.1127996826172,0.42472439322999117,51.24428037202573,-3.5057337183380355,-4.347287531443343,0.8415538131053077,0.4372650740890311
2022-05-05,267.21875,277.3500061035156,286.3500061035156,274.3399963378906,285.5400085449219,43260400,-0.04355474310057872,-0.04239891783403271,283.75099792480466,292.05440002441406,0.4326306485267922,44.438693700647896,-3.792048055270982,-4.236239636208872,0.4441915809378898,0.15777836905535303
2022-05-06,264.6944274902344,274.7300109863281,279.25,271.2699890136719,274.80999755859375,37780300,-0.009446529870309917,-0.010053250712712791,282.4189987182617,291.65720031738283,0.43153669865532884,43.15823523654441,-4.1821566413584605,-4.225423037238789,0.043266395880328545,0.09980105160367535
2022-05-09,254.91517639160156,264.5799865722656,272.3599853515625,263.32000732421875,270.05999755859375,47726000,-0.03694545192795706,-0.06991955061372546,280.7994979858398,291.0026000976562,0.44569196286305907,38.526772941185364,-5.24982592398635,-4.4303036145883015,-0.8195223093980486,0.0
2022-05-10,259.6554870605469,269.5,273.75,265.07000732421875,271.69000244140625,39336400,0.01859556155956854,-0.04358009380543415,280.0114974975586,290.4167999267578,0.43434686972978087,41.787785422708545,-5.634012171992424,-4.671045326069127,-0.9629668459232974,0.09679346396909698
2022-05-11,251.0324249267578,260.54998779296875,271.3599853515625,259.29998779296875,265.67999267578125,48975900,-0.03320969279046848,-0.1014898340518614,278.93599700927734,289.7287994384766,0.4470434613562141,37.853921368685086,-6.584768614472807,-5.053789983749863,-1.5309786307229443,0.0
2022-05-12,246.02239990234375,255.35000610351562,259.8800048828125,250.02000427246094,257.69000244140625,51033800,-0.019957712274333295,-0.07932215437481882,277.32249755859374,288.8319995117188,0.44177560956389916,35.748263479238034,-7.669436519113503,-5.576919290822591,-2.0925172282909124,0.0
2022-05-13,251.5816192626953,261.1199951171875,263.0400085449219,255.35000610351562,257.3500061035156,34925100,0.02259639269925362,-0.04953960370138788,276.38699798583986,288.1359991455078,0.4448642527114245,39.75296774207402,-7.971562545657434,-6.05584794178956,-1.9157146038678743,0.09607041705325993
2022-05-16,251.94772338867188,261.5,265.82000732421875,255.77999877929688,259.9599914550781,32550900,0.0014552883345526624,-0.011641041380975214,275.4359985351563,287.56879943847656,0.44471160884353284,40.01812559128493,-8.087113173572561,-6.462100988146161,-1.6250121854264004,0.10239750493636836
2022-05-17,257.0733947753906,266.82000732421875,268.3299865722656,262.4599914550781,266.1099853515625,28828800,0.020344196268522907,-0.009944314195848847,274.5119995117187,287.3269995117187,0.44684897212525343,43.75058082730978,-7.661095409767029,-6.701899872470335,-0.9591955372966936,0.19097571906347718
2022-05-18,245.36892700195312,254.0800018310547,263.6000061035156,252.77000427246094,263.0,31356000,-0.047747564438387124,-0.024832033256724118,272.8980003356934,286.8915994262695,0.4732064441103672,37.70046907145582,-8.256311612396644,-7.012782220455597,-1.2435293919410464,0.0
2022-05-19,244.46115112304688,253.13999938964844,257.6700134277344,251.8800048828125,253.89999389648438,32692300,-0.003699631748394272,-0.008654813632435476,271.5145004272461,286.1843994140625,0.4703877251154113,37.29071401409817,-8.70354602160728,-7.350934980685935,-1.3526110409213459,0.0
2022-05-20,243.90103149414062,252.55999755859375,258.5400085449219,246.44000244140625,257.239990234375,39199300,-0.002291229487450197,-0.03278185400835398,270.4410003662109,285.52379943847654,0.4648029358620439,37.02332836524863,-9.001025593447821,-7.680953103238312,-1.3200724902095091,0.0
2022-05-23,251.71365356445312,260.6499938964844,261.5,253.42999267578125,255.49000549316406,33175400,0.03203197820752979,-0.0032505013518762116,269.4375,285.13539916992187,0.4716427559905215,43.146777629285566,-8.486162010602868,-7.841994884711224,-0.6441671258916442,0.12871910186557797
2022-05-24,250.71900939941406,259.6199951171875,261.3299865722656,253.5,257.8900146484375,29043900,-0.003951654722485598,-0.02698452893107961,268.9074996948242,284.7989990234375,0.45416668038190927,42.57912039933276,-8.068235607456188,-7.887243029260217,-0.18099257819597092,0.11233089694479499
2022-05-25,253.51950073242188,262.5199890136719,264.5799865722656,257.1300048828125,258.1400146484375,28547900,0.011170148490201592,0.03321783344534612,267.8724990844727,284.30639892578125,0.4180244317651843,44.78186721046781,-7.417516141938506,-7.793297651795876,0.3757815098573696,0.15847240235225682
2022-05-26,256.78369140625,265.8999938964844,267.1099853515625,261.42999267578125,262.2699890136719,25002100,0.012875228646442194,0.05040686788971249,266.6859985351563,283.73659851074217,0.41132933438286606,47.31850110084008,-6.553533081243756,-7.545344737685452,0.9918116564416959,0.21225131332396846
2022-05-27,263.8719787597656,273.239990234375,273.3399963378906,267.55999755859375,268.4800109863281,26910800,0.027604349403438144,0.08188150489264845,266.4719985961914,283.2969982910156,0.400219977264558,52.42919397219063,-5.216412364785128,-7.079558263105389,1.8631458983202602,0.3290372421240621
2022-05-31,262.5489807128906,271.8699951171875,274.7699890136719,268.92999267578125,272.5299987792969,37827700,-0.005013889496967017,0.04304623626869941,265.8419982910156,282.7257983398438,0.3888645969611759,51.4263911040845,-4.218651728876239,-6.507376956259559,2.2887252273833205,0.30723939034770614
2022-06-01,263.0801696777344,272.4200134277344,277.69000244140625,270.0400085449219,275.20001220703125,25292200,0.0020230930975291272,0.049302898664523864,265.3739990234375,282.19099853515627,0.38806956437255036,51.82478152820629,-3.3449785252130937,-5.874897270050266,2.5299187448371727,0.3159906752662944
2022-06-02,265.1661376953125,274.5799865722656,274.6499938964844,261.6000061035156,264.45001220703125,44008200,0.007928834292874942,0.04593934962402302,264.6039978027344,281.60139831542966,0.37298219854291276,53.439806288480746,-2.4500517640875046,-5.189928168857715,2.73987640477021,0.35035778640028087
2022-06-03,260.7623596191406,270.0199890136719,273.45001220703125,268.4100036621094,270.30999755859375,28059000,-0.016607173798493968,0.015494528814436359,264.2374969482422,281.01199829101563,0.34480414552480193,49.6551962511407,-2.084737989941459,-4.568890133074464,2.484152143133005,0.2778041330071004
2022-06-06,259.53594970703125,268.75,274.17999267578125,267.2200012207031,272.05999755859375,22400300,-0.004703314811288162,-0.0164324051926793,263.9384963989258,280.3049981689453,0.34369282552959934,48.622404569219334,-1.8760754615450992,-4.030327198768591,2.1542517372234915,0.25759746808522005
2022-06-07,263.15740966796875,272.5,273.1300048828125,265.94000244140625,266.6400146484375,22860700,0.013953488372093092,0.0023173019977469345,264.3344970703125,279.6813983154297,0.31947899153819953,51.809709125560765,-1.3920683471428674,-3.502675428443446,2.1106070813005786,0.3172633334126418
2022-06-08,261.1390686035156,270.4100036621094,273.0,269.6099853515625,271.7099914550781,17372300,-0.007669711331708684,-0.007378348383196842,264.37999725341797,278.87559814453124,0.3145895921888472,49.949838158029415,-1.1637198218202798,-3.034884307118813,1.8711644852985332,0.28400961607093866
2022-06-09,255.71176147460938,264.7900085449219,272.7099914550781,264.6300048828125,267.7799987792969,26439700,-0.020783236718601383,-0.03565437579612951,264.5919982910156,277.8631982421875,0.2997463587616109,45.24624941038101,-1.4198712164933909,-2.7118816889937287,1.2920104725003378,0.19596235008320087
2022-06-10,244.3162841796875,252.99000549316406,260.5799865722656,252.52999877929688,260.5799865722656,31422800,-0.044563626537879486,-0.06306934380197138,264.47399826049804,276.6457986450195,0.3333786459913881,37.30342698331441,-2.5456895473149075,-2.6786432606579647,0.13295371334305717,0.006890048218846376
2022-06-13,233.95416259765625,242.25999450683594,249.02000427246094,241.52999877929688,245.11000061035156,46135800,-0.04241278609173382,-0.09856746230014535,263.53099822998047,275.3247985839844,0.35353877069410616,31.83137303052304,-4.254685531371422,-2.9938517148006563,-1.2608338165707655,0.0
2022-06-14,236.10772705078125,244.49000549316406,245.74000549316406,241.50999450683594,243.86000061035156,28651500,0.00920503193631994,-0.10278897066728787,262.68049850463865,274.026198425293,0.3560416508618514,33.99831935159156,-5.3672634398411105,-3.4685340598087473,-1.8987293800323632,0.03066993233962691
2022-06-15,243.12844848632812,251.75999450683594,255.3000030517578,246.4199981689453,248.30999755859375,33111700,0.029735321895909328,-0.06896937577271567,261.92749786376953,272.76199829101563,0.3656787544896082,40.62476147580573,-5.597833749490633,-3.8943939977451247,-1.703439751745508,0.13844358151432007
2022-06-16,236.5712432861328,244.97000122070312,247.4199981689453,243.02000427246094,245.97999572753906,33169200,-0.026970104203543177,-0.07485179457160773,261.471997833252,271.44379821777346,0.33808668017599636,36.89864749308265,-6.256338912360718,-4.366782980668243,-1.8895559316924748,0.045846839551421034
2022-06-17,239.1593475341797,247.64999389648438,250.5,244.02999877929688,244.6999969482422,43084800,0.010940085163190005,-0.02110759903842907,261.19749755859374,270.40679809570315,0.3408671035225881,39.26643661233188,-6.487175861699569,-4.790861556874509,-1.6963143048250604,0.09118591328020594
2022-06-21,245.0405731201172,253.74000549316406,254.75,249.50999450683594,250.25999450683594,29928300,0.024591204307581105,0.04738715118729275,261.2564979553223,269.45419830322265,0.35254224269099405,44.374405183444594,-6.10829020048692,-5.054347285596991,-1.0539429148899284,0.2098338434935399
2022-06-22,244.45144653320312,253.1300048828125,257.1700134277344,250.3699951171875,251.88999938964844,25939900,-0.0024040379803964562,0.03533886537496933,260.8804985046387,268.5773983764648,0.332259262985942,43.97544775413771,-5.790493332835666,-5.201576495044726,-0.58891683779094,0.22778723013744098
2022-06-23,249.9850311279297,258.8599853515625,259.3699951171875,253.6300048828125,255.57000732421875,25861400,0.022636512298898515,0.028201425959809345,260.8424980163574,268.0493978881836,0.34263678196420333,48.64607501713923,-5.018426195911331,-5.164946435218047,0.14652023930671554,0.3478622194495774
2022-06-24,258.5220031738281,267.70001220703125,267.9800109863281,261.7200012207031,261.80999755859375,33923200,0.034149839124277825,0.09278691624714397,261.1014991760254,267.76219818115237,0.3616846001216322,54.89375298125021,-3.65115292129326,-4.86218773243309,1.2110348111398297,0.5331099940237496
2022-06-27,255.80831909179688,264.8900146484375,268.29998779296875,263.2799987792969,268.2099914550781,24615100,-0.010496815205299992,0.06961446063737564,261.05100021362307,267.30759857177736,0.361214835764843,52.69900600797237,-2.7624781903402322,-4.442245824014519,1.6797676336742864,0.47422490206655477
2022-06-28,247.68663024902344,256.4800109863281,266.9100036621094,256.32000732421875,263.9800109863281,27295500,-0.03174903996766787,0.010798476526547862,260.2130012512207,266.8405990600586,0.3626192325706745,46.68316004979862,-2.7056253093305145,-4.094921721077718,1.3892964117472033,0.29798850730915566
2022-06-29,251.33705139160156,260.260009765625,261.9700012207031,255.75999450683594,257.5899963378906,20069800,0.014737985875625803,0.028167363588972316,259.63250198364256,266.43539947509765,0.36784015272251513,49.47494058140154,-2.3287107528196884,-3.741679527426112,1.4129687746064237,0.37720052478449206
2022-06-30,248.02459716796875,256.8299865722656,259.5299987792969,252.89999389648438,257.04998779296875,31730900,-0.013179217185338099,-0.007842072526350052,258.85300064086914,265.8659994506836,0.369631020929627,47.066590099122564,-2.280489394877577,-3.4494415009164054,1.1689521060388284,0.3053224441297329
2022-07-01,250.6803741455078,259.5799865722656,259.7699890136719,254.61000061035156,256.3900146484375,22837700,0.010707472428365339,-0.03033255608701968,258.10300064086914,265.33039947509764,0.37081874778614354,49.2016229686106,-1.997347426177896,-3.159022685968704,1.1616752597908078,0.36295025323122015
2022-07-05,253.8382568359375,262.8500061035156,262.9800109863281,254.74000549316406,256.1600036621094,22941000,0.012597348410524178,-0.007701341810220308,257.7445014953613,264.9711996459961,0.370619266219173,51.69653542772252,-1.491894497482349,-2.825597048271433,1.3337025507890843,0.43147536643304185
2022-07-06,257.0830993652344,266.2099914550781,267.989990234375,262.3999938964844,263.75,23824400,0.012782900032497047,0.03793660344653005,257.61750106811525,264.8147994995117,0.3735404361194612,54.186377647870785,-0.810849701969687,-2.422647579011084,1.611797877041397,0.5018857644052735
2022-07-07,259.1979675292969,268.3999938964844,269.05999755859375,265.0199890136719,265.1199951171875,20859900,0.00822659746704435,0.031276353744049246,257.41250076293943,264.56839935302736,0.3712063389507963,55.78609877446316,-0.09332609532225433,-1.9567832822733182,1.8634571869510639,0.5477785071780555
2022-07-08,258.48333740234375,267.6600036621094,268.1000061035156,263.2900085449219,264.7900085449219,19658800,-0.0027570426646894575,0.04216803977753769,257.27500076293944,264.51719940185546,0.3703557546466644,55.08616291555063,0.4108692597968684,-1.483252773859281,1.8941220336561493,0.5322715922822274
2022-07-11,255.44131469726562,264.510009765625,266.5299987792969,262.17999267578125,265.6499938964844,19455200,-0.011768638770777606,0.018992308530638047,257.2610008239746,264.1429995727539,0.3650717386655719,52.090067893478256,0.549930275514896,-1.0766161639844456,1.6265464394993416,0.46626168430497233
2022-07-12,244.97299194335938,253.6699981689453,265.94000244140625,252.0399932861328,265.8800048828125,35868500,-0.04098147970386723,-0.03492489146435496,257.29500045776365,263.4237994384766,0.3594238728856693,43.35180739810925,-0.21211606775187875,-0.9037161447379323,0.6916000769860535,0.23910309559538515
2022-07-13,244.05555725097656,252.72000122070312,253.5500030517578,248.11000061035156,250.19000244140625,29497400,-0.0037450110580655727,-0.05067424464664161,257.81800079345703,262.9277996826172,0.32269538543337534,42.67614095327363,-0.882526878800661,-0.8994782915504781,0.01695141274981704,0.2191953709480047
2022-07-14,245.36892700195312,254.0800018310547,255.13999938964844,245.94000244140625,250.57000732421875,25102800,0.005381452215030169,-0.05335317582366483,258.29750061035156,262.3199996948242,0.32189670329828934,44.02122708074699,-1.2892301506906279,-0.9774286633785081,-0.31180148731211976,0.24769495478482143
2022-07-15,247.91839599609375,256.7200012207031,260.3699951171875,254.77000427246094,255.72000122070312,29774100,0.010390425734504882,-0.040872757572015805,258.5455009460449,261.81879974365233,0.3068596735657971,46.6387475992154,-1.3825819918781121,-1.058459329078429,-0.32412266279968316,0.3030176387319861
2022-07-18,245.53306579589844,254.25,260.8399963378906,253.3000030517578,259.75,20975000,-0.009621382085378105,-0.038788739128307936,259.00950088500974,261.1041995239258,0.29156868209769365,44.54030113367402,-1.6370021130711052,-1.1741678858769644,-0.4628342271941408,0.34169283358967567
2022-07-19,250.63209533691406,259.5299987792969,259.7200012207031,253.67999267578125,257.5799865722656,25012600,0.02076695685072516,0.023100881667720063,259.6035011291504,260.7477993774414,0.29757980475070706,49.74560841037052,-1.396482338300416,-1.2186307763616546,-0.17785156193876128,0.5318754390952816
2022-07-20,253.27809143066406,262.2699890136719,264.8699951171875,258.9100036621094,259.8999938964844,22788300,0.010557508755298262,0.03778880874817925,260.0300003051758,260.4985989379883,0.2877785133445443,52.25021851940018,-0.9735518711276541,-1.1696149953148547,0.19606312418720062,0.6191212691614226
2022-07-21,255.76004028320312,264.8399963378906,264.8900146484375,257.0299987792969,259.7900085449219,22404700,0.009799090372039299,0.04234884457372834,260.61549987792966,260.5037991333008,0.2886662332207525,54.53885345776391,-0.4260866545033082,-1.0209093271525456,0.5948226726492374,0.6986388420313646
2022-07-22,251.43359375,260.3599853515625,265.3299865722656,259.07000732421875,265.239990234375,21881300,-0.016915915451880648,0.014178810040321288,260.6904998779297,260.32099884033204,0.28606059074659024,50.03667239889527,-0.3496850203935651,-0.8866644658007495,0.5369794454071845,0.5600246066918683
2022-07-25,249.95603942871094,258.8299865722656,261.5,256.80999755859375,261.0,21056000,-0.005876474363873285,0.01801371316525313,260.2469985961914,260.28659881591796,0.25735220895461264,48.56228122941683,-0.4078923604464535,-0.7909100447298903,0.38301768428343685,0.5126855239284971
2022-07-26,243.263671875,251.89999389648438,259.8800048828125,249.57000732421875,259.8599853515625,39348000,-0.026774303733336557,-0.029399317684662085,259.5974975585938,260.21759857177733,0.2709771056022113,42.459527648354836,-1.0016679843628253,-0.8330616326564775,-0.16860635170634786,0.29826738107277057
2022-07-27,259.52630615234375,268.739990234375,270.04998779296875,258.8500061035156,261.1600036621094,45994000,0.06685191244907629,0.02466923968325574,260.2104965209961,260.3699984741211,0.34509260122679536,56.69960906624984,-0.1121002555269115,-0.6888693572305643,0.5767691017036528,0.8193069996407196
2022-07-28,266.9333801269531,276.4100036621094,277.8399963378906,267.8699951171875,269.75,33459300,0.028540647862066004,0.0436867825260705,261.0179962158203,260.66819854736326,0.3548922482479808,61.38680976039291,1.1979849365771997,-0.31149849846901145,1.5094834350462112,1.0
2022-07-29,271.11492919921875,280.739990234375,282.0,276.6300048828125,277.70001220703125,32152800,0.015665086338766177,0.07827625606635946,262.21349639892577,260.94659820556643,0.35193997865689636,63.77106326131366,2.5561647431463257,0.262034149854056,2.2941305932922695,1.0
2022-08-01,268.478515625,278.010009765625,281.2799987792969,275.8399963378906,277.82000732421875,21539600,-0.009724230831777425,0.07410278634003742,263.13499755859374,261.4251983642578,0.3547690438470998,61.20503424327857,3.373359428926733,0.8842992056685914,2.4890602232581416,0.9290545537457991
2022-08-02,265.3978576660156,274.82000732421875,277.8900146484375,272.3800048828125,276.0,22754200,-0.011474415774077928,0.09098854300549575,263.7334976196289,261.8587985229492,0.357017605503215,58.25525722125193,3.720695703896922,1.4515785053142576,2.2691171985826646,0.8461542731950076
2022-08-03,272.7855224609375,282.4700012207031,283.5,276.6099853515625,276.760009765625,23518900,0.02783637905758196,0.05109031586387203,264.54649810791017,262.4569985961914,0.36665572952551606,62.875997824920844,4.560680096782335,2.073398823607873,2.4872812731744616,1.0
2022-08-04,273.92510986328125,283.6499938964844,283.79998779296875,280.1700134277344,281.79998779296875,18098700,0.004177408824589834,0.026192938527743514,265.30899810791016,262.91699859619143,0.3662036743803142,63.5462752855437,5.260944434612043,2.710907945808707,2.5500364888033356,1.0
2022-08-05,273.2104797363281,282.9100036621094,283.6499938964844,278.67999267578125,279.1499938964844,16774600,-0.002608814561247841,0.007729619944500055,266.07149810791014,263.38279876708987,0.3661730562380945,62.780753229006706,5.690600242595622,3.30684640516609,2.3837538374295315,0.9821215210126321
2022-08-08,270.7092590332031,280.32000732421875,285.9200134277344,279.32000732421875,284.04998779296875,18739200,-0.009154841837915262,0.00830904455757242,266.8619979858398,263.7387991333008,0.364887878503351,60.053870528236104,5.755765623690081,3.7966302488708887,1.9591353748191924,0.9195461072391693
2022-08-09,272.621337890625,282.29998779296875,283.0799865722656,277.6099853515625,279.6400146484375,23405200,0.007063286304997751,0.02721774350266104,268.293497467041,264.06679901123044,0.3255435620394863,61.4329913936674,5.899175510958514,4.217139301288414,1.6820362096701,0.9673832780037861
2022-08-10,279.2462158203125,289.1600036621094,289.80999755859375,286.94000244140625,288.1700134277344,24687800,0.024300446920924257,0.023683939577637148,270.1154975891113,264.3851992797852,0.330104746571693,65.83416554501515,6.49154434654514,4.67202031033976,1.8195240362053804,1.0
2022-08-11,277.1795959472656,287.0199890136719,291.2099914550781,286.510009765625,290.8500061035156,20065900,-0.007400797556145311,0.011880822103656818,271.7624969482422,264.68819915771485,0.3340100339125945,63.403408712427265,6.7109598515135644,5.079808218574521,1.6311516329390434,0.9543706987059963
2022-08-12,281.90191650390625,291.9100036621094,291.9100036621094,286.94000244140625,288.4800109863281,22619700,0.01703719195740261,0.031812236695415885,273.5219970703125,265.0779989624023,0.3359122746705953,66.45158631071212,7.196475049851188,5.503141584829854,1.6933334650213334,1.0
2022-08-15,283.4084777832031,293.4700012207031,294.17999267578125,290.1099853515625,291.0,18085700,0.00534410448091216,0.04691065051691101,275.48299713134764,265.4557992553711,0.3304523211627049,67.38487733558273,7.6192975882673295,5.92637278551735,1.69292480274998,1.0
2022-08-16,282.67449951171875,292.7099914550781,294.0400085449219,290.4200134277344,291.989990234375,18102900,-0.0025897357905874108,0.03687567875399189,277.1419967651367,265.9095993041992,0.32831550386401054,66.41549643149384,7.8031116460276735,6.301720557619415,1.5013910884082584,0.9851589598518995
2022-08-17,281.92926025390625,291.32000732421875,293.3500061035156,289.4700012207031,289.739990234375,18253400,-0.0047486733334577425,0.007469925421059953,278.59449768066406,266.3609994506836,0.33013184399864604,64.58553214935331,7.747319234733993,6.590840293042332,1.1564789416916614,0.9580161371878482
2022-08-18,280.8163757324219,290.1700134277344,291.9100036621094,289.0799865722656,290.19000244140625,17186200,-0.003947528036426617,0.010974930439121566,279.8609985351562,266.71439971923826,0.3313434773890241,63.03797804556417,7.523581288448327,6.7773884921235314,0.7461927963247952,0.9355597078632066
2022-08-19,276.9259033203125,286.1499938964844,289.25,285.55999755859375,288.8999938964844,20570000,-0.013854014354419686,-0.019732142418429466,281.15049896240237,267.0291995239258,0.3288532530672265,57.82216232856204,6.941863888854698,6.810283571469765,0.13158031738493303,0.8570590438482297
2022-08-22,268.79669189453125,277.75,282.4599914550781,277.2200012207031,282.0799865722656,25061100,-0.029355212565627675,-0.053565956163543094,282.09649963378905,267.28839935302733,0.3490307966206726,48.7461376986747,5.736907850264345,6.595608427228681,-0.8587005769643365,0.6930287217391382
2022-08-23,267.5289611816406,276.44000244140625,278.8599853515625,275.3999938964844,276.44000244140625,17527400,-0.004716462857223269,-0.05558398923382435,283.32350006103513,267.7573992919922,0.33179429092011115,47.494100581341584,4.622974876891021,6.20108171716115,-1.578106840270129,0.6674478315448978
2022-08-24,266.8999328613281,275.7900085449219,277.2300109863281,275.1099853515625,275.4100036621094,18137000,-0.0023513018765153326,-0.05330907039973087,283.6760009765625,268.4279995727539,0.23798068498649738,46.851087008396455,3.645700528495638,5.690005479428049,-2.0443049509324105,0.6390364594123341
2022-08-25,269.8612976074219,278.8500061035156,279.0199890136719,274.5199890136719,277.3299865722656,16583400,0.01109538947671962,-0.039011637317368564,283.7980010986328,269.1151995849609,0.21888531423050683,50.26490166278965,3.082585667293074,5.168521517001054,-2.0859358497079796,0.6985568017074743
2022-08-26,259.4481201171875,268.0899963378906,280.3399963378906,267.9800109863281,279.0799865722656,27549300,-0.03858708814813738,-0.06311374434320982,283.1655014038086,269.44179962158205,0.25142553084220026,40.430809805075576,1.747921271460143,4.484401467892871,-2.736480196432728,0.4767009302512887
2022-08-29,256.6802978515625,265.2300109863281,267.3999938964844,263.8500061035156,265.8500061035156,20338500,-0.010668004739564751,-0.04507646809602839,282.52650146484376,269.84699981689454,0.2518229842600673,38.28667118927634,0.45417772791694233,3.6783567198976854,-3.224178991980743,0.38367556263029245
2022-08-30,254.4931640625,262.9700012207031,267.04998779296875,260.6600036621094,266.6700134277344,22767100,-0.00852094284964422,-0.04872667161677591,281.93400115966796,270.1533999633789,0.2506002479109095,36.63338273746607,-0.7449005023496511,2.7937052754482186,-3.5386057777978697,0.26629794019231134
2022-08-31,253.04153442382812,261.4700012207031,267.1099853515625,261.3299865722656,265.3900146484375,24791800,-0.005704072681435246,-0.05192358997982427,280.88400115966795,270.30799987792966,0.2244015921214029,35.53654630373731,-1.7955184833008957,1.875860523698396,-3.6713790069992918,0.23021423233291685
2022-09-01,252.00604248046875,260.3999938964844,260.8900146484375,255.41000366210938,258.8699951171875,23263400,-0.004092275669190681,-0.06616464695425606,279.721501159668,270.4533996582031,0.22243356059557498,34.73755101776145,-2.683547189587273,0.9639789810412622,-3.6475261706285353,0.20447434453656896
2022-09-02,247.805908203125,256.05999755859375,264.739990234375,254.47000122070312,261.70001220703125,22855400,-0.016666652993916342,-0.04487298647329874,278.3790008544922,270.39739990234375,0.22667919992236815,31.631060396900523,-3.6949249757164466,0.032198189689720436,-3.727123165406167,0.1000722378917107
2022-09-06,245.0865020751953,253.25,257.8299865722656,251.94000244140625,256.20001220703125,21328200,-0.010973981041106362,-0.045168384006686435,277.02550048828124,270.1083996582031,0.22722596464772246,29.774469791499456,-4.669366921366816,-0.9081148325215869,-3.7612520888452288,0.032475483898438226
2022-09-07,249.7704620361328,258.0899963378906,258.8299865722656,253.22000122070312,254.6999969482422,24126700,0.019111535391473256,-0.01855726835821414,275.8150009155273,269.9723992919922,0.2393855205262329,36.669541729404074,-4.993509855576065,-1.7251938371324824,-3.268316018443582,0.14890549316309465
2022-09-08,250.18663024902344,258.5199890136719,260.42999267578125,254.7899932861328,257.510009765625,20319900,0.0016660571191542406,-0.01128241172317579,274.28300018310546,270.01319885253906,0.21575455452615624,37.25892316403764,-5.156260489659701,-2.4114071676379263,-2.7448533220217746,0.1592493132261413
2022-09-09,255.93519592285156,264.4599914550781,265.2300109863281,260.2900085449219,260.5,22084700,0.02297695611108863,0.015591388839308884,273.1550003051758,270.0971984863281,0.23799706346926128,44.8890532364707,-4.751164518306382,-2.8793586377716176,-1.8718058805347644,0.30214085507933686
2022-09-12,258.0545349121094,266.6499938964844,267.45001220703125,265.1600036621094,265.7799987792969,18747700,0.008281034985128333,0.04135748042982512,271.89199981689455,270.2935986328125,0.22962503446511584,47.427573612308336,-4.204936260315662,-3.144474162280427,-1.0604620980352353,0.35482312728404614
2022-09-13,243.8671112060547,251.99000549316406,260.3999938964844,251.58999633789062,258.8399963378906,33353300,-0.054978393920426805,-0.004975299138542666,269.81800003051757,270.1417990112305,0.2880288936066474,35.60468412550135,-4.8985179107551176,-3.4952829119753654,-1.403234998779752,0.0021653014390316597
2022-09-14,244.08969116210938,252.22000122070312,254.22999572753906,249.86000061035156,253.52999877929688,23913000,0.0009127176575474127,-0.02274398543329248,267.79350051879885,269.9291989135742,0.28907613859003106,35.874764186872255,-5.367751534278568,-3.8697766364360064,-1.4979748978425618,0.007698033866650614
2022-09-15,237.47019958496094,245.3800048828125,251.39999389648438,244.02000427246094,249.77000427246094,31530900,-0.027119167016042223,-0.05082772972794947,265.4965003967285,269.5125991821289,0.29729220200751505,31.62651167573995,-6.219854490953139,-4.339792207339433,-1.8800622836137064,0.0
2022-09-16,236.85079956054688,244.74000549316406,245.3000030517578,242.05999755859375,244.25999450683594,39791800,-0.0026081969879904188,-0.07456699160206903,263.225,269.0393994140625,0.29759458526614185,31.25357988060594,-6.867629072240447,-4.845359580319636,-2.0222694919208113,0.0
2022-09-19,236.63790893554688,244.52000427246094,245.13999938964844,240.85000610351562,242.47000122070312,26826900,-0.0008989180998824065,-0.08299265003026579,261.1435005187988,268.5765994262695,0.29794499952862025,31.117743397759384,-7.314431145587321,-5.339173893373173,-1.9752572522141474,0.0
2022-09-20,234.63462829589844,242.4499969482422,243.50999450683594,239.63999938964844,242.07000732421875,26660300,-0.008465594994478298,-0.03785867826881206,259.3785003662109,268.13539916992187,0.2867884715451046,29.80512328183073,-7.746263198767224,-5.820591754451984,-1.92567144431524,0.0
2022-09-21,231.24745178222656,238.9499969482422,247.66000366210938,238.89999389648438,244.27000427246094,28625600,-0.014435966360301422,-0.05261281503543058,257.5040000915527,267.8409991455078,0.2880075570229654,27.679119300485098,-8.275518930474988,-6.311577189656584,-1.9639417408184032,0.0
2022-09-22,233.2120361328125,240.97999572753906,243.86000061035156,237.57000732421875,237.8699951171875,31061200,0.008495496150755733,-0.017931408703715568,255.76349945068358,267.6061990356445,0.29291208498001664,30.763858304516546,-8.433932846934823,-6.736048321112233,-1.69788452582259,0.03723401724534099
2022-09-23,230.25064086914062,237.9199981689453,241.1300048828125,235.1999969482422,239.5399932861328,34176000,-0.012698139317976809,-0.027866336402485925,253.71699905395508,267.28299896240236,0.2859861894524775,28.77167261911569,-8.7060354887563,-7.1300457546410465,-1.575989734115253,0.0
2022-09-26,229.7957763671875,237.4499969482422,241.4499969482422,236.89999389648438,237.0500030517578,27694200,-0.0019754590800281635,-0.0289138197312514,252.18499908447265,266.8975988769531,0.26216005916117335,28.466750105597583,-8.857500214470207,-7.475536646606879,-1.3819635678633277,0.0
2022-09-27,228.7893524169922,236.41000366210938,241.8000030517578,234.5,239.97999572753906,27018700,-0.004379841227622805,-0.024912325684302683,250.7439987182617,266.5407989501953,0.26159858609493947,27.765542248689727,-8.958191413117362,-7.772067599908976,-1.1861238132083862,0.0
2022-09-28,233.29910278320312,241.07000732421875,242.3300018310547,234.72999572753906,236.80999755859375,29029700,0.019711533310450502,0.008872192521667044,249.6489990234375,266.1715991210938,0.27621041884357034,35.43944901712247,-8.563254693563067,-7.930305018639794,-0.6329496749232728,0.08166848688214738
2022-09-29,229.84420776367188,237.5,239.9499969482422,234.41000366210938,238.88999938964844,27484200,-0.014809006577982897,-0.014441014977333078,248.45049896240235,265.6761993408203,0.2787506296075109,32.58357910335204,-8.441031298766575,-8.032450274665152,-0.40858102410142294,0.01910263555078722
2022-09-30,225.39247131347656,232.89999389648438,240.5399932861328,232.72999572753906,238.2899932861328,35694800,-0.01936844675164473,-0.02109954737346742,247.07549896240235,265.0373992919922,0.2835795384117704,29.306483206657134,-8.616030193736208,-8.149166258479363,-0.46686393525684444,0.0
2022-10-03,232.97975158691406,240.74000549316406,241.61000061035156,234.66000366210938,235.41000366210938,28880400,0.03366256677603996,0.01385558470080328,246.30949935913085,264.6449996948242,0.31194046525326424,40.32291489296397,-8.029535181299394,-8.12524004304337,0.0957048617439753,0.12943719083132554
2022-10-04,240.85740661621094,248.8800048828125,250.36000061035156,244.97999572753906,245.08999633789062,34888400,0.033812408423657514,0.05274735005937381,246.09099960327148,264.44600006103514,0.33612767986765524,49.178220900253656,-6.829181186839378,-7.866028271802572,1.0368470849631937,0.263827126531295
2022-10-05,241.16705322265625,249.1999969482422,250.5800018310547,244.10000610351562,245.99000549316406,20347100,0.0012857282993881114,0.033724600228220325,245.64649963378906,264.3920001220703,0.32808346334771116,49.49548845918182,-5.785381041380958,-7.4498988257182495,1.6645177843372911,0.26911013836447567
2022-10-06,238.834716796875,246.7899932861328,250.33999633789062,246.0800018310547,247.92999267578125,20239900,-0.009670961844393311,0.03911576120476967,245.05999984741212,263.9530001831055,0.3290775925860511,47.1101319337737,-5.093909640732733,-6.978700988721147,1.884791347988414,0.22932140845382662
2022-10-07,226.6892852783203,234.24000549316406,241.32000732421875,233.1699981689453,240.89999389648438,37769600,-0.050852903822636186,0.005753592236139138,243.54900054931642,263.1096002197266,0.35753989552492993,37.08670517682677,-5.495246918402046,-6.682010174657327,1.186763256255281,0.022123352066095715
2022-10-10,221.86016845703125,229.25,234.55999755859375,226.72999572753906,233.0500030517578,29743600,-0.021302960109901847,-0.04772786089136449,241.6790008544922,262.0798004150391,0.35750300568248733,33.99002869591487,-6.145124176219838,-6.574632974969829,0.4295087987499908,0.0
2022-10-11,218.14390563964844,225.41000366210938,229.05999755859375,224.11000061035156,227.6199951171875,30474000,-0.016750256653830453,-0.09430247814304804,240.35000076293946,261.0278002929688,0.3128218637075049,31.790216813644733,-6.890581859000349,-6.637822751775934,-0.2527591072244153,0.0
2022-10-12,218.4729461669922,225.75,227.86000061035156,223.9600067138672,225.39999389648438,21903900,0.0015083462684304383,-0.0941011125016693,239.0265007019043,260.04640014648436,0.31298769654199804,32.20856410132916,-7.368982536686104,-6.784054708757969,-0.5849278279281354,0.0049955384967200105
2022-10-13,226.6892852783203,234.24000549316406,236.10000610351562,219.1300048828125,219.85000610351562,42551800,0.03760799775487955,-0.050852903822636186,238.46950073242186,259.0818002319336,0.336691571344542,41.80660125033928,-6.982555478020117,-6.823754862610399,-0.15880061540971813,0.12973849761679498
2022-10-14,221.1923370361328,228.55999755859375,237.24000549316406,228.33999633789062,235.5399932861328,30198600,-0.024248667184803674,-0.024248667184803674,237.66050033569337,257.9800003051758,0.34575980217587765,37.93675728600239,-7.053331999737367,-6.869670290035793,-0.1836617097015738,0.04628260372434636
2022-10-17,229.87322998046875,237.52999877929688,238.9600067138672,235.13999938964844,235.82000732421875,28142300,0.03924571804566801,0.03611777002964822,237.31100006103514,257.07240020751954,0.37721904910958054,46.378225964181986,-6.312848185759037,-6.758305869180442,0.445457683421405,0.17807810096897575
2022-10-18,230.8119659423828,238.5,243.92999267578125,235.3699951171875,243.24000549316406,26329600,0.004083699851337164,0.058071940575949776,237.11350021362304,256.23600006103516,0.3766347245163666,47.21433707079466,-5.58337674482803,-6.52332004430996,0.9399432994819303,0.19233024988902292
2022-10-19,228.8570556640625,236.47999572753906,239.61000061035156,234.2899932861328,237.0399932861328,19985700,-0.008469619591031208,0.04753043511645205,236.9900001525879,255.31960021972657,0.3743062949518071,45.61906811317906,-5.109365253071843,-6.240529086062337,1.1311638329904943,0.16265049166214537
2022-10-20,228.5377197265625,236.14999389648438,241.30999755859375,234.8699951171875,235.77000427246094,21811000,-0.0013954746152604613,0.008153980355742663,236.74850006103514,254.25940002441405,0.37288313560438685,45.349492134295566,-4.706087275933072,-5.933640724036485,1.2275534481034125,0.157801801640219
2022-10-21,234.31527709960938,242.1199951171875,243.0,234.5,234.74000549316406,26299700,0.025280547850956347,0.05932795635035615,236.95849990844727,253.36140014648439,0.38102368446734847,50.99167776003028,-3.8602587089912674,-5.5189643210274415,1.658705612036174,0.24551854326313005
2022-10-24,239.2799072265625,247.25,247.83999633789062,241.3000030517578,243.75999450683594,24911200,0.021187861334333702,0.04092115215196279,237.44850006103516,252.4682000732422,0.3873239147121392,55.26556595811519,-2.744349798838215,-4.9640414165895965,2.2196916177513817,0.3208932871190347
2022-10-25,242.57997131347656,250.66000366210938,251.0399932861328,245.8300018310547,247.25999450683594,34775500,0.01379172360812686,0.05098534030234547,238.16100006103517,251.6120001220703,0.3885321439480231,57.89412518661473,-1.5667644654294008,-4.284586026357558,2.717821560928157,0.3751858035647077
2022-10-26,223.8634033203125,231.32000732421875,238.3000030517578,230.05999755859375,231.1699981689453,82543200,-0.07715629161148907,-0.02181997841908545,237.67350006103516,250.38420043945314,0.47623566863757116,42.603964236453415,-2.16909173868234,-3.8614871688225145,1.6923954301401745,0.08966777930111
2022-10-27,219.4407196044922,226.75,233.69000244140625,225.77999877929688,231.0399932861328,40424600,-0.019756212949679774,-0.03980518373676023,237.13600006103516,249.09280029296875,0.4783707423664692,39.92094627418699,-2.980840565656621,-3.6853578481893363,0.7045172825327155,0.02069172538330751
2022-10-28,228.26675415039062,235.8699951171875,236.60000610351562,226.0500030517578,226.24000549316406,40647700,0.04022048563257985,-0.025813646646469457,237.2845001220703,248.00679992675782,0.49591140503566555,47.08290707118529,-2.855335442790647,-3.519353367109599,0.6640179243189519,0.17220930419508745
2022-10-31,224.6472930908203,232.1300048828125,234.9199981689453,231.14999389648438,233.75999450683594,28357300,-0.015856150895822374,-0.06115265972573303,236.85400009155273,246.92640014648438,0.48379499000117643,44.72812822475925,-3.0228125824008885,-3.420045210167857,0.39723262776696844,0.1257485200916898
2022-11-01,220.81495666503906,228.1699981689453,235.74000549316406,227.3300018310547,234.60000610351562,30592300,-0.017059434931155693,-0.08972315153829113,235.81849975585936,245.9348001098633,0.46817378397210524,42.31494249606544,-3.4354768304108063,-3.423131534216447,-0.012345296194359534,0.051646601436107824
2022-11-02,213.00509643554688,220.10000610351562,231.3000030517578,220.0399932861328,229.4600067138672,38407000,-0.03536833120125804,-0.048504240296764034,234.36350021362304,244.80800018310546,0.48068499021176825,37.83506279505861,-4.363398593126277,-3.611184945998413,-0.752213647127864,0.0
2022-11-03,207.3436737060547,214.25,220.41000366210938,213.97999572753906,220.08999633789062,36633900,-0.026578854799142015,-0.055126791620727644,232.73650054931642,243.57720001220704,0.4862299381011159,34.94673119774296,-5.507344636638209,-3.9904168841263727,-1.5169277525118359,0.0
2022-11-04,214.2534942626953,221.38999938964844,221.58999633789062,213.42999267578125,217.5500030517578,36789100,0.033325551410261056,-0.061389731747545695,232.09400024414063,242.4279998779297,0.47631333038213736,40.879001003359825,-5.771264296208216,-4.346586366542741,-1.4246779296654744,0.132615153701702
2022-11-07,220.52459716796875,227.8699951171875,228.41000366210938,221.27999877929688,221.99000549316406,33498000,0.029269595489425093,-0.01835182732096874,232.025,241.62359985351563,0.4834467695302199,45.717113194450384,-5.395346828475482,-4.5563384589292895,-0.8390083695461925,0.2599236012144134
2022-11-08,221.4923858642578,228.8699951171875,231.64999389648438,225.83999633789062,228.6999969482422,28192500,0.004388467202475432,0.003067874627951328,232.1979995727539,240.8963995361328,0.4794557470132513,46.445463654082225,-4.959567082206547,-4.636984183584741,-0.322582898621806,0.27900757290295003
2022-11-09,217.27294921875,224.50999450683594,228.6300048828125,224.3300018310547,227.3699951171875,27852900,-0.01905011885948238,0.020036293871097177,232.1359992980957,240.12719940185548,0.48480473106770294,43.69276765472043,-4.909431237582794,-4.691473594384352,-0.21795764319844224,0.19580144469299837
2022-11-10,235.1475067138672,242.97999572753906,243.3300018310547,235.0,235.42999267578125,46268000,0.08226805787098601,0.13409566267229445,232.57299880981446,239.7573992919922,0.551828274975662,55.67697684469105,-3.340812672336199,-4.421341409974722,1.0805287376385229,0.5482824250761338
2022-11-11,239.1444091796875,247.11000061035156,247.99000549316406,241.92999267578125,242.99000549316406,34620200,0.016997304121461942,0.1161750814924376,233.50049896240233,239.49159942626954,0.5447814574950621,57.83788312772525,-1.7443069946982632,-3.88593452691943,2.141627532221167,0.6270993213332456
2022-11-14,233.76365661621094,241.5500030517578,243.91000366210938,239.2100067138672,241.99000549316406,31123300,-0.022500091234109454,0.0600342661504647,233.70149917602538,239.2013995361328,0.5365291835860869,54.01961221701229,-0.9171378844743288,-3.2921751984304097,2.375037313956081,0.5209924853367097
2022-11-15,234.1700897216797,241.97000122070312,247.0,240.02999877929688,245.66000366210938,31390100,0.0017387628384972764,0.0572377611001742,233.87499923706054,238.97579956054688,0.5364370815645724,54.26522916822051,-0.22511507655428886,-2.678763174055186,2.453648097500897,0.5290077185020993
2022-11-16,234.5971221923828,241.72999572753906,243.8000030517578,240.4199981689453,242.7899932861328,24093300,-0.000991881191690136,0.07670037700784316,234.13749923706055,238.64859954833983,0.5352929881915749,54.087425594571386,0.30048771169538213,-2.082912996905072,2.3834007086004543,0.524427460465463
2022-11-17,234.54856872558594,241.67999267578125,243.25,237.6300048828125,237.77999877929688,23123500,-0.00020685497307570966,-0.0053502472409932,234.41399917602538,238.31179962158203,0.5352202791587829,54.047692168823595,0.7048715591958512,-1.5253560856848876,2.2302276448807388,0.5234732036413765
2022-11-18,234.10215759277344,241.22000122070312,243.74000549316406,239.02999877929688,243.50999450683594,27613500,-0.001903307965153811,-0.02383553630002988,234.36899948120117,237.84699981689454,0.5279829685880285,53.65718811493864,0.9769693115709686,-1.0248910062337164,2.001860317804685,0.5146947397356968
2022-11-21,234.90768432617188,242.0500030517578,244.6699981689453,241.19000244140625,241.42999267578125,26394700,0.003440849957940584,0.00206996478444621,234.10899963378907,237.355,0.5224166276047292,54.298825592055586,1.2452287301647118,-0.5708670589540308,1.8160957891187426,0.7321570228604543
2022-11-22,237.7997589111328,245.02999877929688,245.30999755859375,240.7100067138672,243.58999633789062,19665700,0.01231148808084015,0.01264618565589326,233.82749938964844,237.21579986572266,0.5219038571382023,56.62106758942669,1.6789333044202692,-0.12090698627917079,1.79984029069944,0.8106399207202052
2022-11-23,240.27452087402344,247.5800018310547,248.27999877929688,244.27000427246094,245.11000061035156,19508500,0.01040690145884815,0.024200580014527295,234.64049911499023,237.1229998779297,0.4372945200869697,58.56148020853168,2.203016239325734,0.3438776588418102,1.859138580483924,0.9154078132032726
2022-11-25,240.18711853027344,247.49000549316406,248.6999969482422,246.72999572753906,247.30999755859375,9200800,-0.0003635040682811175,0.02404010672566126,235.67749938964843,237.1651998901367,0.4288013480993972,58.462086621617814,2.5813377341427497,0.7913696739019981,1.7899680602407515,0.9129360656383504
2022-11-28,234.62625122070312,241.75999450683594,246.64999389648438,240.8000030517578,246.0800018310547,24778200,-0.02315249448118173,0.0022385925022807562,235.97199935913085,237.10559967041016,0.4180947454898011,52.36776138259771,2.391231615968735,1.1113420623153456,1.2798895536533894,0.7555614320210748
2022-11-29,233.23843383789062,240.3300018310547,242.7899932861328,238.2100067138672,241.39999389648438,17956300,-0.005914926821115607,-0.007105974794535896,236.38199920654296,237.02179962158203,0.41407348001917926,50.94058296925275,2.100964083536809,1.3092664665596383,0.7916976169771706,0.7162867126595551
2022-11-30,247.6113739013672,255.13999938964844,255.3300018310547,239.86000061035156,240.57000732421875,47594200,0.06162359025405717,0.04126025654294607,237.73049926757812,237.27559967041014,0.4577915008694213,62.37666790861428,3.0310281971769655,1.653618812683104,1.3774093844938615,1.0
2022-12-01,247.17471313476562,254.69000244140625,256.1199951171875,250.9199981689453,253.8699951171875,26041500,-0.0017637255989600975,0.028717992397476966,239.45999908447266,237.59039978027343,0.4323626244852371,61.90447841156693,3.6892720829648624,2.060749466739456,1.6285226162254065,0.988994938739077
2022-12-02,247.49496459960938,255.02000427246094,256.05999755859375,249.69000244140625,249.82000732421875,21528500,0.0012956999799418334,0.030425466128590317,241.4984992980957,237.8711999511719,0.4140116469936,62.130875522366786,4.189272172792073,2.4864540079499795,1.7028181648420935,0.9970654165082262
2022-12-05,242.81715393066406,250.1999969482422,253.82000732421875,248.05999755859375,252.00999450683594,23435300,-0.01890050679737698,0.034910666086930275,242.9389991760254,238.1167999267578,0.4149188019111056,56.819462107819604,4.148767132715676,2.818916632903119,1.329850499812557,0.8791880040316938
2022-12-06,237.88706970214844,245.1199951171875,251.86000061035156,243.77999877929688,250.82000732421875,22463700,-0.020303764560419157,0.019930900219024883,243.8014991760254,238.27019989013672,0.4160699015034726,51.79392683491706,3.664510705874079,2.988035447497311,0.6764752583767679,0.7549522029340611
2022-12-07,237.15921020507812,244.3699951171875,246.16000366210938,242.2100067138672,244.8300018310547,20481500,-0.0030597259095139773,-0.042212135683252994,244.57649917602538,238.4293997192383,0.416810117935165,51.075667406349844,3.183517656857191,3.0271318893692873,0.15638576748790367,0.7366103097769321
2022-12-08,240.0997772216797,247.39999389648438,248.74000549316406,243.05999755859375,244.83999633789062,22611800,0.012399225927241408,-0.028623065197068365,245.72099914550782,238.5559994506836,0.4090213897943575,53.859545650177765,3.0121011517666716,3.0241257418487644,-0.012024590082092779,0.8107115282783913
2022-12-09,238.17822265625,245.4199981689453,248.30999755859375,244.16000366210938,244.6999969482422,20609700,-0.008003216557747828,-0.03764412964741026,245.84299926757814,238.7143994140625,0.29216594835357507,51.78585963008074,2.6855261549630995,2.9564058244716316,-0.27087966950853204,0.762289034830267
2022-12-12,245.05902099609375,252.50999450683594,252.5399932861328,247.1699981689453,247.4499969482422,30665100,0.02888923637351648,0.009232604263666788,246.11299896240234,239.10659942626953,0.30380452427022353,58.018907868740605,2.964642020262545,2.9580530636298143,0.006588956632730625,0.9356809752489675
2022-12-13,249.33889770507812,256.9200134277344,263.9200134277344,253.07000732421875,261.69000244140625,42196900,0.017464730176369514,0.048139762343359704,246.88149948120116,239.43019958496095,0.29536688555913226,61.364632778697725,3.501333828414829,3.0667092165868177,0.43462461182801126,1.0
2022-12-14,249.63003540039062,257.2200012207031,262.5899963378906,254.30999755859375,257.1300048828125,35410900,0.0011676310808426127,0.05258422212331504,247.64399948120118,239.59699951171876,0.2954126052732106,61.58888729539222,3.905848273233488,3.234537027916152,0.671311245317336,1.0
2022-12-15,241.6622772216797,249.00999450683594,254.1999969482422,247.33999633789062,253.72000122070312,35560400,-0.03191822826725954,0.006507682498267275,248.00799942016602,239.59319946289062,0.320587678156382,52.59185540451276,3.5233351428742594,3.292296650907774,0.23103849196648563,0.8089363164851023
2022-12-16,237.46978759765625,244.69000244140625,249.83999633789062,243.50999450683594,248.5500030517578,86102000,-0.017348669373634662,-0.0029744753198006624,248.15849990844725,239.5511996459961,0.32761985538742344,48.57117432757396,2.8388786492779445,3.201613050581808,-0.3627344013038636,0.7084012468386929
2022-12-19,233.35488891601562,240.4499969482422,245.2100067138672,238.7100067138672,244.86000061035156,29696400,-0.017328070010458996,-0.04776047610371814,248.11999969482423,239.67539947509766,0.33383560044544003,44.93972725332387,1.9320376118286333,2.9476979628311737,-1.0156603510025404,0.6097276286699038
2022-12-20,234.66505432128906,241.8000030517578,242.91000366210938,238.4199981689453,239.39999389648438,25150800,0.005614498318360139,-0.058851041513858005,248.1074996948242,239.9263995361328,0.3342176211228491,46.315986000719036,1.3072248914655518,2.6196033485580497,-1.312378457092498,0.6411450376800107
2022-12-21,237.21743774414062,244.42999267578125,245.6199951171875,240.11000061035156,241.69000244140625,23690600,0.010876714602275905,-0.04972400468168736,248.07749938964844,240.30679931640626,0.3335636674015414,48.990914968605686,1.0126018481805374,2.2982030484825473,-1.2856012003020099,0.7023502866748909
2022-12-22,231.16156005859375,238.19000244140625,241.99000549316406,233.8699951171875,241.25999450683594,28651700,-0.025528742058475218,-0.04345203929207209,247.607999420166,240.55559936523437,0.3430682873392004,43.45802745109654,0.27245520755772645,1.8930534802975834,-1.620598272739857,0.5571329243963776
2022-12-23,231.6855926513672,238.72999572753906,238.8699951171875,233.94000244140625,236.11000061035156,21207000,0.0022670694848565542,-0.024357377311704287,247.16999893188478,240.6453991699219,0.3433324740180741,44.046937930876766,-0.26746027674366246,1.4609507288893342,-1.7284110056329967,0.5696996749384429
2022-12-27,229.96788024902344,236.9600067138672,238.92999267578125,235.8300018310547,238.6999969482422,16688600,-0.007414187765880764,-0.014514411639299118,246.92999954223632,240.81339935302734,0.33465289522817326,42.484940776231895,-0.8286187082499623,1.003036841461475,-1.8316555497114373,0.5285084028092932
2022-12-28,227.6095733642578,234.52999877929688,239.72000122070312,234.1699981689453,236.88999938964844,17457100,-0.010254928535280539,-0.03006618767868574,246.63999938964844,240.75339935302733,0.3358859940899021,40.36839436389514,-1.4526765885895827,0.5118941554512635,-1.9645707440408462,0.4719571376117599
2022-12-29,233.89837646484375,241.00999450683594,241.9199981689453,235.64999389648438,235.64999389648438,19770700,0.027629709466877372,-0.013991728803435688,245.93349914550782,240.80359924316406,0.26627030633979715,47.83199990258531,-1.4081333702646361,0.12788865030808355,-1.5360220205727197,0.622759919633022
2022-12-30,232.7434844970703,239.82000732421875,239.9600067138672,236.66000366210938,238.2100067138672,21938500,-0.004937501388903698,0.0068432968055134324,245.18999938964845,240.87039947509766,0.2663588696748999,46.67662256102376,-1.4521154859137937,-0.18811217693629192,-1.2640033089775018,0.5950664788880438
2023-01-03,232.51052856445312,239.5800018310547,245.75,237.39999389648438,243.0800018310547,25740000,-0.0010007734377206479,0.003560533316834258,244.41799926757812,240.93899963378905,0.26600706117370054,46.433012205039624,-1.4891718211515865,-0.4483241057793509,-1.0408477153722355,0.5894810591452948
2023-01-04,222.33982849121094,229.10000610351562,232.8699951171875,225.9600067138672,232.27999877929688,50623400,-0.04374319912948854,-0.033170156936409234,243.3629997253418,240.67859985351564,0.29836955679137533,37.28282901364635,-2.3372449985785977,-0.8261082843392002,-1.5111367142393974,0.34559007869799246
2023-01-05,215.7501220703125,222.30999755859375,227.5500030517578,221.75999450683594,227.1999969482422,39585600,-0.02963774929736973,-0.052104213892921636,242.2224998474121,240.1797998046875,0.30676177816854283,32.77616695749778,-3.5167076283675556,-1.3642281531448714,-2.152479475222684,0.18757266301194356
2023-01-06,218.29283142089844,224.92999267578125,225.75999450683594,219.35000610351562,223.0,43613600,0.011785322954254163,-0.06671923238684863,241.2504997253418,239.66519958496093,0.31228640555176584,35.99130730324558,-4.191709136621824,-1.9297243498402623,-2.261984786781562,0.24854531934794513
2023-01-09,220.418212890625,227.1199951171875,231.24000549316406,226.41000366210938,226.4499969482422,27369800,0.009736373594974257,-0.05295643323812338,240.23649978637695,239.58119934082032,0.3105756428643232,38.63333861436644,-4.498086657602045,-2.4433968113926188,-2.054689846209426,0.2995111648027295
2023-01-10,222.09716796875,228.85000610351562,231.30999755859375,227.3300018310547,227.75999450683594,27033900,0.007617167239879041,-0.04478669190054341,239.40800018310546,239.62319946289062,0.31290211678892066,40.715105054124,-4.548859204673164,-2.864489290048728,-1.684369914624436,0.33977206629636497
2023-01-11,228.81300354003906,235.77000427246094,235.9499969482422,231.11000061035156,231.2899932861328,28669300,0.030238138450453755,0.029113915282619196,238.5710006713867,239.6211996459961,0.3147738087168462,48.27387690950652,-3.9847767684777295,-3.088546785734528,-0.8962299827432014,0.5008146069610189
2023-01-12,231.47210693359375,238.50999450683594,239.89999389648438,233.55999755859375,235.25999450683594,27269500,0.011621453894570033,0.07287120294251448,237.6504997253418,239.74879943847657,0.3103291465615929,50.9410613552381,-3.27884655881914,-3.1266067403514506,-0.15223981846768941,0.564579795616747
2023-01-13,232.1708984375,239.22999572753906,239.3699951171875,234.9199981689453,237.0,21333300,0.003018746540126571,0.06357535018626947,236.7509994506836,239.96999938964845,0.310769883670322,51.64662919473545,-2.630965567163628,-3.027478505713886,0.3965129385502584,0.5813356997416979
2023-01-17,233.25784301757812,240.35000610351562,240.91000366210938,237.08999633789062,237.97000122070312,29831300,0.004681730535380568,0.058251194393966976,236.31800003051757,240.37499938964845,0.2929221492699065,52.784207775943145,-2.004038428983449,-2.822790490367799,0.81875206138435,0.6074006367712304
2023-01-18,228.85179138183594,235.80999755859375,242.3800048828125,235.52000427246094,241.57000732421875,30028700,-0.01888915510560274,0.03041289608674913,235.87399978637694,240.8061993408203,0.2940690607473345,47.868112798490806,-1.8521840772521898,-2.6286692077446774,0.7764851304924876,0.4024559707515049
2023-01-19,225.08627319335938,231.92999267578125,235.52000427246094,230.67999267578125,233.77999877929688,28623000,-0.01645394564684821,-0.01628710831358382,235.4479995727539,241.01699920654298,0.2934679855140021,44.08886426089372,-2.0216184182312418,-2.5072590498419904,0.48564063161074866,0.2755655716996917
2023-01-20,233.13168334960938,240.22000122070312,240.74000549316406,234.50999450683594,234.86000061035156,35389800,0.03574358128192001,0.00716953902666817,235.36899948120117,241.2639993286133,0.3214935147475244,52.684365474032504,-1.4700165117881738,-2.2998105422312274,0.8297940304430536,0.5130335658357016
2023-01-23,235.4220428466797,242.5800018310547,245.1699981689453,239.64999389648438,241.10000610351562,31934000,0.009824330190487673,0.014003286223902123,235.27649993896483,241.53819946289062,0.32103693072910866,54.81406336625061,-0.8328352940992261,-2.006415492604827,1.1735801985056011,0.5806359824150232
2023-01-24,234.89794921875,242.0399932861328,243.9499969482422,240.44000244140625,242.5,40234400,-0.0022261049585529102,0.007031359016855365,235.46899948120117,241.88879943847655,0.30698658099710874,54.2127676472263,-0.36720584457486893,-1.6785735629988356,1.3113677184239667,0.5651673920892082
2023-01-25,233.51016235351562,240.61000061035156,243.3000030517578,230.89999389648438,234.47999572753906,66526600,-0.005908084264779956,0.02035538400175385,235.5629997253418,241.84139953613283,0.30790228111250767,52.568253818206585,-0.11228525461578442,-1.3653159013222256,1.2530306467064412,0.5242051312535458
2023-01-26,240.68209838867188,248.0,248.30999755859375,242.0,243.64999389648438,33454500,0.03071360031130177,0.06928818105333745,236.11499938964843,241.85919952392578,0.32410507686031004,59.419217166292356,0.6782340791943398,-0.9566059052189126,1.6348399844132524,0.7358922872096306
2023-01-27,240.83734130859375,248.16000366210938,249.8300018310547,246.8300018310547,248.99000549316406,26498900,0.0006451760568926268,0.0330530447134223,236.79649963378907,241.9913995361328,0.3207172588315513,59.55542841484255,1.3026214952059263,-0.5047604251339448,1.807381920339871,0.7404756056090795
2023-01-30,235.54823303222656,242.7100067138672,245.60000610351562,242.1999969482422,244.50999450683594,25867400,-0.021961625031497123,0.0005359258052237692,236.88150024414062,242.0061996459961,0.3185547788392431,53.026571898198256,1.3422116344412416,-0.13536601321890757,1.4775776476601492,0.584359983250738
2023-01-31,240.49769592285156,247.80999755859375,247.9499969482422,242.9499969482422,243.4499969482422,26541100,0.02101269294075281,0.023839053183412506,237.28099975585937,242.1277996826172,0.32586701813563695,57.69979063100952,1.764770567216999,0.24466130286827376,1.5201092643487253,0.7304496512464476
2023-02-01,245.2919464111328,252.75,255.17999267578125,245.47000122070312,248.0,31259900,0.019934637383781206,0.05045509063984488,237.93949966430665,242.34919982910156,0.3318639803508216,61.6768950363264,2.4697981814729246,0.689688678589204,1.7801095028837206,0.8719564379320082
2023-02-02,256.7922058105469,264.6000061035156,264.69000244140625,257.25,258.82000732421875,39940400,0.046884297145462384,0.06693550848191787,239.71449966430663,242.81679992675782,0.31862300434719637,69.16600720806696,3.93932402789153,1.3396157484496694,2.5997082794418604,1.0
2023-02-03,250.72671508789062,258.3500061035156,264.20001220703125,257.1000061035156,259.5400085449219,29077300,-0.023620558789990698,0.04106222715599572,241.51650009155273,243.14279998779296,0.3099387762973132,62.25573524372805,4.547193861662322,1.9811313710921998,2.566062490570122,0.8522109544300271
2023-02-06,249.193359375,256.7699890136719,258.29998779296875,254.77999877929688,257.44000244140625,22518000,-0.006115800474224331,0.05792914140693051,243.10849990844727,243.37759979248048,0.31331971358056854,60.60721896070831,4.845584033527558,2.5540219035792715,2.2915621299482867,0.8148494795992666
2023-02-07,259.6649475097656,267.55999755859375,268.7699890136719,260.0799865722656,260.5299987792969,50841400,0.04202207815005732,0.07969815663038449,245.13050003051757,243.77719970703126,0.33733746879821075,67.0281979160172,5.88488659873164,3.2201948426097453,2.664691756121895,1.0
2023-02-08,258.85943603515625,266.7300109863281,276.760009765625,266.2099914550781,273.20001220703125,54686000,-0.0031020577808305028,0.05531161616747027,247.0245002746582,244.16199981689454,0.3398206071432158,66.13519839446619,6.565881000477418,3.88933207418328,2.676548926294138,0.981657755309047
2023-02-09,255.8411865234375,263.6199951171875,273.9800109863281,262.79998779296875,273.79998779296875,42375100,-0.01165978982882443,-0.0037037451387840203,248.41699981689453,244.59919982910156,0.33581765380533213,62.7610800304373,6.776506334216009,4.466766926189826,2.309739408026183,0.9129281228418509
2023-02-10,255.33656311035156,263.1000061035156,264.0899963378906,260.6600036621094,261.5299987792969,25818500,-0.0019724945880554845,0.018385910152046936,249.64650039672853,245.05459991455078,0.33616319951385004,62.18978173049379,6.8228204340975935,4.93797762777138,1.8848428063262137,0.9014366529264503
2023-02-13,263.31390380859375,271.32000732421875,274.6000061035156,267.1499938964844,267.6400146484375,44630900,0.031242877347060993,0.05666557204149014,251.2510009765625,245.3782000732422,0.3485158454650397,67.26290140026268,7.437080063472877,5.437798114911679,1.9992819485611975,1.0
2023-02-14,264.1389465332031,272.1700134277344,274.9700012207031,269.2799987792969,272.6700134277344,37047900,0.0031328544912645473,0.017229839704012706,252.84200134277344,245.72780029296874,0.3486686987477532,67.74484902817306,7.901391313395209,5.9305167546083855,1.9708745587868233,1.0
2023-02-15,262.0277099609375,269.32000732421875,270.7300109863281,266.17999267578125,268.32000732421875,28922400,-0.010471418462388193,0.009710179699364163,254.5175018310547,246.0138003540039,0.34176293655009987,64.32544148452818,7.947772674012384,6.333967938489185,1.6138047355231988,0.9428398476447427
2023-02-16,255.0518035888672,262.1499938964844,266.739990234375,261.8999938964844,264.0199890136719,29603600,-0.026622654213367847,-0.005576212912262846,256.0285018920898,246.25280029296874,0.35270342361825324,56.58705304910138,7.321571555770561,6.531488661945461,0.7900828938251001,0.799036976691947
2023-02-17,251.072509765625,258.05999755859375,260.0899963378906,256.0,259.3900146484375,30000100,-0.015601741114309009,-0.01915624640061353,256.9205017089844,246.51160034179688,0.34295369742559056,52.69294618619597,6.421253917022625,6.509441712960895,-0.08818779593826953,0.7170073931349549
2023-02-21,245.82852172851562,252.6699981689453,255.49000549316406,251.58999633789062,254.47999572753906,28397400,-0.020886613348218064,-0.068738053412284,257.4250015258789,246.67760040283204,0.3529865286105323,48.004556223002034,5.212728705529969,6.25009911147471,-1.037370405944741,0.6089047522574493
2023-02-22,244.6999053955078,251.50999450683594,254.33999633789062,250.33999633789062,254.08999633789062,22491100,-0.004590982983795899,-0.07590850535187266,257.89850158691405,246.75980041503905,0.3534856819401005,47.0346177363237,4.113938248203311,5.822866938820431,-1.7089286906171193,0.5856395438156019
2023-02-23,247.8716278076172,254.77000427246094,256.8399963378906,250.47999572753906,255.55999755859375,29219100,0.012961750375038772,-0.05402496159240744,258.6065017700195,246.94680053710937,0.35412328972996415,50.086872235499506,3.4662378056957266,5.35154111219549,-1.8853033064997637,0.6510227914700152
2023-02-24,242.471923828125,249.22000122070312,251.0,248.10000610351562,249.9600067138672,24990900,-0.02178436612899859,-0.049322879942110265,258.66750183105466,246.88100067138672,0.3488142748874264,45.30065788116493,2.476543622329416,4.776541614222276,-2.2999979918928597,0.5397110930075841
2023-02-27,243.38645935058594,250.16000366210938,252.82000732421875,249.38999938964844,252.4600067138672,21190000,0.003771777693612144,-0.03061301236620617,258.7675018310547,246.7458004760742,0.34901132958471587,46.23771570010469,1.7479054270140466,4.17081437678063,-2.422908949766583,0.5585639237783027
2023-02-28,242.66651916503906,249.4199981689453,251.49000549316406,248.72999572753906,249.07000732421875,22491000,-0.0029581287269390133,-0.012862627235335267,259.1030014038086,246.58980041503906,0.3390746113933216,45.575790160598494,1.0980841186710961,3.5562683251587233,-2.458184206487627,0.5437222619724534
2023-03-01,239.601806640625,246.27000427246094,250.92999267578125,245.7899932861328,250.75999450683594,27565300,-0.012629275597824008,-0.020834123290605744,259.02600173950196,246.53500061035157,0.33449858713775543,42.76905233688955,0.32516951647579617,2.910048563422138,-2.584879046946342,0.48054550918617983
2023-03-02,244.3107452392578,251.11000061035156,251.39999389648438,245.61000061035156,246.5500030517578,24808200,0.01965321092265815,-0.014365912786951318,258.94400177001955,246.66340057373046,0.3342764058674555,48.06172644981257,0.10200058140836177,2.3484389670193826,-2.246438385611021,0.5776172058858633
2023-03-03,248.37753295898438,255.2899932861328,255.6199951171875,251.38999938964844,252.19000244140625,30760100,0.016646062146554508,0.024355958734043393,258.4785011291504,246.96020050048827,0.2925082769077582,52.1752335006762,0.2594374345499091,1.9306386605254882,-1.671201225975579,0.6614517695721603
2023-03-06,249.91476440429688,256.8699951171875,260.1199951171875,255.97999572753906,256.42999267578125,24109800,0.00618904725060565,0.026822798836145356,258.404500579834,247.26160034179688,0.28172368670341086,53.66893485301128,0.5058688765592194,1.6456847037322344,-1.139815827173015,0.6931405246500059
2023-03-07,247.26840209960938,254.14999389648438,257.69000244140625,253.38999938964844,256.29998779296875,21473200,-0.010589018851587695,0.018963979481449567,258.2735008239746,247.45600036621093,0.2834247317742286,50.73139407130431,0.4761969018202876,1.411787143349845,-0.9355902415295574,0.6385877698365725
2023-03-08,246.83062744140625,253.6999969482422,254.5399932861328,250.80999755859375,254.0399932861328,17340200,-0.0017705959435335705,0.030170108201894807,257.580500793457,247.76620025634764,0.23506914936448797,50.241448056394525,0.4116256903921567,1.2117548527583073,-0.8001291623661506,0.6295625631574727
2023-03-09,245.48794555664062,252.32000732421875,259.55999755859375,251.5800018310547,255.82000732421875,26653400,-0.005439454633911489,0.004818632117104649,256.86000061035156,248.03800048828126,0.23528800281875242,48.688528296346284,0.2462601764977137,1.0186559175061887,-0.772395741008475,0.6018852830770719
2023-03-10,241.8589630126953,248.58999633789062,252.7899932861328,247.60000610351562,251.0800018310547,28333900,-0.014782858584556302,-0.026244651668476227,256.1085006713867,248.27060028076173,0.2371248026006231,44.66953507504402,-0.18365681679051704,0.7781933706468476,-0.9618501874373646,0.5270756200372992
2023-03-13,247.04464721679688,253.9199981689453,257.9100036621094,245.72999572753906,247.39999389648438,33339700,0.021440934508925258,-0.011484396793390972,255.6495002746582,248.6584002685547,0.2523190028982738,50.90577691468086,-0.0932080835071929,0.6039130798160395,-0.6971211633232324,0.6339749408286015
2023-03-14,253.72860717773438,260.7900085449219,261.07000732421875,255.86000061035156,256.75,33620300,0.0270558066537383,0.02612636162856652,255.12300033569335,249.0540005493164,0.24542199022679698,57.547445165491204,0.5267535247955948,0.5884811688119506,-0.061727644016355776,0.7717609053178056
2023-03-15,258.252685546875,265.44000244140625,266.4800109863281,259.2099914550781,259.9800109863281,46028000,0.01783041429550547,0.04627515031290752,254.78649978637696,249.56640045166014,0.25475838184357286,61.35798275733895,1.3774152264641089,0.7462679803423823,0.6311472461217266,0.8650218843894619
2023-03-16,268.7214050292969,276.20001220703125,276.55999755859375,263.2799987792969,265.2099914550781,54768800,0.040536504169149,0.09464174139836579,255.13050003051757,250.29880065917968,0.2916225426992653,68.4214717165876,2.886539387405662,1.1743222617550382,1.712217125650624,1.0
2023-03-17,271.8638916015625,279.42999267578125,283.3299865722656,276.32000732421875,278.260009765625,69527400,0.011694353099191312,0.12405968378539267,255.99449996948243,251.305400390625,0.2739317749659236,70.18340492929728,4.293668845623074,1.7981915785286455,2.4954772670944285,1.0
2023-03-20,264.8588562011719,272.2300109863281,277.4800109863281,269.8500061035156,276.9800109863281,43466600,-0.025766674581018112,0.07210937676992368,256.70300064086916,252.3038006591797,0.285389600501074,61.89334466497484,4.772832487567769,2.3931197603364702,2.3797127272312983,0.8678902442302179
2023-03-21,266.3669128417969,273.7799987792969,275.0,269.5199890136719,274.8800048828125,34558700,0.005693669802799839,0.04981015303022018,257.75850067138674,253.28080078125,0.27134455685518677,62.90906148725382,5.217500093800425,2.9579958270292614,2.259504266771163,0.891990170900779
2023-03-22,264.917236328125,272.2900085449219,281.0400085449219,272.17999267578125,273.3999938964844,34873300,-0.005442290309805031,0.025806231315973926,258.797501373291,254.1842010498047,0.27172517818503283,61.21977476587077,5.387568084616021,3.4439102785466136,1.9436578060694072,0.8588377614403239
2023-03-23,270.1418151855469,277.6600036621094,281.05999755859375,275.20001220703125,277.94000244140625,36610900,0.019721601779969733,0.005285993448775672,259.94200134277344,255.16040100097655,0.27567478167707493,64.8800916733453,5.887791128539334,3.932686448545158,1.955104679994176,0.9627370733963816
2023-03-24,272.9730529785156,280.57000732421875,280.6300048828125,275.2799987792969,277.239990234375,28172000,0.010480456759089485,0.004079786273194497,261.5095016479492,256.05640106201173,0.258180693840924,66.7135865155202,6.444743479262513,4.435097854688629,2.009645624573884,1.0
2023-03-27,268.896484375,276.3800048828125,281.4599914550781,275.5199890136719,280.5,26840200,-0.014933892903828516,0.015244439367461116,262.82050170898435,256.81380126953127,0.26870950641369423,61.717392316292205,6.473412579468857,4.842760799644675,1.6306517798241815,0.9138568836442394
2023-03-28,267.7776184082031,275.2300109863281,276.1400146484375,272.04998779296875,275.7900085449219,21878600,-0.0041609156819140125,0.005296267855564363,264.1110023498535,257.533801574707,0.26922319868427264,60.380827498060995,6.330365636840099,5.14028176708376,1.1900838697563394,0.89021392414276
2023-03-29,272.91473388671875,280.510009765625,281.1400146484375,278.4100036621094,278.9599914550781,25087000,0.019183950036463004,0.030188405607056934,265.82300262451173,258.3370016479492,0.26513395136679707,64.21288578903189,6.5673473862704554,5.425694890921099,1.1416524953493568,0.998766497933288
2023-03-30,276.3587951660156,284.04998779296875,284.4599914550781,281.4800109863281,284.2300109863281,25053400,0.012619792178901301,0.02301370037665018,267.4700019836426,259.3018014526367,0.2617165356912733,66.54896564816178,6.960566692008001,5.732669251138479,1.2278974408695218,1.0
2023-03-31,280.4937438964844,288.29998779296875,289.2699890136719,283.0,283.7300109863281,32766000,0.014962155193252835,0.027550986445309622,269.12050170898436,260.4292013549805,0.2609015113664505,69.15244866201682,7.528353137335046,6.091806028377793,1.436547108957253,1.0
2023-04-03,279.45269775390625,287.2300109863281,288.2699890136719,283.95001220703125,286.5199890136719,24883300,-0.0037113314323447,0.03925756535143021,270.6385025024414,261.369401550293,0.2632762101808563,67.72337728087378,7.802052594114741,6.433855341525183,1.3681972525895585,0.9775639107944523
2023-04-04,279.404052734375,287.17999267578125,290.45001220703125,285.6700134277344,287.2300109863281,25824300,-0.00017414026610629296,0.04341816376284169,272.2900024414063,262.2614013671875,0.2572398495753186,67.6529934801315,7.923587145518297,6.731801702323806,1.1917854431944912,0.9765150887355295
2023-04-05,276.64093017578125,284.3399963378906,287.1499938964844,282.9200134277344,285.8500061035156,22064800,-0.009889255555128096,0.013653653840965285,273.8220024108887,263.10740142822266,0.2621651074328109,63.61061348217164,7.701956819572274,6.9258327257735,0.7761240937987743,0.9169638809103826
2023-04-06,283.7043762207031,291.6000061035156,292.0799865722656,282.0299987792969,283.2099914550781,29770300,0.025532847503443312,0.026579893099836216,275.7860023498535,264.12720153808596,0.2674801825862299,68.75094485825596,8.019689316791812,7.1446040439771625,0.8750852728146494,1.0
2023-04-10,281.55426025390625,289.3900146484375,289.6000061035156,284.7099914550781,289.2099914550781,23103000,-0.0075788457092610395,0.0037808772168645977,277.82600326538085,264.9550018310547,0.26069435524715673,65.70814315454751,8.00093694848988,7.3158706248797065,0.6850663236101733,0.9547966561123327
2023-04-11,275.1718444824219,282.8299865722656,285.9800109863281,281.6400146484375,285.75,27276600,-0.02266846727293359,-0.015318818527886857,279.27150268554686,265.6484014892578,0.2765193565713746,57.5639945425632,7.371759070399264,7.327048313983618,0.044710756415645925,0.8206173115005828
2023-04-12,275.81396484375,283.489990234375,287.010009765625,281.9599914550781,284.7900085449219,27403400,0.0023335703194284907,-0.012849093027076486,280.40650177001953,266.464001159668,0.2646888328659434,58.12632665715854,6.847454653825309,7.231129581951957,-0.3836749281266476,0.8210894431602557
2023-04-13,281.9920654296875,289.8399963378906,289.8999938964844,283.1700134277344,283.5899963378906,24222700,0.022399401468340185,0.019343040271633694,281.6265014648437,267.3046011352539,0.26825636819256504,63.18150931192532,6.865194362444413,7.157942538050449,-0.29274817560603594,0.961173401841355
2023-04-14,278.3922119140625,286.1400146484375,288.4800109863281,283.69000244140625,287.0,20987900,-0.012765600801139088,-0.018724250139898424,282.1235015869141,267.97240142822267,0.2384660461175195,58.7322992584661,6.505701926876895,7.027494415815738,-0.5217924889388428,0.8795501602795526
2023-04-17,280.9801330566406,288.79998779296875,291.6000061035156,286.1600036621094,289.92999267578125,23836200,0.009296054408186816,-0.00203886390546526,282.5920013427734,268.4564010620117,0.23730557737834626,60.865888217258586,6.362100845846385,6.894415701821868,-0.5323148559754829,0.938230350817488
2023-04-18,280.5617980957031,288.3699951171875,291.760009765625,287.010009765625,291.57000732421875,20161800,-0.001488894369654492,0.01958776935947837,283.3990005493164,269.05680084228516,0.21451227802644116,60.322948597988706,6.142788892602368,6.7440903399779675,-0.6013014473755991,0.9287445211591563
2023-04-19,280.63970947265625,288.45001220703125,289.04998779296875,284.5400085449219,285.989990234375,17150300,0.00027748063667720757,0.017496286089521362,284.13250122070315,269.69040130615235,0.21446187719206392,60.39375094621208,5.907343125659679,6.576740897114311,-0.6693977714546318,0.9305097337471013
2023-04-20,278.3630065917969,286.1099853515625,289.0299987792969,285.0799865722656,285.25,23244400,-0.008112417252349569,-0.012869207264202931,284.82350006103513,270.0614010620117,0.21601021810472754,57.1802593741911,5.468888110374735,6.355170339766397,-0.8862822293916617,0.8788877006355641
2023-04-21,278.0224914550781,285.760009765625,286.2699890136719,283.05999755859375,285.010009765625,21676400,-0.0012232204531675839,-0.0013280382447711236,285.22850036621094,270.44200103759766,0.20653447194842997,56.694381886402596,5.035127432166462,6.09116175824641,-1.0560343260799483,0.8711670835651774
2023-04-24,274.1405334472656,281.7699890136719,284.95001220703125,278.7200012207031,282.0899963378906,26611000,-0.013962838100494368,-0.024342102065241233,285.2884994506836,270.80500091552733,0.21065161674196592,51.33833327763727,4.319613821651842,5.736852170927497,-1.4172383492756548,0.7831454512955832
2023-04-25,267.9625244140625,275.4200134277344,281.6000061035156,275.3699951171875,279.510009765625,45772200,-0.02253602524585896,-0.04490752127034059,285.24049987792966,271.05140106201173,0.2194849688194161,44.18425615634673,3.2032491077362693,5.230131558289251,-2.026882450552982,0.6430621658458293
2023-04-26,287.3722839355469,295.3699951171875,299.57000732421875,292.7300109863281,296.70001220703125,64599200,0.0724347567962329,0.023990232682637336,286.2474990844727,271.5324008178711,0.3373599291854089,62.06839971103849,3.883551656303041,4.96081557789201,-1.077263921588969,1.0
2023-04-27,296.5761413574219,304.8299865722656,305.20001220703125,295.25,295.9700012207031,46462600,0.03202759796683097,0.0654293879247192,287.4634979248047,272.1856002807617,0.34806563061679385,67.40215669235933,5.126938422607452,4.994040146835099,0.13289827577235336,1.0
2023-04-28,298.9403991699219,307.260009765625,308.92999267578125,303.30999755859375,304.010009765625,36469600,0.007971732770402085,0.0752379593548933,288.6239990234375,272.9444003295898,0.3469971628249793,68.62269673519512,6.2365231988392225,5.242536757235924,0.9939864416032984,1.0
2023-05-01,297.2864074707031,305.55999755859375,308.6000061035156,305.1499938964844,306.9700012207031,21294100,-0.005532813099654588,0.08443059755298332,289.48699951171875,273.812600402832,0.3461572977690928,66.74001980910774,6.899171001891887,5.573863606167117,1.3253073957247699,0.9721263804899675
2023-05-02,297.1405334472656,305.4100036621094,309.17999267578125,303.9100036621094,307.760009765625,26404400,-0.0004908819795876873,0.10888820264415489,290.3959991455078,274.75960052490234,0.3455010776026605,66.5664916665481,7.327751152120811,5.924641115357856,1.4031100367629552,0.969667061208529
2023-05-03,296.1578063964844,304.3999938964844,308.6099853515625,304.0899963378906,306.6199951171875,22360800,-0.003307061830045477,0.030571821541027777,291.25699920654296,275.7942004394531,0.34609646193560767,65.33462512512534,7.4994556058729245,6.23960401346087,1.2598515924120548,0.9531068107632621
2023-05-04,297.1405334472656,305.4100036621094,307.760009765625,303.3999938964844,306.239990234375,22519900,0.003318034776204515,0.0019027560128381804,292.3104995727539,276.8722006225586,0.34266219996155245,66.01198348491606,7.6290885853482,6.517500927838336,1.1115876575098635,0.969667061208529
2023-05-05,302.23858642578125,310.6499938964844,311.9700012207031,304.2699890136719,305.7200012207031,28197100,0.017157231824574737,0.011032949368989575,293.2629989624023,277.98980041503904,0.3368560030896487,69.35731386794825,8.061716624028577,6.826344067076385,1.2353725569521918,1.0
2023-05-08,300.292724609375,308.6499938964844,310.20001220703125,306.0899963378906,310.1300048828125,21318600,-0.0064381137591988935,0.010112568276539946,294.2259979248047,279.1784002685547,0.33638791894643816,66.66041053670016,8.149254641524294,7.090926181965967,1.0583284595583269,0.9689344466863086
2023-05-09,298.6873779296875,307.0,310.0400085449219,306.30999755859375,308.0,21340800,-0.00534584133845073,0.005206104314938287,295.4344985961914,280.3152001953125,0.32394955120076807,64.43439646652223,7.993346114868018,7.271410168546378,0.7219359463216399,0.9433054600070582
2023-05-10,303.8536071777344,312.30999755859375,313.0,307.6700134277344,308.6199951171875,30078000,0.017296408985647327,0.02598555788670387,296.87549896240233,281.5730001831055,0.327083395110274,68.12354853387885,8.203692845211833,7.4578667038794695,0.7458261413323637,1.0
2023-05-11,301.7131652832031,310.1099853515625,311.1199951171875,306.260009765625,310.1000061035156,31680200,-0.007044322065349551,0.015389088874288914,297.8889984130859,282.8497998046875,0.3230409584096261,65.11012380376492,8.099505488137254,7.5861944607310265,0.5133110274062274,0.9654737576132304
2023-05-12,300.6040344238281,308.9700012207031,310.6499938964844,306.6000061035156,310.54998779296875,19774700,-0.0036760639279866947,-0.00540799198065034,299.0304977416992,284.0069998168945,0.3185218644142631,63.541640473347,7.834636255054306,7.635882819595683,0.1987534354586229,0.9475832348727979
2023-05-15,301.0807800292969,309.4599914550781,309.8999938964844,307.5899963378906,309.1000061035156,16336500,0.0015858828767811861,0.002624323909319104,300.06349792480466,285.09039978027346,0.3180069079865202,63.94369587076048,7.576921561163942,7.624090567909336,-0.047169006745393816,0.9552729747502008
2023-05-16,303.2990417480469,311.739990234375,313.7099914550781,309.8299865722656,309.8299865722656,26730300,0.007367668979037845,0.01543970760382729,301.23199768066405,286.1877996826172,0.31766409990954575,65.83186923626965,7.470541899499494,7.593380834227368,-0.12283893472787355,0.9910544991635444
2023-05-17,306.16571044921875,314.0,314.42999267578125,310.739990234375,312.2900085449219,24315000,0.0072496626561315836,0.005411297923913594,302.5094970703125,287.3847998046875,0.31751877899770137,67.64078767328556,7.482347309419197,7.571174129265733,-0.08882681984653651,1.0
2023-05-18,310.57293701171875,318.5199890136719,319.0400085449219,313.7200012207031,314.5299987792969,27276000,0.01439486947029267,0.027119422331967735,304.12999725341797,288.6811996459961,0.3157667327617668,70.95294952599568,7.7668965711657165,7.6103186176457305,0.15657795351998605,1.0
2023-05-19,310.3974609375,318.3399963378906,318.75,316.3699951171875,316.739990234375,27546700,-0.0005650906755918506,0.03032655299921605,305.7589965820313,290.00159942626954,0.31558774764042546,70.64286218738518,7.8869639950225405,7.665647693121093,0.2213163019014477,0.9974261018928494
2023-05-22,313.1665344238281,321.17999267578125,322.5899963378906,318.010009765625,318.6000061035156,24115700,0.008921267734376181,0.037872427920636165,307.72949676513673,291.45339935302735,0.3071183217102803,72.67225016532099,8.11770639685011,7.756059433866897,0.3616469629832135,1.0
2023-05-23,307.394287109375,315.260009765625,322.7200012207031,315.25,320.0299987792969,30797200,-0.018431979093206596,0.011291523838836248,309.72149658203125,292.6801995849609,0.3022363431923822,62.90983497544454,7.733728657336769,7.751593278560872,-0.017864621224102706,0.9019707821527456
2023-05-24,306.0194091796875,313.8500061035156,316.5,312.6099853515625,314.7300109863281,23384900,-0.004472510367419025,-0.000477687568421592,310.64549713134767,293.7413995361328,0.1796335193533721,60.81437492877651,7.232278812508866,7.647730385350471,-0.4154515728416044,0.868496809176956
2023-05-25,317.7882995605469,325.9200134277344,326.8999938964844,320.0,323.239990234375,43301700,0.03845788462479027,0.02323252753140359,311.6999984741211,294.95099975585936,0.1942255093183208,70.02018099720954,7.719835457809268,7.66215139984223,0.05768405796703746,1.0
2023-05-26,324.58441162109375,332.8900146484375,333.3999938964844,323.8800048828125,324.0199890136719,36630600,0.021385618966441866,0.04570590713679379,312.9814987182617,296.0847998046875,0.20398532777848324,73.84184234354649,8.569860443011635,7.843693208476112,0.7261672345355228,1.0
2023-05-30,322.9463195800781,331.2099914550781,335.739990234375,330.5199890136719,335.2300109863281,29503100,-0.005046781577794146,0.031228591469026457,314.2639984130859,297.12039978027343,0.2036882614038309,71.47671312725858,9.004153262796706,8.075785219340231,0.9283680434564747,0.9723042681843954
2023-05-31,320.1966857910156,328.3900146484375,335.94000244140625,327.3299865722656,332.2900085449219,45950600,-0.008514165874803026,0.0416481776187656,315.41299896240236,298.2435998535156,0.2080395133776673,67.5648120446557,9.016844322066731,8.263997039885531,0.7528472821812002,0.9257425817364903
2023-06-01,324.28216552734375,332.5799865722656,333.5299987792969,324.7200012207031,325.92999267578125,26773900,0.012759133155475944,0.05967812682652096,316.8219985961914,299.419599609375,0.2086631276878947,70.17656013140618,9.258274173571465,8.462852466622717,0.7954217069487477,0.9948840256609497
2023-06-02,327.03179931640625,335.3999938964844,337.5,332.54998779296875,334.25,25873800,0.00847918527294178,0.029086831364076415,318.32149810791014,300.6817993164062,0.20907333276202994,71.82116548517119,9.566879066869603,8.683657786672095,0.8832212801975086,1.0
2023-06-05,327.5583190917969,335.94000244140625,338.55999755859375,334.6600036621094,335.2200012207031,21307100,0.0016100433951962145,0.009162148633955924,319.58599853515625,301.8473992919922,0.20408607982620255,72.13801359507552,9.742716869283583,8.895469603194393,0.847247266089191,1.0
2023-06-06,325.3546142578125,333.67999267578125,335.3699951171875,332.1700134277344,335.3299865722656,20396200,-0.006727420816814433,0.007457508180390038,320.8374984741211,302.90959899902344,0.20428479342801098,68.65851346156003,9.58916773751497,9.034209230058508,0.5549585074564618,0.9627736767629547
2023-06-07,315.31170654296875,323.3800048828125,334.489990234375,322.5,331.6499938964844,40717100,-0.030867861481214676,-0.01525627924767603,321.65649871826173,303.84959899902344,0.23718358007789622,55.51591454557855,8.537935998513376,8.934954583749482,-0.3970185852361059,0.7931148191992842
2023-06-08,317.1448059082031,325.260009765625,326.6400146484375,323.3500061035156,323.94000244140625,23277700,0.005813608925801628,-0.022009673167901478,322.30399932861326,304.8501989746094,0.23124416760413324,57.129000170299534,7.766994871730674,8.701362641345721,-0.9343677696150472,0.8235295007510895
2023-06-09,318.6365966796875,326.7900085449219,329.989990234375,324.4100036621094,324.989990234375,22529000,0.004703925270122644,-0.025670797579739446,323.13800048828125,305.77579895019534,0.22880700080918193,58.44952195389821,7.1965195910131,8.400394031279196,-1.2038744402660964,0.8488103840465449
2023-06-12,323.5702819824219,331.8500061035156,332.1000061035156,325.1600036621094,328.5799865722656,24260300,0.015483942061521594,-0.012174782128258177,324.28200073242186,306.73179931640624,0.23179027282489476,62.557181123247666,7.071200933119201,8.134555411647199,-1.063354478527998,0.9324190832723603
2023-06-13,325.949462890625,334.2900085449219,336.9800109863281,330.3900146484375,334.4700012207031,22951300,0.0073527268239528265,0.001828146375360662,325.52350158691405,307.6515997314453,0.23200327373765808,64.38557176467955,7.087077382424297,7.925059805802619,-0.837982423378322,0.9727363814274383
2023-06-14,328.9233703613281,337.3399963378906,339.0400085449219,332.80999755859375,334.3399963378906,26003800,0.009123777902440233,0.043169000075119035,326.80350189208986,308.65379943847654,0.23242796330912005,66.58226772620895,7.262055650892535,7.792458974820603,-0.5304033239280681,1.0
2023-06-15,339.4149475097656,348.1000061035156,349.8399963378906,337.20001220703125,337.4800109863281,38899100,0.03189663212910987,0.07022073311240629,328.5085021972656,309.87219970703126,0.2525178146570825,72.92660121157024,8.174736775287613,7.868914534914005,0.30582224037360817,1.0
2023-06-16,333.7888488769531,342.3299865722656,351.4700012207031,341.95001220703125,351.32000732421875,46552000,-0.016575752456419512,0.04755340622725179,329.6990020751953,311.03199951171877,0.2614749521277096,65.72111559054652,8.33635448250277,7.962402524431758,0.3739519580710118,0.9206106203533959
2023-06-20,329.6156311035156,338.04998779296875,342.0799865722656,335.8599853515625,339.30999755859375,26375400,-0.012502552937743827,0.01868308445207356,330.6845016479492,311.9609991455078,0.26744664205966723,60.913375369008456,8.026552447556412,7.975232509056689,0.05131993849972272,0.8617223538343065
2023-06-21,325.2376403808594,333.55999755859375,337.7300109863281,332.07000732421875,336.3699951171875,25117800,-0.013282030458539151,-0.0021837654960304986,331.30350189208986,312.84439880371093,0.27264586431588433,56.263421542538744,7.334183513188918,7.847022709883136,-0.5128391966942178,0.7999448264973895
2023-06-22,331.2342224121094,339.7099914550781,340.1199951171875,333.3399963378906,334.1199951171875,23556800,0.018437444362326527,0.007025538456500335,332.5260009765625,313.9819989013672,0.2673001904439822,60.68986097715672,7.198746584692515,7.7173674848450124,-0.5186209001524977,0.8845622524225535
2023-06-23,326.6612548828125,335.0199890136719,337.9599914550781,333.45001220703125,334.3599853515625,23146900,-0.013805900795904158,-0.037575457800923195,333.5845001220703,315.0125988769531,0.2731553944240994,56.03257040944548,6.636466784024037,7.501187344680817,-0.8647205606567798,0.8200327681898304
2023-06-26,320.4013977050781,328.6000061035156,336.1099853515625,328.489990234375,333.7200012207031,21520600,-0.019162984659683246,-0.0401074431317795,333.7184997558594,315.7877990722656,0.2507526823744614,50.33802747454575,5.608169536718265,7.122583783088307,-1.514414246370042,0.7317005783560312
2023-06-27,326.22247314453125,334.57000732421875,336.1499938964844,329.29998779296875,331.8599853515625,24354100,0.018167988769977272,-0.010294277753032266,333.80249938964846,316.75639892578124,0.24744115049666737,54.92550957923015,5.214852194905518,6.7410374654517495,-1.5261852705462315,0.8138414950087715
2023-06-28,327.4705810546875,335.8500061035156,337.9800109863281,333.80999755859375,334.6600036621094,20259500,0.0038258025264543694,0.006865357242124448,334.0345001220703,317.6973992919922,0.24687005403318357,55.86682549998083,4.949377232062716,6.382705418773943,-1.4333281867112273,0.8314529274287888
2023-06-29,326.6905212402344,335.04998779296875,336.1099853515625,332.6199951171875,334.7099914550781,16997000,-0.002382070257578861,-0.013717593769171144,334.36749877929685,318.6309991455078,0.2447484490595956,55.09241462903778,4.621161743728464,6.030396683764848,-1.4092349400363835,0.8204455197352344
2023-06-30,332.04351806640625,340.5400085449219,342.7300109863281,337.20001220703125,337.75,26832800,0.016385676621321066,0.016476687100078546,334.7654998779297,319.6727990722656,0.24736094913615778,59.265337095898765,4.749300418337782,5.774177430679435,-1.024877012341653,0.8959824116615118
2023-07-03,329.55718994140625,337.989990234375,340.8999938964844,336.57000732421875,339.19000244140625,12508700,-0.007488160705236169,0.028575727195517375,334.8949996948242,320.71039916992186,0.24770660237531314,56.63298452654167,4.592150621041128,5.537772068751774,-0.9456214477106464,0.8608968507434986
2023-07-05,329.713134765625,338.1499938964844,341.6499938964844,334.7300109863281,335.0899963378906,18172400,0.00047339763523290834,0.010700261511476183,335.0054992675781,321.75819885253907,0.24767192202377503,56.76275402574548,4.429459184569112,5.316109491915243,-0.8866503073461312,0.8630983322822096
2023-07-06,332.7552795410156,341.2699890136719,342.989990234375,335.5,337.29998779296875,28161200,0.009226660279469279,0.016138105736659414,335.38499908447267,322.94819885253906,0.24801962398668648,59.31905951880941,4.500404715945706,5.152968536721335,-0.6525638207756295,0.9060261725628974
2023-07-07,328.8063659667969,337.2200012207031,341.7900085449219,337.0,339.32000732421875,21214800,-0.011867400953344598,0.0064766855895999065,336.0769989013672,324.18419860839845,0.22333649132792216,54.79065027892441,4.181626208998807,4.95870007117683,-0.7770738621780229,0.7936657952596772
2023-07-10,323.55084228515625,331.8299865722656,335.2300109863281,327.5899963378906,334.6000061035156,32791400,-0.015983674245080848,-0.02557708860663077,336.4054977416992,324.9133984375,0.2318863047784152,49.38702537393514,3.4542444300739135,4.6578089429562475,-1.203564512882334,0.6276884442464256
2023-07-11,324.17486572265625,332.4700012207031,332.8599853515625,327.0,331.05999755859375,26698200,0.0019287426523706408,-0.016331812104388388,336.68949737548826,325.46619873046876,0.23152342369923082,50.01737636601242,2.896049111645425,4.305456976694083,-1.4094078650486583,0.6423340842843595
2023-07-12,328.7868957519531,337.20001220703125,341.6499938964844,335.6700134277344,336.6000061035156,29995300,0.014226880527450136,-0.0028093500121249004,336.9569976806641,326.0649987792969,0.23051852313958193,54.52502415074332,2.8030360022516447,4.004972781805596,-1.201936779553951,0.750572291722825
2023-07-13,334.11065673828125,342.6600036621094,343.739990234375,339.0199890136719,339.55999755859375,20567200,0.016192144891518767,0.004073064415816008,337.37549743652346,326.8069989013672,0.2358736271122697,59.109292642647105,3.1337739271801297,3.8307330108805027,-0.696959083700373,0.8755148530477764
2023-07-14,336.62628173828125,345.239990234375,351.42999267578125,344.30999755859375,347.5899963378906,28352700,0.00752929009715908,0.023782661125201,337.77049713134767,327.6035986328125,0.235242967000574,61.10458327361683,3.562997453305627,3.7771858993655276,-0.21418844605990062,0.9345534308871325
2023-07-17,337.1040344238281,345.7300109863281,346.989990234375,342.20001220703125,345.67999267578125,20363900,0.0014193626631158196,0.041888994293875825,337.6519973754883,328.43019897460937,0.20561222326582762,61.48895247549149,3.8977697066560495,3.801302660823632,0.0964670458324175,0.9444836031471205
2023-07-18,350.52069091796875,359.489990234375,366.7799987792969,342.1700134277344,345.8299865722656,64738600,0.039799782520444804,0.08127045722761395,338.50999755859374,329.51179870605466,0.24067684508063517,70.34965087603186,5.2132987943769535,4.083701887534296,1.1295969068426572,1.0
2023-07-19,346.2207946777344,355.0799865722656,362.4599914550781,352.44000244140625,361.75,39732900,-0.012267389306818255,0.053024833090031365,339.3614974975586,330.4003985595703,0.24048305386884614,65.1740234056744,5.8327780006637795,4.433517110160193,1.3992608905035864,0.915983911553077
2023-07-20,338.215576171875,346.8699951171875,357.9700012207031,345.3699951171875,353.57000732421875,33778400,-0.023121526882809107,0.012286206181301162,340.0269973754883,331.16479858398435,0.2513744227678151,56.796576906401434,5.5967264593077175,4.6661589799896985,0.930567479318019,0.7595733003409318
2023-07-21,335.1929016113281,343.7699890136719,350.29998779296875,339.8299865722656,349.1499938964844,69405400,-0.00893708348128619,-0.004257911198830677,340.229997253418,331.9001983642578,0.24647681472754238,53.97535550685831,5.1007115003089325,4.753069484053546,0.3476420162553868,0.6888360126830406
2023-07-24,336.49951171875,345.1099853515625,346.9200134277344,342.30999755859375,345.8500061035156,26678100,0.0038979444998537005,-0.0017933810055908994,340.7344970703125,332.5561981201172,0.24059096899144888,55.01552335548268,4.760862320066849,4.754628051256207,0.006234268810642263,0.715360094814729
2023-07-25,342.2230529785156,350.9800109863281,351.8900146484375,345.07000732421875,347.1099853515625,41637700,0.017009144573970625,-0.023672367741028544,341.85349731445314,333.3735986328125,0.23335453113117088,59.34962064314368,4.908608029259426,4.785424046856851,0.12318398240257533,0.8315522347848516
2023-07-26,329.3426208496094,337.7699890136719,344.6700134277344,333.1099853515625,341.44000244140625,58383700,-0.03763753364624178,-0.04874957252785306,342.0134963989258,333.94959838867186,0.2680211213510029,48.114868151829896,3.9146337348906286,4.611265984463607,-0.6966322495729784,0.5658604487175968
2023-07-27,322.4685363769531,330.7200012207031,341.3299865722656,329.04998779296875,340.4800109863281,39635300,-0.02087215567479972,-0.04655921274201946,341.75699615478516,334.3747985839844,0.27823613603215946,43.393775653237,2.528875546588324,4.194787896888551,-1.6659123503002267,0.39748714107493455
2023-07-28,329.9275817871094,338.3699951171875,340.010009765625,333.1700134277344,333.6700134277344,28484900,0.02313133124167832,-0.01570815972615225,341.9229965209961,334.90739868164064,0.29056304583230375,49.21670466192579,2.024604393118409,3.760751196134523,-1.7361468030161138,0.5372479741309274
2023-07-31,327.538818359375,335.9200134277344,337.70001220703125,333.3599853515625,336.9200134277344,25446000,-0.007240540605867318,-0.02662911046884464,341.6919967651367,335.34579895019533,0.2856567795461034,47.53040311644835,1.4110076065617818,3.290802478219975,-1.8797948716581931,0.48356737506611364
2023-08-01,327.94830322265625,336.3399963378906,338.5400085449219,333.70001220703125,335.19000244140625,18311900,0.0012502467652069083,-0.04171181887907505,341.6094970703125,335.7021990966797,0.284515061097249,47.86019923261093,0.9476924349237379,2.8221804695607275,-1.8744880346369897,0.4927694578046192
2023-08-02,319.32891845703125,327.5,333.6300048828125,326.3599853515625,333.6300048828125,27761300,-0.02628291738758859,-0.03040527384822278,341.0769973754883,335.88539916992187,0.2992787858263517,41.89163021147423,-0.13128858901097828,2.2314866578463866,-2.362775246857365,0.299079724860267
2023-08-03,318.5098571777344,326.6600036621094,329.8800048828125,325.95001220703125,326.0,18253700,-0.0025648743141698516,-0.012276238339405277,340.3464981079102,335.99499938964846,0.29662512691020243,41.363761723331585,-1.042156180711686,1.576758090134772,-2.618914270846458,0.28067489072443164
2023-08-04,319.6018981933594,327.7799987792969,335.1400146484375,327.239990234375,331.8800048828125,23741500,0.003428626414717195,-0.03129709043564277,339.87449798583987,336.2453991699219,0.2948537167122058,42.40584000382124,-1.6545781172176817,0.9304908486642813,-2.585068965881963,0.30521466957221216
2023-08-07,321.8737487792969,330.1099853515625,331.1099853515625,327.5199890136719,328.3699951171875,17741500,0.007108385444331011,-0.017295867599212755,339.7884979248047,336.57059875488284,0.29092162518062337,44.61119355001511,-1.929672407949397,0.3584581973415457,-2.2881306052909425,0.18637450010648618
2023-08-08,317.91510009765625,326.04998779296875,328.75,323.0,326.9599914550781,22327600,-0.012298923809499152,-0.030594067482192733,339.46749725341795,336.5731982421875,0.29397323450155116,41.62055017294191,-2.4470860032772066,-0.2026506427822048,-2.244435360495002,0.07394029336100848
2023-08-09,314.1903991699219,322.2300109863281,327.1099853515625,321.04998779296875,326.4700012207031,22373300,-0.0117159237836445,-0.016091569507394987,338.7189971923828,336.3599981689453,0.29077743790204275,38.97322798017153,-3.129307499824108,-0.7879820141905856,-2.3413254856335226,0.0
2023-08-10,314.8729248046875,322.92999267578125,328.260009765625,321.17999267578125,326.0199890136719,20113700,0.0021723044582673268,-0.011418633883890972,337.7324966430664,336.19439819335935,0.28323516981404856,39.72973458586547,-3.572310902235529,-1.3448477917995745,-2.2274631104359544,0.01878642188159075
2023-08-11,313.0008239746094,321.010009765625,322.4100036621094,319.2099914550781,320.260009765625,24355500,-0.0059455081711282665,-0.020654063819892432,336.52099761962893,336.04679809570314,0.2807390931629641,38.3263236533634,-4.031844274140326,-1.882247088267725,-2.149597185872601,0.0
2023-08-14,315.9552001953125,324.0400085449219,324.05999755859375,320.0799865722656,321.3900146484375,18836100,0.009438954198061067,-0.01838774068035598,335.4364974975586,335.87599853515627,0.28402068708824757,41.81916542432438,-4.104221295100274,-2.326641929634235,-1.777579365466039,0.07874221198624487
2023-08-15,313.82952880859375,321.8599853515625,325.0899963378906,320.8999938964844,323.0,16966300,-0.006727635896408679,-0.012850797725122987,333.554997253418,335.60519836425783,0.23456135221778676,40.06121534130018,-4.288060169737378,-2.7189255776548635,-1.5691345920825142,0.02208877383988732
2023-08-16,313.0674133300781,320.3999938964844,324.4200134277344,319.79998779296875,320.79998779296875,20698900,-0.004536107380615828,-0.005679226103869617,331.8209976196289,335.29439819335937,0.23316427388192276,38.882367476036194,-4.499693248336996,-3.07507911179129,-1.424614136545706,0.0
2023-08-17,309.6280212402344,316.8800048828125,321.8699951171875,316.2099914550781,320.5400085449219,21257200,-0.010986233085912955,-0.018734672932789076,330.32149810791014,334.9583984375,0.22448799867209818,36.12250655557069,-4.895020929261079,-3.439067475285248,-1.4559534539758312,0.0
2023-08-18,309.2371520996094,316.4800109863281,318.3800048828125,311.54998779296875,314.489990234375,24755000,-0.001262288217372065,-0.014111705683583886,328.95699920654295,334.8203985595703,0.22409037308178947,35.81144021257839,-5.180875224527881,-3.787429025133775,-1.393446199394106,0.0
2023-08-21,314.51361083984375,321.8800048828125,322.7699890136719,317.0400085449219,317.92999267578125,24040000,0.017062669707495814,-0.006665854848630359,327.79550018310545,334.75279846191404,0.23488150272388,42.95357681116783,-4.915025085492857,-4.012948237205592,-0.9020768482872654,0.125552115832039
2023-08-22,315.080322265625,322.4599914550781,326.0799865722656,321.4599914550781,325.5,16084600,0.00180187201276083,0.0018641835916950455,326.36949920654297,334.6661981201172,0.2232958057486881,43.67843753525333,-4.604459522529794,-4.131250494270432,-0.47320902825936173,0.1390370461297434
2023-08-23,319.51641845703125,327.0,329.20001220703125,323.4599914550781,323.82000732421875,21166400,0.01407929251760942,0.020599270378413248,325.83099975585935,334.5691979980469,0.1939047358321997,49.12762305396023,-3.9465005277639875,-4.094300500969144,0.14779997320515648,0.2445941429778671
2023-08-24,312.6473083496094,319.9700012207031,332.9800109863281,319.9599914550781,332.8500061035156,23281400,-0.02149846721497517,0.009751313715844478,325.2934997558594,334.2827978515625,0.194743513530909,42.30255804852315,-3.9468288472758104,-4.064806170230478,0.11797732295466723,0.08114373211499477
2023-08-25,315.5884094238281,322.9800109863281,325.3599853515625,318.79998779296875,321.4700012207031,21684100,0.009407162403167968,0.02053842193616706,324.5240005493164,333.99559814453124,0.1769246746885524,45.776074297610975,-3.6619932320027146,-3.9842435825849254,0.32225035058221074,0.1511277176515999
2023-08-28,316.29193115234375,323.70001220703125,326.1499938964844,321.7200012207031,325.6600036621094,14808500,0.0022292439043034573,0.005654303767272939,323.9130004882812,333.5075982666016,0.17658579936652644,46.604150469714966,-3.3396633137469394,-3.855327528817328,0.5156642150703887,0.16786804706563518
2023-08-29,320.8941345214844,328.4100036621094,328.9800109863281,321.8800048828125,321.8800048828125,19284600,0.014550482784862373,0.018451939355894176,323.51650085449216,333.22919860839846,0.18570073637597537,51.79073447521533,-2.6733409732411815,-3.6189302177020988,0.9455892444609173,0.2773773176447883
2023-08-30,321.2654724121094,328.7900085449219,329.80999755859375,326.45001220703125,328.6700134277344,15222100,0.0011571050777230418,0.005474032247467564,323.5810012817383,333.0439990234375,0.16019186345135247,52.19420167310405,-2.0905143514440283,-3.3132470444504847,1.2227326930064564,0.28621259005031396
2023-08-31,320.2590026855469,327.760009765625,330.9100036621094,326.7799987792969,329.20001220703125,26411000,-0.0031326948889207618,0.02434605905304421,323.63600158691406,332.9279992675781,0.16033657901005294,50.94954312145528,-1.6922254267156518,-2.989042720903518,1.2968172941878664,0.2622646877889184
2023-09-01,321.1383972167969,328.6600036621094,331.989990234375,326.7799987792969,331.30999755859375,14942000,0.002745892938946115,0.017586204974219477,323.6800018310547,332.7069995117188,0.16017340895070775,52.02606012071416,-1.2890966942121054,-2.6490535155652357,1.3599568213531303,0.2831899221698498
2023-09-05,325.9164733886719,333.54998779296875,334.8500061035156,328.6600036621094,329.0,18553900,0.014878549493009485,0.030429333378083623,323.852001953125,332.6775994873047,0.16686454577459037,57.485716037600746,-0.5684803298833572,-2.2329388784288597,1.6644585485455026,0.396884097715899
2023-09-06,325.2618713378906,332.8800048828125,334.4599914550781,330.17999267578125,333.3800048828125,17535800,-0.0020086431859566156,0.013611038551986976,324.19350280761716,332.7631994628906,0.16020292288653706,56.53636091993213,-0.05086238109259966,-1.7965235789616079,1.7456611978690082,0.38130671493474655
2023-09-07,322.3598327636719,329.9100036621094,333.0799865722656,329.0299987792969,331.2900085449219,18381000,-0.0089221376386025,0.0034064146965537834,324.57750244140624,332.6699993896484,0.15752658060017088,52.404771394726595,0.11833520085076543,-1.4135518229991333,1.5318870238498987,0.31225294479515747
2023-09-08,326.6199951171875,334.2699890136719,336.1600036621094,329.4599914550781,330.0899963378906,19530100,0.013215680952881836,0.01986203030901179,325.1445022583008,332.6383990478516,0.16318308387047994,57.33405465280734,0.5973539588986227,-1.011370666619582,1.6087246255182048,0.4136244271299343
2023-09-11,330.2060546875,337.94000244140625,338.4200134277344,335.42999267578125,337.239990234375,16583300,0.010979189123628608,0.028235862824481428,325.99100189208986,332.6961993408203,0.16361769532921205,60.99588402382335,1.2586107070584944,-0.5573743918839668,1.8159850989424613,0.498953773758276
2023-09-12,324.1772155761719,331.7699890136719,336.7900085449219,331.4800109863281,335.82000732421875,17565500,-0.01825771848008484,-0.005336527790256396,326.3775009155273,332.5207989501953,0.17728254392986298,52.79251542694679,1.2701514105888805,-0.19186923138939732,1.4620206419782777,0.3554983818793189
2023-09-13,328.36907958984375,336.05999755859375,336.8500061035156,331.1700134277344,331.30999755859375,16544400,0.01293067090750366,0.009552969926507782,327.0875015258789,332.48219909667966,0.17928798445693045,57.111568953705465,1.6069415162479004,0.16789291813806226,1.4390485981098382,0.4552428742023811
2023-09-14,330.9486389160156,338.70001220703125,340.8599853515625,336.57000732421875,339.1499938964844,20267000,0.007855783692247487,0.0266436556859444,328.00250244140625,332.49319946289063,0.17848715668581697,59.56337168945941,2.063095143448777,0.5469333632002052,1.5161617802485718,0.5166243185693273
2023-09-15,322.6627502441406,330.2200012207031,337.3999938964844,329.6499938964844,336.9200134277344,37679800,-0.025036937350757182,-0.012115918048518304,328.6695022583008,332.27219970703123,0.19874325684577454,49.729316938759304,1.7205012952699121,0.7816469496141467,0.9388543456557654,0.3194605176425177
2023-09-18,321.5292663574219,329.05999755859375,330.3999938964844,326.3599853515625,327.79998779296875,16834200,-0.0035128207189790706,-0.02627686813830854,329.2985015869141,332.10899963378904,0.19941347820489094,48.54851534621626,1.3399445546166362,0.8933064706146447,0.44663808400199145,0.2924899475006581
2023-09-19,321.1286926269531,328.6499938964844,329.3900146484375,324.510009765625,326.1700134277344,16505900,-0.0012459845169614514,-0.009404090847586977,329.63700103759766,332.04539978027344,0.19153776759668376,48.11365893202177,0.9938106958212529,0.9134073156559664,0.08040338016528648,0.2829571909339831
2023-09-20,313.4289855957031,320.7699890136719,329.5899963378906,320.510009765625,329.510009765625,21436500,-0.02397689039755313,-0.04549785352615787,329.55250091552733,331.8113995361328,0.2111572781135292,40.58878231102133,0.08269334348290158,0.7472645212213535,-0.6645711777384519,0.09974378277661136
2023-09-21,312.21734619140625,319.5299987792969,325.3500061035156,315.0,319.260009765625,35560400,-0.00386566785187048,-0.05659879756962238,329.1790008544922,331.45799926757815,0.20459258248427856,39.540802445811565,-0.7310040121566317,0.45161081454575636,-1.182614826702388,0.0709134913871704
2023-09-22,309.7550048828125,317.010009765625,321.45001220703125,316.1499938964844,321.32000732421875,21447900,-0.007886549066751236,-0.04000360791667856,329.03100128173827,330.94499938964844,0.1918813994087327,37.425928136937756,-1.561210419948793,0.049046567646846506,-1.6102569875956396,0.012322693211272422
2023-09-25,310.27294921875,317.5400085449219,317.6700134277344,315.0,316.5899963378906,17836000,0.001671867647613734,-0.035008779855170924,328.75900115966795,330.39099975585935,0.18857659776552171,38.17489882925567,-2.1515863591018842,-0.3910800177028997,-1.7605063413989845,0.024645386422544845
2023-09-26,304.99652099609375,312.1400146484375,315.8800048828125,310.0199890136719,315.1300048828125,26297600,-0.01700571188250899,-0.05023575096504351,328.1810012817383,329.71919982910157,0.19668936412221605,33.74329454898573,-3.020380851786456,-0.916940184519611,-2.103440667266845,0.0
2023-09-27,305.631591796875,312.7900085449219,314.29998779296875,309.69000244140625,312.29998779296875,19410100,0.0020823792720598977,-0.024877578146532575,327.4000015258789,328.7852001953125,0.18776720514814746,34.72555567070228,-3.6147886380529144,-1.456509875226272,-2.1582787628266424,0.015137268781577434
2023-09-28,306.462158203125,313.6400146484375,315.4800109863281,309.45001220703125,310.989990234375,19683600,0.0027174976191528533,-0.018433274350955875,326.6425018310547,327.95640075683593,0.18823670974696927,36.06050194979199,-3.9714918168922964,-1.9595062635594769,-2.0119855533328197,0.03861998304404227
2023-09-29,308.5238342285156,315.75,319.4700012207031,314.9800109863281,317.75,24147300,0.006727411213545587,-0.003974668707012019,326.04200134277346,327.33400085449216,0.19088558515733364,39.37497589522549,-4.03738303361456,-2.3750816175704936,-1.6623014160440666,0.0929450487110565
2023-10-02,314.4354248046875,321.79998779296875,321.8900146484375,315.17999267578125,316.2799987792969,20570000,0.019160689763954908,0.013415566962939884,325.6990005493164,326.8946008300781,0.2044745523704342,47.740121820858626,-3.5603770343582823,-2.6121407009280513,-0.9482363334302311,0.24871199936513375
2023-10-03,306.2179260253906,313.3900146484375,321.3900146484375,311.2099914550781,320.8299865722656,21033500,-0.02613416241004285,0.004004613126605605,324.69100189208984,326.2602014160156,0.21390718052556282,39.56713192371201,-3.816961336677309,-2.8531048280779028,-0.9638565085994064,0.03218331920336856
2023-10-04,311.660400390625,318.9599914550781,320.0400085449219,314.0,314.0299987792969,20720100,0.01777330657101195,0.019725639379782667,323.9950012207031,325.61980102539064,0.22631974115808642,46.143404378677545,-3.5301621549253923,-2.988516293447401,-0.5416458614779911,0.2567762587927631
2023-10-05,312.0512390136719,319.3599853515625,319.9800109863281,314.8999938964844,319.0899963378906,16965600,0.0012540566440939482,0.01823737544948334,323.4675003051758,325.25160095214846,0.2250927159620237,46.59286385691029,-3.233323828136065,-3.037477800385134,-0.19584602775093085,0.27183627133990107
2023-10-06,319.7705078125,327.260009765625,329.19000244140625,316.29998779296875,316.54998779296875,25673600,0.02473705152937633,0.036452920872921624,323.11700134277345,325.1824011230469,0.23842219541238444,54.64382641642526,-2.333709814536803,-2.8967242032154683,0.5630143886786652,0.5692769769210794
2023-10-09,322.2718505859375,329.82000732421875,330.29998779296875,323.17999267578125,324.75,19891200,0.00782251873801254,0.024922373634177042,322.71100158691405,325.0114013671875,0.23658332971952312,56.91063283420346,-1.3980727073043795,-2.5969939040332504,1.1989211967288709,0.6656624360291296
2023-10-10,320.8746032714844,328.3900146484375,331.1000061035156,327.6700134277344,330.9599914550781,20557100,-0.004335675956660623,0.047863681990082174,322.54200286865233,324.86080139160157,0.2282125870249243,55.24957070059031,-0.7631647289674675,-2.230228069020094,1.4670633400526265,0.611822345395591
2023-10-11,324.8123474121094,332.4200134277344,332.82000732421875,329.1400146484375,331.2099914550781,20063200,0.01227198940141716,0.04219971887775764,322.36000366210936,324.78240173339844,0.22771319548468474,58.89110227492437,0.06444871484688974,-1.7712927122466973,1.835741427093587,0.7635542410934854
2023-10-12,323.5811767578125,331.1600036621094,333.6300048828125,328.7200012207031,330.57000732421875,19313100,-0.00379041488095877,0.036948956825499035,321.9830032348633,324.8556018066406,0.22582630612106144,57.320555256926596,0.6116157483285178,-1.2947110201316543,1.9063267684601721,0.7161141100149601
2023-10-13,320.229736328125,327.7300109863281,333.8299865722656,326.3599853515625,332.3800048828125,21072400,-0.010357508871394194,0.0014361706492636017,321.8585037231445,324.877001953125,0.2106276478545827,53.164094844857,0.7597202391896758,-0.8838247682673884,1.6435450074570643,0.5869728076404257
2023-10-16,325.0273132324219,332.6400146484375,336.1400146484375,330.6000061035156,331.04998779296875,22158000,0.01498185548321418,0.0085501402631607,322.0375045776367,324.9742022705078,0.2170139272332366,57.87326484676894,1.2587799445147994,-0.4553038257109509,1.7140837702257503,0.7718374203452072
2023-10-17,324.4606018066406,332.05999755859375,333.4599914550781,327.4100036621094,329.5899963378906,18338500,-0.0017436780432347199,0.011175683627546285,322.2080047607422,325.0132025146484,0.21707817411953412,57.14234929942675,1.589166897992584,-0.04640968097024395,1.6355765789628278,0.749999425497347
2023-10-18,322.5552062988281,330.1099853515625,335.5899963378906,328.29998779296875,332.489990234375,23153600,-0.005872469497585797,-0.006949124549849195,322.67500457763674,325.09440246582034,0.1986137870085695,54.643671204052,1.6743503818033219,0.2977423315844692,1.3766080502188527,0.6765802844477535
2023-10-19,323.7375793457031,331.32000732421875,336.8800048828125,330.9100036621094,332.1499938964844,25052100,0.0036655115759907098,0.00048316119199176555,323.26450500488284,325.2762023925781,0.19770706295117188,55.93139330003612,1.8185346318178404,0.6019007916311435,1.216633840186697,0.7221383448348765
2023-10-20,319.1939697265625,326.6700134277344,331.9200134277344,325.45001220703125,331.7200012207031,25027700,-0.014034751278796276,-0.0032343621977236614,323.7475051879883,325.3510028076172,0.20287515179747245,50.0505826047434,1.5398357746245779,0.7894877882298305,0.7503479863947474,0.5470632573381223
2023-10-23,321.7832946777344,329.32000732421875,332.7300109863281,324.3900146484375,325.4700012207031,24374700,0.008112143103305103,-0.009980781559691843,324.3365051269531,325.51720275878904,0.20419770815639918,53.078412239231504,1.5153295076015638,0.9346561321041772,0.5806733754973866,0.6468371330938806
2023-10-24,322.9656066894531,330.5299987792969,331.8399963378906,327.6000061035156,331.29998779296875,31153600,0.0036742117945081088,-0.004607597393681551,325.2560043334961,325.6470025634766,0.19160734093459703,54.4365375431534,1.5753842633863542,1.0628017583606126,0.5125825050257415,0.6923940444756974
2023-10-25,332.8735656738281,340.6700134277344,346.20001220703125,337.6199951171875,345.0199890136719,55053800,0.030678046428119332,0.03198942335817434,326.6500045776367,326.023203125,0.21533543120682255,63.87353040440226,2.413372670632839,1.332915940815058,1.080456729817781,1.0
2023-10-26,320.3860168457031,327.8900146484375,341.6300048828125,326.94000244140625,340.5400085449219,37828500,-0.03751430497421182,-0.010352506941800121,327.36250457763674,326.1730035400391,0.26176765665134555,49.857517953872716,2.0229263899773287,1.470918030647512,0.5520083593298166,0.5520504968065113
2023-10-27,322.2621154785156,329.80999755859375,336.7200012207031,328.3999938964844,330.42999267578125,29856500,0.005855569930102389,0.00961209784121797,328.0655044555664,326.43160339355467,0.26159269076519104,51.5766514637241,1.8471289220120752,1.5461602089204247,0.3009687130916505,0.6193474821659887
2023-10-30,329.5904846191406,337.30999755859375,339.45001220703125,331.8299865722656,333.4100036621094,22828100,0.022740365833414655,0.024262085681629353,328.8410049438477,326.848203125,0.26493818527505786,57.68036662560136,2.286636559110377,1.6942554789584154,0.5923810801519618,0.8822286711214702
2023-10-31,330.37213134765625,338.1099853515625,339.0,334.69000244140625,338.8500061035156,20265300,0.0023716693805666544,0.022932824857833767,330.0770034790039,327.172802734375,0.24246051998278498,58.28437776262971,2.6687383031808167,1.8891520438028957,0.779586259377921,0.9102689034102032
2023-11-01,338.14996337890625,346.07000732421875,347.4200134277344,339.6499938964844,339.7900085449219,28158800,0.023542700060690258,0.01585109837567167,331.43250427246096,327.64500305175784,0.24764384140962342,63.81801879777545,3.572680302158176,2.2258576954739517,1.3468226066842242,1.0
2023-11-02,340.3485412597656,348.32000732421875,348.8299865722656,344.7699890136719,347.239990234375,24348100,0.006501574688303036,0.06230745604646182,332.88050537109376,328.0714031982422,0.24751556342843858,65.22233719248297,4.419669842073063,2.6646201247937737,1.755049717279289,1.0
2023-11-03,344.7259521484375,352.79998779296875,354.3900146484375,347.3299865722656,349.6300048828125,23637700,0.012861679991238661,0.06970677179150897,334.1575042724609,328.7280029296875,0.2380232489658292,67.89431852385357,5.390276386897256,3.20975137721447,2.1805250096827855,1.0
2023-11-06,348.37060546875,356.5299987792969,357.5400085449219,353.3500061035156,353.45001220703125,23828300,0.01057259386447873,0.056980229936304916,335.49300384521484,329.39900268554686,0.23882751156496826,69.96351089454785,6.386846192869484,3.845170340345473,2.541675852524011,1.0
2023-11-07,352.2790832519531,360.5299987792969,362.4599914550781,357.6300048828125,359.3999938964844,25833900,0.011219252275251446,0.06630982342749303,337.1000030517578,330.1356024169922,0.23800013119375607,72.04428147378454,7.41393824948176,4.558923922172731,2.8550143273090285,1.0
2023-11-08,354.887939453125,363.20001220703125,363.8699951171875,360.54998779296875,361.67999267578125,26767800,0.007405801006225898,0.04949866940293424,338.63900299072264,330.83140258789064,0.23659295094514365,73.37038682143024,8.347143202607072,5.3165677782596,3.0305754243474716,1.0
2023-11-09,352.4354248046875,360.69000244140625,364.7900085449219,360.3599853515625,362.29998779296875,24847300,-0.006910819607005569,0.03551330631913263,340.1155029296875,331.46940246582034,0.23830386250162672,70.00833971153385,8.782933846087246,6.009840991825129,2.773092854262117,0.9508419528860211
2023-11-10,361.2098693847656,369.6700134277344,370.1000061035156,361.07000732421875,361.489990234375,28042100,0.024896756010826637,0.04781753463286775,342.21250305175784,332.3076025390625,0.24219786471074298,74.50882177728319,9.740629000474371,6.755998593554978,2.9846304069193934,1.0
2023-11-13,358.288330078125,366.67999267578125,368.4700012207031,365.8999938964844,368.2200012207031,19986500,-0.008088350808409972,0.028468835529229963,343.914501953125,333.06800231933596,0.2448698911603548,70.70441390527976,10.14143546885009,7.433085968614001,2.70834950023609,0.9480267544690244
2023-11-14,361.796142578125,370.2699890136719,371.95001220703125,367.3500061035156,371.010009765625,27683900,0.009790543279149855,0.027015755325085822,345.8250015258789,333.80240234375,0.24408044692512845,72.5187602071368,10.626267190755698,8.07172221304234,2.5545449777133573,1.0
2023-11-15,361.9429626464844,369.6700134277344,373.1300048828125,367.1099853515625,371.2799987792969,26860100,-0.001620373251247642,0.017813879414230627,347.8030029296875,334.53820251464845,0.24189268397075353,71.71933378930974,10.837162741623956,8.624810318758664,2.212352422865292,0.9896787226815581
2023-11-16,368.30718994140625,376.1700134277344,376.3500061035156,370.17999267578125,370.9599914550781,27182300,0.01758324928692301,0.04291777116512363,350.0455032348633,335.4634027099609,0.2452954988100828,74.94215560398925,11.39741238698656,9.179330732404244,2.218081654582315,1.0
2023-11-17,362.1192626953125,369.8500061035156,374.3699951171875,367.0,373.6099853515625,40157000,-0.016800933350932468,0.0004869009366279542,352.20450286865236,336.1750030517578,0.2485392018091661,66.95292228858358,11.2023092469542,9.583926435314236,1.6183828116399646,0.9012961511056248
2023-11-20,369.5506591796875,377.44000244140625,378.8699951171875,371.0,371.2200012207031,52465100,0.020521822935339662,0.029344414695510856,354.6105026245117,336.96500305175783,0.25356324957492105,70.9572152827724,11.527258810954834,9.972592910442355,1.5546659005124788,1.0
2023-11-21,365.27197265625,373.07000732421875,376.2200012207031,371.1199951171875,375.6700134277344,28423100,-0.0115779861406341,0.007562098991618527,356.7375030517578,337.79100341796874,0.26183291009154874,65.99869384723952,11.301880553334058,10.238450439020696,1.0634301143133627,0.9330781633368385
2023-11-22,369.9520263671875,377.8500061035156,379.7900085449219,374.9700012207031,378.0,23345300,0.012812605370184027,0.022127823135917657,358.59650268554685,338.6268035888672,0.24693824441502712,68.58469343455812,11.377816230716633,10.466323597359883,0.9114926333567492,1.0
2023-11-24,369.5408020019531,377.42999267578125,377.9700012207031,375.1400146484375,377.3299865722656,10176600,-0.0011115877225083004,0.0033494941198679573,361.07350158691406,339.4014031982422,0.19059071067526465,68.09461488831198,11.27414292695812,10.627887463279531,0.6462554636785889,0.9936080736211705
2023-11-27,370.6961364746094,378.6099853515625,380.6400146484375,376.20001220703125,376.7799987792969,22179200,0.0031263882009369137,0.02368522131535422,363.5135009765625,340.36920288085935,0.19107801861785637,68.76978663566447,11.158567612657407,10.734023493155108,0.42454411950229876,1.0
2023-11-28,374.7006530761719,382.70001220703125,383.0,378.1600036621094,378.3500061035156,20453100,0.010802744284916121,0.01393601560937241,365.7830017089844,341.44200317382814,0.18253616508989837,71.05611510172102,11.267123937642623,10.840643582052612,0.4264803555900105,1.0
2023-11-29,370.9311828613281,378.8500061035156,384.29998779296875,377.44000244140625,383.760009765625,28963400,-0.010060114922162189,0.015493067429228402,367.820002746582,342.44600341796877,0.19129436131926297,66.14709942537306,10.916651922605354,10.855845250163162,0.06080667244219207,0.9454364195475129
2023-11-30,370.9898986816406,378.9100036621094,380.0899963378906,375.4700012207031,378.489990234375,30554400,0.00015836757985265848,0.002805339530161044,369.4620025634766,343.6088037109375,0.18017002713612912,66.18630451407385,10.52244542635168,10.789165285400866,-0.2667198590491857,0.9462867251125595
2023-12-01,366.6818542480469,374.510009765625,378.1600036621094,371.30999755859375,376.760009765625,33040500,-0.01161223998827976,-0.007736488797445817,370.77150268554686,344.7084039306641,0.1889013883185045,60.63993896682013,9.742683610748486,10.57986895047039,-0.8371853397219038,0.8839285328120202
2023-12-04,361.42413330078125,369.1400146484375,369.5199890136719,362.8999938964844,369.1000061035156,32063300,-0.014338722536543558,-0.025012469479196553,371.5885040283203,345.7510040283203,0.19594513473409114,54.6236639058567,8.592355699024495,10.182366300181211,-1.5900106011567168,0.8078231572027282
2023-12-05,364.7334289550781,372.5199890136719,373.0799865722656,365.6199951171875,366.45001220703125,23065000,0.009156347811421606,-0.026600530098369157,372.38800354003905,346.8506036376953,0.1952189276593856,57.4829416040924,7.862810638358837,9.718455167816737,-1.8556445294578996,0.8557252898867268
2023-12-06,361.0911865234375,368.79998779296875,374.17999267578125,368.0299987792969,373.5400085449219,21182100,-0.009986044589318954,-0.026527697370026804,372.80150299072267,347.98380310058593,0.19682717002757363,53.48810960956301,6.904872836603374,9.155738701574066,-2.2508658649706916,0.8011725978267086
2023-12-07,363.1962890625,370.95001220703125,371.45001220703125,366.32000732421875,368.2300109863281,23118900,0.005829784395951387,-0.02100760438665117,373.18900299072266,349.1470031738281,0.19624754809529635,55.416600994957086,6.247175676388508,8.574026096536954,-2.326850420148446,0.8304717874204698
2023-12-08,366.40771484375,374.2300109863281,374.4599914550781,368.2300109863281,369.20001220703125,20154400,0.008842158434722691,-0.0007476403086584815,373.8660034179687,350.35880310058593,0.19565393309791226,58.25989778333972,5.922345317572706,8.043689940744105,-2.1213446231713995,0.8777953900006604
2023-12-11,363.5389404296875,371.29998779296875,371.6000061035156,366.1000061035156,368.4800109863281,27708800,-0.007829471467659554,0.005851365494982552,373.94750213623047,351.4698028564453,0.17839728276464048,54.892137135792154,5.366623439057889,7.508276640406862,-2.141653201348973,0.8355212117209343
2023-12-12,366.5545349121094,374.3800048828125,374.4200134277344,370.4599914550781,370.8500061035156,24838300,0.008295225400225759,0.004993063255653629,374.332502746582,352.5214031982422,0.1776819928558234,57.66266048387702,5.115770072014641,7.029775326728418,-1.9140052547137776,0.8799594918873699
2023-12-13,366.54473876953125,374.3699951171875,377.6400146484375,370.7699890136719,376.0199890136719,30955500,-2.6736913014691055e-05,0.015103057235852146,374.5375030517578,353.7410028076172,0.17470509293863437,57.65026777185741,4.86013465987088,6.595847193356912,-1.7357125334860317,0.869312607815734
2023-12-14,358.2811584472656,365.92999267578125,373.760009765625,364.1300048828125,373.30999755859375,43277500,-0.022544548311795976,-0.013532873341565721,374.35050201416016,354.68040283203123,0.19306832708163282,48.23672967825661,3.9311878070549255,6.062915316096515,-2.131727509041589,0.7352381998587346
2023-12-15,362.9808654785156,370.7300109863281,372.3999938964844,366.2799987792969,366.8500061035156,78502300,0.013117313165416755,-0.009352536935173461,374.07850189208983,355.7078033447266,0.18812708006822837,52.94284167467731,3.541488026264915,5.558629858130195,-2.0171418318652803,0.7863644211763565
2023-12-18,364.8607177734375,372.6499938964844,373.0,368.67999267578125,369.45001220703125,21802900,0.005178924967655485,0.00363589051413693,374.21850128173827,356.61560302734375,0.17907791293229575,54.71630244145476,3.3489698771541043,5.116697861934977,-1.7677279847808727,0.8206314736836945
2023-12-19,365.4579772949219,373.260009765625,373.260009765625,369.8399963378906,371.489990234375,20603700,0.0016369673396803286,-0.0029915997184146725,374.0095016479492,357.4844030761719,0.16279277223373628,55.292805687245966,3.2086339051364803,4.735085070575278,-1.5264511654387976,0.8315187819548135
2023-12-20,362.8731689453125,370.6199951171875,376.0299987792969,370.5299987792969,375.0,26316700,-0.007072856934487004,-0.010016828402143019,373.88700103759766,358.32900268554687,0.15948081458079227,52.19577766382015,2.8515189818269846,4.358371852825619,-1.5068528709986344,0.7844009039259996
2023-12-21,365.73211669921875,373.5400085449219,374.4100036621094,370.0400085449219,372.55999755859375,17708000,0.007878726097363176,0.020796370949246468,373.67150115966797,359.15140258789063,0.15500696100763367,55.18567684538334,2.7721676887761078,4.041131020015717,-1.2689633312396094,0.836516083139841
2023-12-22,366.7503967285156,374.5799865722656,375.17999267578125,372.7099914550781,373.67999267578125,17107500,0.0027841141606086417,0.010384850084552477,373.5290008544922,360.0198022460938,0.15542866981366613,56.23554747194102,2.7613674278687768,3.7851783015863294,-1.0238108737175526,0.8550771763042412
2023-12-26,366.82867431640625,374.6600036621094,376.94000244140625,373.5,375.0,12673100,0.00021361816624532182,0.005393827448131772,373.33150177001954,360.9584020996094,0.15491180932010867,56.32033685907938,2.727820239990251,3.5737066892671137,-0.8458864492768625,0.8565052878799515
2023-12-27,366.2509765625,374.07000732421875,375.05999755859375,372.80999755859375,373.69000244140625,14905400,-0.0015747513268662416,0.0021700625231788617,372.9000015258789,361.787001953125,0.1490769915380447,55.46702822253227,2.6233853252111317,3.3836424164559173,-0.7602570912447857,0.8459752798352498
2023-12-28,367.4357604980469,375.2799987792969,376.4599914550781,374.1600036621094,375.3699951171875,14327000,0.0032346657881858754,0.012573535490538967,372.721501159668,362.6514019775391,0.14591200853058733,56.908962670388,2.6081905043481015,3.2285520340343545,-0.620361529686253,0.8675707015992998
2023-12-29,368.1798400878906,376.0400085449219,377.1600036621094,373.4800109863281,376.0,18730800,0.0020251805800926004,0.006692723517725652,372.57800140380857,363.57000244140625,0.14616260589640553,57.832518295249294,2.6271903211081167,3.1082796914491073,-0.48108937034099064,0.8811350382436515
2024-01-02,363.1179504394531,370.8699951171875,375.8999938964844,366.7699890136719,373.8599853515625,25258600,-0.013748572785485358,-0.009904403833818742,372.39600067138673,364.36100219726563,0.14852549079450517,49.98436512062147,2.1997140030113087,2.9265665537615475,-0.7268525507502388,0.7888627994363807
2024-01-03,362.85357666015625,370.6000061035156,373.260009765625,368.510009765625,369.010009765625,23083500,-0.0007279882903079571,-0.010836485130276352,372.4690002441406,365.23960205078123,0.13920592381996477,49.605777220164974,1.8181911087905291,2.704891464767344,-0.886700355976815,0.7792372442531071
2024-01-04,360.24920654296875,367.94000244140625,373.1000061035156,367.1700134277344,370.6700134277344,20901500,-0.007177559682409629,-0.01638731992083886,372.24000091552733,366.012001953125,0.13738307614205086,45.915864128579194,1.28636300940326,2.4211857736945275,-1.1348227642912674,0.7307058853661497
2024-01-05,360.0631408691406,367.75,372.05999755859375,366.5,368.9700012207031,21004600,-0.0005163951735215333,-0.020065014932291403,372.18750152587893,366.75640197753904,0.13282283689445093,45.65462974736844,0.8398722751340415,2.1049230739824303,-1.2650507988483888,0.7272393199607575
2024-01-08,366.8580627441406,374.69000244140625,375.20001220703125,369.010009765625,369.29998779296875,23134000,0.018871522614293035,-0.0035900597618307994,372.37450103759767,367.4368017578125,0.14778212879840463,55.592793555367784,1.0341048316434467,1.8907594255146336,-0.8566545938711869,0.853858600211357
2024-01-09,367.9351501464844,375.7900085449219,375.989990234375,371.19000244140625,372.010009765625,20830000,0.0029357764988342527,0.013266140406370086,372.45250091552737,368.39480163574217,0.14484074841810934,56.93700619058171,1.2622464402244873,1.7650568284566044,-0.5028103882321171,0.8693514511568865
2024-01-10,374.7691955566406,382.7699890136719,384.1700134277344,376.32000732421875,376.3699951171875,25514200,0.018574151281394835,0.032838593388357706,373.0260009765625,369.45400146484377,0.1552604311199671,64.31789668436312,1.9834128496942753,1.8087280327041388,0.1746848169901365,1.0
2024-01-11,376.59033203125,384.6300048828125,390.67999267578125,380.3800048828125,386.0,27850800,0.0048593565914965,0.04536066296315289,373.5385009765625,370.4004016113281,0.15375762283343405,65.9907164491713,2.6742036062223065,1.9818231474077725,0.6923804588145339,1.0
2024-01-12,380.3500671386719,388.4700012207031,388.67999267578125,384.6499938964844,385.489990234375,21661200,0.00998361097455347,0.056342627384644794,374.2435012817383,371.40760192871096,0.15660847144295637,69.20093822070666,3.4912706748299343,2.283712652892205,1.207558021937729,1.0
2024-01-16,382.1124572753906,390.2699890136719,394.0299987792969,387.6199951171875,393.6600036621094,27202300,0.004633530999337276,0.041581004218819606,375.4605010986328,372.2916015625,0.1273292676243308,70.60175824960722,4.235225145972038,2.674015151508172,1.5612099944638658,1.0
2024-01-17,381.3291320800781,389.4700012207031,390.1099853515625,384.80999755859375,387.9800109863281,22234100,-0.0020498316946956363,0.03640329004156029,376.3975006103516,373.1146014404297,0.12305922778019565,69.0975567049158,4.706014094054922,3.0804149400175223,1.6255991540373995,0.97864991281274
2024-01-18,385.6371765136719,393.8699951171875,393.989990234375,390.1199951171875,391.7200012207031,23392100,0.011297388457887969,0.028999154641455416,377.45850067138673,373.9360015869141,0.1266906527105575,72.56032104647778,5.3722327078672265,3.538778493587463,1.8334542142797634,1.0
2024-01-19,390.3369140625,398.6700134277344,398.6700134277344,393.5,395.760009765625,29331100,0.012186808769524937,0.03650263465326775,378.7290008544922,374.7788018798828,0.13086851904461314,75.75240491157189,6.215884276705538,4.074199650211078,2.1416846264944596,1.0
2024-01-22,388.2220458984375,396.510009765625,400.6199951171875,393.5899963378906,400.0199890136719,27016900,-0.00541802390287105,0.020696600817714295,380.02350158691405,375.4984020996094,0.12924550552642033,71.70972284513057,6.6337205780862405,4.586103835786111,2.0476167423001295,0.9431278821144384
2024-01-23,390.56207275390625,398.8999938964844,399.3800048828125,393.92999267578125,395.75,20525900,0.006027550558615369,0.022112909333928288,381.2915008544922,376.21240173339845,0.12856244870071776,73.40117906718523,7.0761412511102435,5.084111318850938,1.9920299322593058,1.0
2024-01-24,394.14556884765625,402.55999755859375,405.6300048828125,400.45001220703125,401.5400085449219,24867000,0.009175241208600138,0.03360976788164183,382.6905014038086,377.0498016357422,0.1301998419682006,75.78852820182519,7.634093452296042,5.594107745539959,2.0399857067560836,1.0
2024-01-25,396.4072570800781,404.8699951171875,407.010009765625,402.5299987792969,404.32000732421875,21021200,0.005738269009845087,0.027927996893307938,384.2010009765625,377.75380126953127,0.12974745798027074,77.18063269118979,8.168510583799048,6.108988313191777,2.059522270607271,1.0
2024-01-26,395.48687744140625,403.92999267578125,406.1700134277344,402.42999267578125,404.3699951171875,17803300,-0.002321738960018971,0.01319381711913059,385.6940002441406,378.49880126953127,0.13019309380592864,75.2836922387996,8.419139075162946,6.57101846558601,1.8481206095769354,0.9758602367110611
2024-01-29,401.15582275390625,409.7200012207031,409.9800109863281,404.3299865722656,406.05999755859375,24510200,0.014334188225456401,0.03331565693104821,387.41600036621094,379.28780151367187,0.13532479377923995,78.74843631500273,8.981436847477028,7.053102141964214,1.928334705512814,1.0
2024-01-30,400.0494689941406,408.5899963378906,413.04998779296875,406.45001220703125,412.260009765625,33477600,-0.0027579929694567795,0.024291808948788463,389.0434997558594,380.066201171875,0.1375017041050374,76.49469189164559,9.229488138866543,7.48837934134468,1.7411087975218633,0.9741949152247074
2024-01-31,389.26959228515625,397.5799865722656,415.32000732421875,397.2099914550781,406.9599914550781,47871100,-0.026946351756786724,-0.012370854075244408,390.3789993286133,380.4944006347656,0.16547878754004355,58.82851172593376,8.440359589405432,7.67877539095683,0.7615841984486016,0.7227674747771813
2024-02-01,395.3400573730469,403.7799987792969,408.0,401.79998779296875,401.8299865722656,30657700,0.015594377022054351,-0.0026922131820984463,392.03799896240236,381.1730004882813,0.16998331672561823,63.88642483282286,8.220497915153146,7.787119895796094,0.4333780193570522,0.8643525626328044
2024-02-02,402.62451171875,411.2200012207031,412.6499938964844,403.55999755859375,403.80999755859375,28256700,0.018425881578826964,0.018047703010688032,394.2019989013672,381.8486004638672,0.17124298110624592,68.83428197308308,8.548065198000359,7.939308956236947,0.6087562417634116,1.0
2024-02-05,397.1709289550781,405.6499938964844,411.1600036621094,403.989990234375,409.8999938964844,25352300,-0.013545078808628541,-0.009933631045818458,396.0969985961914,382.5002001953125,0.18326933800306733,61.98705048683885,8.262961314561267,8.004039427901812,0.25892188665945426,0.8770146550382295
2024-02-06,397.0142822265625,405.489990234375,407.9700012207031,402.9100036621094,405.8800048828125,18382600,-0.00039443772837877145,-0.00758708272669506,397.63699798583986,383.05299987792966,0.1765364469294655,61.796883276442074,7.932660699908638,7.9897636823031775,-0.05710298239453948,0.8734817861505879
2024-02-07,405.39532470703125,414.04998779296875,414.29998779296875,407.3999938964844,407.44000244140625,22340500,0.02111025614626394,0.04142562950086903,399.5499969482422,383.78539978027345,0.18656355809695907,67.53510210987355,8.266326283417243,8.04507620252599,0.2212500808912523,1.0
2024-02-08,405.45404052734375,414.1099853515625,415.55999755859375,412.5299987792969,414.04998779296875,21225300,0.0001449041428875919,0.025583205219414262,401.1169967651367,384.49539978027343,0.18003621773012699,67.571867981347,8.43832816937686,8.123726595896166,0.31460157348069373,1.0
2024-02-09,411.75946044921875,420.54998779296875,420.82000732421875,415.0899963378906,415.25,22032800,0.015551429980465103,0.02268855246478685,402.91299591064455,385.25239929199216,0.1846513043142825,71.32559262200905,8.990656586245109,8.297112593965954,0.6935439922791549,1.0
2024-02-12,406.58013916015625,415.260009765625,420.739990234375,414.75,420.55999755859375,21202900,-0.012578714019480408,0.023690412951399953,404.25249633789065,385.98059936523435,0.19300613254109072,64.70037987383941,8.898942351282642,8.417478545429292,0.48146380585335,0.9031494232836514
2024-02-13,397.82696533203125,406.32000732421875,410.07000732421875,403.3900146484375,404.94000244140625,27824900,-0.021528686199405622,0.002046948407688154,405.054997253418,386.52879943847654,0.21219503820946786,55.34426552555921,8.01251143282343,8.336485122908119,-0.32397369008468857,0.7394730549092965
2024-02-14,401.6720886230469,409.489990234375,409.8399963378906,404.57000732421875,408.07000732421875,20401200,0.0078016904238407125,-0.011013157089799996,406.0559967041016,387.22839904785155,0.2125195257391597,57.681095292656,7.479579732472416,8.165104044820978,-0.6855243123485621,0.7975100961678143
2024-02-15,398.7980651855469,406.55999755859375,409.1300048828125,404.2900085449219,408.1400146484375,21825500,-0.0071552241706915876,-0.01823184192614702,406.69049682617185,387.9767987060547,0.21259143239858014,54.82531200056362,6.74307166566814,7.880697568990411,-1.137625903322271,0.7438668713836499
2024-02-16,396.34576416015625,404.05999755859375,408.2900085449219,403.44000244140625,407.9599914550781,22296500,-0.0061491539133524675,-0.03921053552019793,406.95999603271486,388.60759887695315,0.21051647637575124,52.43964590937023,5.889761110016195,7.482510277195568,-1.592749167179373,0.6980960873578324
2024-02-20,395.1000671386719,402.7900085449219,404.489990234375,398.010009765625,403.239990234375,24307900,-0.003143070388915925,-0.030029381417539525,407.2739959716797,389.2873992919922,0.20978525590981792,51.22033187470941,5.052783504240779,6.996564922604611,-1.943781418363832,0.6748447302138577
2024-02-21,394.5016784667969,402.17999267578125,402.2900085449219,397.2200012207031,400.1700134277344,18518900,-0.001514476169218515,-0.010189049453166676,407.43799591064453,389.9119989013672,0.20903246499864395,50.61159210755869,4.290788005833008,6.45540953925029,-2.1646215334172823,0.663676368374355
2024-02-22,403.79083251953125,411.6499938964844,412.8299865722656,408.57000732421875,410.19000244140625,27009900,0.02354667410901623,0.005274863155685594,407.8924957275391,390.6603985595703,0.22272665221577861,58.79812248666499,4.400326809520209,6.044392993304275,-1.6440661837840658,0.8370561206131676
2024-02-23,402.5058898925781,410.3399963378906,415.8599853515625,408.9700012207031,415.6700134277344,16295900,-0.003182309189887045,0.009297517714472292,408.1659957885742,391.4411987304687,0.2225723576460084,57.3811887929446,4.331500405347185,5.701814475712857,-1.370314070365672,0.8130722744816704
2024-02-26,399.7593078613281,407.5400085449219,412.1600036621094,407.3599853515625,411.4599914550781,16193500,-0.006823580001845908,0.008612609531641446,408.34649658203125,392.1043988037109,0.2239695879741706,54.365544284930934,4.004853906851167,5.36242236194052,-1.3575684550893525,0.7618092198629112
2024-02-27,399.70050048828125,407.4800109863281,408.32000732421875,403.8500061035156,407.989990234375,14835800,-0.00014721881860868535,0.011643790416621558,408.2344970703125,392.76659912109375,0.217957963739841,54.29969211442362,3.698508794730344,5.029639648498485,-1.3311308537681406,0.7607107657443228
2024-02-28,399.9358825683594,407.7200012207031,409.29998779296875,405.32000732421875,408.17999267578125,13183100,0.0005889619807217805,0.013774948147129651,408.1909973144531,393.6023992919922,0.2177575359613372,54.53691138452975,3.4354910897455966,4.710809936747907,-1.2753188470023105,0.7570077738924371
2024-02-29,405.74285888671875,413.6400146484375,414.20001220703125,405.9200134277344,408.6400146484375,31947300,0.014519801358800155,0.004834254297240603,408.9939987182617,394.4605993652344,0.1986523408386058,60.04628039752906,3.662523975064005,4.501152744411127,-0.8386287693471219,0.8691292662485912
2024-03-01,407.5673828125,415.5,415.8699951171875,410.8800048828125,411.2699890136719,17823400,0.004496628192858232,0.012574946893211036,409.5799987792969,395.3175994873047,0.1924295687860359,61.61997234972274,3.947035477645329,4.390329291057967,-0.4432938134126383,0.9043562696875993
2024-03-04,406.9984436035156,414.9200134277344,417.3500061035156,412.32000732421875,413.44000244140625,17596000,-0.001395876226872761,0.018108663512969025,409.76499938964844,396.1507995605469,0.18188112952010194,60.81557538179932,4.078696153644955,4.328002663575365,-0.2493065099304097,0.8933716729763316
2024-03-05,394.96270751953125,402.6499938964844,414.25,400.6400146484375,413.9599914550781,26919200,-0.02957201179544222,-0.011853384116075838,409.61499938964846,396.7913995361328,0.205651598902787,46.874467910801116,3.156563260227017,4.093714782905696,-0.9371515226786791,0.6609848857035517
2024-03-06,394.41339111328125,402.0899963378906,405.1600036621094,398.3900146484375,402.9700012207031,22344100,-0.00139078000020465,-0.013808507961239114,409.4449996948242,397.3623992919922,0.20568863867532894,46.352217804919206,2.3534500682855537,3.745661839981668,-1.3922117716961142,0.6503788688842008
2024-03-07,401.3287658691406,409.1400146484375,409.7799987792969,402.239990234375,406.1199951171875,18718500,0.017533433745569926,-0.010879024854074326,409.19950103759766,398.0535998535156,0.20108137437146997,53.39245382657694,2.259805010274931,3.448490474040321,-1.1886854637653896,0.7839019738172991
2024-03-08,398.4645690917969,406.2200012207031,410.4200134277344,404.3299865722656,407.9599914550781,18002200,-0.007136953911104138,-0.02233453376485406,408.8050018310547,398.6847998046875,0.20241894628559393,50.43995699213104,1.9277480673387686,3.1443419927000105,-1.216593925361242,0.7285986764153397
2024-03-11,396.7969665527344,404.5199890136719,405.67999267578125,401.260009765625,403.760009765625,16120800,-0.004184954462908452,-0.025065130814360792,408.00350189208984,399.2937994384766,0.19307241829684382,48.749772818716686,1.510007345476481,2.8174750632553045,-1.3074677177788234,0.6964014680808023
2024-03-12,407.3515930175781,415.2799987792969,415.57000732421875,406.7900085449219,407.6199951171875,22457000,0.02659945134444608,0.031367204952844174,408.00450134277344,400.09379943847654,0.2132810938797503,58.27902966263813,2.023857902580346,2.658751631120313,-0.634893728539967,0.9001895789382424
2024-03-13,407.1750183105469,415.1000061035156,418.17999267578125,411.45001220703125,418.1000061035156,17115900,-0.00043342486108244316,0.03235596479424019,408.4435012817383,400.87499938964845,0.19748324023905,58.0844711986586,2.389025072584218,2.604806319413094,-0.21578124682887623,0.8967806259572869
2024-03-14,417.1018371582031,425.2200012207031,427.82000732421875,417.989990234375,420.239990234375,34157300,0.024379655428537372,0.03930191620607615,409.23000183105466,401.9619995117188,0.21305093730344524,65.13251497404823,3.4551924080314507,2.7748835371367657,0.680308870894685,1.0
2024-03-15,408.4698181152344,416.4200134277344,422.6000061035156,412.7900085449219,419.2900085449219,45079900,-0.020695140792310163,0.02510957652597101,409.7230026245117,402.87839965820314,0.22578472794687204,56.27176238136547,3.5491399562158676,2.929734820952586,0.6194051352632814,0.8468768469453483
2024-03-18,409.3526306152344,417.32000732421875,420.7300109863281,413.7799987792969,414.25,20106000,0.00216126475064482,0.031642486547467596,410.386003112793,403.8659997558594,0.2240713298246276,56.91729457757945,3.654093930653005,3.07460664289267,0.579487287760335,0.862537084936785
2024-03-19,413.3644714355469,421.4100036621094,421.6700134277344,415.54998779296875,417.8299865722656,19837900,0.009800623660760843,0.014761136825350185,411.31700286865237,404.93919982910154,0.22506122760552555,59.82019286768349,4.020948246061835,3.263874963526503,0.7570732825353317,0.9245992944659485
2024-03-20,417.1116027832031,425.2300109863281,425.9599914550781,420.6600036621094,422.0,17860100,0.009064823547192402,0.024403769534723452,412.46950378417966,405.95,0.2257790497113306,62.37044926234202,4.5672768752109505,3.5245553458633925,1.042721529347558,1.0
2024-03-21,421.17254638671875,429.3699951171875,430.82000732421875,427.1600036621094,429.8299865722656,21296200,0.00973587005596488,0.009759639444454127,413.35550384521486,407.0215997314453,0.21403414515931618,64.96575164790019,5.273518530992192,3.8743479828891525,1.3991705481030392,1.0
2024-03-22,420.5545959472656,428.739990234375,429.8599853515625,426.07000732421875,429.70001220703125,17648500,-0.0014672773830890495,0.029585457973620333,414.27550354003904,407.94099975585937,0.21354859418004823,64.23965892942383,5.716487888533948,4.2427759640181115,1.473711924515836,0.9859185288259529
2024-03-25,414.786865234375,422.8599853515625,427.4100036621094,421.6099853515625,425.239990234375,18060500,-0.01371461728960277,0.013275131625883674,415.04150238037107,408.7055993652344,0.21878234213886186,57.7519316768695,5.5293382732947975,4.500088425873449,1.0292498474213483,0.8408310333223649
2024-03-26,413.59991455078125,421.6499938964844,425.989990234375,421.3500061035156,425.6099853515625,16725600,-0.0028614470439243256,0.0005694934441267119,415.75000152587893,409.36919921875,0.2193367424260543,56.487683254303185,5.223175145015205,4.644705769701801,0.5784693753134036,0.8065162305354803
2024-03-27,413.38409423828125,421.42999267578125,424.45001220703125,419.010009765625,424.44000244140625,16705000,-0.0005217626559651523,-0.008936383162920891,416.4355010986328,409.9923992919922,0.21945358038675292,56.24658750427896,4.906230429811103,4.697010701723662,0.20921972808744105,0.801002414636814
2024-03-28,412.6876525878906,420.7200012207031,421.8699951171875,419.1199951171875,420.9599914550781,21871200,-0.001684719804991075,-0.02014578101602915,416.7895004272461,410.6173992919922,0.2144239619498182,55.42443985588938,4.545362967866538,4.666681154952237,-0.12131818708569941,0.7563382000990317
2024-04-01,416.46417236328125,424.57000732421875,427.8900146484375,422.2200012207031,423.95001220703125,16316000,0.009150993754385217,-0.009726134732327418,417.24300079345704,411.2313995361328,0.21607924875758822,58.93010337501176,4.517956036220369,4.6369361312058635,-0.11898009498549467,0.8539260519560606
2024-04-02,413.39398193359375,421.44000244140625,422.3800048828125,417.8399963378906,420.1099853515625,17912000,-0.007372176151911547,-0.0033580451197710026,417.5690002441406,411.6867993164062,0.21805222159001986,55.13381050209579,4.195309691302157,4.548610843225123,-0.35330115192296585,0.7586732741679638
2024-04-03,412.4228515625,420.45001220703125,423.260009765625,419.0899963378906,419.7300109863281,16502300,-0.0023490656526194975,-0.002845918906256961,418.459001159668,412.16559936523436,0.18682049949308174,53.94999374218344,3.815740716429673,4.4020368178660325,-0.5862961014363597,0.7194092320688877
2024-04-04,409.9018859863281,417.8800048828125,428.6700134277344,417.57000732421875,424.989990234375,19370900,-0.006112515755983039,-0.008423671439303226,419.2485015869141,412.5451995849609,0.18877606675540368,50.89487124124339,3.2698585624872862,4.175601166790283,-0.905742604302997,0.6385659910050446
2024-04-05,417.39599609375,425.5199890136719,426.510009765625,418.32000732421875,420.010009765625,16554800,0.018282722412147567,0.011408984072641681,420.06750030517577,413.0043994140625,0.1896109838241471,58.43101874480534,3.4143671923446846,4.0233543719011635,-0.608987179556479,0.8788925741219838
2024-04-08,416.48382568359375,424.5899963378906,427.2799987792969,423.29998779296875,425.1700134277344,14272400,-0.0021855440397451353,4.708060703073613e-05,420.98600006103516,413.39879943847654,0.1872350098293243,57.27866145995511,3.414488586987261,3.9015812149183833,-0.4870926279311223,0.8496383298374284
2024-04-09,418.14154052734375,426.2799987792969,427.739990234375,421.6199951171875,426.44000244140625,12496900,0.003980316201471101,0.011484425564380452,422.0740005493164,413.8457995605469,0.18573318540254333,58.866237784417606,3.5104871554719352,3.823362403029094,-0.3128752475571588,0.9027997638464234
2024-04-10,415.1792297363281,423.260009765625,424.0299987792969,419.70001220703125,422.19000244140625,16216600,-0.0070845196169653235,0.0066833094946139315,422.47300109863284,414.1165997314453,0.1656129599704277,54.93742971296898,3.3047833529892614,3.7196465930211278,-0.41486324003186636,0.807801707793548
2024-04-11,419.7600402832031,427.92999267578125,429.3699951171875,422.3599853515625,425.82000732421875,17966400,0.01103336673063482,0.024049937004732014,423.11450042724607,414.50339965820314,0.1692550116032244,59.44491633308038,3.478492305666464,3.6714157355501955,-0.19292342988373168,0.9547026720873192
2024-04-12,413.84515380859375,421.8999938964844,425.17999267578125,419.7699890136719,424.04998779296875,19253800,-0.014091087052796158,-0.008507226947383595,422.94850006103513,414.9897998046875,0.15500149224907867,52.18618602069164,3.0939225818580667,3.55591710481177,-0.46199452295370325,0.726172963527689
2024-04-15,405.74285888671875,413.6400146484375,426.82000732421875,413.42999267578125,426.6000061035156,20273500,-0.01957805017194081,-0.02578954234413733,422.8095001220703,415.1870001220703,0.15309542407485746,44.2206115733126,2.0984474157040722,3.2644231669902304,-1.1659757512861582,0.4233877869273339
2024-04-16,406.6649169921875,414.5799865722656,418.3999938964844,413.7300109863281,414.57000732421875,16765600,0.002272439538101745,-0.027446777330711325,422.67249908447263,415.25419982910154,0.15311954615569484,45.24486402849738,1.3695863145987346,2.8854557965119314,-1.5158694819131968,0.457844237289842
2024-04-17,403.9772033691406,411.8399963378906,418.8800048828125,410.3299865722656,417.25,15855500,-0.0066090750232039586,-0.026981082937785894,422.1939987182617,415.3779998779297,0.14982758741247476,42.7789270693273,0.5643587515649529,2.421236387522536,-1.856877635957583,0.35740470807496494
2024-04-18,396.5517578125,404.2699890136719,411.8900146484375,403.95001220703125,410.6300048828125,21029900,-0.018380942578505644,-0.05528942599738562,421.14599761962893,415.3535998535156,0.15663686852519995,36.80983211892981,-0.6768242111663199,1.8016242677847647,-2.4784484789510843,0.07991175855314456
2024-04-19,391.5000915527344,399.1199951171875,405.4800109863281,397.7699890136719,404.0299987792969,30565800,-0.012738996305536321,-0.05399383528999546,419.6334976196289,415.055,0.15368179322830264,33.395814647192424,-2.0523736328415225,1.0308246876595075,-3.08319832050103,0.0
2024-04-22,393.3049621582031,400.9599914550781,402.8500061035156,395.75,400.0799865722656,20286900,0.004610133194029364,-0.030654730549065534,418.24449768066404,414.7920001220703,0.156293154563885,35.69074907550184,-2.9599140857429234,0.23267693297902137,-3.1925910187219446,0.060826325219524795
2024-04-23,399.78875732421875,407.57000732421875,408.20001220703125,403.05999755859375,404.239990234375,15734500,0.016485474885294504,-0.016908629155027888,417.47999877929686,414.5324005126953,0.16605536170250762,43.255010153905154,-3.1099241252556453,-0.43584327866791195,-2.6740808465877333,0.27933924651342973
2024-04-24,401.2502746582031,409.05999755859375,412.4700012207031,406.7799987792969,409.55999755859375,15065300,0.003655789698945533,-0.0067501913461947005,416.85049896240236,414.4084002685547,0.16710456805340432,44.830295806880336,-3.073153007883775,-0.9633052245110847,-2.1098477833726905,0.32859512202995866
2024-04-25,391.421630859375,399.0400085449219,399.8900146484375,388.0299987792969,394.0299987792969,40586500,-0.024495157369272214,-0.012936850646544373,415.7309997558594,414.26280029296873,0.1859236992124731,37.32597397981512,-3.8086374041060935,-1.5323716604300865,-2.276265743676007,0.0
2024-04-26,398.56268310546875,406.32000732421875,413.0,405.760009765625,412.1700134277344,29694700,0.01824378163443563,0.018039718117648373,415.01100006103513,414.19940063476565,0.20021861473162236,44.58407749809798,-3.7607276990473224,-1.9780428681535338,-1.7826848308937886,0.24002644254230757
2024-04-29,394.5703125,402.25,406.32000732421875,399.19000244140625,405.25,19582100,-0.010016753423050417,0.0032172999112465295,413.8949996948242,414.11320068359373,0.19803492473488674,41.67810126769489,-4.005007258565229,-2.383435746235873,-1.6215715123293557,0.10583557125651379
2024-04-30,381.8969421386719,389.3299865722656,402.1600036621094,389.1700134277344,401.489990234375,28781400,-0.03211936215720168,-0.044753098668134705,412.2894989013672,413.8186004638672,0.22372371667996438,34.08344367636555,-5.1814096112995,-2.9430305192485986,-2.2383790920509017,0.0
2024-05-01,387.3999328613281,394.94000244140625,401.7200012207031,390.30999755859375,392.6099853515625,23562500,0.014409411200334787,-0.0345181518639327,411.0139984130859,413.6616003417969,0.23294328481749035,39.259120568831655,-5.596522329877303,-3.4737288813743397,-2.122793448502963,0.14011025654119452
2024-05-02,390.2445373535156,397.8399963378906,399.92999267578125,394.6499938964844,397.6600036621094,17709400,0.0073428720275419135,-0.0030072478481719678,410.01199798583986,413.5748004150391,0.23545843314334092,41.802968556978485,-5.626636515597625,-3.904310408218997,-1.7223261073786276,0.21253766107660566
2024-05-03,398.89617919921875,406.6600036621094,407.1499938964844,401.8599853515625,402.2799987792969,17446700,0.022169735082964825,0.0008367698655293854,409.0689987182617,413.4750006103516,0.24032969040391045,48.823034002298726,-4.882518709137628,-4.0999520684027235,-0.7825666407349043,0.43281751726902795
2024-05-06,405.644775390625,413.5400085449219,413.92999267578125,406.3699951171875,408.760009765625,16996600,0.016918321990989416,0.028067143679109785,408.5164993286133,413.5390008544922,0.24968230137433586,53.53173653886281,-3.6950468905285447,-4.018971032827888,0.32392414229934285,0.6046457743757578
2024-05-07,401.52496337890625,409.3399963378906,414.6700134277344,409.0899963378906,414.6600036621094,20018200,-0.010156241524996279,0.05139601483511935,407.669499206543,413.57500061035154,0.2508322897988535,50.47837271521383,-3.0576263894381555,-3.826702104149941,0.7690757147117857,0.49975038699542923
2024-05-08,402.7020263671875,410.5400085449219,412.2300109863281,406.7099914550781,408.1700134277344,11792300,0.0029315781935970175,0.03949968604618648,407.0334991455078,413.6362005615234,0.25060952382999674,51.3325066885702,-2.42765064825727,-3.546891812971407,1.1192411647141371,0.5297207154404127
2024-05-09,404.44805908203125,412.32000732421875,412.7200012207031,409.1000061035156,410.57000732421875,14689700,0.004335749847148129,0.03639656927311563,406.2529998779297,413.72820068359374,0.24730627363722796,52.63743024486457,-1.764420171795507,-3.190397484736227,1.42597731294072,0.5741762199216329
2024-05-10,406.8218688964844,414.739990234375,415.3800048828125,411.79998779296875,412.94000244140625,13402300,0.005869186231977741,0.019869144984760334,405.8949996948242,413.7502001953125,0.24421528260990666,54.42653361577161,-1.0316407324834245,-2.7586461342856667,1.7270054018022423,0.6346153406436281
2024-05-13,405.82135009765625,413.7200012207031,418.3500061035156,410.82000732421875,418.010009765625,15440200,-0.0024593457049932876,0.00043524851782672513,405.8989990234375,413.71460021972655,0.23405210139234442,53.509056277545284,-0.5271358425747508,-2.3123440759434835,1.7852082333687327,0.6091410949893714
2024-05-14,408.607177734375,416.55999755859375,417.489990234375,411.54998779296875,412.0199890136719,15109300,0.0068645371978899306,0.017638152355733627,405.9979995727539,413.7473999023438,0.23517882337087265,55.74594662450588,0.10069118180172154,-1.8297370243944424,1.930428206196164,0.6800700593202447
2024-05-15,415.7511901855469,423.0799865722656,423.80999755859375,417.2699890136719,417.8999938964844,22239500,0.01565198063156492,0.030545081517850736,406.5599990844727,414.1559997558594,0.23968274794327177,60.4506229290416,1.111544057468734,-1.2414808080218072,2.353024865490541,0.8429069130226343
2024-05-16,413.6974182128906,420.989990234375,425.4200134277344,420.3500061035156,421.79998779296875,17530100,-0.004939955573941224,0.02102731557078874,407.3959991455078,414.53399963378905,0.22945902734315796,58.31065170908699,1.7241322828750185,-0.648358189842442,2.3724904727174607,0.7907092134255974
2024-05-17,412.930908203125,420.2099914550781,422.9200134277344,418.0299987792969,422.5400085449219,15352200,-0.0018527727437477326,0.01318898912451627,408.4504989624023,414.7553991699219,0.22327441983947108,57.49265306551173,2.12220996673517,-0.0942445585269196,2.2164545252620895,0.7712287285894922
2024-05-20,417.9720764160156,425.3399963378906,426.7699890136719,419.989990234375,420.2099914550781,16272100,0.012208193491660246,0.02808661675263968,409.669499206543,415.13779907226564,0.22576405540276787,61.33447424870047,2.8191406217589474,0.4884324775302539,2.3307081442286934,0.8993507013172707
2024-05-21,421.6080017089844,429.0400085449219,432.9700012207031,424.8500061035156,426.8299865722656,21453300,0.008698951988733272,0.029959696224966192,410.7429992675781,415.6281994628906,0.2212662745640608,63.87078102643434,3.628199623016485,1.1163859066275001,2.5118137163889847,0.9917585788750418
2024-05-22,423.0623474121094,430.5199890136719,432.4100036621094,427.1300048828125,430.0899963378906,18073700,0.00344951622057188,0.017585332980848634,411.81599884033204,415.9329992675781,0.22125521075823598,64.86360570759383,4.338791873668242,1.7608671000356486,2.577924773632594,1.0
2024-05-23,419.603271484375,427.0,433.6000061035156,425.4200134277344,432.9700012207031,17211700,-0.008176133753362347,0.014275897064153664,413.21399841308596,416.17099914550784,0.20138896332781103,60.59835251983488,4.565281927946671,2.321750065617853,2.243531862328818,0.9145426364400162
2024-05-24,422.70855712890625,430.1600036621094,431.05999755859375,424.4100036621094,427.19000244140625,11855300,0.007400476960443436,0.023678666403378346,414.40599822998047,416.2697991943359,0.19439438590796035,62.953519204176104,4.942785460008906,2.845957144496064,2.0968283155128424,0.9912603707155738
2024-05-28,422.86578369140625,430.32000732421875,430.82000732421875,426.6000061035156,429.6300048828125,15718000,0.0003719631317351535,0.011708306364802912,415.8094985961914,416.5477990722656,0.18863247193340205,63.07387528036059,5.1949861210235895,3.3157629398015693,1.8792231812220201,0.9951448973634415
2024-05-29,421.7357482910156,429.1700134277344,430.94000244140625,425.69000244140625,425.69000244140625,15517100,-0.0026724155905164526,0.00030301342584215796,417.80149993896487,416.78479919433596,0.13684745881825225,61.52671576990911,5.241639705620116,3.7009382929652794,1.5407014126548368,0.9672256492857005
2024-05-30,407.48687744140625,414.6700134277344,424.29998779296875,414.239990234375,424.29998779296875,28394500,-0.03378614429323723,-0.0368158877413568,418.7880004882812,416.6499993896484,0.18936924695066945,46.15396084071112,4.061762716849671,3.7731031777421578,0.2886595391075133,0.6151984790851988
2024-05-31,407.93896484375,415.1300048828125,416.75,404.510009765625,416.75,47995300,0.0011092951990325783,-0.027798583412617095,419.65250091552736,416.4479992675781,0.18854955440535545,46.609700447280474,3.1277642495075497,3.6440353920952364,-0.5162711425876867,0.6263660301367548
2024-06-03,406.3568115234375,413.5199890136719,416.42999267578125,408.9200134277344,415.5299987792969,17484700,-0.003878341363436566,-0.03868331436389938,419.9955001831055,416.1309991455078,0.1740677755558725,45.16869497766377,2.231920717162666,3.3616124571087225,-1.1296917399460567,0.5872784901097566
2024-06-04,408.86260986328125,416.07000732421875,416.44000244140625,409.67999267578125,412.42999267578125,14348900,0.006166614379704338,-0.033114890680096876,420.1220001220703,415.8775994873047,0.16488199609777873,47.91530660975932,1.708034273948499,3.030896820476678,-1.322862546528179,0.6491871611319139
2024-06-05,416.66510009765625,424.010009765625,424.0799865722656,416.29998779296875,417.80999755859375,16988000,0.019083332856576485,-0.012023215743562798,420.85550079345705,415.9005999755859,0.17263934586127605,55.40577999148544,1.9115076624946141,2.8070189888802655,-0.8955113263856513,0.8419524432583495
2024-06-06,417.166259765625,424.5199890136719,425.30999755859375,420.5799865722656,424.010009765625,14861300,0.0012027528508791185,0.023753768700359723,421.5544998168945,415.9579998779297,0.1726006152822452,55.84501349666257,2.0898226771541886,2.6635797265350503,-0.5737570493808617,0.85433358474462
2024-06-07,416.50787353515625,423.8500061035156,426.2799987792969,423.0,426.20001220703125,13621700,-0.0015782128698177411,0.021005470860061548,422.13099975585936,416.0064001464844,0.17269409449007656,55.07749827284593,2.1522665997706554,2.5613171011821714,-0.409050501411516,0.838067916610482
2024-06-10,420.4582214355469,427.8699951171875,428.0799865722656,423.8900146484375,424.70001220703125,13982900,0.009484461379694054,0.03470208571475175,422.7875,416.14940002441404,0.1743932699117829,58.74154794762617,2.4973455305491825,2.548522787055574,-0.05117725650639127,0.935664148108414
2024-06-11,425.1849060058594,432.67999267578125,432.82000732421875,425.25,425.4800109863281,14551100,0.011241726724203538,0.03992113120189256,423.7354995727539,416.3115997314453,0.17690849291573288,62.66540793532082,3.1229502470235957,2.663408279049178,0.4595419679744177,1.0
2024-06-12,433.41973876953125,441.05999755859375,443.3999938964844,433.25,435.32000732421875,22366200,0.019367673626388138,0.040211286055235496,424.9604995727539,416.70399963378907,0.18649238826354483,68.31854803637825,4.2459976338074625,2.979926150000835,1.2660714838066274,1.0
2024-06-13,433.9306945800781,441.5799865722656,443.3900146484375,439.3699951171875,440.8500061035156,15960600,0.0011789530144428184,0.04018655893737977,425.88549957275393,417.12659912109376,0.18037083530561485,68.63590329726986,5.118971232705292,3.4077351665417264,1.7112360661635653,1.0
2024-06-14,434.903564453125,442.57000732421875,443.1400146484375,436.7200012207031,438.2799987792969,13582000,0.002241996426600057,0.044166570605477906,426.9645004272461,417.6203991699219,0.17838876687969107,69.26712030810128,5.82356506695254,3.8909011466238894,1.9326639203286504,1.0
2024-06-17,440.60308837890625,448.3699951171875,450.94000244140625,440.7200012207031,442.5899963378906,20790000,0.013105243683446899,0.04791174944245702,428.37250061035155,418.0773992919922,0.18135482374635545,72.72972485338573,6.771908948300961,4.467102706959304,2.304806241341657,1.0
2024-06-18,438.60833740234375,446.3399963378906,450.1400146484375,444.8900146484375,449.7099914550781,17112500,-0.004527508087971643,0.031570684786308645,429.42250061035156,418.5123992919922,0.18019110881458905,69.76692312326334,7.2758034376380465,5.028842853095053,2.246960584542993,0.9656165568175298
2024-06-20,437.9793701171875,445.70001220703125,446.5299987792969,441.2699890136719,446.29998779296875,19877400,-0.001433848940516791,0.010520143912668312,430.25550079345703,418.9007995605469,0.1791351474216884,68.81515133804302,7.536624563430223,5.5303991951620874,2.0062253682681357,0.9547767187715642
2024-06-21,441.9886474609375,449.7799987792969,450.5799865722656,446.510009765625,447.3800048828125,34187100,0.009154109177745395,0.018569709806559143,431.21850128173827,419.4311993408203,0.1808968928658675,71.48581069139205,7.980553154206859,6.020429986971042,1.9601231672358175,1.0
2024-06-24,439.9152526855469,447.6700134277344,452.75,446.4100036621094,449.79998779296875,15913700,-0.004691149800544747,0.01152361438668259,432.252001953125,419.82599975585936,0.17864104845037704,68.23145600219343,8.069096060198262,6.4301632016164865,1.638932858581776,0.9650953693055322
2024-06-25,443.1384582519531,450.95001220703125,451.4200134277344,446.75,448.25,16413400,0.007326822616914752,0.005754214416532122,433.29150238037107,420.4070001220703,0.17861404079697368,70.48114974779875,8.308164096457915,6.805763380584772,1.5024007158731427,1.0
2024-06-26,444.3275146484375,452.1600036621094,453.6000061035156,448.19000244140625,449.0,16507000,0.0026832052829008912,0.013039403530874294,434.3835021972656,421.1773999023437,0.17845031191162308,71.28888575267842,8.497311715625358,7.14407304759289,1.3532386680324677,1.0
2024-06-27,445.0055236816406,452.8500061035156,456.1700134277344,451.7699890136719,452.17999267578125,14806300,0.0015260138796395761,0.016042166705535488,435.5675018310547,421.94280029296874,0.17744359714258792,71.76338512468763,8.6037117633972,7.436000790753752,1.167710972643448,1.0
2024-06-28,439.2077331542969,446.95001220703125,455.3800048828125,446.4100036621094,453.07000732421875,28362300,-0.013028583011955863,-0.006291935123718728,437.1815017700195,422.6450006103516,0.1296083112715486,62.28461488180089,8.118370843118328,7.572474801226668,0.5458960418916599,0.9071159936658749
2024-07-01,448.81829833984375,456.7300109863281,457.3699951171875,445.6600036621094,448.6600036621094,17662800,0.021881638913048507,0.020238115770191634,439.2615020751953,423.6942010498047,0.14408257863350338,69.48069032156224,8.425771781497644,7.743134197280864,0.6826375842167804,1.0
2024-07-02,451.3241271972656,459.2799987792969,459.5899963378906,453.1099853515625,453.20001220703125,13979800,0.005583140436648648,0.01847208414852264,441.54950256347655,424.89740112304685,0.1403684469029388,71.03261431262335,8.77401061093201,7.9493094800110935,0.824701130920916,1.0
2024-07-03,452.7882995605469,460.7699890136719,461.0199890136719,457.8800048828125,458.19000244140625,9932800,0.003244187071797633,0.01904189950864521,443.78450164794924,426.0936010742187,0.1405119519743395,71.93077925765022,9.06571819558502,8.17259122312588,0.8931269724591413,1.0
2024-07-05,459.4606628417969,467.55999755859375,468.3500061035156,458.9700012207031,459.6099853515625,16000300,0.014736221339971767,0.03248314288796905,445.96200103759764,427.29340087890625,0.13555548021783875,75.63787311621131,9.732604099445552,8.484593798389815,1.2480103010557375,1.0
2024-07-08,458.16357421875,466.239990234375,467.70001220703125,464.4599914550781,466.54998779296875,12962300,-0.0028231827596699732,0.04315913972591745,448.0480010986328,428.4370007324219,0.13776096541125163,73.60276238821939,10.03888045866421,8.795451130444695,1.2434293282195146,0.9831265864905805
2024-07-09,451.5796203613281,459.5400085449219,467.3299865722656,458.0,467.0,17207200,-0.014370242428336288,0.006152425921225113,449.83250122070314,429.6470007324219,0.1522552835819243,64.16576054551984,9.629965899250465,8.962354084205849,0.6676118150446158,0.8974819393151627
2024-07-10,458.17340087890625,466.25,466.4599914550781,458.8599853515625,461.2200012207031,18196100,0.014601539213798809,0.015175930236954516,451.7515014648437,430.8456005859375,0.15570252467457932,68.51907857719914,9.73511801693246,9.116906870751171,0.6182111461812898,0.9832545395037373
2024-07-11,446.823486328125,454.70001220703125,464.7799987792969,451.54998779296875,462.9800109863281,23111200,-0.02477209178116624,-0.013173550689866032,452.8525024414063,431.8946008300781,0.1843951047063968,55.92485704242862,8.78519409126784,9.050564314854505,-0.2653702235866646,0.8356131465479408
2024-07-12,445.693359375,453.54998779296875,456.3599853515625,450.6499938964844,454.3299865722656,16324300,-0.0025291937171509904,-0.029964089825433082,453.477001953125,433.1790008544922,0.1739943090298636,54.84392458535872,7.84909568808672,8.810270589500949,-0.9611749014142283,0.8070777925140737
2024-07-15,446.0962829589844,453.9599914550781,457.260009765625,451.42999267578125,453.29998779296875,14429400,0.0009039878142307334,-0.026338364440004036,454.09600219726565,434.3594006347656,0.1740028189473005,55.176556755386166,7.058943719174636,8.460005215435686,-1.4010614962610504,0.8049339376735819
2024-07-16,441.733154296875,449.5199890136719,454.29998779296875,446.6600036621094,454.2200012207031,17175700,-0.009780602971585006,-0.02180445520505858,454.4435012817383,435.39300048828125,0.1784450862512087,50.81149688218282,6.005246754254813,7.969053523199512,-1.963806768944699,0.7037765130882339
2024-07-17,435.837158203125,443.5199890136719,444.8500061035156,439.17999267578125,442.5899963378906,21778000,-0.01334757106834128,-0.04875069380445707,454.2010009765625,436.1302001953125,0.17903264065015922,45.56553848915322,4.632632360038315,7.301769290567273,-2.669136930528958,0.587083338356695
2024-07-18,432.74169921875,440.3699951171875,444.6499938964844,434.3999938964844,444.3399963378906,20794800,-0.007102259141666956,-0.03151532154197323,453.90250091552736,436.6667999267578,0.1800345522511596,43.052471388930066,3.2531471265590426,6.4920448577656265,-3.238897731206584,0.5329783258105216
2024-07-19,429.5381774902344,437.1099853515625,441.1400146484375,432.0,433.1000061035156,20940400,-0.007402888030001886,-0.0362473881245271,453.4729995727539,437.2221997070312,0.18163566972288495,40.559301263792776,1.8752231916571986,5.568680524543941,-3.6934573328867426,0.4659765332516962
2024-07-22,435.2671813964844,442.94000244140625,444.6000061035156,438.9100036621094,441.7900085449219,15808800,0.013337643351145845,-0.0242752427991495,453.13099975585936,437.8701995849609,0.18528068272411227,46.523503786618406,1.2393556806914034,4.702815555773435,-3.463459875082031,0.5543084817225972
2024-07-23,437.14404296875,444.8500061035156,448.3900146484375,443.1000061035156,443.8999938964844,13107100,0.0043121046904361915,-0.010388821463541698,452.98999938964846,438.5207995605469,0.18546527866706314,48.35190637554572,0.8794101373885042,3.9381344720964484,-3.0587243347079442,0.5797559610635521
2024-07-24,421.4703674316406,428.8999938964844,441.4800109863281,427.5899963378906,440.45001220703125,26805800,-0.035854809459797354,-0.03296355402086926,451.8874984741211,438.8039996337891,0.2218377369092902,36.98092083498813,-0.684985893251735,3.0135103990268117,-3.6984962922785467,0.2846040423925461
2024-07-25,411.1523132324219,418.3999938964844,429.79998779296875,417.510009765625,428.79998779296875,29943800,-0.024481231404573478,-0.049889868665681125,450.19949798583986,438.89759948730466,0.23417839113516986,31.69638130428281,-2.7404530295852396,1.8627177133044017,-4.603170742889642,0.09030355498104511
2024-07-26,417.90325927734375,425.2699890136719,428.9200134277344,417.2699890136719,418.20001220703125,23583800,0.016419682641982014,-0.027086995801223424,448.8204971313477,439.07179931640627,0.24438927610897734,37.94466012673137,-3.771597722155377,0.7358546262124459,-4.507452348367823,0.21743149781763207
2024-07-29,419.3380126953125,426.7300109863281,432.1499938964844,424.70001220703125,431.5799865722656,15125800,0.0034331648373364665,-0.03659635924895366,447.8094970703125,439.1447998046875,0.2424287966861538,39.21723914215895,-4.420024458149101,-0.2953211906598635,-4.124703267489237,0.24444892457178546
2024-07-30,415.593994140625,422.9200134277344,429.04998779296875,417.3599853515625,427.7200012207031,32687600,-0.00892835624517585,-0.049297498875785495,446.11899719238284,439.1834002685547,0.22594372619618242,37.080268954304714,-5.181611883238304,-1.2725793291755516,-3.9090325540627524,0.17394565003165266
2024-07-31,411.1031494140625,418.3500061035156,421.7799987792969,412.2099914550781,420.5,42891400,-0.010805843136103221,-0.024597780235723232,444.07249755859374,439.1462005615234,0.22445784640318547,34.6418967865319,-6.08380646855079,-2.2348247570505997,-3.8489817115001905,0.08937854045357337
2024-08-01,409.88458251953125,417.1099853515625,427.4599914550781,413.0899963378906,420.7900085449219,30296400,-0.002964074898677782,-0.003083194464006178,441.8894973754883,438.9816003417969,0.22266941572391763,33.98878208421499,-6.820241984623294,-3.1519082025651386,-3.6683337820581556,0.0664321941197764
2024-08-02,401.4139404296875,408.489990234375,415.0,404.3399963378906,412.489990234375,29437900,-0.020666000383381178,-0.03945728410841942,438.93599700927734,438.57059997558594,0.21670395688289282,29.78493251079182,-8.007132760300408,-4.1229531141121925,-3.8841796461882154,0.0
2024-08-05,388.30499267578125,395.1499938964844,401.0400085449219,385.5799865722656,389.1700134277344,40709200,-0.03265685000074703,-0.07400467807935718,435.3814971923828,437.8632000732422,0.23484859643347317,24.69459240095354,-9.90994281651399,-5.280351054592552,-4.6295917619214375,0.0
2024-08-06,392.68780517578125,399.6099853515625,405.6700134277344,398.5,400.0,24946500,0.011286831643597228,-0.055116871597647665,432.38499603271487,437.3153997802734,0.24331679331173928,29.05980649400287,-10.932031800703385,-6.410687203814719,-4.521344596888666,0.061593581404718864
2024-08-07,391.5281982421875,398.42999267578125,410.0799865722656,397.4700012207031,408.6400146484375,20650900,-0.002952860836906157,-0.047615664245515554,428.9939956665039,436.68079956054686,0.2304277069195705,28.587648029362356,-11.702362679253667,-7.46902229890251,-4.233340380351158,0.04529759167811269
2024-08-08,395.7143859863281,402.69000244140625,405.8599853515625,399.94000244140625,402.44000244140625,20203000,0.010691990673231233,-0.034571176468006004,426.3934951782227,436.1281994628906,0.23002094748660648,32.83073215793121,-11.832708170555179,-8.341759473233044,-3.4909486973221355,0.10412937665500219
2024-08-09,398.9866638183594,406.0199890136719,408.04998779296875,402.260009765625,404.0299987792969,19276700,0.008269354968031939,-0.0060466627818369645,424.0169952392578,435.6651989746094,0.23528711948144337,36.030355202755395,-11.534345074835073,-8.98027659355345,-2.5540684812816234,0.15011731207625306
2024-08-12,399.7630310058594,406.80999755859375,408.760009765625,404.239990234375,407.05999755859375,16762900,0.0019457380579734895,0.029507791578414988,421.6594955444336,435.50799865722655,0.23568687811029576,36.79952554461017,-11.106118662070969,-9.405445007256954,-1.7006736548140147,0.16102752482266217
2024-08-13,406.83831787109375,414.010009765625,414.95001220703125,409.57000732421875,409.5899963378906,19414300,0.017698710086381908,0.0360351966715593,419.8839965820313,435.4855987548828,0.24868080573221973,43.47078282223256,-10.069688234847945,-9.538293652775153,-0.5313945820727923,0.26046146824060545
2024-08-14,409.638916015625,416.8599853515625,417.7200012207031,412.45001220703125,414.79998779296875,18267000,0.00688383256132119,0.04625653945379171,418.5509963989258,435.5523986816406,0.2489511933596406,45.90488062752132,-8.915567332192836,-9.41374838865869,0.4981810564658531,0.29982033361556787
2024-08-15,414.482421875,421.0299987792969,421.1099853515625,417.6600036621094,419.79998779296875,20752100,0.010003391004818063,0.04554370912289829,417.58399658203126,435.6515985107422,0.25256993879158635,49.341996106023686,-7.577089003031858,-9.046416511533323,1.4693275085014648,0.35740924698164267
2024-08-16,411.9622497558594,418.4700012207031,421.3399963378906,417.29998779296875,420.6000061035156,22775600,-0.006080321036543768,0.03066354500741597,416.6519973754883,435.5407983398438,0.252246562870477,47.35284006603248,-6.646291382260415,-8.566391485678743,1.9201001034183278,0.32205504964532433
2024-08-19,414.9747009277344,421.5299987792969,421.75,416.4599914550781,418.9599914550781,15234000,0.007312346284482851,0.03618397116354788,415.5814971923828,435.48099853515623,0.2482448560307685,49.95013495641177,-5.597190405389199,-7.972551269620835,2.375360864231636,0.36431437023413105
2024-08-20,418.19378662109375,424.79998779296875,425.8599853515625,421.6400146484375,421.70001220703125,16387600,0.007757428944894507,0.02606211872377684,414.5789962768555,435.4999981689453,0.24976898115704063,52.63904727196052,-4.450605725491812,-7.268162160795031,2.817556435303219,0.40947372458150544
2024-08-21,417.5440979003906,424.1400146484375,426.3999938964844,421.7200012207031,424.0799865722656,16067300,-0.0015536091419402487,0.017463967645480194,414.34099731445315,435.42539855957034,0.21580817199208238,52.03146590774393,-3.5542126718540317,-6.525372263006831,2.9711595911527997,0.4003593327688642
2024-08-22,409.0876159667969,415.54998779296875,426.7900085449219,414.6099853515625,424.3599853515625,19361900,-0.02025280935256457,-0.013015725725521898,414.19849700927733,435.0827984619141,0.21001230432456475,44.78563633440314,-3.496650881299388,-5.919627986665343,2.4229771053659555,0.28172894441047047
2024-08-23,410.3083801269531,416.7900085449219,419.260009765625,412.0899963378906,416.9800109863281,18493800,0.0029840471384416922,-0.004014607190194308,413.77449798583984,434.59739868164064,0.20108658147697772,45.95565140252221,-3.3127857047112457,-5.398259530274524,2.0854738255632785,0.2988539366662298
2024-08-26,407.0596923828125,413.489990234375,417.2799987792969,411.3399963378906,416.3699951171875,13152800,-0.007917700143695305,-0.019073395886899713,413.1124969482422,434.0355987548828,0.2018553490493766,43.32450466368347,-3.3942285717047866,-4.997453338560577,1.6032247668557904,0.2532798703266405
2024-08-27,407.4042663574219,413.8399963378906,414.3599853515625,410.25,412.8599853515625,13492900,0.0008464681413864472,-0.025800357274067598,412.65849609375,433.46099853515625,0.20005664508655463,43.69273075682715,-3.391435703436912,-4.676249811535844,1.2848141080989324,0.25811354089443767
2024-08-28,404.21466064453125,410.6000061035156,415.0,407.30999755859375,414.8800048828125,14882700,-0.007829089172254888,-0.03192344055569707,412.27099609375,432.7055987548828,0.19839528591077898,41.03491115609649,-3.6090594782946823,-4.4628117448876115,0.8537522665929291,0.21336847708400153
2024-08-29,406.6954345703125,413.1199951171875,422.04998779296875,410.6000061035156,414.94000244140625,17045200,0.006137333113035881,-0.005847654306735062,412.0714965820313,432.04119873046875,0.19974072164253054,43.893609129866114,-3.5374087882374283,-4.277731153557575,0.7403223653201465,0.24817014655264336
2024-08-30,410.6529846191406,417.1400146484375,417.489990234375,412.1300048828125,415.6000061035156,24308300,0.00973087620731028,0.0008397660604617663,412.5039978027344,431.4699987792969,0.1876199757161351,48.207364625202764,-3.1202745381129944,-4.046239830468659,0.9259652923556647,0.30368760723402694
2024-09-03,403.0726623535156,409.44000244140625,419.8800048828125,407.0299987792969,417.9100036621094,20313600,-0.018459059156721636,-0.009794645308519145,413.21849822998047,430.66319885253904,0.1581835785088704,41.60844797175222,-3.3721472585124275,-3.911421316077413,0.5392740575649855,0.19734854056359527
2024-09-04,402.5410461425781,408.8999938964844,411.239990234375,404.3699951171875,405.9100036621094,15135800,-0.0013188954222888016,-0.011936986480574174,413.68299865722656,429.8877984619141,0.15446814401140813,41.18268507375461,-3.5741320115996587,-3.8439634551818624,0.2698314435822038,0.18989088944343038
2024-09-05,402.03900146484375,408.3900146484375,413.1000061035156,406.1300048828125,407.6199951171875,14195500,-0.001247197984003856,-0.005382346376587632,414.1809997558594,429.0365985107422,0.1539785736662932,40.758513859273585,-3.732333430397034,-3.821637450224897,0.08930401982786274,0.18284795031548035
2024-09-06,395.4530334472656,401.70001220703125,410.6499938964844,400.79998779296875,409.05999755859375,19609500,-0.016381405522770565,-0.02764325872660023,414.1315002441406,428.02739868164065,0.1618197093549236,35.58118869277489,-4.347422105061071,-3.926794381192132,-0.42062772386893865,0.09045736748076373
2024-09-09,399.4105224609375,405.7200012207031,408.6499938964844,402.1499938964844,407.239990234375,15295100,0.010007440606200513,-0.027376931070396293,414.1165008544922,427.08479858398437,0.1631206022921244,40.474193717370085,-4.459103030216454,-4.033256110996997,-0.42584691921945694,0.1459744067068707
2024-09-10,407.7586975097656,414.20001220703125,416.3299865722656,407.70001220703125,408.20001220703125,19594300,0.020901141084526342,0.011625658795530569,414.4860015869141,426.4297985839844,0.17918489695244524,49.23395923856009,-3.819318228734062,-3.9904685345444104,0.1711503058103485,0.2630854487929732
2024-09-11,416.461181640625,423.0400085449219,423.989990234375,409.5799865722656,415.5,19266900,0.02134233722202805,0.03458061838958382,414.93750152587893,425.75599853515627,0.18409840901825483,56.43172790423262,-2.5693524430259913,-3.706245316240727,1.1368928732147356,0.3851679773223345
2024-09-12,420.3595886230469,427.0,427.3699951171875,419.75,423.30999755859375,17395700,0.009360796556096007,0.04556914881374596,415.44450225830076,425.1103985595703,0.18532864844227492,59.22098272863122,-1.2448573957781264,-3.213967732148207,1.9691103363700808,0.439856435474565
2024-09-13,423.89373779296875,430.5899963378906,431.8299865722656,425.4599914550781,425.8299865722656,15874600,0.00840748556883053,0.07191930110265932,415.9225021362305,424.50679870605467,0.1844151961371778,61.61986427173117,0.09342028239052524,-2.5524901292404607,2.645910411630986,0.48943516985279834
2024-09-16,424.63214111328125,431.3399963378906,433.5299987792969,428.2200012207031,430.6000061035156,13834700,0.0017417961549934802,0.06314698570468247,416.56600189208984,423.78239868164064,0.18240590032894458,62.12119036688543,1.2006928760282563,-1.8018535281867172,3.002546404214973,0.5090013971126339
2024-09-17,428.38287353515625,435.1499938964844,441.8500061035156,432.2699890136719,440.2300109863281,18874200,0.008832933627627604,0.05057938452928301,417.2470016479492,423.1605987548828,0.1831183348952568,64.64747543447284,2.358462458326983,-0.9697903308839773,3.32825278921096,0.5625878560652072
2024-09-18,424.11029052734375,430.80999755859375,436.0299987792969,430.4100036621094,435.0,18898000,-0.009973564055531292,0.018367031147709545,417.5475021362305,422.58599853515625,0.1860730592587508,59.758320867338625,2.892459289774081,-0.19734040675236564,3.0897996965264465,0.5015471251885888
2024-09-19,431.8677673339844,438.69000244140625,441.5,436.8999938964844,441.2300109863281,21706600,0.018291137456114326,0.027377054897906872,418.2750015258789,422.03479858398435,0.1958651154922572,64.94255145142009,3.906474754752992,0.6234226255487059,3.283052129204286,0.7311502125467949
2024-09-20,428.5009765625,435.2699890136719,439.239990234375,434.2200012207031,437.2200012207031,55167100,-0.00779596847136077,0.01086879099743121,419.26100158691406,421.64619812011716,0.1817813846388552,61.254217629165886,4.383591500831699,1.3754564006053045,3.0081351002263945,0.6821968505816554
2024-09-23,426.76837158203125,433.510009765625,436.4599914550781,430.3900146484375,434.2799987792969,15128900,-0.0040434196991964155,0.005030865317749322,420.09700164794924,421.24539855957033,0.1831793986333776,59.38507433207502,4.567048253603787,2.013774771205001,2.5532734823987857,0.6522703190205316
2024-09-24,422.4958801269531,429.1700134277344,433.3500061035156,426.1000061035156,433.0,17015800,-0.010011294411026439,-0.013742342991213574,420.88100280761716,420.7495989990234,0.18483089952076462,54.93353090567413,4.312525508694932,2.4735249187029873,1.839000589991945,0.6257131246365618
2024-09-25,425.39007568359375,432.1099853515625,433.1199951171875,428.57000732421875,429.8299865722656,13396400,0.006850366595622326,0.0030175432332950614,421.7945022583008,420.4013989257812,0.18559247107531512,57.27022784855087,4.298495186707669,2.8385189723039237,1.4599762144037451,0.7436616172470327
2024-09-26,424.6025695800781,431.30999755859375,435.29998779296875,429.1300048828125,435.0899963378906,14492000,-0.001851352248474103,-0.016822824413004978,422.8300018310547,420.1571990966797,0.1824834468381777,56.413084296083404,4.1747003790255235,3.105755253648244,1.0689451253772795,0.7275652873379713
2024-09-27,421.36370849609375,428.0199890136719,431.8500061035156,427.4700012207031,431.5199890136719,14896100,-0.007627944085564442,-0.016656328676435073,423.5750015258789,419.9101989746094,0.18538896890629103,52.90613840925921,3.7676843878957698,3.2381410804977495,0.5295433073980202,0.6613679485683759
2024-09-30,423.6082458496094,430.29998779296875,430.4200134277344,425.3699951171875,428.2099914550781,16807300,0.005326851170084135,-0.007404723997934237,424.23300018310545,419.7739990234375,0.18355207478853114,54.99418471332493,3.587740885639562,3.308061041526112,0.27967984411345004,0.7072431642483897
2024-10-01,414.1477355957031,420.69000244140625,428.4800109863281,418.80999755859375,428.45001220703125,19092900,-0.022333222459179236,-0.019759094813263434,424.79550018310545,419.3289990234375,0.18958824838734525,45.78057414969149,2.6392650551359225,3.174301844248074,-0.5350367891121515,0.5138833455117066
2024-10-02,410.6430358886719,417.1300048828125,422.82000732421875,416.7099914550781,422.5799865722656,16582300,-0.008462282293217993,-0.03466705463092312,425.2070007324219,418.77459899902345,0.19263017085645473,42.912387441554685,1.5820917068463132,2.855859816767722,-1.2737681099214089,0.504823304378788
2024-10-03,410.0622253417969,416.5400085449219,419.54998779296875,414.2900085449219,417.6300048828125,13686400,-0.0014144183611446426,-0.03424448563046667,425.61450042724607,418.5273992919922,0.1926577251124337,42.437857162004086,0.6887272194731509,2.422433297308808,-1.7337060778356572,0.4912726332235009
2024-10-04,409.5896911621094,416.05999755859375,419.75,414.9700012207031,418.239990234375,19169700,-0.0011523766660612722,-0.027942600257148453,426.3324996948242,418.48059936523435,0.18164274267872957,42.03063282374291,-0.05734244013564194,1.9264781498199182,-1.98382058995556,0.4802480376303953
2024-10-07,403.1711120605469,409.5400085449219,417.1099853515625,409.0,416.0,20919800,-0.015670790395449274,-0.048245363320891355,426.5235000610352,418.1659997558594,0.18901105909595806,36.85715639366115,-1.1613295598356217,1.3089166078888101,-2.470246167724432,0.3305009605956043
2024-10-08,408.2607116699219,414.7099914550781,415.6600036621094,408.1700134277344,410.8999938964844,19229300,0.012623877526703575,-0.014214768479460127,426.5489990234375,417.92559936523435,0.17921201784315122,42.86283592119143,-1.6006219193620268,0.7270089024386427,-2.3276308218006694,0.4492419320132416
2024-10-09,410.9679260253906,417.4599914550781,420.3800048828125,414.29998779296875,415.8599853515625,14974300,0.006631139969285993,0.000791088074228341,426.26999816894534,417.81639892578124,0.16298145646670747,45.81503141650515,-1.7071829199099398,0.24017053796892618,-1.947353457878866,0.512402231974201
2024-10-10,409.3731689453125,415.8399963378906,417.3500061035156,413.1499938964844,415.2300109863281,13848400,-0.0038805996990056713,-0.0016805401466153391,425.71199798583984,417.7661987304688,0.15896144206090124,44.36093625012795,-1.900446187010516,-0.18795280702696227,-1.7124933799835538,0.47519518559716384
2024-10-11,409.845703125,416.32000732421875,417.1300048828125,413.25,416.1400146484375,14144900,0.0011543165413510081,0.0006249333441108451,424.9984985351563,417.7503991699219,0.15514053582447104,44.91877742722013,-1.991914295521724,-0.5487451047259146,-1.4431691907958093,0.48621978119026943
2024-10-14,412.621826171875,419.1400146484375,424.0400085449219,417.5199890136719,417.7699890136719,16653100,0.0067736531384681165,0.023440948144783258,424.3884994506836,417.9633996582031,0.15760319965522937,48.20432666908558,-1.8159196162634998,-0.8021800070334317,-1.0137396092300681,0.5509879660956362
2024-10-15,412.2279968261719,418.739990234375,422.4800109863281,415.260009765625,422.17999267578125,18900200,-0.0009543932816771239,0.009717631266025206,423.5679992675781,418.4351995849609,0.1529461325300941,47.76904347551019,-1.6892485858722353,-0.9795937228011924,-0.7096548630710429,0.5044707558897547
2024-10-16,409.6488037109375,416.1199951171875,416.3599853515625,410.4800109863281,415.1700134277344,15508900,-0.0062568543207947025,-0.0032098796658812656,422.8334991455078,418.7653997802734,0.1508914595297773,44.90871955261321,-1.7797566644482004,-1.139626311130594,-0.6401303533176064,0.43939389345380675
2024-10-17,410.2394714355469,416.7200012207031,422.5,415.5899963378906,422.3599853515625,14820000,0.0014419064465927,0.0021162102985818887,421.73499908447263,419.1311999511719,0.13196484302106484,45.71044346498768,-1.7825216902378997,-1.2682053869520553,-0.5143163032858444,0.40605550092072523
2024-10-18,411.65704345703125,418.1600036621094,419.6499938964844,416.260009765625,417.1400146484375,17145300,0.003455563537118511,0.004419668297271251,420.8794998168945,419.44059997558594,0.13205657804694604,47.678398813324655,-1.6495023938613826,-1.344464788333921,-0.30503760552746173,0.44498501758948195
2024-10-21,412.26739501953125,418.7799987792969,418.9599914550781,413.75,416.1199951171875,14206100,0.001482674363300518,-0.0008589393915123811,420.14299926757815,419.69580017089845,0.13236233660840432,48.54326887499842,-1.4770289483905117,-1.370977620345239,-0.10605132804527262,0.46174617684524555
2024-10-22,420.8616943359375,427.510009765625,430.5799865722656,418.0400085449219,418.489990234375,25482200,0.020846294024966072,0.020943830863494384,420.0599990844727,420.10980041503905,0.15069562638030962,58.85626313267576,-0.628656809030872,-1.2225134580823658,0.5938566490514938,0.6977562685217575
2024-10-23,417.9969177246094,424.6000061035156,431.0799865722656,422.5299987792969,430.8599853515625,19654400,-0.006806866729751504,0.02037876354377066,419.6845001220703,420.32160034179685,0.1500764473893839,54.90600177100894,-0.18895064657806415,-1.0158008957815055,0.8268502492034413,0.6190862379629202
2024-10-24,418.1249084472656,424.7300109863281,425.9800109863281,422.3999938964844,425.3299865722656,13581600,0.0003061820088170464,0.019221563021120103,419.35550079345705,420.4790008544922,0.15007782361560856,55.05114693577959,0.16807252715295817,-0.7790262111946128,0.947098738347571,0.6226008342628588
2024-10-25,421.49169921875,428.1499938964844,432.5199890136719,426.57000732421875,426.760009765625,16899100,0.008052133877269885,0.02389035332620515,419.3620010375977,420.62140075683595,0.15083247587572438,58.80737737389264,0.7186953310042554,-0.47948190275483915,1.1981772337590946,0.7150578175842018
2024-10-28,419.9559631347656,426.5899963378906,431.94000244140625,426.29998779296875,431.6600036621094,14882400,-0.0036435772061950145,0.018649404416063664,419.17650146484374,420.7838006591797,0.15003545335515261,56.48849723647237,1.0174604537805294,-0.18009343144776543,1.1975538852282948,0.6728843120301496
2024-10-29,425.23260498046875,431.95001220703125,433.1700134277344,425.79998779296875,428.0,17644100,0.012564795037751209,0.010385727444932602,419.739501953125,420.99220092773436,0.1324499336203452,62.02873490734069,1.6675203149893036,0.18942931783964836,1.4780909971496552,0.8177888074133232
2024-10-30,425.8035888671875,432.5299987792969,438.5,432.1000061035156,437.44000244140625,29749100,0.0013427168789792443,0.018676383800729335,420.5095016479492,421.14680114746096,0.12728341234913748,62.583896506541414,2.2040901286528083,0.5923614800022804,1.6117286486505278,0.8334683620331197
2024-10-31,400.0307312011719,406.3500061035156,416.1600036621094,406.29998779296875,415.3599853515625,53971000,-0.06052757669911324,-0.04327456126806195,420.00000152587893,420.7910009765625,0.25561818153441745,36.58329358825989,0.510929283413418,0.576075040684508,-0.06514575727108995,0.12570951944083267
2024-11-01,403.9881896972656,410.3699951171875,415.5,407.5,409.010009765625,24230400,0.009892922242624058,-0.04152749978456294,419.7155014038086,420.68740112304687,0.2585839939967335,40.65999081370899,-0.5007609080158204,0.36070785094444235,-0.8614687589602628,0.2343872722112586
2024-11-04,402.1078796386719,408.4599914550781,410.4200134277344,405.57000732421875,409.79998779296875,19672300,-0.004654345309929253,-0.04249983599815177,419.66150054931643,420.52080078125,0.2529400730504731,39.365166387838684,-1.4400539608649865,0.0005554885825566069,-1.440609449447543,0.18275158239335756
2024-11-05,405.0611877441406,411.4599914550781,414.8999938964844,408.0799865722656,408.3699951171875,17626000,0.007344660585515195,-0.04743609254057013,419.4990005493164,420.4802008056641,0.2501218240603517,42.464384279148106,-1.9202402106941463,-0.38360365127278395,-1.5366365594213622,0.2638546046161665
2024-11-06,413.6456298828125,420.17999267578125,420.45001220703125,410.5199890136719,412.4200134277344,26681800,0.0211928289549268,-0.028552946936328816,419.63500061035154,420.60700073242185,0.26057443489937454,50.40017236365167,-1.5789587966786485,-0.6226746803539569,-0.9562841163246916,0.49959408887803525
2024-11-07,418.81396484375,425.42999267578125,426.8500061035156,419.8800048828125,421.2799987792969,19901800,0.01249464536987377,0.046954562041781056,420.11450042724607,420.9036004638672,0.26342714215584945,54.47174117966519,-0.8747758222028779,-0.6730949087237411,-0.20168091347913675,0.6415243777679508
2024-11-08,415.9689636230469,422.5400085449219,426.5,421.7799987792969,425.32000732421875,16891400,-0.006793089769441374,0.029656197023515407,420.4255004882813,421.09200073242187,0.2649814159993574,51.943970936547885,-0.5436366039534164,-0.6472032477696762,0.1035666438162598,0.5633955620383998
2024-11-11,411.5094299316406,418.010009765625,424.80999755859375,416.0,422.5199890136719,24503300,-0.010720875390940132,0.023380547692140707,420.36900024414064,421.1094006347656,0.2670868526129778,48.17055000022521,-0.6393691805513413,-0.6456364343260093,0.006267253774667969,0.44093003148286264
2024-11-12,416.45135498046875,423.0299987792969,424.44000244140625,417.20001220703125,418.25,19401200,0.012009255511576278,0.02811939815412634,420.58350067138673,421.3812005615234,0.2704138918191653,52.30539057764875,-0.3066321134842269,-0.5778355701576529,0.27120345667342594,0.5766421249942248
2024-11-13,418.5875549316406,425.20001220703125,429.3299865722656,418.2099914550781,421.6400146484375,21502200,0.005129691591603924,0.01194730738910632,421.0375015258789,421.7072009277344,0.2695751936117295,54.01327694048269,0.13066018815101188,-0.43613641849591994,0.5667966066469319,0.6353070074120031
2024-11-14,420.2513427734375,426.8900146484375,428.1700134277344,420.0,425.0,30246900,0.003974605815823429,0.0034318736285452456,421.54600219726564,422.0772009277344,0.2697526339765573,55.354128115693975,0.6065941213602741,-0.22759031052468115,0.8341844318849553,0.6809951092659939
2024-11-15,408.54620361328125,415.0,422.79998779296875,413.6400146484375,419.82000732421875,28247600,-0.027852641758860153,-0.01784448429129115,421.3880020141602,422.34320068359375,0.28873173744340735,45.33818244291678,0.02407288201800384,-0.17725767201614415,0.20133055403414798,0.28146795376730555
2024-11-18,409.29443359375,415.760009765625,418.3999938964844,412.1000061035156,414.8699951171875,24727000,0.0018313488328314254,-0.005382646222423126,421.23700256347655,422.5440008544922,0.288761632203801,46.010650266264896,-0.3719651775538182,-0.21619917312367898,-0.15576600443013922,0.29097108001475863
2024-11-19,411.2928161621094,417.7900085449219,417.94000244140625,411.54998779296875,413.1099853515625,18133500,0.004882621540347909,-0.01238680530812375,420.7510025024414,422.61580078125,0.2787143387708533,47.85589488099246,-0.5160752626014187,-0.2761743910192269,-0.23990087158219175,0.3537416121473941
2024-11-20,409.0285949707031,415.489990234375,417.2900085449219,410.5799865722656,416.8699951171875,19191700,-0.005505201808337579,-0.0228363633440547,420.2955017089844,422.46480041503906,0.27839270103579195,45.94006198223116,-0.8065780689631765,-0.38225512660801686,-0.42432294235515966,0.28262168107145585
2024-11-21,407.2629089355469,412.8699951171875,419.7799987792969,410.2900085449219,419.5,20780200,-0.00630579599693748,-0.032842228794684014,419.70250091552737,422.1822003173828,0.2789907495770138,43.78952794671955,-1.233990669404477,-0.552602235167309,-0.6813884342371681,0.20160759900992434
2024-11-22,411.3367919921875,417.0,417.3999938964844,411.05999755859375,411.3699951171875,24814600,0.010003160635686958,0.004819277108433662,419.14500122070314,421.910400390625,0.27993922819767963,47.927591669578455,-1.2253364407007439,-0.687149076273996,-0.5381873644267479,0.3293133921603598
2024-11-25,413.1025085449219,418.7900085449219,421.0799865722656,414.8500061035156,418.3800048828125,27691100,0.004292586438661594,0.007287855272576582,418.7550018310547,421.65940063476563,0.28042501634988665,49.65742626692927,-1.0617994096063512,-0.7620791429404672,-0.299720266665884,0.38466307514175957
2024-11-26,422.1775207519531,427.989990234375,429.0400085449219,418.8500061035156,419.5899963378906,23458900,0.021968006642322457,0.02441413504592327,418.5570007324219,421.5162005615234,0.2882333512030449,57.47630460499894,-0.18767015463743064,-0.6471973452798598,0.4595271906424292,0.6691399685010243
2024-11-27,417.2454833984375,422.989990234375,427.2300109863281,422.0199890136719,425.1099853515625,18332400,-0.011682516213199046,0.01805097638036801,418.08000030517576,421.35980041503905,0.29094424453285345,52.68692138807852,0.10046724061896839,-0.49766442810009426,0.5981316687190626,0.514532653529197
2024-11-29,417.7090759277344,423.4599914550781,424.8800048828125,417.79998779296875,420.0899963378906,16271900,0.0011111402906784917,0.02564971168438812,418.9354995727539,421.0552001953125,0.18737670433283016,53.08268654025439,0.36256396116800715,-0.325618750246474,0.6881827114144812,0.591631931620324
2024-12-02,425.1269836425781,430.9800109863281,433.0,421.30999755859375,421.57000732421875,20207200,0.017758512452168196,0.033525206202225766,419.96600036621095,420.96940063476563,0.19367271402586034,58.99310101709797,1.1636662095478414,-0.02776175828761096,1.1914279678354522,0.9068483638377984
2024-12-03,425.3439636230469,431.20001220703125,432.4700012207031,427.739990234375,429.8399963378906,18302000,0.0005104673420923689,0.029632998421398993,421.1030014038086,420.92320068359373,0.19199421951465553,59.15521193092372,1.7955992227841762,0.3369104379267465,1.4586887848574297,0.9491983596505748
2024-12-04,431.4794921875,437.4200134277344,439.6700134277344,432.6300048828125,433.0299987792969,26009400,0.014424863276016664,0.022033279769452907,422.40100250244143,421.08820068359375,0.1958323214012227,63.54336680425937,2.766423199788619,0.822812990299121,1.943610209489498,1.0
2024-12-05,436.6088562011719,442.6199951171875,444.6600036621094,436.1700134277344,437.9200134277344,21697800,0.011887845845700351,0.046407729109466,423.5230026245117,421.29840087890625,0.1870411007660032,66.75865506362808,3.9103274396226197,1.440315880163821,2.470011559458799,1.0
2024-12-06,437.54595947265625,443.57000732421875,446.1000061035156,441.7699890136719,442.29998779296875,18821000,0.00214633820774357,0.04748976591634846,424.4300033569336,421.54360107421877,0.18340403958234144,67.325628424736,4.837771023647576,2.119806908860572,2.717964114787004,1.0
2024-12-09,439.96270751953125,446.0199890136719,448.3299865722656,440.5,442.6000061035156,19144400,0.005523325853865391,0.03489715913488345,425.60400238037107,421.9036010742187,0.18062516289487343,68.80340766520553,5.704709453325449,2.8367874177535475,2.867922035571902,1.0
2024-12-10,437.3092041015625,443.3299865722656,449.6199951171875,441.6000061035156,444.3900146484375,18469500,-0.0060311253030496115,0.02813073752746198,426.8700012207031,422.16420104980466,0.17670417144836426,65.31070810709123,6.104336695458585,3.490297273294555,2.61403942216403,0.9321904814655829
2024-12-11,442.89239501953125,448.989990234375,450.3500061035156,444.04998779296875,444.04998779296875,19200200,0.012767021932965417,0.02645049712283476,428.16800079345705,422.7302008056641,0.17723604369126447,68.88928234964149,6.799380135184663,4.152113845672577,2.6472662895120855,1.0
2024-12-12,443.45458984375,449.55999755859375,456.1600036621094,449.1099853515625,449.1099853515625,20834800,0.0012695323651228385,0.015679369477126448,429.38600006103513,423.37880065917966,0.17716253939734072,69.23350624095457,7.311914694905624,4.784074015519187,2.527840679386437,1.0
2024-12-13,441.1957092285156,447.2699890136719,451.42999267578125,445.5799865722656,448.44000244140625,20177800,-0.005093888596312213,0.008341370309892682,430.4049987792969,423.9934002685547,0.17930956279084656,66.07063987172629,7.447467703127359,5.316752753040822,2.1307149500865368,0.9470028003291181
2024-12-16,445.45703125,451.5899963378906,452.17999267578125,445.2799987792969,447.2699890136719,23598800,0.009658612091871577,0.012488245956277177,432.23449859619143,424.7040002441406,0.1406540216896717,68.95219833941991,7.813414744513693,5.816085151335397,1.9973295931782964,1.0
2024-12-17,448.2880554199219,454.4599914550781,455.2900085449219,449.57000732421875,451.010009765625,22733500,0.006355311544678388,0.025105463695039854,434.16949768066405,425.60239990234373,0.14052999407993863,70.73066597209414,8.240029105437998,6.300873942155917,1.9391551632820807,1.0
2024-12-18,431.44989013671875,437.3900146484375,452.6499938964844,437.0199890136719,451.32000732421875,24444500,-0.037561011150808676,-0.025835710902780362,435.14949798583984,426.0560003662109,0.2049706930308396,51.74518797826885,7.118660108989275,6.46443117552259,0.6542289334666851,0.6451884846378106
2024-12-19,431.09478759765625,437.0299987792969,443.17999267578125,436.32000732421875,441.6199951171875,22963700,-0.0008231003385616997,-0.027871694206208275,436.22649841308595,426.4474005126953,0.20324986641706716,51.43163027400116,6.130251109572441,6.397595162332561,-0.2673440527601194,0.6377053007101952
2024-12-20,430.6706237792969,436.6000061035156,443.739990234375,428.6300048828125,433.1099853515625,64263700,-0.0009838973914428895,-0.023855798896067038,437.41299896240236,426.8626007080078,0.20101958377741116,51.03386209248358,5.25169477282094,6.168415084430237,-0.9167203116092963,0.6287675994691931
2024-12-23,429.3389892578125,435.25,437.6499938964844,432.8299865722656,436.739990234375,19152500,-0.0030920890623981068,-0.036183255763851396,438.3254989624023,427.24120056152344,0.20023364271631275,49.733372103801386,4.395825990495041,5.813897265643197,-1.4180712751481561,0.6007067698170848
2024-12-24,433.3635559082031,439.3299865722656,439.6000061035156,434.19000244140625,434.6499938964844,7164500,0.009373892182115151,-0.03329227031486237,439.35249786376954,427.645,0.2017378495275369,53.58311932544898,4.000647656939009,5.451247343902359,-1.4505996869633506,0.6855121702438616
2024-12-26,432.16009521484375,438.1099853515625,440.94000244140625,436.6300048828125,439.0799865722656,8194200,-0.0027769586825197035,0.0016460611331141628,439.8584976196289,428.03239990234374,0.1887268406826668,52.29342796932542,3.5481215414536678,5.070622183412622,-1.5225006419589544,0.6601535838342422
2024-12-27,424.68304443359375,430.5299987792969,435.2200012207031,426.3500061035156,434.6000061035156,18117700,-0.01730156085390988,-0.014873120879929647,440.235498046875,428.32059997558594,0.194785400839909,45.03991756741193,2.5484725615456227,4.566192259039222,-2.0177196974935994,0.5025982132209471
2024-12-30,419.0604553222656,424.8299865722656,427.54998779296875,421.8999938964844,426.05999755859375,13158700,-0.013239523896575789,-0.026958358604464605,440.3039978027344,428.4827996826172,0.20118951337607913,40.491531105758256,1.2815275429764483,3.9092593158266675,-2.627731772850219,0.3841194366140004
2024-12-31,415.77569580078125,421.5,426.7300109863281,420.6600036621094,426.1000061035156,13246500,-0.007838398129881519,-0.03159103963239518,439.82999725341796,428.549599609375,0.1919294321382323,38.07259901620292,0.008662544965488905,3.129139961654432,-3.120477416688943,0.31490331551290607
