Date,Adj Close,Close,High,Low,Open,Volume,Daily_Return,Return_5D,SMA_20,SMA_50,Volatility_20,RSI_14,MACD,MACD_Signal,MACD_Histogram,Price_Position
2020-01-02,5.963803291320801,5.9977498054504395,5.9977498054504395,5.918000221252441,5.96875,237536000,0.0,0.0,,,0.0,50.0,0.0,0.0,0.0,0.0
2020-01-03,5.868346691131592,5.901750087738037,5.9457502365112305,5.852499961853027,5.877500057220459,205384000,-0.016005955704448183,0.0,,,0.0,0.0,-0.007658097139451314,-0.0015316194278902628,-0.006126477711561051,0.0
2020-01-06,5.892956733703613,5.926499843597412,5.9317498207092285,5.781750202178955,5.808000087738037,262636000,0.004193629938820553,0.0,,,0.0,21.730832376863617,-0.011596419534688707,-0.003544579449249952,-0.008051840085438754,0.2578107149598164
2020-01-07,5.964301586151123,5.9982500076293945,6.044250011444092,5.909749984741211,5.954999923706055,314856000,0.012106667666497373,0.0,,,0.0,53.36797704061752,-0.008826187020889442,-0.00460090096357785,-0.004225286057311592,1.0
2020-01-08,5.975486755371094,6.009500026702881,6.051000118255615,5.953750133514404,5.99399995803833,277108000,0.0018755502120080259,0.0,,,0.0,56.34739720515593,-0.0056577561848900615,-0.004812272007840293,-0.0008454841770497686,1.0
2020-01-09,6.04111385345459,6.075500011444092,6.148250102996826,6.021500110626221,6.096250057220459,255112000,0.010982608278216732,0.012963229296926837,,,0.0,68.90101642382179,0.0021540645484243726,-0.0034190046965873596,0.005573069245011732,1.0
2020-01-10,6.073430061340332,6.107999801635742,6.213749885559082,6.09375,6.1832499504089355,316296000,0.005349319419049037,0.03494721240843912,,,0.0,73.01615156461958,0.010842465029433868,-0.0005667107513831139,0.011409175780816981,1.0
2020-01-13,6.263845443725586,6.299499988555908,6.324749946594238,6.168749809265137,6.191500186920166,319840000,0.031352356440627505,0.06293767903519987,,,0.0,85.3322744038208,0.032802423735771136,0.0061071161460477365,0.0266953075897234,1.0
2020-01-14,6.147011756896973,6.182000160217285,6.2820000648498535,6.168749809265137,6.256499767303467,359088000,-0.018652246773883774,0.030633960297448803,,,0.0,65.55981978633073,0.040260497114170235,0.012937792339672237,0.027322704774497997,0.7045886671573904
2020-01-15,6.104502201080322,6.139249801635742,6.217249870300293,6.113249778747559,6.19474983215332,263104000,-0.006915295612033856,0.0215907769958108,,,0.0,60.10310346209806,0.042234622898557284,0.018797158451449247,0.023437464447108036,0.5971081662354851
2020-01-16,6.188027858734131,6.223249912261963,6.229249954223633,6.16949987411499,6.192999839782715,284192000,0.01368247152996438,0.02431896972093872,,,0.0,66.07764283854573,0.05000085992603953,0.025037898746367304,0.024962961179672227,0.8082964291451575
2020-01-17,6.196727752685547,6.23199987411499,6.25,6.1842498779296875,6.242499828338623,253792000,0.00140601164606724,0.02030125679539818,,,0.0,66.638080520503,0.056213710851221066,0.03127306116733806,0.024940649683883008,0.8302950816527641
2020-01-21,6.163417816162109,6.198500156402588,6.232250213623047,6.164249897003174,6.195250034332275,217916000,-0.005375436198506001,-0.016032991878213054,,,0.0,62.38832173876092,0.05776837485427677,0.036572123904725806,0.021196250949550965,0.7460720117198271
2020-01-22,6.217360019683838,6.252749919891357,6.339749813079834,6.224999904632568,6.24399995803833,239240000,0.008752079070730279,0.011444477166041578,,,0.0,66.15280889412915,0.06265570385458741,0.04178883989469813,0.02086686395988928,0.8824636572669882
2020-01-23,6.285720348358154,6.321499824523926,6.329999923706055,6.203750133514404,6.293000221252441,244516000,0.0109951470174523,0.029686041255337914,,,0.0,70.22059458087867,0.07125510553372916,0.047682093022504334,0.023573012511224824,1.0
2020-01-24,6.226558208465576,6.26200008392334,6.487500190734863,6.207499980926514,6.4375,373512000,-0.009412282251398563,0.006226677733932151,,,0.0,63.14735673076566,0.07243408645342253,0.05263249170868797,0.019801594744734557,0.8582494868104317
2020-01-27,5.97101354598999,6.005000114440918,6.056250095367432,5.805749893188477,5.955999851226807,470536000,-0.041041195470793324,-0.03642486589528515,,,0.0,42.999784493960995,0.05203090771152574,0.05251217490925553,-0.00048126719772978444,0.24597996771478134
2020-01-28,6.164164066314697,6.199250221252441,6.231750011444092,6.017749786376953,6.071249961853027,310976000,0.03234806046787364,0.0001210074745385814,,,0.0,54.75114215591099,0.050948301460400636,0.05219940021948455,-0.0012510987590839129,0.7087559739582564
2020-01-29,6.103757381439209,6.138500213623047,6.2210001945495605,6.098499774932861,6.184750080108643,258848000,-0.00979957340988269,-0.018271913595145906,,,0.0,51.196303410616885,0.044673343800788246,0.050694188935745295,-0.006020845134957049,0.5640268596660831
2020-01-30,6.110468864440918,6.145249843597412,6.158750057220459,5.985000133514404,6.040249824523926,290504000,0.0010995568525657973,-0.027881038648891687,6.1307999849319454,,0.0,51.5725191072656,0.03978640051784055,0.048512631252164345,-0.008726230734323798,0.5801069888069578
2020-01-31,5.877295970916748,5.910749912261963,6.111249923706055,5.868750095367432,6.099249839782715,370420000,-0.03815954392477128,-0.05609232944010245,6.126449990272522,,0.2988510693239598,40.02759404989833,0.016797645297685904,0.04216963406126866,-0.025371988763582758,0.021440929523480624
2020-02-03,5.974243640899658,6.0082502365112305,6.027750015258789,5.886250019073486,5.892499923706055,255564000,0.016495423710450208,0.0005412359714194181,6.131774997711181,,0.29884112082115377,45.49129202456655,0.006372889777019886,0.03501028520441891,-0.028637395427399022,0.2537229673773883
2020-02-04,6.143282890319824,6.178249835968018,6.197500228881836,6.100500106811523,6.150750160217285,271544000,0.02829436071482605,-0.0033875685824762414,6.144362497329712,,0.31404672140763745,53.453738699082855,0.011693942362486887,0.030347016636032502,-0.018653074273545615,0.6587252450643489
2020-02-05,6.233518600463867,6.269000053405762,6.309999942779541,6.1852498054504395,6.299749851226807,208220000,0.014688661003869008,0.021259238452594476,6.157899999618531,,0.3152508828258183,57.05976986590593,0.022968927490151003,0.028871398806856203,-0.0059024713167052,0.8749260177739103
2020-02-06,6.320272922515869,6.356249809265137,6.356249809265137,6.2220001220703125,6.303500175476074,218284000,0.013917651159051303,0.03433545763604062,6.175237488746643,,0.3178730705014772,60.24837532649592,0.038500945621802174,0.030797308169845397,0.007703637451956777,1.0
2020-02-07,6.254150390625,6.289750099182129,6.338250160217285,6.264249801635742,6.315999984741211,189752000,-0.010462098262103425,0.0641204910622124,6.185949993133545,,0.3198391027076783,56.78717379031924,0.04492632830383325,0.03362311219664297,0.011303216107190282,0.8536859167711442
2020-02-10,6.537041187286377,6.574250221252441,6.574999809265137,6.307499885559082,6.3125,529608000,0.04523234112390351,0.09420379685614866,6.20926251411438,,0.3549066246750174,65.83114814285284,0.07214364551839658,0.04132721886099369,0.03081642665740289,1.0
2020-02-11,6.659344673156738,6.697249889373779,6.8125,6.6207499504089355,6.683000087738037,638556000,0.018709307370705197,0.08400438104401187,6.229150009155274,,0.34463527632603075,68.8650465740626,0.10245754397802287,0.053553283884399526,0.04890426009362334,1.0
2020-02-12,6.774936199188232,6.813499927520752,6.820000171661377,6.711249828338623,6.750249862670898,374644000,0.0173578767504885,0.08685593706753592,6.260724997520446,,0.3378646378135645,71.44562552264321,0.13431364930167078,0.06970535696785378,0.064608292333817,1.0
2020-02-13,6.731184959411621,6.769499778747559,6.836999893188477,6.727749824523926,6.755249977111816,528016000,-0.006457789570888495,0.06501474641227145,6.292237496376037,,0.33765284974872484,69.11076805806952,0.15423151312260153,0.08661058819880334,0.06762092492379819,0.9517409854618901
2020-02-14,7.203746318817139,7.244750022888184,7.3742499351501465,7.150000095367432,7.18149995803833,1041924000,0.07020463249480335,0.15183431911392398,6.343312501907349,,0.408792061246666,77.61868465607591,0.20599075339098682,0.11048662123724004,0.09550413215374678,1.0
2020-02-18,7.372286319732666,7.414249897003174,7.432750225067139,7.121500015258789,7.140999794006348,620164000,0.02339623500872956,0.12777117503609503,6.402425003051758,,0.4115734751578523,79.75990060602265,0.2577167492185124,0.13993264683349452,0.11778410238501788,1.0
2020-02-19,7.822971343994141,7.867499828338623,7.885250091552734,7.53725004196167,7.53725004196167,694332000,0.06113227064529503,0.17473589283589752,6.485874986648559,,0.4468732235811249,84.13168493219183,0.3314625609936934,0.1782386296655343,0.15322393132815912,1.0
2020-02-20,7.673820495605469,7.71750020980835,7.9079999923706055,7.408750057220459,7.819250106811523,810052000,-0.019065728859627873,0.1326778149121577,6.559112501144409,,0.4605557539701605,78.1180819807157,0.37349748599469734,0.21729040093136692,0.15620708506333042,0.923693430841077
2020-02-21,7.3101396560668945,7.351749897003174,7.630000114440918,7.266499996185303,7.604750156402588,768180000,-0.04739232949295358,0.0860108039420513,6.610625004768371,,0.5050078805792751,65.77280682167164,0.37299778705666853,0.24843187815642725,0.12456590890024127,0.7376319474024834
2020-02-24,6.793332099914551,6.831999778747559,7.046750068664551,6.699999809265137,6.754749774932861,856916000,-0.07069747006321359,-0.05697232379814787,6.6391249895095825,,0.5751103065152976,52.963622905855274,0.326894050112676,0.264124312547677,0.06276973756499904,0.47322895269735954
2020-02-25,6.514171600341797,6.551249980926514,6.969749927520752,6.448999881744385,6.90749979019165,1055496000,-0.04109335581280005,-0.1163974681276232,6.666437482833862,,0.5751657054683507,47.574045562150275,0.26465160510117247,0.2642297710583761,0.00042183404279638737,0.330408230393579
2020-02-26,6.653378009796143,6.691249847412109,6.886250019073486,6.550000190734863,6.551499843597412,747732000,0.021369947245669874,-0.14950746826706973,6.6910374641418455,,0.5695317963781795,50.290540604019355,0.22403826453999898,0.2561914697547007,-0.03215320521470172,0.4016278081424852
2020-02-27,6.283013820648193,6.315000057220459,6.675000190734863,6.222249984741211,6.372499942779541,906416000,-0.056230121243666886,-0.18172984962221583,6.699862456321716,,0.6075076746898088,43.732157228601466,0.15965132483102717,0.236883440769966,-0.07723211593893883,0.21022511713834113
2020-02-28,6.717552661895752,6.7517499923706055,6.811500072479248,6.044750213623047,6.061500072479248,1133252000,0.06916071752854136,-0.08161320951317308,6.730187463760376,,0.6523771444475942,51.619365698941344,0.14222677914701976,0.21795210844537677,-0.07572532929835701,0.4324049430487891
2020-03-02,6.875747203826904,6.910749912261963,6.9397501945495605,6.525000095367432,6.922500133514404,890744000,0.023549438304295345,0.011526659260056471,6.780187463760376,,0.6340954749188665,54.13964793806018,0.13963800586288055,0.20228928792887754,-0.06265128206599699,0.5132900713066614
2020-03-03,6.61358118057251,6.647250175476074,7.026750087738037,6.561500072479248,6.966750144958496,652792000,-0.038128964313750235,0.014653721782722062,6.812137460708618,,0.6544011592365657,49.53440509745289,0.11499852635691443,0.18483113561448494,-0.06983260925757051,0.3792446578221438
2020-03-04,7.076723575592041,7.112750053405762,7.122250080108643,6.679999828338623,6.755000114440918,597408000,0.07002893913141284,0.06299274658779486,6.8588624715805055,,0.6892080393484453,56.56373117823821,0.13151745972575313,0.1741684004367386,-0.04265094071098546,0.6160499175738076
2020-03-05,6.797643661499023,6.832250118255615,7.079999923706055,6.787499904632568,6.912499904632568,540328000,-0.039436214269308656,0.08190816410899981,6.887024974822998,,0.7087032744720155,51.874812407462144,0.12058480631642077,0.16345168161267504,-0.04286687529625427,0.4733563033477939
2020-03-06,6.617313385009766,6.651000022888184,6.709750175476074,6.449999809265137,6.6519999504089355,515412000,-0.026528609496179856,-0.014922052741328962,6.90176248550415,,0.7166438055748121,49.0456041918305,0.09618645422775884,0.1499986361356918,-0.053812181907932966,0.3811522492793166
2020-03-09,6.104920387268066,6.136000156402588,6.485000133514404,5.954500198364258,5.997499942779541,614160000,-0.07743194477722437,-0.11210791385819241,6.8940749883651735,,0.7709842468491297,42.03115945688258,0.03489218384915471,0.1269773456783844,-0.09208516182922968,0.11916576348776803
2020-03-10,6.4939398765563965,6.5269999504089355,6.5269999504089355,6.149750232696533,6.41349983215332,580648000,0.0637222594589344,-0.01809022105272673,6.891712474822998,,0.7880141842000182,48.10011179450342,0.017662842375266052,0.10511444501776072,-0.08745160264249467,0.3180719548155041
2020-03-11,6.130539894104004,6.161749839782715,6.414999961853027,6.0642499923706055,6.386499881744385,499964000,-0.05595987642122424,-0.13370358953745098,6.864937472343445,,0.8097908999701235,43.516846084357205,-0.025173976349391225,0.07905676074433035,-0.10423073709372158,0.1322649301051116
2020-03-12,5.380359172821045,5.407750129699707,5.9029998779296875,5.394999980926514,5.636499881744385,816540000,-0.12236778994416242,-0.20849646366863483,6.794649982452393,,0.9091632340704491,35.90992437343509,-0.11859682856080855,0.03952604288330257,-0.15812287144411113,0.0
2020-03-13,5.990503311157227,6.020999908447266,6.0254998207092285,5.490250110626221,5.762499809265137,634836000,0.11340201822187601,-0.09472261498615087,6.757224988937378,6.432544984817505,1.009244410281908,44.41978864256189,-0.1415196298114214,0.0033169083443577684,-0.14483653815577918,0.24931389526621173
2020-03-16,4.885129451751709,4.909999847412109,5.652500152587891,4.849999904632568,5.3102498054504395,726972000,-0.1845208566564599,-0.19980447811938418,6.640487480163574,6.410789985656738,1.155544402337076,35.28024004367407,-0.24649311566229493,-0.046645096456972776,-0.19984801920532214,0.0
2020-03-17,5.404236316680908,5.4317498207092285,5.521500110626221,4.775000095367432,5.022749900817871,833632000,0.10626272698809047,-0.16780299341523452,6.541362476348877,6.4013899803161625,1.2287565401512486,41.380182738326084,-0.2843071808874278,-0.09417751334306379,-0.190129667544364,0.17641588390937787
2020-03-18,5.0448174476623535,5.070499897003174,5.248499870300293,4.517000198364258,5.002500057220459,874268000,-0.0665070991172576,-0.1771006566566523,6.401512479782104,6.384269981384278,1.2106927925259587,38.66302588657209,-0.3395112751242708,-0.1432442656993052,-0.1962670094249656,0.05426882523285212
2020-03-19,5.29728364944458,5.324250221252441,5.41825008392334,4.834750175476074,5.048999786376953,765512000,0.05004443928679336,-0.01544078525164816,6.281849980354309,6.370789985656739,1.2351684473914588,41.565543344336696,-0.3586510806389578,-0.18632562868723573,-0.17232545195172205,0.14006775199050292
2020-03-20,5.117696285247803,5.143750190734863,5.757999897003174,5.1282501220703125,5.474999904632568,804636000,-0.033901492795565535,-0.14569834430351836,6.171449995040893,6.353474988937378,1.2314621293005792,40.11150193700355,-0.3839583257913093,-0.22585216810805045,-0.15810615768325884,0.07903646486230087
2020-03-23,5.290318489074707,5.317249774932861,5.4120001792907715,4.9629998207092285,5.142749786376953,643876000,0.03373017307693371,0.08294296133947943,6.095712494850159,6.338309984207154,1.2243206740920363,42.20438072294473,-0.38556992338728424,-0.2577957191638972,-0.12777420422338703,0.13770073715881154
2020-03-24,6.197946548461914,6.229499816894531,6.316500186920166,5.701250076293945,5.724999904632568,1101644000,0.17156426359022947,0.14686795646290274,6.079624986648559,6.340739984512329,1.3750603900642642,51.75172497528249,-0.3096665287161091,-0.2681698810743396,-0.041496647641769524,0.44615383871247033
2020-03-25,6.109398365020752,6.140500068664551,6.545499801635742,6.0914998054504395,6.34499979019165,793432000,-0.014286820907934095,0.21102459193299294,6.052087497711182,6.337559986114502,1.3739105426186582,50.86885011439357,-0.2537687888329234,-0.26528966262605636,0.011520873793132935,0.4160609397085965
2020-03-26,6.3984270095825195,6.431000232696533,6.555500030517578,6.25,6.348499774932861,696108000,0.04730887725487176,0.20786964651404882,6.0578875064849855,6.342539987564087,1.3675414612595937,53.64844145206563,-0.18390850901496503,-0.2490134319038381,0.06510492288887307,0.5142858478761277
2020-03-27,6.286249160766602,6.3182501792907715,6.578000068664551,6.2170000076293945,6.25,638828000,-0.01753227325860096,0.22833534775298125,6.036212515830994,6.346119995117188,1.347641049196232,52.409114483262066,-0.13607315434078515,-0.22642537639122753,0.09035222205044238,0.4761624145260319
2020-03-30,6.606119632720947,6.639750003814697,6.64900016784668,6.339749813079834,6.383999824523926,602252000,0.050884313757897814,0.2487188461818186,6.02266252040863,6.354449996948242,1.357393618455992,55.56148322898191,-0.07139791149339914,-0.19541988341166186,0.12402197191826272,0.5848690338319795
2020-03-31,6.556621551513672,6.590000152587891,6.885000228881836,6.443749904632568,6.679999828338623,949960000,-0.0074927295753942635,0.057869868575270766,6.019800019264221,6.3616100025177005,1.349860858804664,54.95486548996897,-0.023881422619740356,-0.16111219125327758,0.13723076863353723,0.5680474441286311
2020-04-01,6.045970916748047,6.076749801635742,6.538249969482422,6.0320000648498535,6.391250133514404,656912000,-0.07788320774933444,-0.010381934095910372,5.96800000667572,6.3591749954223635,1.354617116068606,49.00992556755214,-0.02732429924630697,-0.13435461285188346,0.1070303136055765,0.39450548157167464
2020-04-02,6.354400634765625,6.386750221252441,6.400000095367432,6.057750225067139,6.105999946594238,675764000,0.051014181879473375,-0.006880735475504385,5.945725011825561,6.361855001449585,1.361572716363843,52.36199205022615,-0.00498094348007605,-0.108479878977522,0.10349893549744595,0.4993238827943125
2020-04-03,6.066864490509033,6.097750186920166,6.390749931335449,5.959750175476074,6.348999977111816,663212000,-0.045249935306786226,-0.034898901770831214,5.918062520027161,6.357380008697509,1.3680490277625867,49.12004421369109,-0.01047283621987738,-0.08887847042599308,0.0784056342061157,0.40160620360713
2020-04-06,6.6760125160217285,6.710000038146973,6.747000217437744,6.323249816894531,6.38100004196167,727884000,0.10040585994160578,0.010580222793315164,5.94676251411438,6.366340007781982,1.381433559261093,55.417558837358364,0.03418419134646111,-0.06426593807150224,0.09845012941796336,0.6086222155007306
2020-04-07,6.442948341369629,6.475749969482422,6.956250190734863,6.432499885559082,6.932499885559082,784520000,-0.034910591256753665,-0.01733690143551858,5.944200015068054,6.375755004882812,1.3731322412349545,52.728480597187335,0.05009571240842625,-0.04139360797551655,0.09148932038394281,0.5294167817981864
2020-04-08,6.639946460723877,6.673749923706055,6.698750019073486,6.514999866485596,6.585249900817871,542444000,0.030575602078018127,0.0982433276929735,5.9698000192642215,6.385244998931885,1.3579564810682285,54.7281329536045,0.0777859806724388,-0.017557690245925475,0.09534367091836428,0.5963652029310934
2020-04-09,6.540453910827637,6.573750019073486,6.822999954223633,6.510499954223633,6.800000190734863,525564000,-0.01498406529698626,0.029279334770097476,6.02810001373291,6.393949995040893,1.2725310121494247,53.49728097999485,0.09061698500349813,0.004077244803959247,0.08653974019953889,0.5625528934543438
2020-04-13,6.712080955505371,6.746250152587891,6.755000114440918,6.425000190734863,6.513750076293945,398408000,0.026240750410937652,0.10635069423781474,6.064362525939941,6.4059700012207035,1.2176543761243275,55.362251651352615,0.11339778839218884,0.025941353521605166,0.08745643487058367,0.6208792280703678
2020-04-14,7.062795639038086,7.098750114440918,7.132999897003174,6.847249984741211,6.875,530948000,0.0522512438584577,0.05793592758328847,6.173800039291382,6.4297300052642825,0.9881838599183328,58.982337647751734,0.15807336876314615,0.05236775656991337,0.10570561219323278,0.740067719744541
2020-04-15,6.985438346862793,7.020999908447266,7.104249954223633,6.884500026702881,6.929999828338623,366148000,-0.01095266134745132,0.08419873243012543,6.253262543678284,6.449984998703003,0.9394570978488744,57.867583461159704,0.18507190254986572,0.07890858576590384,0.10616331678396188,0.7137785544038552
2020-04-16,7.33018159866333,7.367499828338623,7.474999904632568,7.163750171661377,7.177000045776367,745620000,0.04935193340117672,0.1039520378443124,6.368112540245056,6.473769998550415,0.8959376240330834,61.371481476992074,0.23175653770116522,0.10947817615295613,0.12227836154820909,0.8309382913864425
2020-04-17,7.270983695983887,7.308000087738037,7.471499919891357,7.173500061035156,7.449999809265137,539120000,-0.008075974480749037,0.11169424856956112,6.467300033569336,6.49454999923706,0.8941045273957411,60.441937201896074,0.260945300604261,0.13977160104321712,0.1211736995610439,0.8108200357704455
2020-04-20,7.139902591705322,7.176249980926514,7.337500095367432,7.131750106811523,7.181000232696533,449388000,-0.018028202686065198,0.06373908743565826,6.5689250230789185,6.510950002670288,0.8837394455410185,58.334992175314866,0.27033027383848296,0.1658833356022703,0.10444693823621265,0.7662722394352958
2020-04-21,6.703622341156006,6.737750053405762,7.1192498207092285,6.677750110626221,7.057750225067139,735160000,-0.06110432728600934,-0.05085403137388611,6.6399500370025635,6.519910001754761,0.924790774983533,51.8558724151345,0.23962243501647595,0.18063115548511144,0.058991279531364516,0.6180051454881369
2020-04-22,7.117515563964844,7.153749942779541,7.196750164031982,6.885000228881836,6.930749893188477,483356000,0.06174166243574164,0.018907568161702804,6.686162543296814,6.531499996185302,0.7393266591768283,56.76222316077144,0.24601802329667066,0.19370852904742328,0.052309494249247385,0.758664449649301
2020-04-23,7.064285755157471,7.100249767303467,7.328499794006348,7.074999809265137,7.196000099182129,424160000,-0.007478619731470126,-0.03627418625884393,6.734150028228759,6.539559993743897,0.7370003910344484,55.972209867418734,0.24395736737227391,0.20375829671239343,0.04019907065988049,0.7405747874950804
2020-04-24,7.203080177307129,7.239749908447266,7.2417497634887695,7.014999866485596,7.090000152587891,352328000,0.01964721604389119,-0.009339104881140758,6.774587512016296,6.548084993362426,0.7240099854899809,57.628193744314714,0.2506909688062571,0.21314483113116617,0.03754613767509091,0.7877430519222866
2020-04-27,7.389382362365723,7.427000045776367,7.587500095367432,7.349999904632568,7.374750137329102,479388000,0.0258641720635433,0.03494165692615403,6.830025005340576,6.561234998703003,0.7209508203903843,59.81316248720866,0.26804703822031684,0.22412527254899633,0.0439217656713205,0.851056708232249
2020-04-28,7.247106075286865,7.283999919891357,7.605000019073486,7.278500080108643,7.574999809265137,442904000,-0.01925408980794774,0.08107303805511168,6.862237501144409,6.562019996643066,0.7099275556855545,57.37969555746059,0.26718301375081577,0.23273682078936023,0.03444619296145554,0.8027050170041018
2020-04-29,7.423707485198975,7.46150016784668,7.514500141143799,7.34375,7.419250011444092,379160000,0.024368513166865835,0.043019427227500184,6.905812501907349,6.562965002059936,0.7111511875034183,59.57802818566238,0.27762081477256206,0.24171361958600063,0.035907195186561436,0.8627220074014156
2020-04-30,7.269989967346191,7.307000160217285,7.46150016784668,7.293000221252441,7.407249927520752,375916000,-0.020706292857188502,0.029118749296102253,6.967325019836426,6.551755008697509,0.6464655861984848,56.83031651965404,0.27031002220352196,0.2474329001095049,0.02287712209401707,0.8537845069979983
2020-05-01,7.033692359924316,7.069499969482422,7.222499847412109,7.020999908447266,7.108749866485596,342096000,-0.03250310462943806,-0.023515997253744647,7.001462507247925,6.538795003890991,0.6442210599657056,52.799138223583604,0.2425558530129912,0.24645749069020217,-0.0039016376772109673,0.8463648249522883
2020-05-04,7.245364189147949,7.282249927520752,7.296000003814697,7.021999835968018,7.021999835968018,317556000,0.03009406025273753,-0.019489715546444963,7.060687494277954,6.537405004501343,0.6199994045535361,55.82219477887072,0.2350184709207559,0.24416968673631292,-0.009151215815557029,0.9297471221577593
2020-05-05,7.306304931640625,7.343500137329102,7.506750106811523,7.282249927520752,7.386750221252441,368896000,0.008410890922168957,0.008168618628791924,7.09236249923706,6.547635011672973,0.5191414530512769,56.68236394997954,0.23132089803068734,0.2415999289951878,-0.010279030964500474,0.9537526883408424
2020-05-06,7.407041549682617,7.44474983215332,7.550000190734863,7.385250091552734,7.423250198364258,323464000,0.013787661596074363,-0.0022449018718166958,7.140812492370605,6.56550500869751,0.4977928116573281,58.13352934679254,0.23386470235600498,0.24005288366735128,-0.006188181311346297,0.9934351034333766
2020-05-07,7.583145618438721,7.6217498779296875,7.6852498054504395,7.5329999923706055,7.584499835968018,373732000,0.023775150242378418,0.043075093856716595,7.188212490081787,6.584115009307862,0.4941770512302838,60.61735649345064,0.24731224840095223,0.24150475661407148,0.005807491786880753,1.0
2020-05-08,7.772928714752197,7.8125,7.818749904632568,7.659749984741211,7.693749904632568,339216000,0.02502707713128549,0.10509937530588531,7.250149989128113,6.614065008163452,0.4908356594016828,63.15433914558544,0.2702462358275213,0.24725305245676144,0.02299318337075984,1.0
2020-05-11,8.024646759033203,8.065500259399414,8.112500190734863,7.778749942779541,7.807499885559082,469060000,0.03238403320312511,0.10755609044927694,7.316112494468689,6.640340013504028,0.4941504600819169,66.2589819491975,0.30531708728672236,0.25886585942275364,0.046451227863968714,1.0
2020-05-12,7.762979507446289,7.802499771118164,8.172499656677246,7.792749881744385,8.123499870300293,493060000,-0.0326080813120988,0.06250420442642013,7.351299977302551,6.658175010681152,0.48839307371482565,60.54758448901548,0.30833475717350023,0.268759638972903,0.039575118200597226,0.9166533183509823
2020-05-13,7.7405924797058105,7.78000020980835,8.078499794006348,7.594749927520752,7.917500019073486,625852000,-0.002883634984918393,0.045031785515089906,7.389249992370606,6.680830011367798,0.4856887906184649,60.07053732213297,0.30539040524613537,0.2760857922275495,0.02930461301858589,0.9095230510804277
2020-05-14,7.98982572555542,8.030500411987305,8.03600025177002,7.6875,7.841750144958496,602312000,0.032197968563438595,0.05362948674571921,7.42240002155304,6.699185018539429,0.4687093228785868,63.51700127684592,0.3195862663857394,0.28478588705918745,0.034800379326551945,0.988908305231351
2020-05-15,8.447739601135254,8.490750312805176,8.500499725341797,7.874000072479248,7.889750003814697,987660000,0.0573127298680971,0.08681604003906251,7.481537532806397,6.73235502243042,0.5013431263757457,68.8388660403359,0.36378146288359847,0.3005850022240697,0.06319646065952877,1.0
2020-05-18,8.705926895141602,8.750249862670898,8.916500091552734,8.680500030517578,8.760499954223633,774460000,0.03056261700151075,0.08489859044682158,7.560237526893616,6.7743400192260745,0.49753675792827096,71.3743252464008,0.41496249018165265,0.3234604998155863,0.09150199036606638,1.0
2020-05-19,8.760897636413574,8.805500030517578,9.087499618530273,8.762749671936035,8.790249824523926,717320000,0.006314124592302184,0.1285485791505092,7.663625025749207,6.827730016708374,0.4205715254056437,71.89859296343144,0.45474008917294917,0.34971641768705886,0.10502367148589031,1.0
2020-05-20,8.924569129943848,8.970000267028809,9.043000221252441,8.888750076293945,8.991000175476074,587536000,0.018681532671752432,0.15295630143045624,7.75443754196167,6.876590023040771,0.3814260808437976,73.45728506454687,0.4938451774585024,0.37854216964134757,0.11530300781715486,1.0
2020-05-21,8.730805397033691,8.775250434875488,9.052499771118164,8.737500190734863,9.05150032043457,761068000,-0.021711240396409592,0.09274017616342789,7.838187575340271,6.928860034942627,0.3940303168750065,68.60565756518132,0.5033196027245994,0.403497656257998,0.09982194646660142,0.9520320660036516
2020-05-22,8.980527877807617,9.026249885559082,9.093000411987305,8.713250160217285,8.825249671936035,1038764000,0.02860310968289248,0.06306858087044453,7.927512574195862,7.001230030059815,0.3979189835350804,71.24194326826405,0.5250294977571333,0.42780402455782507,0.09722547319930819,1.0
2020-05-26,8.673592567443848,8.71774959564209,9.181750297546387,8.67199993133545,9.156749725341797,770780000,-0.03417812422970423,-0.0037142101698668384,7.992050051689148,7.055165023803711,0.4250927791930663,64.11551811313112,0.5114457229002722,0.44453236422631454,0.0669133586739577,0.9250530732929259
2020-05-27,8.482068061828613,8.525250434875488,8.632749557495117,7.9967498779296875,8.625,1175892000,-0.022081290435645218,-0.03182665319071232,8.054112577438355,7.127470035552978,0.42764154257099574,60.0771732079415,0.4796186645563898,0.45154962429232964,0.028069040264060152,0.8733490609535489
2020-05-28,8.444014549255371,8.487000465393066,8.760499954223633,8.379249572753906,8.412249565124512,734896000,-0.004486668136568395,-0.05384613012901607,8.105387592315674,7.188575048446655,0.42547036563245455,59.27821818960673,0.4461659157008331,0.4504728825740304,-0.004306966873197315,0.8636796001450853
2020-05-29,8.830543518066406,8.875499725341797,8.875499725341797,8.484999656677246,8.554499626159668,745256000,0.04577580283315541,0.011424094527022088,8.183812570571899,7.264675045013428,0.4338294651227792,64.44954296621475,0.44586337917799135,0.4495509818948226,-0.003687602716831273,0.9611718809873312
2020-06-01,8.761643409729004,8.806249618530273,8.840749740600586,8.689499855041504,8.833250045776367,389876000,-0.007802389606727966,-0.02437338538353373,8.270650053024292,7.334315032958984,0.4098361536663879,62.91580994456663,0.43502105994375917,0.44664499750460995,-0.011623937560850783,0.9433354064851333
2020-06-02,8.780546188354492,8.825249671936035,8.837249755859375,8.657999992370605,8.796250343322754,391320000,0.0021575647101554907,0.012331172754455277,8.347800040245057,7.407945022583008,0.40486477041226804,63.17474730661377,0.4230845342063585,0.4419329048449597,-0.018848370638601175,0.9458074393022571
2020-06-03,8.725080490112305,8.769499778747559,8.866250038146973,8.699999809265137,8.822250366210938,365440000,-0.006317089630422434,0.028650107787201673,8.419100022315979,7.476990022659302,0.4089676690945127,61.810964094727176,0.4044637942522602,0.4344390827264198,-0.02997528847415959,0.9129513139494467
2020-06-04,8.72607707977295,8.766500473022461,8.943249702453613,8.677499771118164,8.727999687194824,424280000,-0.00034201559960878036,0.03293271972460654,8.485187554359436,7.52773003578186,0.4099514561722344,61.73375190324779,0.385026360563689,0.42455653829387363,-0.039530177730184635,0.9119344278196765
2020-06-05,8.87886905670166,8.920000076293945,8.996999740600586,8.708000183105469,8.794500350952148,481748000,0.017509792390230983,0.005013841736154712,8.550100064277649,7.583320035934448,0.4074546493109296,64.19860751776127,0.3776548197801848,0.4151761945911359,-0.037521374810951136,0.9639770109367801
2020-06-08,8.764400482177734,8.805000305175781,8.889749526977539,8.685750007629395,8.877249717712402,387736000,-0.012892350911945738,-0.00014186667521476348,8.599725079536437,7.6308000373840335,0.4089214014725107,61.027051467805535,0.3584018665440212,0.40382132898171297,-0.04541946243769179,0.9249874303821002
2020-06-09,9.004287719726562,9.045999526977539,9.109749794006348,8.751250267028809,8.800000190734863,468488000,0.02737072270856067,0.025013440213876414,8.648750042915344,7.685355024337769,0.40505051729908526,64.93641816213915,0.35845830131418666,0.3947487234482078,-0.036290422134021116,1.0
2020-06-10,9.323559761047363,9.36674976348877,9.5,9.153499603271484,9.167750358581543,632180000,0.035457688844076296,0.0681053651644552,8.726962542533874,7.73989501953125,0.39067386320648123,69.34394920838712,0.3800044351570744,0.3917998657899811,-0.011795430632906723,1.0
2020-06-11,8.755691528320312,8.796250343322754,9.261249542236328,8.78600025177002,9.149999618530273,583652000,-0.06090687106746462,0.003393585660759868,8.777775049209595,7.784020023345947,0.4626540941989524,55.887594553666844,0.34704484912151123,0.38284886245628713,-0.0358040133347759,0.8265959189115938
2020-06-12,8.891312599182129,8.932499885559082,9.187250137329102,8.70324993133545,9.162500381469727,570908000,0.015489502562845425,0.0014013238966619213,8.822875022888184,7.841135025024414,0.4540967391092272,57.98456470417812,0.32813579392593084,0.3719062487502159,-0.04377045482428504,0.8671612315148998
2020-06-15,9.131450653076172,9.173749923706055,9.182250022888184,8.743749618530273,8.815250396728516,400004000,0.02700812104537431,0.041879569080027546,8.857025003433227,7.896875019073486,0.41988829716375853,61.47655956761129,0.3288265851328447,0.36329031602674167,-0.03446373089389698,0.9409605797547081
2020-06-16,9.026683807373047,9.068499565124512,9.26675033569336,8.838749885559082,9.225000381469727,535716000,-0.011472991901552043,0.002487291545823389,8.872937488555909,7.956290006637573,0.41132287116913024,59.16620149859892,0.3172244518026073,0.3540771431819148,-0.03685269137930752,0.8968349292232419
2020-06-17,9.193413734436035,9.236000061035156,9.298999786376953,9.070249557495117,9.113750457763672,408304000,0.01847058542681257,-0.01395891912937297,8.894462490081787,8.006810007095337,0.41521631260670805,61.63711848964101,0.3178812307555212,0.3468379606966361,-0.028956729941114867,0.9547735344967215
2020-06-18,9.175495147705078,9.218000411987305,9.282500267028809,9.114500045776367,9.22700023651123,254408000,-0.0019488576146494685,0.04794657407456593,8.906862497329712,8.061655015945435,0.4111332712510099,61.20848840262928,0.31333735359224235,0.34013783927575736,-0.026800485683515007,0.9467420819500986
2020-06-19,9.218545913696289,9.261249542236328,9.444999694824219,9.227250099182129,9.242500305175781,524160000,0.004691812574968202,0.036803768361500566,8.931162452697754,8.11340500831604,0.40178107236813115,61.89418129213712,0.3096566128876894,0.3340415939981438,-0.024384981110454396,0.9622269133882331
2020-06-22,9.48282241821289,9.526749610900879,9.53125,9.273249626159668,9.300000190734863,398468000,0.02866784524633803,0.038479323082770245,8.956187438964843,8.172465000152588,0.4018358363408846,65.88128516216949,0.3244234840481006,0.3321179720081352,-0.0076944879600345795,1.0
2020-06-23,9.406425476074219,9.449999809265137,9.642499923706055,9.407500267028809,9.550999641418457,375108000,-0.008056242136134428,0.042068728283099155,8.992799949645995,8.226539993286133,0.37987155899822683,63.80300221134825,0.32617334498006656,0.3309290466025215,-0.004755701622454922,0.9724812428064086
2020-06-24,9.192914962768555,9.23550033569336,9.556500434875488,9.144499778747559,9.476249694824219,449372000,-0.02269835744985671,-5.4106251461072397e-05,9.02831244468689,8.269274997711182,0.3804461343257963,58.27046028888875,0.30671617437140775,0.32608647215629877,-0.019370297784891022,0.8955721328729435
2020-06-25,9.44623851776123,9.489999771118164,9.505000114440918,9.182250022888184,9.35575008392334,376072000,0.0275566483865759,0.029507414512278007,9.078462409973145,8.3186549949646,0.3875845867398565,62.432801546489976,0.30827856063074677,0.3225248898511884,-0.014246329220441611,0.9868232894896115
2020-06-26,9.112786293029785,9.154999732971191,9.5,9.125,9.5,592084000,-0.03530032099331659,-0.01147251337744215,9.092437410354615,8.354404993057251,0.38374042514129486,54.69863851227432,0.27926585667256987,0.3138730832154647,-0.03460722654289483,0.8667085202897747
2020-06-29,9.157577514648438,9.199999809265137,9.204500198364258,8.899999618530273,9.169750213623047,342248000,0.00491535528197562,-0.034298141021976924,9.112124919891357,8.392244987487793,0.3821575526453732,55.49617563855147,0.2569423384988969,0.3024869342721512,-0.04554459577325426,0.8828433655510488
2020-06-30,9.45395565032959,9.497750282287598,9.526249885559082,9.266500473022461,9.314000129699707,367892000,0.03236418252124329,0.0050529602101838655,9.145749950408936,8.438674993515015,0.3966010233632728,60.456790029162875,0.26027645927631404,0.29404483927298375,-0.033768379996669706,0.9896022469650995
2020-07-01,9.486055374145508,9.529999732971191,9.575750350952148,9.413000106811523,9.520750045776367,326648000,0.003395483111799269,0.03188775773627017,9.183774948120117,8.494519987106322,0.3947511551955486,60.96431162052947,0.26249515442111715,0.28773490230261045,-0.025239747881493302,1.0
2020-07-02,9.567928314208984,9.612250328063965,9.737500190734863,9.57824993133545,9.638999938964844,364056000,0.008630702769928611,0.012882040031007902,9.226062440872193,8.543689994812011,0.39458713188884864,62.29354050034248,0.26780335159984503,0.2837485921620574,-0.01594524056221236,1.0
2020-07-06,9.793882369995117,9.839249610900879,9.9087495803833,9.712499618530273,9.74174976348877,315892000,0.023615623302502442,0.07474056776489046,9.27202491760254,8.59846999168396,0.3977550132045528,65.7589540437163,0.2870185103952423,0.2844025758086944,0.0026159345865479078,1.0
2020-07-07,9.826231002807617,9.871749877929688,10.069999694824219,9.850749969482422,9.946249961853027,357800000,0.003303124558686088,0.07301631332514202,9.325362396240234,8.651109991073609,0.3920888468392765,66.23738852408503,0.3013948696657831,0.28780103458011214,0.013593835085670969,1.0
2020-07-08,10.168890953063965,10.215999603271484,10.225000381469727,9.965499877929688,9.993749618530273,365480000,0.03487220904081423,0.07562310016966367,9.383862400054932,8.70688998222351,0.3983587288712742,70.87885531473381,0.33668521619087244,0.2975778709022642,0.039107345288608264,1.0
2020-07-09,10.460541725158691,10.508999824523926,10.569999694824219,10.233499526977539,10.380249977111816,494548000,0.028680523945851855,0.1027282391378943,9.440974903106689,8.771389980316162,0.3924857918447803,74.1377115156001,0.3838707165461539,0.3148364400310421,0.06903427651511179,1.0
2020-07-10,10.430928230285645,10.479249954223633,10.65524959564209,10.37874984741211,10.588749885559082,497676000,-0.0028308945472497182,0.09019736238333009,9.525124883651733,8.831744976043701,0.3055672523690522,73.24148924146863,0.4140916093185485,0.33468747388854336,0.07940413543000513,0.991350524333738
2020-07-13,10.005897521972656,10.052249908447266,10.79224967956543,10.024999618530273,10.595000267028809,457076000,-0.0407471954234917,0.02164802255960696,9.581112384796143,8.886649971008302,0.35141253430795305,61.710576422005026,0.39898727254759514,0.34754743362035373,0.05143983892724141,0.8672045543461293
2020-07-14,10.329151153564453,10.376999855041504,10.402750015258789,9.785499572753906,10.074999809265137,542676000,0.03230619508587229,0.05118139978823866,9.641274881362914,8.952799968719482,0.356054754318113,66.08395947664062,0.40851250560296926,0.3597404480168768,0.04877205758609243,0.9590919737519737
2020-07-15,10.180091857910156,10.227250099182129,10.432999610900879,10.055749893188477,10.414250373840332,403984000,-0.014430929743785348,0.0011012623676140976,9.699212408065796,9.01169997215271,0.3581748627231354,62.53683595696253,0.39937403239428804,0.36766716489235907,0.03170686750192897,0.9109936019006606
2020-07-16,10.088018417358398,10.134750366210938,10.20674991607666,9.895500183105469,10.015000343322754,344964000,-0.009044438346001549,-0.03561228133619676,9.744149923324585,9.067524976730347,0.3590621485226776,60.38088551828927,0.3802840928354332,0.3701905504809739,0.010093542354459306,0.8778658858628383
2020-07-17,10.154460906982422,10.201499938964844,10.248499870300293,10.087750434875488,10.225500106811523,266284000,0.006586207882973483,-0.02650476097736776,9.793324899673461,9.122659978866578,0.35818088530482833,61.414641656055615,0.3663186178698581,0.36941616395875077,-0.0030975460888926776,0.8934973101577836
2020-07-20,10.462286949157715,10.510749816894531,10.53125,10.156749725341797,10.274250030517578,284852000,0.03031415770033008,0.0456116702850744,9.855799913406372,9.180439977645873,0.36896600301391536,65.8592375654617,0.3758719412174898,0.3707073194104986,0.0051646218069911765,1.0
2020-07-21,10.280874252319336,10.328499794006348,10.5600004196167,10.286749839782715,10.512999534606934,277036000,-0.017339393103548373,-0.004673803769168705,9.895887422561646,9.230759973526,0.36861951006359345,61.37254208040506,0.36453483442221746,0.3694728224128424,-0.004937987990624948,0.9332600753964214
2020-07-22,10.390616416931152,10.438750267028809,10.602499961853027,10.291500091552734,10.367500305175781,367292000,0.010674393689434014,0.020680062166817725,9.94532494544983,9.278224973678588,0.36627766331451167,63.014054506295395,0.36029315219498237,0.3676368883692704,-0.007343736174288018,0.9736337781835117
2020-07-23,10.083036422729492,10.12975025177002,10.54699993133545,10.03125,10.449999809265137,411660000,-0.029601246064366316,-0.0004933633548180882,9.990037441253662,9.324769983291626,0.3739995595873521,55.850364547890074,0.3282144181536264,0.3597523943261416,-0.03153797617251519,0.8604780298655601
2020-07-24,10.147492408752441,10.194499969482422,10.364749908447266,9.777000427246094,9.875,473292000,0.006392034956744119,-0.0006861706145471214,10.025262451171875,9.373059978485108,0.36441406781431396,56.954670605820546,0.3045063912646242,0.3487031937138381,-0.04419680244921392,0.8724927231969486
2020-07-27,10.373444557189941,10.421500205993652,10.441749572753906,10.21774959564209,10.232250213623047,292132000,0.02226693189374296,-0.00849126964828173,10.088587474822997,9.420879974365235,0.3388039714484754,60.66892200926284,0.3005698489933408,0.3390765247697387,-0.03850667577639788,0.9558988810374849
2020-07-28,10.168394088745117,10.215499877929688,10.381999969482422,10.209250450134277,10.374250411987305,271636000,-0.01976685928053712,-0.010940593341758564,10.139362478256226,9.455374965667724,0.3516293940174969,55.95071303963909,0.27762729142534326,0.32678667810085965,-0.04915938667551639,0.8541074571582735
2020-07-29,10.417243957519531,10.465499877929688,10.516249656677246,10.347000122070312,10.39074993133545,284508000,0.02447261543609014,0.0025625300171581156,10.18774995803833,9.4896799659729,0.3446745815114095,60.01483358909436,0.27643152932591164,0.31671564834587007,-0.04028411901995843,0.9776405418332701
2020-07-30,10.565057754516602,10.61400032043457,10.623000144958496,10.295249938964844,10.375,308880000,0.014189522166834001,0.047804739172116806,10.241949987411498,9.52584997177124,0.3460984707588615,62.2432421383012,0.284190650965483,0.31021064886979266,-0.026019997904309644,1.0
2020-07-31,10.565804481506348,10.614749908447266,10.766500473022461,10.432999610900879,10.563249588012695,386080000,7.062257302292707e-05,0.041223202729204544,10.292074966430665,9.55874496459961,0.3464468364376381,62.254677202845514,0.2870908911688339,0.3055866973296009,-0.018495806160767014,1.0
2020-08-03,10.959484100341797,11.010250091552734,11.098750114440918,10.715250015258789,10.732500076293945,412720000,0.037259491416818724,0.056493774784985185,10.350624990463256,9.603444957733155,0.35921620247828445,67.79653380678496,0.31764134022353296,0.3079976259083873,0.009643714315145657,1.0
2020-08-04,11.175978660583496,11.227749824523926,11.227749824523926,10.906000137329102,11.050000190734863,310336000,0.019754295421323897,0.09908961467281463,10.418424987792969,9.64747495651245,0.362382734545252,70.37273853606513,0.35530743894815053,0.31745958851634,0.03784785043181055,1.0
2020-08-05,11.234704971313477,11.286749839782715,11.371749877929688,11.166250228881836,11.244000434875488,249924000,0.005254838786122651,0.0784721199591174,10.471962499618531,9.698854961395263,0.34676171964255026,71.04931163775638,0.38547538145733284,0.33106274710453854,0.05441263435279431,1.0
2020-08-06,11.283228874206543,11.33549976348877,11.357999801635742,11.178750038146973,11.349749565124512,244316000,0.004319217170404954,0.06797620324781173,10.513287496566772,9.75505994796753,0.3355038911730457,71.62588170517165,0.4086072348133598,0.3465716446463028,0.06203559016705701,1.0
2020-08-07,11.147859573364258,11.19950008392334,11.50475025177002,11.037500381469727,11.3125,342516000,-0.011997678302943404,0.05508845526456807,10.549300003051759,9.809309940338135,0.3395347636728029,67.58222470371064,0.41122501175302517,0.3595023180676473,0.05172269368537785,0.9470612233836998
2020-08-10,11.113515853881836,11.164999961853027,11.408249855041504,10.856499671936035,11.334250450134277,427796000,-0.003080505541478318,0.014055073137622998,10.604937505722045,9.855099945068359,0.2981675970883671,66.55572884282141,0.40583750518159256,0.3687693554904364,0.03706814969115618,0.9336318222163487
2020-08-11,10.799967765808105,10.850000381469727,11.136750221252441,10.79574966430664,11.073749542236328,354512000,-0.02821312865737091,-0.033644269685196404,10.628587532043458,9.895974960327148,0.30316111803741375,57.90738931866266,0.37186342376107007,0.3693881691445631,0.002475254616506939,0.8110161478748723
2020-08-12,11.387497901916504,11.440250396728516,11.467000007629395,10.958250045776367,10.990750312805176,464412000,0.05440092115267148,0.01360006725804741,10.689237546920776,9.948274974822999,0.3476565557833186,66.6517976704076,0.38809326519001175,0.3731291883536529,0.014964076836358864,1.0
2020-08-13,11.390233993530273,11.442999839782715,11.721750259399414,11.35575008392334,11.545999526977539,374460000,0.00024033067099527017,0.009483488027603348,10.754650020599366,10.001744976043701,0.3439244247897356,66.6865143394715,0.3966055664370671,0.37782446397033576,0.01878110246673137,1.0
2020-08-14,11.510677337646484,11.564000129699707,11.704750061035156,11.440500259399414,11.529999732971191,366436000,0.010574175619256998,0.03254609965132271,10.822775030136109,10.057694969177247,0.34425809355185,68.25289088529439,0.4084074715506496,0.38394106548639856,0.024466406064251045,1.0
2020-08-17,12.280113220214844,12.336999893188477,12.409749984741211,11.81725025177002,11.851249694824219,621300000,0.06684536101858751,0.10497088538645505,10.914087533950806,10.126034965515137,0.3979906739062417,76.01248477366983,0.47466356100283846,0.4020855645896866,0.07257799641315188,1.0
2020-08-18,12.204216957092285,12.260749816894531,12.496000289916992,12.086250305175781,12.449999809265137,503448000,-0.00618060119592323,0.13002298486866093,11.010700035095216,10.195149955749512,0.39034038094913687,74.08880403355698,0.5150817040772253,0.4246847924871944,0.09039691159003094,0.9784649901891996
2020-08-19,12.082529067993164,12.138500213623047,12.3149995803833,12.097999572753906,12.296500205993652,622624000,-0.00997080970553954,0.061034487242884516,11.095687532424927,10.256999969482422,0.3959303974177395,70.98696993800345,0.5311263583152481,0.4459731056528051,0.085153252662443,0.9439385144953397
2020-08-20,12.085017204284668,12.140999794006348,12.375,11.87874984741211,11.975000381469727,921388000,0.00020592168219391027,0.060997986891249134,11.196250009536744,10.312484970092774,0.3719338023785179,71.01369158500478,0.5378436310586316,0.46434721073397045,0.0734964203246612,0.944644461173606
2020-08-21,12.625015258789062,12.683500289916992,12.80875015258789,12.195249557495117,12.201749801635742,999868000,0.04468334610947444,0.09680907537713401,11.320700025558471,10.390229969024658,0.3921770420057372,76.1482986364148,0.5802535722714364,0.4875284830414637,0.09272508922997269,1.0
2020-08-24,12.66159725189209,12.720250129699707,12.912500381469727,12.507499694824219,12.883749961853027,490564000,0.0028974525125315953,0.03106510819723929,11.435637521743775,10.46598497390747,0.3909961327535655,76.45259540741043,0.6097997690188777,0.5119827402369465,0.09781702878193121,1.0
2020-08-25,12.691208839416504,12.75,12.761249542236328,12.573749542236328,12.630749702453613,289076000,0.0023387802910284083,0.03990377345693119,11.56236252784729,10.53750997543335,0.3760394375656232,76.71161443791516,0.6283724225740883,0.5352606767043748,0.09311174586971349,1.0
2020-08-26,12.714102745056152,12.77299976348877,12.868499755859375,12.677749633789062,12.799249649047852,321244000,0.0018039030187271266,0.052271659488346334,11.677737522125245,10.611599979400635,0.37419455505819166,76.92295931254458,0.6375974465486518,0.5557280306732303,0.08186941587542151,1.0
2020-08-27,12.570021629333496,12.628250122070312,12.850000381469727,12.566499710083008,12.781499862670898,317604000,-0.011332470374909032,0.040132636218683126,11.778450012207031,10.679444980621337,0.3815431375916678,72.46574120718856,0.626011981725556,0.5697848208836955,0.056227160841860524,0.9599918075739348
2020-08-28,13.087125778198242,13.147749900817871,13.14799976348877,12.642499923706055,12.675000190734863,537160000,0.04113790697252906,0.03660264124958812,11.905100011825562,10.758039970397949,0.39636459631536686,77.50386055638734,0.6512425887103941,0.5860763744490353,0.06516621426135882,1.0
2020-08-31,13.312827110290527,13.374500274658203,13.574999809265137,13.037750244140625,13.18274974822998,500840000,0.01724632545879401,0.05143374841591597,12.023312520980834,10.840304985046387,0.38501425925780736,79.28548876400009,0.6816769392332382,0.6051964874058758,0.0764804518273624,1.0
2020-09-01,13.76138687133789,13.821000099182129,13.993749618530273,13.43649959564209,13.479999542236328,511316000,0.03338441178022533,0.08400000777899042,12.152975034713744,10.926189994812011,0.39253887910976165,82.26413791688063,0.7333713373059414,0.630831457385889,0.10253987992005242,1.0
2020-09-02,14.284619331359863,14.346500396728516,14.726750373840332,13.899999618530273,14.703749656677246,874012000,0.03802187206246277,0.12318959229432935,12.305962562561035,11.02412000656128,0.40355670063411997,84.99828529468492,0.8074353898759394,0.6661522438838992,0.14128314599204028,1.0
2020-09-03,12.959362983703613,13.01550006866455,13.884499549865723,12.87874984741211,13.828749656677246,945128000,-0.09277526164969663,0.030665368744751342,12.389962577819825,11.099720001220703,0.54988002223281,59.83714329684354,0.7500845742390574,0.6829387099549309,0.0671458642841265,0.7436193474160784
2020-09-04,12.568055152893066,12.6225004196167,13.175000190734863,11.704750061035156,12.7837495803833,1463684000,-0.03019474065341654,-0.03994976213903323,12.461112594604492,11.162370014190675,0.5621009002414206,54.68934426752093,0.6652532273147287,0.6794016134268905,-0.014148386112161848,0.6679187601482305
2020-09-08,11.861617088317871,11.913000106811523,12.550000190734863,11.70425033569336,11.73449993133545,795728000,-0.056209173239759824,-0.10927512339402379,12.498512601852417,11.21753002166748,0.6042913454161891,46.852694831932,0.5346103724087623,0.650443365223265,-0.11583299281450266,0.5271543744025059
2020-09-09,12.660158157348633,12.71500015258789,12.809249877929688,12.231749534606934,12.399999618530273,736200000,0.06732141682075587,-0.08002314873434424,12.591762590408326,11.287830028533936,0.6314042192813616,54.7464993730558,0.4901396450382851,0.618382621186269,-0.12824297614798386,0.6635214837569033
2020-09-10,12.258648872375488,12.311750411987305,13.065250396728516,12.166999816894531,12.989250183105469,698684000,-0.031714489639114385,-0.14182901254477376,12.635337591171265,11.34411003112793,0.6227082666784466,50.67127661335437,0.41754419961421085,0.5782149368718573,-0.16067073725764647,0.5775459972315431
2020-09-11,12.112031936645508,12.16450023651123,12.65250015258789,11.895750045776367,12.48550033569336,636928000,-0.01196013325064682,-0.06538356787398003,12.67141261100769,11.39680004119873,0.6252939765389531,49.23018086276502,0.34416263493213783,0.5314044764839134,-0.1872418415517756,0.5391033155050914
2020-09-14,12.816725730895996,12.872249603271484,13.3149995803833,12.631250381469727,13.081000328063965,1201744000,0.05818154079490867,0.019786030925112774,12.736825084686279,11.462000026702881,0.6542911766657605,55.74499117346232,0.3392065136842408,0.49296488392397897,-0.15375837023973815,0.6729157387708294
2020-09-15,12.934966087341309,12.991000175476074,13.298749923706055,12.827750205993652,13.279999732971191,727556000,0.009225316154094054,0.0904893863006162,12.76952509880066,11.525035037994385,0.6141791093154442,56.747861200461756,0.340930891529883,0.4625580854451598,-0.12162719391527682,0.6970780347288942
2020-09-16,12.46052074432373,12.51449966430664,13.09274959564209,12.513750076293945,12.957249641418457,556384000,-0.036679278326002485,-0.015768815247748313,12.782212591171264,11.577890033721923,0.6297702395587651,51.6864537598715,0.3003852106999325,0.43012351049611436,-0.12973829979618184,0.5733828901175434
2020-09-17,12.409743309020996,12.463500022888184,12.589750289916992,12.034749984741211,12.13224983215332,792512000,-0.004075244139717049,0.012325591879537079,12.79846258163452,11.622840042114257,0.6286578780914733,51.16050305363522,0.2611271108972204,0.3963242305763356,-0.13519711967911519,0.5615066286936623
2020-09-18,12.136676788330078,12.189249992370605,12.632499694824219,11.988750457763672,12.59375,698460000,-0.02200425482520485,0.0020345887934705154,12.800875091552735,11.656445045471191,0.6344506280652014,48.31341878042715,0.2055160375529823,0.358162591971665,-0.1526465544186827,0.49764215891808916
2020-09-21,12.46325969696045,12.517250061035156,12.522500038146973,11.904500007629395,11.925000190734863,721044000,0.02690896231268125,-0.027578671419338008,12.792562580108642,11.697205047607422,0.6212048939224958,51.77035609922634,0.18576929283141297,0.3236839321436146,-0.13791463931220166,0.5740233736515201
2020-09-22,12.583239555358887,12.637749671936035,12.64799976348877,12.155500411987305,12.574999809265137,646452000,0.009626684001143415,-0.02719194047944762,12.788437557220458,11.748915042877197,0.6220688781826106,53.01367230545487,0.17779367213474018,0.2945058801418397,-0.11671220800709953,0.594770696377293
2020-09-23,12.071455001831055,12.123749732971191,12.72700023651123,12.07925033569336,12.575499534606934,647012000,-0.04067179302548263,-0.03122377576547708,12.757125043869019,11.78385004043579,0.6388121396387834,47.400451527199614,0.12851598361297611,0.26130790083606703,-0.13279191722309092,0.4728758908291442
2020-09-24,12.294736862182617,12.347999572753906,12.569499969482422,12.013999938964844,12.072250366210938,731240000,0.01849673943473573,-0.009267095913842005,12.735875034332276,11.826265029907226,0.6427754422561351,49.89317923059156,0.10633241448470976,0.2303128035657956,-0.12398038908108583,0.5260566181840305
2020-09-25,12.818221092224121,12.873749732971191,12.883500099182129,12.245750427246094,12.447500228881836,588016000,0.04257775983223744,0.056156017886992426,12.74815001487732,11.881045017242432,0.6594434466114891,55.24791509313501,0.1296805435954571,0.21018635157172788,-0.08050580797627077,0.6507379823018137
2020-09-28,12.978776931762695,13.03499984741211,13.051750183105469,12.75,13.040249824523926,573808000,0.012525497060731139,0.041362901903561955,12.742512512207032,11.937715015411378,0.6444518961753205,56.773704258027024,0.15935865338297717,0.20002081193397775,-0.04066215855100058,0.688978359108039
2020-09-29,13.168704986572266,13.225749969482422,13.442749977111816,12.933250427246094,12.9375,621460000,0.014633688093842467,0.04652729424227542,12.735074996948242,11.992015018463135,0.6436101926179085,58.57304630557515,0.19601121462515536,0.19921889247221328,-0.003207677847057916,0.7342146466548293
2020-09-30,13.472139358520508,13.530500411987305,13.6225004196167,13.150250434875488,13.157500267028809,689184000,0.023042205032461238,0.11603263924117302,12.7205500125885,12.056055030822755,0.6375629041936973,61.34172395573535,0.2468044393352269,0.208736001844816,0.03806843749041089,0.8064860480963492
2020-10-01,13.555774688720703,13.614500045776367,13.762749671936035,13.460749626159668,13.758000373840332,525004000,0.006208169042635214,0.10256725921962428,12.683949995040894,12.119570026397705,0.6220216433996266,62.09372464767709,0.29048794014440915,0.22508638950473464,0.06540155063967451,0.8264065154945638
2020-10-02,13.005908966064453,13.062250137329102,13.519499778747559,13.050999641418457,13.225000381469727,552496000,-0.040563363075428516,0.014642229984876742,12.68628749847412,12.178220024108887,0.5434760269613258,54.577004279679436,0.27734837753877883,0.2355387871115435,0.04180959042723534,0.6906912024931506
2020-10-05,13.583657264709473,13.642499923706055,13.64424991607666,13.222749710083008,13.236000061035156,479820000,0.044421885990280074,0.046605299839305614,12.737287473678588,12.247180023193359,0.5516353200387083,60.04929487592331,0.3101809154072992,0.25046721277069467,0.059713702636604526,0.8295811220989235
2020-10-06,13.677251815795898,13.736499786376953,14.142000198364258,13.664999961853027,13.829999923706055,784420000,0.0068902227008671435,0.03861783400359564,12.82846245765686,12.313480014801025,0.5029049735029951,60.87169158682157,0.3398681530340788,0.2683474008233715,0.0715207522107073,0.8523358669223957
2020-10-07,13.903768539428711,13.96399974822998,14.119250297546387,13.863499641418457,13.999750137329102,418084000,0.016561712619007185,0.03203867728784204,12.890912437438965,12.38845001220703,0.45275964672077124,62.86414917963138,0.37740238855291963,0.29015839836928115,0.08724399018363849,0.9014427731597111
2020-10-08,13.779061317443848,13.838749885559082,14.084500312805176,13.758000373840332,14.074999809265137,378900000,-0.008969483309162474,0.016471397335834137,12.967262411117554,12.455915012359618,0.4350966906713337,61.021834193646654,0.3925172291759509,0.3106301645306151,0.0818870646453358,0.8639650366267141
2020-10-09,13.703387260437012,13.762749671936035,13.824250221252441,13.660750389099121,13.767000198364258,346892000,-0.0054918409720197126,0.05362778443547467,13.047174882888793,12.518889999389648,0.4321078005815111,59.87518660861893,0.3938235148545388,0.32726883459539985,0.06655468025913897,0.8435718768911206
2020-10-12,14.164641380310059,14.22599983215332,14.347000122070312,13.912500381469727,13.989500045776367,434744000,0.03365970981524935,0.04277074668942027,13.114862394332885,12.59111499786377,0.4008787628110258,64.28103020709696,0.42731336952199683,0.3472777415807193,0.08003562794127755,0.9655368042186963
2020-10-13,14.186793327331543,14.248250007629395,14.34850025177002,14.018750190734863,14.296500205993652,344604000,0.0015640500308304883,0.03725477590440951,13.177724885940552,12.655874996185302,0.4008103061451859,64.48275434828554,0.4504571343903532,0.36791362014264606,0.08254351424770712,0.9719003607406393
2020-10-14,14.034454345703125,14.095250129699707,14.34274959564209,13.960000038146973,14.290499687194824,276100000,-0.010738152253628508,0.009399196780017327,13.256762409210205,12.713225002288818,0.37482470052200895,61.89423464525596,0.45125118059891456,0.3845811322338998,0.06667004836501478,0.9281423520857006
2020-10-15,13.909745216369629,13.970000267028809,14.005749702453613,13.767749786376953,13.810750007629395,267224000,-0.008885962399985181,0.009484265743301634,13.332087421417237,12.766890010833741,0.37696185071062105,59.77867611472115,0.43673939094128933,0.39501278397537776,0.04172660696591157,0.8923208556966528
2020-10-16,13.75192642211914,13.81149959564209,14.121500015258789,13.792499542236328,14.036749839782715,242392000,-0.01134578871560965,0.0035421645287541104,13.41319990158081,12.816410007476806,0.36826203880948083,57.118033010960644,0.40774873989160376,0.397559975158623,0.010188764732980748,0.8469896185466401
2020-10-19,13.439531326293945,13.497750282287598,13.983499526977539,13.406749725341797,13.902999877929688,298068000,-0.02271652771531696,-0.05119144935034703,13.462224912643432,12.862375011444092,0.37391244040818916,52.16828332307121,0.355360122307113,0.3891200045883211,-0.033759882281208076,0.7572572255864558
2020-10-20,13.586645126342773,13.645500183105469,13.799750328063965,13.506999969482422,13.583499908447266,229212000,0.010946261245605937,-0.042303428435153556,13.512612438201904,12.91198501586914,0.37420310316209365,54.181897190970936,0.3220515379707507,0.375706311264807,-0.053654773294056324,0.7995137392924727
2020-10-21,13.466413497924805,13.524749755859375,13.791500091552734,13.477499961853027,13.625,219596000,-0.008849102314006374,-0.040474654127509724,13.582662439346313,12.965480003356934,0.33909888186497017,52.246098241836926,0.28265245304974584,0.35709553962179486,-0.07444308657204901,0.7172470913138441
2020-10-22,13.303372383117676,13.361000061035156,13.611749649047852,13.231749534606934,13.522500038146973,290480000,-0.012107410324045165,-0.04359342837172164,13.633312463760376,13.003894996643066,0.34117368976191265,49.65521742000264,0.23550045982879375,0.33277652366319466,-0.0972760638344009,0.6605820056290915
2020-10-23,13.531632423400879,13.590250015258789,13.593250274658203,13.291250228881836,13.449999809265137,233484000,0.017158143340796572,-0.016019229400195734,13.669137477874756,13.046840000152589,0.31407310089322954,53.157469212148726,0.21416199470966468,0.30905361787248864,-0.09489162316282396,0.7282119285195034
2020-10-26,13.084568977355957,13.141249656677246,13.692749977111816,13.03849983215332,13.427000045776367,336896000,-0.033038417842013,-0.0264118551725,13.674449968338013,13.078384990692138,0.33639741664791856,46.35575105590945,0.1591855390775212,0.27908000211349515,-0.11989446303597395,0.5047254586140275
2020-10-27,13.338967323303223,13.396750450134277,13.442000389099121,13.191499710083008,13.305999755859375,250520000,0.019442655769591033,-0.018229433119583915,13.682999992370606,13.099580001831054,0.33947368688114743,50.25627450001687,0.1346805668884823,0.2502001150684926,-0.11551954818001031,0.6097185808732184
2020-10-28,12.572539329528809,12.626999855041504,13.260000228881836,12.609000205993652,13.197999954223633,376520000,-0.057458008041424535,-0.06637830030303782,13.637824964523315,13.106905002593994,0.3866852503022042,40.663451603068204,0.05254208745219202,0.2106685095452325,-0.15812642209304048,0.29340442291639723
2020-10-29,12.967823028564453,13.02400016784668,13.192749977111816,12.75,12.838500022888184,320080000,0.031440589004732455,-0.025222654864831107,13.608299970626831,13.124615001678468,0.4047488645161917,46.351215037516994,0.019259348317595126,0.17238667729970503,-0.1531273289821099,0.45654404301429236
2020-10-30,12.479935646057129,12.534000396728516,12.93649959564209,12.300000190734863,12.850000381469727,416820000,-0.03762283206413519,-0.07772113223409016,13.581887483596802,13.13247501373291,0.40114224524127073,41.11294862699734,-0.04612465238495034,0.12868441136277395,-0.17480906374772429,0.2551880895556313
2020-11-02,12.526484489440918,12.580750465393066,12.836750030517578,12.395000457763672,12.657750129699707,299652000,0.0037298601551627453,-0.04265189429677885,13.528800010681152,13.130420017242432,0.3632256317893906,41.7888813374054,-0.09309644629108327,0.08432823983200251,-0.17742468612308576,0.27439912842760344
2020-11-03,12.96334457397461,13.019499778747559,13.104999542236328,12.602749824523926,12.708499908447266,272900000,0.03487465350826224,-0.028159864049937422,13.492950010299683,13.136405010223388,0.3869490747527461,47.840055538014575,-0.09383683593523173,0.048695224678555665,-0.1425320606137874,0.4546946949300665
2020-11-04,13.73475170135498,13.794249534606934,13.827500343322754,13.336999893188477,13.389249801635742,410228000,0.059506875765230394,0.09244077714148302,13.48446249961853,13.157290000915527,0.4410890741654907,56.44919228002478,-0.031544148312262266,0.03264735008039208,-0.06419149839265434,0.7730631615661654
2020-11-05,14.09892463684082,14.15999984741211,14.33899974822998,13.991000175476074,14.162500381469727,319028000,0.026514694539023997,0.087223561496103,13.500524997711182,13.185030002593994,0.44968050630787726,59.820761845748194,0.046796804531357594,0.03547724097058518,0.011319563560772412,0.9233611970012267
2020-11-06,14.499192237854004,14.562000274658203,14.588749885559082,13.895000457763672,14.109749794006348,383348000,0.028389860987150017,0.16179988939995682,13.54048752784729,13.223705005645751,0.4586575991073244,63.19353058017636,0.13971015717170232,0.056323824210808615,0.0833863329608937,1.0
2020-11-09,13.571956634521484,13.630749702453613,14.691499710083008,13.610750198364258,14.552499771118164,582976000,-0.06395073167422038,0.08346077922369322,13.510725021362305,13.233365001678466,0.5016070254300896,52.25128281865345,0.13662558544999293,0.07238417645864548,0.06424140899134745,0.6484520523977221
2020-11-10,12.714920997619629,12.770000457763672,13.606499671936035,12.628250122070312,13.606499671936035,644068000,-0.06314760842061395,-0.01916351052066978,13.436812543869019,13.221275005340576,0.5466660465167115,44.56943296750517,0.06398815406369884,0.07070497197965615,-0.00671681791595731,0.3235184207816745
2020-11-11,13.360123634338379,13.418000221252441,13.4350004196167,12.948249816894531,13.053750038146973,404744000,0.0507439107486336,-0.02727580883690406,13.402950048446655,13.213215007781983,0.5804646906788775,50.47274811285614,0.058041564691050596,0.06817229052193505,-0.010130725830884452,0.5681389275502776
2020-11-12,13.398706436157227,13.45674991607666,13.765999794006348,13.315999984741211,13.479000091552734,365812000,0.0028878889689420983,-0.049664543708591635,13.377287530899048,13.195419998168946,0.5800678430271178,50.81011355183062,0.05581225733730655,0.06570028388500934,-0.009888026547702794,0.5827669729896698
2020-11-13,13.239646911621094,13.29699993133545,13.668749809265137,13.059249877929688,13.627249717712402,346312000,-0.011871364611625856,-0.08686995738656833,13.351562547683717,13.201049995422363,0.5801923926536973,49.31860961038474,0.04068602336470306,0.060697431780948094,-0.020011408416245033,0.5224612068065485
2020-11-16,13.456955909729004,13.515250205993652,13.649499893188477,13.156000137329102,13.172499656677246,413776000,0.01641349746448295,-0.008473451496154305,13.35243754386902,13.218904991149902,0.5776163582501727,51.41686539493056,0.045781605286371985,0.05771426648203287,-0.011932661195660887,0.6048508862438339
2020-11-17,13.36435604095459,13.422249794006348,13.5962495803833,13.303750038146973,13.552499771118164,312028000,-0.006881146154886664,0.0510766885561178,13.341275024414063,13.249089984893798,0.5768880439201426,50.45822303096281,0.04183330634525895,0.05453807445467809,-0.012704768109419146,0.5325539926412696
2020-11-18,13.370828628540039,13.428750038146973,13.60575008392334,13.1850004196167,13.465250015258789,510924000,0.0004842887176430555,0.0008011489579129449,13.336475038528443,13.26336498260498,0.5759808165965695,50.5276523682227,0.03878171489725091,0.05138680254319266,-0.012605087645941752,0.5352199385846784
2020-11-19,13.382278442382812,13.440250396728516,13.487500190734863,13.100000381469727,13.212750434875488,565936000,0.000856398290896232,-0.0012261147343187728,13.34043755531311,13.285934982299805,0.5741195090218443,50.65939983229036,0.03686631755392611,0.04848270554533936,-0.011616387991413249,0.5399365820898967
2020-11-20,13.031302452087402,13.087750434875488,13.494500160217285,13.0649995803833,13.454000473022461,341088000,-0.02622718710202221,-0.015736594535647686,13.315312576293945,13.30439998626709,0.5784864065560269,46.566026969718834,0.006825866068128406,0.04015133764989717,-0.03332547158176877,0.3953657285921529
2020-11-23,13.083325386047363,13.140000343322754,13.382499694824219,13.01550006866455,13.171250343322754,361356000,0.003992275731972583,-0.02776492162198263,13.31525011062622,13.309755001068115,0.5662992669505506,47.24645787961616,-0.012619803978433097,0.029597109324231118,-0.042216913302664215,0.41679499008679577
2020-11-24,12.901860237121582,12.95775032043457,13.161999702453613,12.885000228881836,13.142499923706055,346500000,-0.013869864393176834,-0.034606677770160243,13.293300104141235,13.309090003967285,0.5639433919961024,45.08965610958674,-0.042249663487721634,0.015227754761840568,-0.0574774182495622,0.34204876537680934
2020-11-25,13.177663803100586,13.234749794006348,13.269499778747559,13.020000457763672,13.032500267028809,259916000,0.021377126948876723,-0.01444663454078221,13.323687601089478,13.323495006561279,0.5276366275685398,48.907303688407204,-0.04288563913186216,0.0036050759831000225,-0.04649071511496219,0.4556545941609682
2020-11-27,13.20405101776123,13.261249542236328,13.407500267028809,13.170499801635742,13.375,167276000,0.0020022855469457035,-0.0133182678304683,13.33555006980896,13.339449996948241,0.5167385033653319,49.27067301089161,-0.04078124538591332,-0.005272188290702647,-0.035509057095210676,0.4665229392210478
2020-11-30,13.343696594238281,13.40149974822998,13.412500381469727,12.972249984741211,13.265000343322754,286952000,0.01057594199905254,0.02397274573011643,13.378925037384032,13.36369499206543,0.4963717904751428,51.24690564120185,-0.027479709689329113,-0.00971369257042794,-0.017766017118901172,0.5240437737685156
2020-12-01,13.332244873046875,13.390000343322754,13.5287504196167,13.228249549865723,13.492250442504883,296948000,-0.0008580685089925044,0.019025874693149536,13.419387531280517,13.381149997711182,0.4966499301163148,51.071229888288464,-0.017662450948828123,-0.011303444246107977,-0.006359006702720146,0.5193275213938642
2020-12-02,13.48608112335205,13.544500350952148,13.673500061035156,13.23425006866455,13.350500106811523,283360000,0.011538461812395706,0.04528178240880787,13.445637559890747,13.399285011291504,0.4838980603314697,53.383414256233145,0.002555201960165121,-0.008531715004853358,0.011086916965018479,0.582692628870677
2020-12-03,13.342162132263184,13.395999908447266,13.65999984741211,13.329000473022461,13.587499618530273,199520000,-0.010963892255681729,0.012183843060935118,13.425725078582763,13.424730014801025,0.43591697190641415,50.893937151643875,0.006519935156733325,-0.005521384972536021,0.012041320129269346,0.47335140173711676
2020-12-04,13.503759384155273,13.558250427246094,13.5600004196167,13.388750076293945,13.44849967956543,202244000,0.012111863235868991,0.022396146310635023,13.395637607574463,13.44893503189087,0.42671676003232506,53.44828759951979,0.022494967677522126,8.18855574756085e-05,0.02241308212004652,0.50505428607974
2020-12-07,13.55206298828125,13.606749534606934,13.731249809265137,13.5,13.601249694824219,223244000,0.0035770918689759235,0.015315434110578785,13.347875070571899,13.463595027923583,0.4122631925692739,54.21494518743091,0.03862354055105577,0.0077902165561916405,0.030833323994864128,0.5289690347385766
2020-12-08,13.296346664428711,13.350000381469727,13.598750114440918,13.281499862670898,13.585000038146973,271920000,-0.018869249594416382,-0.002987301032667533,13.333837604522705,13.469895038604736,0.35036129492240664,49.56154334999267,0.030338318585744872,0.012299836962102288,0.018038481623642584,0.4023668806007208
2020-12-09,12.878780364990234,12.930749893188477,13.413999557495117,12.868249893188477,13.30049991607666,401300000,-0.03140453006002786,-0.0453136285474367,13.341875076293945,13.463995037078858,0.2880209782999983,43.06184231556791,-0.009943171404792395,0.007851235288723352,-0.017794406693515747,0.19563585815645526
2020-12-10,12.920114517211914,12.972249984741211,13.068750381469727,12.849499702453613,12.869000434875488,207764000,0.003209411046964483,-0.031632571409532906,13.319587564468383,13.452830028533935,0.22006109308625393,43.84686592935923,-0.0380788822261664,-0.0013347882142545984,-0.0367440940119118,0.21609941538067973
2020-12-11,12.960947036743164,13.013250350952148,13.020000457763672,12.822999954223633,12.967249870300293,209264000,0.0031606210379204747,-0.0401969324300675,13.297412586212157,13.440805034637451,0.22013691309902014,44.65867191912958,-0.056417898445729975,-0.012351410260549674,-0.0440664881851803,0.2363165596996396
2020-12-14,13.255264282226562,13.30875015258789,13.388750076293945,13.077500343322754,13.088000297546387,270156000,0.022707609065103496,-0.021900850108331982,13.29800009727478,13.445735034942627,0.23256929617568073,50.24202496478156,-0.046570500784181235,-0.019195228365275988,-0.027375272418905246,0.38202652982912866
2020-12-15,13.306804656982422,13.36050033569336,13.46399974822998,13.186750411987305,13.439749717712402,193016000,0.0038884329867299172,0.0007865134025168974,13.290262603759766,13.440095043182373,0.22507903099865004,51.17112318437849,-0.03419636549353733,-0.022195455790928256,-0.012000909702609072,0.40754437313309305
2020-12-16,13.189276695251465,13.242500305175781,13.437250137329102,13.212499618530273,13.422499656677246,223116000,-0.008832006852492968,0.024109229129203547,13.281275129318237,13.43021505355835,0.22591989336051957,48.92771264756815,-0.03352493582855409,-0.024461351798453424,-0.009063584030100668,0.3493589502434033
2020-12-17,13.28763198852539,13.3412504196167,13.379500389099121,13.178500175476074,13.36674976348877,231384000,0.007457059631127416,0.028445368791807812,13.276900148391723,13.417760066986084,0.22770316204564486,50.86895594907583,-0.024739334388296896,-0.02451694831642212,-0.000222386071874775,0.3980523034904106
2020-12-18,13.218657493591309,13.272000312805176,13.404999732971191,13.070500373840332,13.378999710083008,342064000,-0.005190675883701257,0.01988357672947516,13.268487644195556,13.406425075531006,0.2283318833099219,49.44949310539033,-0.023098323724761727,-0.024233223398090045,0.0011348996733283184,0.3639053059658257
2020-12-21,13.278665542602539,13.332249641418457,13.369999885559082,12.967499732971191,13.074749946594238,302332000,0.004539581614924293,0.0017657171831417795,13.280712604522705,13.397815074920654,0.20758376515333607,50.73745928451798,-0.01674318860070656,-0.02273521643861335,0.0059920278379067896,0.39361404967383207
2020-12-22,13.224884033203125,13.278249740600586,13.337249755859375,13.053999900817871,13.319250106811523,185580000,-0.0040503217589110685,-0.006156251115314593,13.287625074386597,13.3788600730896,0.20801262217108413,49.519642710103085,-0.015880972957921458,-0.021364367742474973,0.005483394784553515,0.36698687804254104
2020-12-23,12.956963539123535,13.009249687194824,13.274999618530273,13.005000114440918,13.255999565124512,179144000,-0.020258698146281007,-0.017613789889043274,13.29020004272461,13.354080066680908,0.21502719215330526,43.87064646338535,-0.03648316185183553,-0.024388126564347086,-0.012095035287488447,0.23434384569661493
2020-12-24,12.941527366638184,12.993749618530273,13.132499694824219,12.938750267028809,13.037249565124512,97884000,-0.001191465229528732,-0.026047093799803633,13.278150033950805,13.33205005645752,0.20006970781630576,43.56227775435043,-0.05344518812256638,-0.030199538875990948,-0.02324564924657543,0.22670081335068884
2020-12-28,12.848153114318848,12.899999618530273,13.0625,12.763250350952148,13.0625,212564000,-0.007215007426825015,-0.02802898474286397,13.260087537765504,13.310650043487549,0.20100449209217644,41.655118412235204,-0.07360409545009006,-0.038880450190810774,-0.03472364525927928,0.18047299991723537
2020-12-29,12.891227722167969,12.943249702453613,13.072500228881836,12.842249870300293,12.925000190734863,170372000,0.003352719783124014,-0.029177366868106236,13.237175035476685,13.29328504562378,0.1969367021288043,42.897155331109396,-0.08510916890711329,-0.048126193934071276,-0.03698297497304201,0.20179947256352185
2020-12-30,13.092916488647461,13.145750045776367,13.213749885559082,12.896750450134277,12.990249633789062,225396000,0.0156452473666151,-0.009978701817836555,13.224962520599366,13.286245040893554,0.20632219965142706,48.432346275083184,-0.07699933674761361,-0.05390082249677974,-0.023098514250833868,0.3016517188710903
2020-12-31,13.002530097961426,13.055000305175781,13.151000022888184,12.914999961853027,13.136500358581543,192424000,-0.006903352055575018,0.0035167760694139183,13.200487518310547,13.274435043334961,0.20198751071690088,46.267842138302015,-0.07700728987001781,-0.05852211597142736,-0.018485173898590453,0.25690332337649635
2021-01-04,13.060794830322266,13.113499641418457,13.65250015258789,12.962499618530273,13.104249954223633,560640000,0.004480990798558793,0.009215971248007548,13.186362504959106,13.266210041046143,0.2000860395693399,47.8847236170876,-0.07146933127852328,-0.061111559032846555,-0.01035777224567673,0.28574915166244064
2021-01-05,13.350875854492188,13.404749870300293,13.443499565124512,13.086999893188477,13.099749565124512,322760000,0.022209954386389175,0.03912792765086359,13.178687477111817,13.267085037231446,0.21172763365978078,55.12490297766312,-0.04308237302648443,-0.05750572183157413,0.014423348805089699,0.42936367158990874
2021-01-06,12.563802719116211,12.614500045776367,13.244999885559082,12.586000442504883,13.22249984741211,580424000,-0.05895297056417381,-0.025399313482681762,13.129075002670287,13.247570037841797,0.29556395740040287,39.2084375050443,-0.08339078349729157,-0.06268273416471762,-0.020708049332573947,0.039694109414854
2021-01-07,13.29036808013916,13.343999862670898,13.377750396728516,12.886500358581543,12.967499732971191,461480000,0.05783025995856139,0.015080905707485881,13.128774976730346,13.25162504196167,0.3611612159126084,52.766421227166354,-0.055827407065482504,-0.061311668744870595,0.005484261679388092,0.3994080447230018
2021-01-08,13.223389625549316,13.276749610900879,13.420999526977539,13.041999816894531,13.362500190734863,292528000,-0.005039737144943213,0.01698577560639225,13.146074962615966,13.249225025177003,0.34216349619746733,51.62340638162613,-0.038960651802094404,-0.05684146535631536,0.017880813554220956,0.3662471690731113
2021-01-11,13.566753387451172,13.621500015258789,13.961000442504883,13.362500190734863,13.418749809265137,518344000,0.02596647631848481,0.03873873395594818,13.178537464141845,13.269115028381348,0.352997899407962,56.79074117875211,0.0021994952824098135,-0.04503327322857033,0.04723276851098014,0.5362424477266058
2021-01-12,13.430553436279297,13.484749794006348,13.754500389099121,13.345000267028809,13.7524995803833,291476000,-0.010039292375968456,0.005968028085574506,13.202112436294556,13.27833002090454,0.3558577070880929,54.312524679620175,0.02351355873551597,-0.03132390683575307,0.05483746557126904,0.46881136809949814
2021-01-13,13.477362632751465,13.531749725341797,13.625,13.385000228881836,13.489999771118164,210028000,0.003485413674960469,0.07271391464083798,13.21326241493225,13.298285007476807,0.34747942550849864,55.038721311730995,0.04369393278695455,-0.016320338911211547,0.060014271698166095,0.47999967268209587
2021-01-14,13.147197723388672,13.200249671936035,13.599749565124512,13.180500030517578,13.574999809265137,283120000,-0.024497944473872435,-0.010772646299030408,13.205249881744384,13.310674991607666,0.3588376163089895,49.109548911087195,0.032562381897031756,-0.006543794749562888,0.039106176646594645,0.3007699909211195
2021-01-15,12.807816505432129,12.85949993133545,13.325249671936035,12.84850025177002,13.227999687194824,277780000,-0.025813886030127575,-0.03142709562157042,13.186099863052368,13.307474994659424,0.3690722802669395,43.877150846596656,-0.003712315422436774,-0.005977498884137665,0.0022651834617008915,0.12580223710666755
2021-01-19,12.972902297973633,13.025250434875488,13.093999862670898,12.843999862670898,13.016249656677246,226188000,0.012889342853538599,-0.043772681401856084,13.170299863815307,13.292095012664795,0.37126133226252017,46.84397194763283,-0.01886809434563652,-0.008555617976437436,-0.010312476369199085,0.21091159991028852
2021-01-20,13.312032699584961,13.365750312805176,13.430500030517578,13.056750297546387,13.111749649047852,258572000,0.026141522547465934,-0.00882474521359411,13.174987363815308,13.276210021972656,0.38297478750941044,52.409641442190356,-0.0033648756689004244,-0.007517469514930034,0.00415259384602961,0.38575105455065417
2021-01-21,13.811767578125,13.867500305175781,13.999250411987305,13.253000259399414,13.418499946594238,337780000,0.03753997947200172,0.02481205953766663,13.201749897003173,13.262320022583008,0.40474030029499497,59.190454168056945,0.04884550730874615,0.0037551258498052034,0.04509038145894095,1.0
2021-01-22,13.657389640808105,13.712499618530273,13.841750144958496,13.627249717712402,13.739999771118164,246820000,-0.011177262176634395,0.038806080136748466,13.223462390899659,13.263955020904541,0.40700278419617475,56.511704614857535,0.07682970691998214,0.018370042063840592,0.058459664856141555,0.8762963650783261
2021-01-25,13.598376274108887,13.653249740600586,13.828499794006348,13.236499786376953,13.781749725341797,251112000,-0.0043208663320304375,0.06172478039608387,13.255662393569946,13.28162000656128,0.39934222388789153,55.47813247626612,0.09315261143103193,0.03332655593727886,0.05982605549375307,0.8290099599198092
2021-01-26,13.38125228881836,13.435250282287598,13.644749641418457,13.387499809265137,13.580499649047852,163980000,-0.01596685495796102,0.031477310126362124,13.277737426757813,13.281965007781983,0.4046699862936201,51.72933547710306,0.08748937343117724,0.04415911943605854,0.0433302539951187,0.6550279861112168
2021-01-27,12.86583137512207,12.917750358581543,13.232749938964844,12.793749809265137,13.229999542236328,371272000,-0.03851807095758408,-0.03351850391776523,13.278624963760375,13.27118501663208,0.42864908717950795,44.109557003490046,0.040773288509655004,0.04348195325077783,-0.0027086647411228293,0.24201935357182544
2021-01-28,12.998546600341797,13.050999641418457,13.339750289916992,12.96049976348877,12.99625015258789,228316000,0.010315208077108728,-0.058878719725182216,13.284012460708619,13.26626501083374,0.4299922067271642,46.30284662137055,0.01433728683437252,0.03765301996749677,-0.023315733133124253,0.3483635317452465
2021-01-29,12.937544822692871,12.989749908447266,13.334750175476074,12.911499977111816,13.074999809265137,271552000,-0.004693106631986299,-0.052707364097667964,13.276212453842163,13.255755004882813,0.42670441338037224,45.420509730852494,-0.0114240867588844,0.02783759862222054,-0.039261685381104944,0.29948107341235713
2021-02-01,13.183799743652344,13.237000465393066,13.270750045776367,12.902750015258789,13.053250312805176,217204000,0.019034281544174636,-0.030487194119779515,13.285312461853028,13.252050018310547,0.4312516046173433,49.59601807006419,-0.011753618943007638,0.01991935510917491,-0.03167297405218254,0.49680789365125516
2021-02-02,13.502265930175781,13.556750297546387,13.571999549865723,13.285499572753906,13.398750305175781,220440000,0.024155761948432053,0.009043375650319652,13.307474994659424,13.254610023498536,0.4389183270869074,54.449271166489154,0.013629254063920015,0.01866133490012393,-0.005032080836203913,0.7519952567461218
2021-02-03,13.476119995117188,13.530500411987305,13.931750297546387,13.516500473022461,13.63599967956543,245408000,-0.0019362963086981821,0.04743473409816268,13.313762521743774,13.256415023803712,0.432514134969772,53.989670612463506,0.03126679328042847,0.02118242657618484,0.010084366704243633,0.731045631746312
2021-02-04,13.609332084655762,13.664250373840332,13.673500061035156,13.337750434875488,13.531000137329102,201340000,0.009885071341081408,0.04698879390630517,13.366250038146973,13.267945022583008,0.37098382423365184,56.02639148539211,0.055398574030579795,0.028025656067063833,0.02737291796351596,0.8377893940477948
2021-02-05,13.536377906799316,13.590999603271484,13.737250328063965,13.54574966430664,13.725000381469727,169152000,-0.005360760273324883,0.04628647195379987,13.378600025177002,13.276965007781982,0.3132884726022342,54.600853425368086,0.0678305507663115,0.03598663500691337,0.031843915759398135,0.7793290944434211
2021-02-08,14.380720138549805,14.438750267028809,14.473750114440918,13.727250099182129,13.727250099182129,434624000,0.062375887609713576,0.09078716925164487,13.436700057983398,13.306585006713867,0.38004076854725527,65.53156346881578,0.14442453932604238,0.057674215870739176,0.0867503234553032,1.0
2021-02-09,14.205924987792969,14.263250350952148,14.583250045776367,14.22249984741211,14.340749740600586,287560000,-0.012154785755760122,0.05211426321938162,13.468787574768067,13.327155017852784,0.3755094720543458,62.19317500103055,0.18878821752112884,0.08389701620081712,0.10489120132031172,0.9037961382533529
2021-02-10,14.704910278320312,14.764249801635742,14.904999732971191,14.341500282287598,14.463250160217285,485352000,0.03512519505416578,0.09118283523020332,13.532762575149537,13.357215023040771,0.3893662755078857,67.31250373554491,0.2613604205202886,0.11938969706471143,0.1419707234555772,1.0
2021-02-11,15.18945598602295,15.250749588012695,15.272250175476074,14.925000190734863,14.980250358581543,450828000,0.0329512025950045,0.1161058360881364,13.618712568283081,13.394200019836425,0.40186873085041924,71.3670232872108,0.3540496175608645,0.16632168116394205,0.18772793639692245,1.0
2021-02-12,14.901121139526367,14.961250305175781,15.291250228881836,14.774999618530273,15.050000190734863,374756000,-0.018982626471322095,0.10082045043798438,13.706762599945069,13.425625019073486,0.39670665951799494,66.1118552352529,0.3995406454710668,0.21296547402536703,0.1865751714456998,0.8901851747345086
2021-02-16,15.268634796142578,15.330249786376953,15.3725004196167,14.949999809265137,15.064249992370605,321960000,0.0246636794167876,0.06174353755420947,13.830300092697144,13.461340007781983,0.3822477278564799,69.22272700189558,0.46006445050541167,0.26238526932137596,0.1976791811840357,1.0
2021-02-17,14.846094131469727,14.906000137329102,15.22350025177002,14.779999732971191,15.170999526977539,274756000,-0.027674020642824537,0.04506334605099638,13.924337577819824,13.49154001235962,0.40344277497815445,62.15776068951273,0.4683972095056479,0.30358765735823035,0.16480955214741755,0.8437817584200417
2021-02-18,14.769401550292969,14.829000473022461,14.873250007629395,14.574999809265137,14.729000091552734,233868000,-0.0051656825169221765,0.004385639111818884,13.997500085830689,13.516955013275146,0.3990961694092972,60.94204934566796,0.46344544109099495,0.3355592141047833,0.12788622698621166,0.8154287540339997
2021-02-19,14.866507530212402,14.92650032043457,15.177000045776367,14.846750259399414,15.024499893188477,271724000,0.006574943981523473,-0.021261201995801504,14.050450086593628,13.5433500289917,0.3808486955924958,61.956692123867576,0.4620621865301544,0.3608598085898575,0.1012023779402969,0.851330385894433
2021-02-22,14.298053741455078,14.35575008392334,15.13325023651123,14.324999809265137,14.774749755859375,325884000,-0.03823737810328298,-0.04047123127423191,14.082612609863281,13.563465023040772,0.4063683089074037,53.237983551207016,0.4101828407390826,0.37072441501970255,0.039458425719380075,0.6411673403168204
2021-02-23,14.085165023803711,14.142000198364258,14.238750457763672,13.38949966430664,14.075249671936035,391780000,-0.01488949614680568,-0.07751012570379767,14.107050132751464,13.587690029144287,0.4104677895717423,50.37871156625171,0.3478109083996106,0.36614171369568416,-0.01833080529607356,0.5624598355848817
2021-02-24,14.440727233886719,14.49899959564209,14.506750106811523,13.755999565124512,14.122750282287598,448320000,0.025243911205652836,-0.027304477253274673,14.16023759841919,13.618225021362305,0.41250430422484985,54.74990148269389,0.3234589371654941,0.3576051583896462,-0.03414622122415206,0.6939150252662704
2021-02-25,13.25401496887207,13.307499885559082,14.374750137329102,13.2162504196167,14.045499801635742,824436000,-0.08217806354316559,-0.1026030439631691,14.179725074768067,13.624110012054443,0.4935349833761684,41.58357536495973,0.20564520576843393,0.3272131678654038,-0.12156796209696985,0.2551780929672329
2021-02-26,13.659379959106445,13.714500427246094,13.854499816894531,13.361000061035156,13.7524995803833,500932000,0.030584297966342877,-0.0811978606619016,14.212900114059448,13.632225017547608,0.5032390726265275,46.331325600520444,0.14346474482818117,0.2904634832579593,-0.14699873842977812,0.4050448261210042
2021-03-01,13.786118507385254,13.841750144958496,13.925000190734863,13.553250312805176,13.875,353184000,0.009278479984557109,-0.03580446413179483,14.25550012588501,13.64185001373291,0.5028623421334467,47.76086263805849,0.10326390824147325,0.2530235682546621,-0.14975966001318886,0.45190102785786274
2021-03-02,13.35236930847168,13.40625,13.920499801635742,13.395999908447266,13.899999618530273,264116000,-0.03146279483430181,-0.05202589365324428,14.263962602615356,13.645125007629394,0.5142104259302828,43.49121313557571,0.035849977320820514,0.2095888500678938,-0.17373887274707328,0.29154010120554696
2021-03-03,12.753286361694336,12.804750442504883,13.451499938964844,12.798749923706055,13.426250457763672,377592000,-0.04486709985977566,-0.11685283125647106,14.226362609863282,13.634395008087159,0.531319426220333,38.3869260744318,-0.06535862245788415,0.1545993555627382,-0.21995797802062236,0.0700544655806326
2021-03-04,12.320534706115723,12.37024974822998,12.975000381469727,12.083749771118164,12.800749778747559,573344000,-0.03393277332704536,-0.07043021945438288,14.168350076675415,13.616359996795655,0.5430300118738276,35.175393175809944,-0.17856930590235898,0.08796562326971877,-0.2665349291720778,0.0
2021-03-05,12.411415100097656,12.46150016784668,12.550000190734863,11.67924976348877,12.550000190734863,542840000,0.007376602855553083,-0.0913631718520439,14.108212566375732,13.598945007324218,0.5422572013137242,36.3792012043052,-0.2579529212139082,0.01878191437299337,-0.2767348355869016,0.03082784406780753
2021-03-08,11.546656608581543,11.593250274658203,12.4712495803833,11.566499710083008,12.449999809265137,543112000,-0.06967458825132034,-0.16244332159970765,14.008325099945068,13.56524501800537,0.5902702310478278,30.563354907529444,-0.3864705267270061,-0.06226857384700653,-0.3242019528799996,0.0
2021-03-09,12.474235534667969,12.52025032043457,12.61674976348877,12.059249877929688,12.130249977111816,521824000,0.07996032379312168,-0.06608855418669868,13.912400102615356,13.555465030670167,0.6203169275161163,41.34498887074173,-0.4088080142696153,-0.1315764619315283,-0.27723155233808705,0.24805998579058258
2021-03-10,12.42242431640625,12.468250274658203,12.979999542236328,12.457500457763672,12.840499877929688,384376000,-0.004153275249736521,-0.026279322612151823,13.82265009880066,13.544955043792724,0.619977914755028,40.96077532123054,-0.42579826583336455,-0.19042082271189556,-0.235377443121469,0.23414506671893118
2021-03-11,12.945744514465332,12.993499755859375,13.046250343322754,12.73449993133545,12.949999809265137,299916000,0.04212696004897687,0.05038297692563343,13.73411259651184,13.546825046539306,0.6265967829939231,46.38097514803741,-0.3923570710842643,-0.23080807238636936,-0.16154899869789496,0.3746988665131396
2021-03-12,12.80875015258789,12.855999946594238,12.888750076293945,12.59000015258789,12.648249626159668,243964000,-0.010582199703596529,0.031657486934474566,13.614375114440918,13.545080051422119,0.6098835222969917,45.21083382582028,-0.37265404492780796,-0.2591772668946571,-0.11347677803315087,0.33790469278259594
2021-03-15,13.142768859863281,13.19124984741211,13.20674991607666,12.767250061035156,12.864749908447266,221988000,0.026077310377298435,0.13783878851015485,13.525875091552734,13.545990047454834,0.6198177720968728,48.61481839240712,-0.3262268494986422,-0.2725871834154541,-0.0536396660831881,0.42761567609061363
2021-03-16,13.242402076721191,13.291250228881836,13.512499809265137,13.11674976348877,13.356499671936035,272128000,0.007580811721896508,0.06158023112276756,13.423925113677978,13.550715045928955,0.6116873629163897,49.620281885324,-0.27815734288278016,-0.27370121530891933,-0.004456127573860824,0.454375214366211
2021-03-17,13.292217254638672,13.3412504196167,13.45324993133545,12.989500045776367,13.039750099182129,243864000,0.0037618876985863192,0.07001785541094518,13.345687627792358,13.55527006149292,0.6073496297334459,50.14555716839301,-0.2333375450723274,-0.265628481261601,0.03229093618927359,0.4677549835040097
2021-03-18,12.675740242004395,12.72249984741211,13.184000015258789,12.717000007629395,13.136500358581543,293896000,-0.04637875407051739,-0.020856575483064854,13.24036259651184,13.541625061035155,0.6250144647176583,44.02786655744557,-0.24492222154971977,-0.26148722931922475,0.01656500776950498,0.3021808189197576
2021-03-19,12.798538208007812,12.845749855041504,12.921500205993652,12.612500190734863,12.75,299208000,0.009687562122821625,-0.0007973002174327393,13.136325073242187,13.546250057220458,0.6260006930827727,45.45532486565814,-0.24137548916071871,-0.25746488128752354,0.016089392126804825,0.33516182607346434
2021-03-22,13.137785911560059,13.186249732971191,13.394499778747559,12.906749725341797,12.912750244140625,297804000,0.026506812118566536,-0.0003790478156926458,13.07785005569458,13.543095054626464,0.6249710743684581,49.30209531743404,-0.20868360897368454,-0.24770862682475575,0.03902501785107121,0.4262776736570467
2021-03-23,13.022712707519531,13.07075023651123,13.344499588012695,13.021249771118164,13.254249572753906,222048000,-0.008759086078217071,-0.016589860891450203,13.024287557601928,13.538975067138672,0.6238667423758572,48.063840029837095,-0.18990578679006553,-0.23614805881781772,0.04624227202775219,0.3953706595946233
2021-03-24,12.596531867980957,12.642999649047852,13.159250259399414,12.636750221252441,13.151249885559082,245840000,-0.032725786945918434,-0.0523377306179752,12.931487560272217,13.519405059814453,0.6227584495586741,43.68762679774549,-0.20715220331803863,-0.23034888771786194,0.02319668439982331,0.28090701406242347
2021-03-25,12.489177703857422,12.535249710083008,12.714750289916992,12.272000312805176,12.499500274658203,295144000,-0.008522497979580268,-0.014718030227934387,12.892875051498413,13.500415058135987,0.5545453985885315,42.63456715530638,-0.22689908087626165,-0.22965892634954188,0.0027598454732802313,0.25207373789341303
2021-03-26,12.792060852050781,12.839249610900879,12.856249809265137,12.373499870300293,12.554499626159668,363968000,0.024251603107143582,-0.0005060229425278839,12.849112510681152,13.486565055847167,0.5499855491665302,46.549189771342995,-0.215533832392234,-0.2268339075580803,0.011300075165846302,0.3334223973900403
2021-03-29,12.900662422180176,12.948249816894531,13.0625,12.699999809265137,12.820249557495117,273520000,0.00848960876195659,-0.01804909818153677,12.804437494277954,13.481525058746337,0.5497643261413104,47.921451826671294,-0.195478036293947,-0.22056273330525367,0.025084697011306667,0.36259023796691003
2021-03-30,12.824441909790039,12.871749877929688,12.975250244140625,12.704999923706055,12.842000007629395,200204000,-0.0059081296736357425,-0.01522486123448863,12.777712488174439,13.481770057678222,0.5394568274423586,47.00926318655464,-0.18363969503699806,-0.21317812565160257,0.02953843061460451,0.34211928560929
2021-03-31,13.299190521240234,13.348250389099121,13.470499992370605,12.982500076293945,13.01550006866455,314776000,0.03701909341685217,0.05578191565514934,12.80488748550415,13.488230056762696,0.530346536662176,53.009295805882225,-0.13426044449980878,-0.19739458942124383,0.06313414492143504,0.46962813587142926
2021-04-01,13.760988235473633,13.811750411987305,13.869999885559082,13.511249542236328,13.572250366210938,308276000,0.034723653615810424,0.10183288976505311,12.876962518692016,13.497150058746337,0.5235534567883467,57.99191410767606,-0.057068603141988916,-0.16932939216539286,0.11226078902340395,0.5936581287667205
2021-04-05,13.936092376708984,13.987500190734863,14.013999938964844,13.732999801635742,13.867500305175781,255672000,0.012724656434207171,0.08943284184295996,12.953262519836425,13.499550056457519,0.5240780557373175,59.73532430343115,0.018079615065703436,-0.13184759071917362,0.14992720578487706,0.6406877786760743
2021-04-06,13.810556411743164,13.861499786376953,14.05424976348877,13.773500442504883,13.999750137329102,191744000,-0.009008071681126495,0.07053076534643599,13.066674995422364,13.502530059814454,0.44581588480877393,57.880673717599485,0.06669907439570899,-0.0921382576961971,0.1588373320919061,0.6069707808646512
2021-04-07,14.09151840209961,14.143500328063965,14.243499755859375,13.71150016784668,13.880749702453613,251284000,0.020344157993939627,0.09880167515644955,13.147837495803833,13.51233507156372,0.36312566442170924,60.81314628428516,0.12652690968176294,-0.048405224220605086,0.17493213390236803,0.6824325358910285
2021-04-08,14.264381408691406,14.317000389099121,14.471500396728516,14.24899959564209,14.252750396728516,244416000,0.012267123202231112,0.07257505453981694,13.240275001525879,13.529970073699952,0.3614928184207599,62.541137384558716,0.18579912841088486,-0.0015643536943070954,0.18736348210519196,0.7288601740245316
2021-04-09,14.347075462341309,14.399999618530273,14.407999992370605,14.175000190734863,14.21399974822998,195172000,0.00579724992494568,0.04259048918466002,13.310599994659423,13.559615058898926,0.33709447269352527,63.37320596650659,0.23674112858449448,0.046096742761453216,0.19064438582304127,0.7510702998677055
2021-04-12,15.153103828430176,15.208999633789062,15.352499961853027,14.139249801635742,14.289750099182129,869324000,0.056180558103470224,0.08732793039483244,13.428249979019165,13.602775058746339,0.3762287317688265,70.29854985643462,0.3384906612359231,0.10457552645634718,0.2339151347795759,0.9675541427801461
2021-04-13,15.621870994567871,15.679499626159668,15.699999809265137,15.125749588012695,15.231499671936035,676212000,0.03093563046219816,0.13115462740687267,13.552662467956543,13.656570053100586,0.3795842785121446,73.44346946376172,0.4518842755395589,0.17403727627298954,0.27784699926656936,1.0
2021-04-14,15.220853805541992,15.277000427246094,15.720499992370605,15.227499961853027,15.625,385500000,-0.02567041095125544,0.08014282694454389,13.651949977874756,13.697370052337646,0.3990258103608831,66.9159027565969,0.5034675497895904,0.23992333097630972,0.2635442188132807,0.9014991097482393
2021-04-15,16.077939987182617,16.137250900268555,16.214250564575195,15.631500244140625,15.662500381469727,598480000,0.05631016881352102,0.1271390976950284,13.79175000190735,13.74898006439209,0.43485879088942314,72.53452497044489,0.6067682434198733,0.31329231346502245,0.2934759299548509,1.0
2021-04-16,15.854015350341797,15.912500381469727,16.16575050354004,15.865249633789062,16.05299949645996,335208000,-0.013927435359828766,0.1050347779866001,13.951250028610229,13.796620063781738,0.392318914543925,69.22668460673565,0.6628582811642652,0.383205507004871,0.27965277415939416,0.9505390651726331
2021-04-19,15.305289268493652,15.361749649047852,15.807499885559082,15.232999801635742,15.536499977111816,404420000,-0.03461119995090334,0.010043396603115928,14.077050018310548,13.830570049285889,0.42521992259232627,61.79034133334965,0.6553149955438595,0.4376274047126687,0.21768759083119082,0.8293351354641292
2021-04-20,15.115488052368164,15.171250343322754,15.496999740600586,14.963000297546387,15.323249816894531,334132000,-0.012400885971794562,-0.03241489173474332,14.176300048828125,13.862175064086914,0.42678889410326276,59.41300613439631,0.6267405109624082,0.47545002596261665,0.15129048499979159,0.7874118785324666
2021-04-21,15.304044723510742,15.36050033569336,15.362500190734863,15.102250099182129,15.118749618530273,216776000,0.012474251501221723,0.005465726655236924,14.290787553787231,13.880610065460205,0.42277872270922345,61.017601522543764,0.6123076177505222,0.5028215443201978,0.10948607343032446,0.82906019858418
2021-04-22,14.795669555664062,14.850250244140625,15.43850040435791,14.783499717712402,15.375,277788000,-0.03321832495046151,-0.07975340187011104,14.40115008354187,13.892350063323974,0.42341788819966336,54.73453068116468,0.5533182198367115,0.5129208794235005,0.04039734041321097,0.7167692607975688
2021-04-23,15.209146499633789,15.265250205993652,15.335000038146973,14.900250434875488,14.934249877929688,227500000,0.027945654452306012,-0.04067557957326451,14.537650108337402,13.902370071411132,0.4238601209751015,58.479348006661276,0.5339012444128954,0.5171169524213794,0.016784291991515987,0.8080984651806083
2021-04-26,15.421113967895508,15.477999687194824,15.479000091552734,15.125,15.1850004196167,197796000,0.013936848615664355,0.007567499848832426,14.6695876121521,13.906915073394776,0.4209074850024265,60.292927573928175,0.5295756383001642,0.5196086895971365,0.009966948703027723,0.8549183269566166
2021-04-27,15.325216293334961,15.381750106811523,15.670499801635742,15.354499816894531,15.578499794006348,164572000,-0.006218476697795072,0.013874912002979078,14.79126262664795,13.91532506942749,0.4246986714909299,59.03658324784236,0.512473551448501,0.5181816619674094,-0.005708110518908405,0.8337366440490857
2021-04-28,15.22060489654541,15.276749610900879,15.53225040435791,15.215499877929688,15.364500045776367,209416000,-0.0068263035858414645,-0.0054523435410412935,14.911512613296509,13.914255065917969,0.42513799269708147,57.62587554866502,0.48485821818496966,0.5115169732109215,-0.02665875502595183,0.8106291437290256
2021-04-29,15.268426895141602,15.324749946594238,15.43649959564209,15.071499824523926,15.399999618530273,173196000,0.003142051608878038,0.031952303473191224,15.010337591171265,13.922630062103272,0.4122729174058001,58.11856692792331,0.4615259101485112,0.5015187605984395,-0.039992850449928286,0.8211925964325366
2021-04-30,14.954336166381836,15.009499549865723,15.364999771118164,14.996999740600586,15.174500465393066,201912000,-0.020571324023370252,-0.016753780820933595,15.070225048065186,13.926240043640137,0.41010856938885,53.702226264605656,0.4128378775017332,0.48378258397909824,-0.07094470647736506,0.7518153179718473
2021-05-03,14.782220840454102,14.836750030517578,15.246749877929688,14.787500381469727,15.125,203912000,-0.011509345716306019,-0.041429749944223215,15.11268754005432,13.924445037841798,0.41266094840798434,51.39741770449918,0.35620668938316413,0.4582674050599114,-0.1020607156767473,0.7137982634902712
2021-05-04,14.298502922058105,14.351249694824219,14.637499809265137,14.010250091552734,14.637249946594238,405324000,-0.03272282236303359,-0.06699500413356518,15.137175035476684,13.924355030059814,0.43023015489166516,45.48857690921361,0.269048817902954,0.42042368762851995,-0.15137486972556596,0.606954014183385
2021-05-05,14.405360221862793,14.458499908447266,14.81350040435791,14.387499809265137,14.708999633789062,292024000,0.00747323166300462,-0.05356176695268622,15.15292501449585,13.930685024261475,0.42538285161101164,46.939764242360305,0.2062522254607213,0.37758939519496026,-0.17133716973423896,0.6305566107628344
2021-05-06,14.469622611999512,14.52299976348877,14.571249961853027,14.218000411987305,14.49524974822998,193380000,0.004461033679145299,-0.05231734194029369,15.163224983215333,13.931165027618409,0.42364639935339404,47.839109018047274,0.1598474508672858,0.3340410063294254,-0.1741935554621396,0.6447511191610018
2021-05-07,14.757808685302734,14.812250137329102,14.970749855041504,14.67175006866455,14.808250427246094,229328000,0.019916709946351085,-0.013141638192619487,15.183837509155273,13.961260032653808,0.42868005632494816,51.78578955301775,0.14474291426006758,0.2961813879155539,-0.1514384736554863,0.7084065623865361
2021-05-10,14.213318824768066,14.26574993133545,14.805999755859375,14.25,14.787249565124512,268904000,-0.03689515103558705,-0.03848552398656335,15.136675024032593,13.972285022735596,0.39817980520354024,44.87686338226983,0.08766392567930303,0.25447789546830374,-0.1668139697890007,0.5881380476963017
2021-05-11,14.253668785095215,14.306249618530273,14.35474967956543,13.75,13.824999809265137,285584000,0.00283894554368036,-0.0031356207473816067,15.068012523651124,13.981575012207031,0.3785195360793313,45.457601329928046,0.04517564556257092,0.2126174454871572,-0.16744179992458627,0.5970508297427136
2021-05-12,13.707934379577637,13.758500099182129,14.260250091552734,13.709250450134277,14.009499549865723,303408000,-0.03828742919728367,-0.04841441461407536,14.992087507247925,13.988620014190674,0.3904278652373029,39.41018610527818,-0.03232283351463394,0.163629389686799,-0.19595222320143293,0.47650737817253025
2021-05-13,13.615023612976074,13.665249824523926,14.080750465393066,13.458999633789062,14.0337495803833,285404000,-0.006777648289128968,-0.059061485432317595,14.868487453460693,14.005830001831054,0.3163710969338556,38.47184849261527,-0.10011143209754891,0.11088122532992942,-0.21099265742747833,0.45598575365235805
2021-05-14,14.190654754638672,14.243000030517578,14.32800006866455,13.748499870300293,13.890000343322754,258616000,0.04227878841679211,-0.038431035226506705,14.785012435913085,14.043285007476806,0.3622028050722025,46.906492023391706,-0.10599295094110595,0.06750639007572234,-0.1734993410168283,0.5831314680999763
2021-05-17,14.113436698913574,14.165499687194824,14.169249534606934,13.853500366210938,14.156999588012695,216980000,-0.005441293488499532,-0.007027337828235725,14.725199937820435,14.07736499786377,0.34527567211629623,45.99561962985906,-0.11557544521817498,0.03089002301694288,-0.14646546823511786,0.566075937146491
2021-05-18,13.96423625946045,14.01574993133545,14.404250144958496,14.003999710083008,14.267000198364258,186256000,-0.010571441824586247,-0.02030578907406677,14.66742491722107,14.125814990997315,0.34473329850895396,44.209196288274605,-0.13371184780901046,-0.0020303511482477887,-0.13168149666076268,0.4217768854754049
2021-05-19,14.014054298400879,14.065750122070312,14.079500198364258,13.54325008392334,13.566499710083008,344000000,0.003567428855381971,0.022331651028330235,14.602687406539918,14.15672498703003,0.34060600925192486,44.97761432255804,-0.14240887909296518,-0.03010605673719127,-0.1123028223557739,0.4354046266062872
2021-05-20,14.558796882629395,14.612500190734863,14.68375015258789,14.270500183105469,14.302499771118164,321592000,0.038871021020532304,0.06931818871770523,14.590799903869629,14.199609985351563,0.3548978955709808,52.656484162580085,-0.10398450919013769,-0.04488174722778056,-0.05910276196235713,0.5766934464962938
2021-05-21,14.93664836883545,14.99174976348877,15.222000122070312,14.869500160217285,15.163749694824219,672992000,0.025953777095200525,0.0525696644925151,14.577124881744385,14.23957498550415,0.3528396930508412,57.126115100516245,-0.04244141005296598,-0.04439367979281765,0.0019522697398516725,0.6819820215770729
2021-05-24,15.554622650146484,15.612000465393066,15.744999885559082,15.175999641418457,15.212499618530273,554816000,0.041372802487329885,0.1021143489562768,14.583824920654298,14.294694995880127,0.38027632828719793,63.23874781880736,0.05573846902468205,-0.024367250029317715,0.08010571905399977,0.8541781617655625
2021-05-25,15.590240478515625,15.647749900817871,15.818499565124512,15.482500076293945,15.765999794006348,435408000,0.002289868969966413,0.11644043147728467,14.597124910354614,14.343824996948243,0.3794207989876549,63.56121532151087,0.13487663729291377,0.007481527435128581,0.12739510985778518,0.8641030433903137
2021-05-26,15.642298698425293,15.699999809265137,15.793749809265137,15.586250305175781,15.73425006866455,370440000,0.003339132385068,0.11618645809941919,14.618287420272827,14.391999988555908,0.3783084031778147,64.05747080873616,0.19951050384879565,0.045887322717862,0.15362318113093365,0.8786088432744538
2021-05-27,15.43107795715332,15.48799991607666,15.75,15.460000038146973,15.699749946594238,581476000,-0.013503178074140365,0.05991443722251666,14.626449918746948,14.434934978485108,0.38202546677321164,60.45963178760779,0.2309642767211475,0.0829027135185191,0.1480615632026284,0.8197527013703041
2021-05-28,16.184799194335938,16.24449920654297,16.27750015258789,15.50100040435791,15.50100040435791,644536000,0.04884422098175878,0.08356259027916613,14.688199901580811,14.505374965667725,0.40901990909661085,67.47893849707506,0.3133229962825972,0.12898677007133474,0.18433622621126244,1.0
2021-06-01,16.20472526550293,16.26449966430664,16.38825035095215,15.903249740600586,16.270000457763672,472804000,0.0012312141796047005,0.04179472069322321,14.759587383270263,14.573749961853027,0.4049791168118298,67.64248631261427,0.37587390429299816,0.17836419691566743,0.19750970737733073,1.0
2021-06-02,16.716585159301758,16.778249740600586,16.918750762939453,16.23550033569336,16.25225067138672,594168000,0.03158720445741103,0.0722467988655433,14.880937385559083,14.645589962005616,0.3897658619324158,71.59418590718874,0.46158047472581387,0.23500745247769672,0.22657302224811715,1.0
2021-06-03,16.907381057739258,16.969749450683594,17.259000778198242,16.58300018310547,16.70075035095215,580008000,0.011413568938577034,0.08087577432129223,15.006499862670898,14.723569946289063,0.3899290654880489,72.92167651129499,0.538745650943607,0.2957550921708788,0.24299055877272824,1.0
2021-06-04,17.51364517211914,17.578250885009766,17.660999298095703,17.095500946044922,17.112499237060547,617120000,0.03585800934153793,0.13495938663864582,15.159262418746948,14.822274971008301,0.4015566261459865,76.65500474169812,0.6416045712206753,0.3649249879808381,0.27667958323983716,1.0
2021-06-07,17.554244995117188,17.618999481201172,17.8125,17.192750930786133,17.571250915527344,575756000,0.0023181257599500515,0.08461327475731495,15.299599885940552,14.923949966430664,0.40058877591263714,76.884834959981,0.718130911632846,0.4355661727112397,0.28256473892160633,1.0
2021-06-08,17.392837524414062,17.457000732421875,17.62150001525879,17.250999450683594,17.527250289916992,323848000,-0.009194548700233729,0.07331925929035776,15.459162425994872,15.016304988861084,0.3693312036113223,73.77521362634735,0.7569806409804087,0.49984906636507354,0.2571315746153352,0.9658752409673892
2021-06-09,17.298419952392578,17.35824966430664,17.575000762939453,17.25575065612793,17.515750885009766,381656000,-0.005656817550097837,0.034568559454837056,15.611762428283692,15.104504985809326,0.37285227752634703,71.86706775852701,0.7709143250243748,0.5540621180969338,0.216852206927441,0.9450734975648131
2021-06-10,17.364938735961914,17.424999237060547,17.492000579833984,17.176000595092773,17.350000381469727,287772000,0.0038454091884139174,0.02682713658796021,15.795087385177613,15.195569972991944,0.32779101885077394,72.3869521899707,0.7783704328565744,0.5989237810488619,0.17944665180771247,0.9545746565867351
2021-06-11,17.76380729675293,17.82525062561035,17.939250946044922,17.443750381469727,17.47949981689453,416308000,0.022969951568119873,0.01405144016980775,16.003087425231932,15.285109977722168,0.32204885813729206,75.33080341562668,0.8072706801552165,0.6405931608701328,0.16667751928508368,1.0
2021-06-14,17.956636428833008,18.018749237060547,18.039499282836914,17.662750244140625,17.9060001373291,321376000,0.010855309443570382,0.02268856164539268,16.19187488555908,15.369249954223633,0.3036870886084864,76.62806023013424,0.836149444847841,0.6797044176656746,0.15644502718216646,1.0
2021-06-15,17.72718048095703,17.78849983215332,18.016250610351562,17.72800064086914,17.915000915527344,243032000,-0.012778323394037505,0.018989464731806516,16.373024892807006,15.445269947052003,0.3103194209760111,71.79032368944853,0.8308790151432177,0.7099393371611832,0.12093967798203453,0.9471116490232696
2021-06-16,17.748859405517578,17.81024932861328,17.954750061035156,17.58449935913086,17.79075050354004,307124000,0.0012226717635090978,0.026039472472623615,16.5627498626709,15.524244937896729,0.3018357161199748,71.9703382406829,0.8190160569424627,0.7317546811174391,0.08726137582502358,0.9521075142799249
2021-06-17,18.592941284179688,18.657249450683594,18.834999084472656,17.756250381469727,17.774499893188477,809656000,0.04755689302504895,0.07071737547065271,16.792324829101563,15.614519920349121,0.324637984046787,77.88806821788626,0.8679551614581094,0.7589947771855732,0.10896038427253618,1.0
2021-06-18,18.574504852294922,18.638750076293945,19.375,18.583999633789062,18.784000396728516,968856000,-0.0009915381384886235,0.04563747617185254,16.993637323379517,15.700954914093018,0.3155259842012599,77.50319724416502,0.8949308042303592,0.7861819825945304,0.10874882163582877,0.9962941955578871
2021-06-21,18.363731384277344,18.427249908447266,18.536500930786133,17.822750091552734,18.43524932861328,672384000,-0.011347336435165833,0.022670867217937873,17.16541233062744,15.781499919891358,0.3220301513868599,73.05839241632614,0.8889951171811852,0.8067446095118613,0.08225050766932385,0.9539263703003787
2021-06-22,18.821651458740234,18.886749267578125,18.9637508392334,18.38599967956543,18.471500396728516,580144000,0.024935861911777657,0.06173929481336482,17.329149770736695,15.85505491256714,0.3060613900352837,76.24576609902206,0.9108688711652775,0.8275694618425445,0.08329940932273294,1.0
2021-06-23,18.991559982299805,19.057249069213867,19.15275001525879,18.90774917602539,19.007749557495117,332356000,0.00902748266629616,0.07001584972744901,17.499624729156494,15.922609901428222,0.3048181059141849,77.31805879575222,0.931227279446663,0.8483010253633683,0.08292625408329468,1.0
2021-06-24,19.139293670654297,19.20549964904785,19.420000076293945,19.08824920654297,19.227750778198242,320924000,0.007779222452073409,0.029385371075915545,17.67489972114563,16.001179885864257,0.3039225849460397,78.23793549614707,0.948391579717164,0.8683191362341274,0.08007244348303666,1.0
2021-06-25,18.96540641784668,19.0310001373291,19.345500946044922,18.894500732421875,19.280500411987305,278364000,-0.009085913665745293,0.021044869394651444,17.85204973220825,16.05905487060547,0.2997095925108271,74.41252589218335,0.9371113231000514,0.8820775736073123,0.05503374949273909,0.9685033135245404
2021-06-28,19.916112899780273,19.985000610351562,20.078750610351562,19.319000244140625,19.361249923706055,495436000,0.050128761816947254,0.08453516990564092,18.03907480239868,16.140504875183105,0.3019147413144557,80.13197619713317,0.9936967857283214,0.9044014160315141,0.08929536969680729,1.0
2021-06-29,19.957719802856445,20.026750564575195,20.0987491607666,19.656999588012695,19.88249969482422,367632000,0.002089064445762734,0.060359847046524306,18.22718734741211,16.23380489349365,0.3015774537074226,80.33909639179585,1.030036426178814,0.9295284180609742,0.10050800811783978,1.0
2021-06-30,19.933551788330078,20.002500534057617,20.162500381469727,19.863750457763672,19.999250411987305,326568000,-0.0012108819371062784,0.04960062501207285,18.38839988708496,16.33042989730835,0.2937124839996802,79.81860580349793,1.0448348722320233,0.952589708895184,0.0922451633368393,0.9961880016196646
2021-07-01,20.142332077026367,20.211999893188477,20.45599937438965,20.018999099731445,20.125,480136000,0.0104736584695575,0.05240687628715368,18.550512409210206,16.42745988845825,0.293628418471703,80.96589646369986,1.0612343458256674,0.9743186362812807,0.08691570954438677,1.0
2021-07-02,20.416383743286133,20.48699951171875,20.505250930786133,20.287750244140625,20.440250396728516,342764000,0.013605759943772222,0.07650671871593984,18.695949840545655,16.540194873809813,0.2767086059152049,82.38175243549566,1.0839263890558648,0.9962401868361975,0.08768620221966728,1.0
2021-07-06,20.627155303955078,20.69849967956543,20.841999053955078,20.350250244140625,20.737499237060547,446708000,0.010323628295383136,0.035701728667663746,18.849924850463868,16.64885986328125,0.27605305147376763,83.40421575773605,1.1062244261834628,1.0182370347056506,0.0879873914778122,1.0
2021-07-07,20.30152702331543,20.371749877929688,20.875,20.332000732421875,20.853500366210938,418428000,-0.015786158740690004,0.017226924170351987,18.99566230773926,16.74673486709595,0.2824871658331598,76.06022787600399,1.0850223408830466,1.0315940959411298,0.05342824494191678,0.9535421308256915
2021-07-08,19.834148406982422,19.90275001525879,20.132999420166016,19.70075035095215,19.85650062561035,503300000,-0.02302207053793659,-0.004986902443971264,19.122887325286865,16.837154865264893,0.2997370810469109,66.9480175383074,1.0186329990712757,1.0290018765671591,-0.010368877495883444,0.886858894436085
2021-07-09,19.98114013671875,20.050249099731445,20.080249786376953,19.754249572753906,19.962499618530273,296624000,0.007410990157620034,-0.008002710979211014,19.25414981842041,16.932624855041503,0.29950182388836827,68.23683433088698,0.966776512947952,1.0165568038433177,-0.04978029089536573,0.9078305771592471
2021-07-12,20.441795349121094,20.512500762939453,20.53274917602539,20.1877498626709,20.239999771118164,321984000,0.0230546593665113,0.0012447528593007018,19.388512325286865,17.036379871368407,0.29956109583435225,71.930835280269,0.9520055922474313,1.0036465615241403,-0.051640969276709026,0.9735543425216651
2021-07-13,20.180204391479492,20.25,20.46125030517578,20.11400032043457,20.40049934387207,290708000,-0.012797111672201433,-0.021668221683149858,19.500074863433838,17.141189880371094,0.30740845252558124,67.15459950505604,0.90864363519918,0.9846459762591483,-0.07600234105996828,0.9362315161825311
2021-07-14,19.773107528686523,19.84149932861328,20.417749404907227,19.752750396728516,20.357749938964844,380100000,-0.020172872661072483,-0.026028718813736695,19.602724838256837,17.241284866333007,0.3144488309652319,60.429948282032214,0.8317287305613021,0.9540625271195791,-0.12233379655827692,0.8781501626395596
2021-07-15,18.900875091552734,18.966249465942383,19.847000122070312,18.85849952697754,19.811750411987305,550564000,-0.04411208287111179,-0.04705382666206537,19.66052484512329,17.33358486175537,0.36070756555469685,49.08788042993811,0.6921688734318252,0.9016837963820283,-0.20951492295020313,0.7537055771761965
2021-07-16,18.09840202331543,18.160999298095703,19.156999588012695,18.072999954223633,19.030500411987305,688224000,-0.042457006024974264,-0.09422575212100714,19.635712337493896,17.40763484954834,0.3560192534886808,41.39078101508542,0.5107026600299989,0.8234875691116226,-0.3127849090816237,0.639213673085875
2021-07-19,18.715023040771484,18.77975082397461,19.04199981689453,17.86549949645996,17.915250778198242,749060000,0.034070345784539935,-0.08447287627140299,19.64276237487793,17.492769870758057,0.3772895056823212,48.1221709885755,0.41206739905845424,0.741203535100989,-0.3291361360425348,0.7271888678580867
2021-07-20,18.5478458404541,18.61199951171875,18.83799934387207,18.163999557495117,18.729999542236328,434687000,-0.008932563260727888,-0.08088891300154322,19.651999855041502,17.56876485824585,0.3763677034039254,46.56084357813948,0.3167112648516941,0.6563050810511301,-0.33959381619943596,0.7033376872924463
2021-07-21,19.343095779418945,19.40999984741211,19.527000427246094,18.742000579833984,18.881999969482422,371017000,0.042875583313384036,-0.02174732231948362,19.678162384033204,17.671649856567385,0.39649654692546626,54.17727469663969,0.30205094414841227,0.5854542536705865,-0.2834033095221742,0.8167987973255763
2021-07-22,19.526460647583008,19.5939998626709,19.886999130249023,19.275999069213867,19.642000198364258,323826000,0.009479650525773708,0.03309828850747554,19.704999923706055,17.777404861450194,0.3966111679388334,55.74354953844716,0.3018008257929985,0.5287235680950688,-0.22692274230207032,0.8429602474448118
2021-07-23,19.490583419799805,19.558000564575195,19.700000762939453,19.25,19.6560001373291,195672000,-0.0018372613222421563,0.07692314963229907,19.72262496948242,17.89339487075806,0.3961202320344178,55.34495991214621,0.29529379958903945,0.482037614393863,-0.18674381480482355,0.8378418030787413
2021-07-26,19.227497100830078,19.29400062561035,19.441999435424805,18.913999557495117,19.31100082397461,203943000,-0.01349830920053341,0.027383206862321208,19.735774993896484,18.005969886779784,0.3979460211784583,52.38663189890796,0.2657707064395787,0.43878423280300616,-0.17301352636342748,0.7898321638742976
2021-07-27,19.14179039001465,19.20800018310547,19.621999740600586,18.740999221801758,19.264999389648438,248863000,-0.004457367042412508,0.032022388084174125,19.69692497253418,18.105269889831543,0.3531924419530213,51.422355019062245,0.23275091774442913,0.3975775697912908,-0.16482665204686164,0.7769631435241547
2021-07-28,19.435771942138672,19.503000259399414,19.645999908447266,18.9950008392334,19.319000244140625,202191000,0.015358187915544441,0.004791365930881364,19.67073745727539,18.212019901275635,0.35820790365426597,54.51517025417598,0.22776105043413608,0.3636142659198599,-0.13585321548572382,0.8211066604008835
2021-07-29,19.594228744506836,19.66200065612793,19.85300064086914,19.327999114990234,19.518999099731445,190781000,0.008152612142426019,0.0034704906570190985,19.653712463378906,18.324944915771486,0.3597019417840382,56.136176786416264,0.23393983503907023,0.337679379743702,-0.10373954470463176,0.8437301130620499
2021-07-30,19.431787490844727,19.499000549316406,19.6299991607666,19.26300048828125,19.417999267578125,183497000,-0.008290107891982146,-0.0030166690640992533,19.618062496185303,18.433609924316407,0.358194481762067,54.01109552288626,0.22311192459883245,0.3147658887147281,-0.09165396411589566,0.8029084405198481
2021-08-02,19.681921005249023,19.75,19.961000442504883,19.361000061035156,19.700000762939453,217444000,0.012872426463539588,0.023634257261522462,19.581212520599365,18.53635992050171,0.3577921361099428,56.727616680897945,0.2321086811506312,0.2982344472019087,-0.06612576605127751,0.833793368639936
2021-08-03,19.74669647216797,19.815000534057617,20.222000122070312,19.219999313354492,19.739999771118164,301811000,0.003291166281398361,0.03160143404653026,19.537037563323974,18.632824935913085,0.35555062767887147,57.428916248915534,0.24169753665135474,0.28692706509179794,-0.0452295284404432,0.8304386938660463
2021-08-04,20.20411491394043,20.27400016784668,20.31800079345703,19.827999114990234,19.989999771118164,231309000,0.023164250386980445,0.03953237441381274,19.532150077819825,18.72606492996216,0.36225129455146576,62.09994646575752,0.2830711402473298,0.2861558801229043,-0.003084739875574505,0.9185299815780973
2021-08-05,20.56586456298828,20.636999130249023,20.732999801635742,20.341999053955078,20.5,211435000,0.01790465420721654,0.04958795857924159,19.568862533569337,18.82584991455078,0.35683200210196325,65.33899086515717,0.3412176569857053,0.2971682354954645,0.04404942149024077,0.9881968041247491
2021-08-06,20.295795440673828,20.365999221801758,20.56999969482422,20.209999084472656,20.52400016784668,178497000,-0.01313174976346454,0.04446374932359021,19.58465003967285,18.919169902801514,0.36017659237752475,61.13813565696071,0.36126729812128033,0.3099880480206277,0.05127925010065265,0.9361864556460432
2021-08-09,20.225048065185547,20.295000076293945,20.507999420166016,20.14299964904785,20.445999145507812,146443000,-0.0034861606707619064,0.027594940571845417,19.573775005340575,19.01530990600586,0.35084835690742716,60.0488577334048,0.36719495067278984,0.3214294285510601,0.04576552212172974,0.9094073730536288
2021-08-10,19.86728286743164,19.93600082397461,20.43000030517578,19.834999084472656,20.32200050354004,179238000,-0.01768904907463753,0.006106499452726233,19.558075046539308,19.089139938354492,0.3535785136831348,54.73826893420263,0.33901644806319453,0.32494683245348704,0.014069615609707486,0.8280336371297199
2021-08-11,19.631101608276367,19.698999404907227,20.048999786376953,19.43000030517578,20.042999267578125,185925000,-0.011888112423348751,-0.02836148555682505,19.550950050354004,19.157829933166504,0.34866752627107017,51.5001801069509,0.294169742240463,0.3187914144108822,-0.024621672170419218,0.745041696264365
2021-08-12,19.836387634277344,19.905000686645508,20.02899932861328,19.6200008392334,19.8700008392334,151652000,0.010457449005605968,-0.03547019791896855,19.59788761138916,19.2203649520874,0.3089097179593135,54.04487273600474,0.2721142232047349,0.30945597616965276,-0.037341752964917874,0.787194383047246
2021-08-13,20.1184139251709,20.187999725341797,20.214000701904297,19.85099983215332,19.905000686645508,183063000,0.014217484498061594,-0.008740032567094103,19.699237632751466,19.284729957580566,0.2610792039438856,57.355129821066434,0.2743086632498972,0.30242651358570166,-0.02811785033580444,0.8471671426116044
2021-08-16,19.8812313079834,19.950000762939453,20.28700065612793,19.452999114990234,20.135000228881836,210876000,-0.011789130455732377,-0.01699922700456047,19.75775012969971,19.33216495513916,0.2445870544527672,53.842535153752685,0.2539162570167228,0.2927244622719059,-0.03880820525518308,0.7759153017867778
2021-08-17,19.39093017578125,19.45800018310547,19.770000457763672,19.267000198364258,19.684999465942383,204585000,-0.02466168225657217,-0.02397675667701149,19.80005016326904,19.368944969177246,0.2607233894416946,47.382315495262475,0.19579775850520775,0.2733391215185663,-0.07754136301335857,0.6286207646753496
2021-08-18,18.974365234375,19.040000915527344,19.634000778198242,19.0,19.5,285913000,-0.021482128874736883,-0.03345339912116141,19.781550216674805,19.400604972839357,0.22579733432127805,42.695299470079114,0.11468733794431074,0.2416087648037152,-0.12692142685940447,0.5034806507112336
2021-08-19,19.72975730895996,19.79800033569336,20.4950008392334,18.761999130249023,19.493999481201172,766555000,0.03981089200199861,-0.005375551231401654,19.79175024032593,19.44939998626709,0.26627021202609397,51.97305914669995,0.11029949964979124,0.21534691177293042,-0.10504741212313917,0.7249124111365606
2021-08-20,20.74424934387207,20.81599998474121,20.864999771118164,19.933000564575195,19.990999221801758,675741000,0.05141931668788402,0.031107601938942464,19.854650211334228,19.517220001220704,0.3211256901404464,61.085381706175106,0.18681270946103723,0.2096400713105518,-0.02282736184951456,1.0
2021-08-23,21.882308959960938,21.95800018310547,21.996999740600586,20.950000762939453,20.97100067138672,575807000,0.05486165445817548,0.10065159615914498,19.987850189208984,19.599874992370605,0.3626522606597447,68.34195364691026,0.33572976762186,0.23485801057281347,0.10087175704904655,1.0
2021-08-24,21.717880249023438,21.792999267578125,21.958999633789062,21.53499984741211,21.753000259399414,297299000,-0.007514387200629358,0.12000200752901802,20.117100143432616,19.675359992980958,0.3640628439391578,66.41492023977773,0.435414229983607,0.27496925445497217,0.16044497552863485,0.9604266934550889
2021-08-25,22.13644027709961,22.21299934387207,22.469999313354492,21.722000122070312,21.73699951171875,347701000,0.01927224752945267,0.16664906910572208,20.25260009765625,19.763849983215334,0.3655766697018162,68.82461162664883,0.5420568862963577,0.3283867808232493,0.21367010547310844,1.0
2021-08-26,21.991931915283203,22.06800079345703,22.34000015258789,21.790000915527344,22.200000762939453,237940000,-0.006527643933642802,0.11465806744487939,20.372900104522706,19.849005012512208,0.3685445746443269,67.03637679764503,0.607864702618869,0.38428236518237324,0.2235823374364958,0.9642155605190135
2021-08-27,22.557973861694336,22.63599967956543,22.722000122070312,22.16699981689453,22.18400001525879,304722000,0.02573857466403595,0.0874327294464996,20.529750061035156,19.928580017089843,0.3707824472945534,70.29259840612416,0.6978067524457892,0.4469872426350564,0.25081950981073275,1.0
2021-08-30,22.609798431396484,22.687999725341797,23.042999267578125,22.551000595092773,22.829999923706055,262580000,0.002297227713044636,0.033245265331493634,20.676650047302246,20.0095650100708,0.37074189187031226,70.57913191674618,0.7644701084980916,0.5104838158076634,0.25398629269042816,1.0
2021-08-31,22.311777114868164,22.385000228881836,22.69499969482422,22.1200008392334,22.69499969482422,259850000,-0.01335505554160954,0.027164730931939385,20.805150032043457,20.088720016479492,0.377720548575583,66.55113539410165,0.783816423539438,0.5651503373540184,0.2186660861854196,0.9330683746711541
2021-09-01,22.367591857910156,22.44099998474121,22.69700050354004,22.35700035095215,22.485000610351562,201767000,0.0025016642969304392,0.010264288822033452,20.913500022888183,20.159805030822753,0.37263026316560477,66.9268150729049,0.7945086289704228,0.6110219956772993,0.18348663329312354,0.9454385426796076
2021-09-02,22.32273292541504,22.395999908447266,22.593000411987305,22.295000076293945,22.51799964904785,187834000,-0.002005261633819533,0.014863109624659865,21.001450061798096,20.22658004760742,0.3704271572707064,66.28257535283177,0.7902417339317012,0.6468659433281797,0.14337579060352146,0.9354981689117792
2021-09-03,22.768274307250977,22.843000411987305,22.986000061035156,22.200000762939453,22.325000762939453,280532000,0.019958943801006157,0.009144757702428397,21.125300121307372,20.29933006286621,0.36832886004297777,69.43043949041872,0.8135512810192971,0.6802030108664032,0.13334827015289386,1.0
2021-09-07,22.587867736816406,22.66200065612793,22.89900016784668,22.52199935913086,22.83300018310547,198107000,-0.007923641929472258,-0.001145939242269467,21.24365015029907,20.37195007324219,0.3701779037168251,66.71440151013246,0.8081037800533366,0.70578316470379,0.10232061534954662,0.9613413684754699
2021-09-08,22.265926361083984,22.339000701904297,22.610000610351562,21.976999282836914,22.51300048828125,254434000,-0.014252931995052731,-0.0020549263572572363,21.363800144195558,20.41903007507324,0.36747904531062764,62.049591042575926,0.7688602569646932,0.7183985831559707,0.05046167380872246,0.892353782533791
2021-09-09,22.104455947875977,22.177000045776367,22.538000106811523,22.131000518798828,22.312000274658203,196856000,-0.007251920454710348,-0.011764178920028123,21.487700176239013,20.462035064697265,0.36485215225691386,59.79144285526031,0.7164288374523906,0.7180046340152547,-0.0015757965628641069,0.8577530525922132
2021-09-10,22.404470443725586,22.47800064086914,22.625999450683594,22.270000457763672,22.347999572753906,248376000,0.01357264708804018,0.003661400819659155,21.616350173950195,20.511545066833495,0.3655025659687938,62.52067536275136,0.6911971022583892,0.7126431276638816,-0.021446025405492453,0.9220419298843818
2021-09-13,22.07953643798828,22.152000427246094,22.964000701904297,21.857999801635742,22.68400001525879,297500000,-0.014503078758273502,-0.030249965953622948,21.71455020904541,20.55034507751465,0.3714664708250224,57.93407072932053,0.637546043657732,0.6976237108626517,-0.060077667204919694,0.852413536876145
2021-09-14,22.16924476623535,22.242000579833984,22.40999984741211,22.086000442504883,22.274999618530273,199755000,0.004062845379742441,-0.018533230259190514,21.829150199890137,20.585445098876953,0.3662408323969032,58.831990548917645,0.5954257558590186,0.6771841198619252,-0.08175836400290659,0.8716361193571397
2021-09-15,22.267915725708008,22.340999603271484,22.367000579833984,21.965999603271484,22.30900001525879,166538000,0.004450994553397258,8.948033951305945e-05,21.973300170898437,20.618295097351073,0.34837318208492446,59.847290295159176,0.5635374096714578,0.6544547778238318,-0.09091736815237395,0.8927807156588723
2021-09-16,22.16924476623535,22.242000579833984,22.277000427246094,21.927000045776367,22.183000564575195,156033000,-0.004431270990354563,0.002930988588332406,22.13340015411377,20.65570011138916,0.33477443530680145,58.29890343047964,0.5242342259207078,0.628410667443207,-0.10417644152249916,0.8716361193571397
2021-09-17,21.828359603881836,21.899999618530273,22.320999145507812,21.829999923706055,22.299999237060547,294503000,-0.015376357898928883,-0.02571407624608546,22.238500118255615,20.69564510345459,0.3223255766375071,53.18013458035469,0.4601848260584731,0.5947654991662603,-0.1345806731077872,0.7985902244535724
2021-09-20,21.043933868408203,21.113000869750977,21.433000564575195,20.66200065612793,21.145999908447266,349440000,-0.03593601655195433,-0.04690319327626902,22.253350162506102,20.71690013885498,0.30505561934921366,43.67659649561263,0.34197887383007597,0.5442081740990234,-0.20222930026894748,0.6304999720945429
2021-09-21,21.176504135131836,21.246000289916992,21.424999237060547,20.950000762939453,21.41699981689453,204688000,0.006299408643352322,-0.04478015753762854,22.21775016784668,20.73157012939453,0.23073357476382395,45.45072573481175,0.25607981800818536,0.4865825028808558,-0.23050268487267045,0.6589065053120177
2021-09-22,21.869230270385742,21.94099998474121,21.959999084472656,21.195999145507812,21.365999221801758,268726000,0.03271202510309923,-0.01790428475150685,22.225150203704835,20.765390129089354,0.2593422341407579,53.66429120973481,0.24130327052108314,0.4375266564089013,-0.19622338588781818,0.8073472420649712
2021-09-23,22.408458709716797,22.48200035095215,22.53499984741211,21.889999389648438,22.139999389648438,248555000,0.024657051482939396,0.010790385975250949,22.238600254058838,20.818200149536132,0.26516057358715994,58.85744977179294,0.2701330329509055,0.4040479317173022,-0.13391489876639667,0.9228962035134803
2021-09-24,22.008766174316406,22.08099937438965,22.14900016784668,21.861000061035156,22.06999969482422,217655000,-0.01783653457444756,0.008264829178637356,22.23925018310547,20.880495147705076,0.27221324496570065,54.02422622977093,0.25765333264506296,0.3747690119028544,-0.11711567925779143,0.8372488559781026
2021-09-27,21.58914566040039,21.65999984741211,21.798999786376953,21.325000762939453,21.709999084472656,245215000,-0.019066144599679258,0.02590815872341623,22.190450191497803,20.950475158691408,0.26268707024037385,49.434503219165684,0.21135556150529666,0.34208632182334286,-0.1307307603180462,0.7203969953066882
2021-09-28,20.631288528442383,20.698999404907227,21.41900062561035,20.650999069213867,21.214000701904297,343069000,-0.04436751843374098,-0.025746064084794518,22.091000175476076,20.98886013031006,0.30171960523773306,40.89398834551686,0.0960127646403599,0.2928716103867463,-0.1968588457463864,0.49326387358036444
2021-09-29,20.44988250732422,20.517000198364258,21.017000198364258,20.466999053955078,20.940000534057617,218394000,-0.008792657218967825,-0.06490131659301168,21.997600173950197,21.02696014404297,0.30035606789035496,39.502099210024404,-0.009968141284492305,0.23230366005249858,-0.2422718013369909,0.38837745947949387
2021-09-30,20.64823341369629,20.715999603271484,21.06599998474121,20.687999725341797,20.76799964904785,221009000,0.009699244674330698,-0.07855176230374317,21.911350154876708,21.053080139160155,0.3035482195579754,41.833335540394366,-0.07701342113290721,0.17044024381541742,-0.24745366494832463,0.4407044201042497
2021-10-01,20.674144744873047,20.742000579833984,20.858999252319336,20.202999114990234,20.75,240978000,0.0012551157105831212,-0.060640316674646755,21.828650188446044,21.076040153503417,0.3040264914597479,42.14702092916213,-0.12658997648912518,0.11103419975450891,-0.23762417624363408,0.4475413856591237
2021-10-04,19.667451858520508,19.73200035095215,20.54199981689453,19.55500030517578,20.503999710083008,345635000,-0.04869348185554434,-0.08901198107304298,21.673100185394286,21.07952014923096,0.3298747652931601,34.38892382932519,-0.2445592050523615,0.03991551879313483,-0.2844747238454963,0.1819614848934257
2021-10-05,20.38410186767578,20.451000213623047,20.648000717163086,19.854000091552734,19.950000762939453,279282000,0.03643826524847005,-0.011981216407271567,21.562550163269044,21.102660140991212,0.3641817166351667,42.50277817682468,-0.27684212493810634,-0.0234360099531134,-0.25340611498499294,0.3710227412360002
2021-10-06,20.632286071777344,20.700000762939453,20.719999313354492,20.079999923706055,20.1200008392334,297202000,0.012175470476526673,0.008919460096792564,21.4806001663208,21.13250015258789,0.3672187989991576,45.03773657584426,-0.27911682319442477,-0.07457217260137568,-0.2045446505930491,0.4364975196439883
2021-10-07,21.006059646606445,21.075000762939453,21.32200050354004,20.972000122070312,21.091999053955078,256919000,0.01811594136128658,0.017329656620155287,21.425500202178956,21.16394016265869,0.3747862488369887,48.70557178171416,-0.24780364578048975,-0.1092184672371985,-0.13858517854329125,0.5351038960973826
2021-10-08,20.762859344482422,20.83099937438965,21.20599937438965,20.774999618530273,21.10099983215332,151258000,-0.011577764162119641,0.004290752678996146,21.34315013885498,21.187320137023924,0.37129492020206534,46.52975805041689,-0.2399110546335983,-0.13535698471647847,-0.10455406991711982,0.4709436486987347
2021-10-11,20.627304077148438,20.69499969482422,21.062999725341797,20.51099967956543,20.575000762939453,163388000,-0.006528716031388937,0.04880393912143832,21.270300102233886,21.211240119934082,0.36924413028407294,45.31465798504566,-0.24184234877577282,-0.15665405752833736,-0.08518829124743546,0.435182487096682
2021-10-12,20.603378295898438,20.67099952697754,21.05699920654297,20.527999877929688,20.827999114990234,162134000,-0.0011597085383230343,0.010757386487529441,21.191750049591064,21.22966011047363,0.3683577901032863,45.09087298617838,-0.2425139761082562,-0.17382604124432113,-0.06868793486393507,0.4288716348683237
2021-10-13,20.870506286621094,20.93899917602539,20.989999771118164,20.71299934387207,20.917999267578125,180652000,0.012965006781509913,0.011545816631747696,21.12165002822876,21.252140083312987,0.3719858929073865,48.168999636607516,-0.2188975984406234,-0.1828403526835816,-0.036057245757041806,0.49934223295736374
2021-10-14,21.67486572265625,21.746000289916992,21.7549991607666,21.121999740600586,21.288000106811523,243589000,0.03854057718363135,0.031838647814309784,21.09685001373291,21.281580085754396,0.39997187508036286,56.14190023151398,-0.13352402168470334,-0.17297708648380594,0.0394530647991026,0.7115434479832407
2021-10-15,21.790481567382812,21.86199951171875,21.930999755859375,21.66200065612793,21.809999465942383,226994000,0.0053342784997361115,0.04949355135580524,21.094950008392335,21.306080093383787,0.39672056609964274,57.16195164047979,-0.05586075129989965,-0.14955381944702467,0.09369306814712502,0.7420454824720004
2021-10-18,22.149301528930664,22.222000122070312,22.291000366210938,21.643999099731445,21.749000549316406,189494000,0.016466957203918664,0.07378596036548846,21.1503999710083,21.34320011138916,0.37648413635345473,60.25170358002157,0.03434112747748941,-0.11277483006212186,0.14711595753961126,0.8367077643594081
2021-10-19,22.217082977294922,22.290000915527344,22.378999710083008,22.03700065612793,22.275999069213867,161473000,0.003060066289419794,0.07832235622843786,21.20260000228882,21.38310012817383,0.37626395051948297,60.82645784994923,0.11004532796372857,-0.06821079845695177,0.17825612642068034,0.8545885959294176
2021-10-20,22.030698776245117,22.10300064086914,22.433000564575195,21.98200035095215,22.30500030517578,146276000,-0.008389424269962142,0.055590119425406925,21.210700035095215,21.426440124511718,0.36070216313305054,58.32865257653898,0.15318625711310574,-0.023931387342940272,0.177117644456046,0.8054168106498578
2021-10-21,22.617769241333008,22.691999435424805,22.711000442504883,22.08300018310547,22.097000122070312,187590000,0.02664791102917441,0.043502213413767254,21.221199989318848,21.48630012512207,0.3625267799217287,63.423436770375815,0.2322260768714628,0.02730010549994034,0.20492597137152246,0.9602942422939945
2021-10-22,22.651662826538086,22.72599983215332,23.1299991607666,22.56100082397461,22.822999954223633,249384000,0.0014983429214896482,0.03952064494244634,21.253450012207033,21.542720108032228,0.35583927116035263,63.69934015660866,0.29421769292406097,0.08068362298476447,0.2135340699392965,0.9692346580789992
2021-10-25,23.09021759033203,23.166000366210938,23.354999542236328,22.770000457763672,22.972999572753906,230235000,0.019361107863562266,0.04248043555733161,21.32875003814697,21.60228012084961,0.35224859965504773,67.1524545019918,0.3745334724009304,0.13945359286799766,0.23507987953293272,1.0
2021-10-26,24.63614273071289,24.716999053955078,25.259000778198242,23.923999786376953,23.98900032043457,485898000,0.06695150924742155,0.10888281914502174,21.529650020599366,21.69762008666992,0.37224669699991375,75.86708730021326,0.5569171439774863,0.22294630308989538,0.3339708408875909,1.0
2021-10-27,24.371017456054688,24.451000213623047,25.09000015258789,24.281999588012695,24.474000930786133,245990000,-0.010761777340015266,0.10622990112991171,21.726350021362304,21.797480087280274,0.3735701113956732,72.3232241383556,0.6722444191294734,0.312805926297811,0.3594384928316624,0.9531444552480158
2021-10-28,24.859411239624023,24.94099998474121,24.950000762939453,24.523000717163086,24.878000259399414,234204000,0.0200400706243975,0.0991098451115533,21.93760004043579,21.91550006866455,0.3755989869984589,74.67043488085972,0.7940279421539316,0.4090503294690352,0.3849776126848964,1.0
2021-10-29,25.483362197875977,25.566999435424805,25.708999633789062,25.0,25.000999450683594,292503000,0.02509921218341593,0.12501098408229172,22.178849983215333,22.030880050659178,0.3781115431176734,77.31709416161306,0.9303309099096353,0.5133064455571552,0.4170244643524801,1.0
2021-11-01,25.742515563964844,25.82699966430664,25.893999099731445,25.226999282836914,25.64900016784668,265740000,0.010169368116056177,0.11486658275189088,22.483599948883057,22.131100044250488,0.30620869179674637,78.32987656905433,1.0472596817098392,0.6200970927876921,0.4271625889221471,1.0
2021-11-02,26.31463623046875,26.400999069213867,26.67799949645996,25.799999237060547,25.82200050354004,294112000,0.02222478074758727,0.06813124892640743,22.7810998916626,22.219960021972657,0.2962172107166925,80.40950291171274,1.1727250858569036,0.7306226914015345,0.44210239445536914,1.0
2021-11-03,26.5109920501709,26.597999572753906,26.784000396728516,26.235000610351562,26.670000076293945,239910000,0.0074618579025580445,0.0878082426229192,23.07599983215332,22.316060028076173,0.29686552067560723,81.0805798646851,1.273374943110852,0.839173141743398,0.4342018013674541,1.0
2021-11-04,29.70351791381836,29.801000595092773,31.364999771118164,27.118000030517578,27.229000091552734,1153631000,0.12042262853556518,0.1948598938825583,23.512299823760987,22.467820053100585,0.4842527467619228,88.17383137926454,1.5932303265805956,0.9899845787108376,0.603245747869758,1.0
2021-11-05,29.654674530029297,29.75200080871582,31.399999618530273,29.40999984741211,30.187000274658203,851260000,-0.001644232925018696,0.16368762333105136,23.958349895477294,22.62150005340576,0.47747138817448553,87.63254790297837,1.8217639879176417,1.1563404605521983,0.6654235273654434,0.9951335996435726
2021-11-08,30.70323944091797,30.804000854492188,31.100000381469727,29.906999588012695,30.14900016784668,503101000,0.03535896804184624,0.19270535698592384,24.463799953460693,22.784860076904298,0.47159411691497555,89.16974636161626,2.0639739656890264,1.337867161579564,0.7261068041094623,1.0
2021-11-09,30.556713104248047,30.656999588012695,32.310001373291016,29.964000701904297,32.28200149536133,646746000,-0.004772148500250872,0.1612060402578377,24.96309995651245,22.944240074157715,0.4739612687520562,87.5325184923496,2.2184919501988496,1.5139921193034214,0.7044998308954282,0.9867231521139751
2021-11-10,29.362632751464844,29.458999633789062,30.850000381469727,28.777999877929688,29.356000900268555,636206000,-0.039077534342012665,0.10756448255476592,25.389099979400633,23.08572006225586,0.5185497162702152,75.38477413713838,2.2187041417120774,1.6549345237851527,0.5637696179269247,0.8785222941172113
2021-11-11,30.29058837890625,30.389999389648438,30.59000015258789,29.777000427246094,30.468000411987305,332172000,0.03160323729362258,0.019764396590517652,25.821299934387206,23.244700050354005,0.5154270166696715,77.94622805926404,2.267853797733025,1.7775183785747273,0.4903354191582978,0.9626082509017786
2021-11-12,30.29058837890625,30.389999389648438,30.68000030517578,29.6299991607666,30.010000228881836,413054000,0.0,0.021443888262658195,26.24769992828369,23.40458003997803,0.5174206572877852,77.94622805926404,2.2805168752681517,1.8781180779134121,0.4023987973547396,0.9626082509017786
2021-11-15,29.926780700683594,30.024999618530273,30.643999099731445,29.246999740600586,30.552000045776367,384909000,-0.012010522489266373,-0.025288962938342152,26.63784990310669,23.548220024108886,0.52764569500779,74.4248466823153,2.2353325027034145,1.9495609628714126,0.285771539832002,0.9296422326107333
2021-11-16,30.104196548461914,30.202999114990234,30.389999389648438,29.70599937438965,29.759000778198242,264484000,0.005928376310456507,-0.014809031513963955,27.033499813079835,23.69903999328613,0.5268347010980302,75.01758531931088,2.188657156363714,1.997380201569873,0.1912769547938411,0.9457187759962804
2021-11-17,29.165281295776367,29.26099967956543,30.509000778198242,28.799999237060547,30.417999267578125,428508000,-0.031188936960809155,-0.006721204273227532,27.391399765014647,23.837479972839354,0.5465686929205789,66.26483278664497,2.052000936817368,2.008304348619372,0.04369658819799627,0.8606393510880518
2021-11-18,31.571382522583008,31.674999237060547,32.7599983215332,31.320999145507812,32.367000579833984,781711000,0.08249887508733833,0.04228364176439614,27.840549755096436,24.027439956665038,0.5964837947564466,74.48167518382819,2.1141192373511224,2.029467326365722,0.08465191098540048,1.0
2021-11-19,32.87709426879883,32.98500061035156,33.0880012512207,31.905000686645508,32.24300003051758,533867000,0.04135758184196825,0.08538997278121196,28.353499794006346,24.237579956054688,0.5991132337405068,77.66144969386994,2.2431964286603083,2.072213146824639,0.17098328183566913,1.0
2021-11-22,31.85146141052246,31.95599937438965,34.64699935913086,31.899999618530273,33.516998291015625,754335000,-0.031196035074166018,0.06431306512549084,28.792999744415283,24.433659934997557,0.6255104270236358,70.25592325712635,2.2366762215049043,2.1051057617606923,0.131570459744212,0.922357110403577
2021-11-23,31.642152786254883,31.746000289916992,32.36000061035156,30.8799991607666,31.53499984741211,532163000,-0.006571507340839222,0.05108768069860137,29.14444980621338,24.623739929199218,0.6015018352430105,68.81376815198198,2.1893265456673277,2.1219499185420196,0.06737662712530801,0.9065117108440532
2021-11-24,32.56711196899414,32.67399978637695,32.85499954223633,30.92799949645996,31.461000442504883,435162000,0.029232013103543952,0.11663990103506294,29.555599784851076,24.83039993286133,0.5970657060578557,71.58918220989227,2.201308080889195,2.137821551011455,0.06348652987774006,0.976533553317179
2021-11-26,31.399946212768555,31.503000259399414,32.709999084472656,31.350000381469727,32.599998474121094,283069000,-0.035838879066950824,-0.005430117815437563,29.883699798583983,25.015619926452636,0.6234785750594053,63.865492653358054,2.0921961239293267,2.1286964655950293,-0.036500341665702596,0.8881762376861745
2021-11-29,33.266815185546875,33.375999450683594,33.4119987487793,32.0359992980957,32.36600112915039,454964000,0.05945462895158182,0.01185383759578662,30.274149799346922,25.245139923095703,0.6442997421392394,69.52838641505761,2.132279897992788,2.129413152074581,0.0028667459182072363,1.0
2021-11-30,32.5691032409668,32.67599868774414,33.35300064086914,31.86400032043457,33.16899871826172,622066000,-0.020973177566525725,0.022530959051511257,30.616599750518798,25.476399879455567,0.6562376075311961,65.40304540461042,2.083544561563091,2.1202394339722828,-0.03669487240919178,0.9486953379414081
2021-12-01,31.336000442504883,31.434999465942383,33.28900146484375,31.3799991607666,33.21900177001953,484368000,-0.037978922500912615,-0.009796535662270123,30.868299770355225,25.680179862976075,0.6789457054553752,58.74803515260942,1.9226204191845504,2.0807156310147366,-0.15809521183018616,0.8577396575187831
2021-12-02,32.02483367919922,32.125999450683594,32.47800064086914,31.024999618530273,31.214000701904297,472890000,0.021981867233363817,-0.016771755502117625,31.14469976425171,25.88387985229492,0.680293267149097,61.12030875945282,1.829752552352403,2.03052301528227,-0.20077046292986722,0.9083846318910558
2021-12-03,30.59634780883789,30.69300079345703,32.12900161743164,30.1299991607666,32.0,544325000,-0.04460557435501267,-0.025711819803598157,31.18929977416992,26.04809986114502,0.5692168211195829,54.16393688589608,1.6218276634903148,1.9487839449238793,-0.3269562814335645,0.8033568723059084
2021-12-06,29.942411422729492,30.03700065612793,30.240999221801758,28.038000106811523,29.8799991607666,658938000,-0.021372955409069805,-0.10004191183815703,31.203549766540526,26.207219886779786,0.5752042244831039,51.28626575678302,1.388110686463964,1.8366492932318965,-0.44853860676793245,0.7552771170571695
2021-12-07,32.32487869262695,32.426998138427734,32.44900131225586,30.650999069213867,30.957000732421875,593053000,0.07956844658563522,-0.0076202888761224274,31.284699630737304,26.4225598526001,0.6290248962734886,59.68919335516969,1.379835239387866,1.7452864824630905,-0.3654512430752246,0.9304455163534466
2021-12-08,31.72577476501465,31.826000213623047,32.290000915527344,31.42099952697754,31.999000549316406,475551000,-0.01853387483599578,0.012438388876204298,31.343149662017822,26.645099868774412,0.633250347160232,57.02535768866679,1.3096841544932545,1.6581660168691235,-0.348481862375869,0.8863969994624923
2021-12-09,30.39398193359375,30.489999771118164,32.20500183105469,30.42799949645996,31.733999252319336,488507000,-0.04197827039330604,-0.05092447573738035,31.39469966888428,26.84455986022949,0.6358616209492374,51.52091218689069,1.1332217688689568,1.5531771672690904,-0.41995539840013363,0.7884784615954544
2021-12-10,30.102903366088867,30.197999954223633,31.30500030517578,29.861000061035156,31.149999618530273,488825000,-0.009576904528911467,-0.016127482697583573,31.385099697113038,27.034199867248535,0.6275842040095958,50.376366692043476,0.9587601221589708,1.4342937582470667,-0.47553363608809596,0.767077125025425
2021-12-13,28.072315216064453,28.160999298095703,30.29400062561035,28.115999221801758,30.249000549316406,598344000,-0.06745482016079762,-0.06245634773955033,31.2736496925354,27.18257984161377,0.6722552676952517,43.17130126279154,0.6486518267018084,1.2771653719380152,-0.6285135452362067,0.6177806730659681
2021-12-14,28.247758865356445,28.336999893188477,28.67799949645996,27.25,27.698999404907227,667035000,0.0062497993494383675,-0.1261294131445485,31.18924970626831,27.354679832458498,0.6721205369715065,43.917655324096955,0.41233737685870864,1.104199772922154,-0.6918623960634454,0.6101354077417257
2021-12-15,30.363073348999023,30.458999633789062,30.5,27.83799934387207,28.399999618530273,698297000,0.07488441784942323,-0.04295232107894109,31.202049732208252,27.554839820861815,0.7254320728020711,52.08795152984797,0.3917680592590749,0.9617134301895383,-0.5699453709304634,0.7704053652568901
2021-12-16,28.2976016998291,28.386999130249023,31.15999984741211,28.093000411987305,31.152000427246094,707366000,-0.06802588819238531,-0.06897345544952149,31.15834970474243,27.70857978820801,0.7584138524244968,45.168432993427125,0.2059001143130459,0.8105507670142398,-0.6046506527011939,0.6073199251953024
2021-12-17,27.713449478149414,27.801000595092773,28.922000885009766,27.760000228881836,27.985000610351562,713758000,-0.020643201222767305,-0.07937609652176991,30.964649772644044,27.843099784851074,0.6944811899098026,43.41196826602618,0.011184318581459962,0.6506774773276838,-0.6394931587462238,0.5611964668186641
2021-12-20,27.63170623779297,27.7189998626709,28.143999099731445,27.145000457763672,27.30500030517578,461847000,-0.0029495604714439017,-0.015695445702975985,30.70134973526001,27.9808597946167,0.6721969426208588,43.159048856990275,-0.1480396176245904,0.490934058337229,-0.6389736759618194,0.5547422572228914
2021-12-21,28.983436584472656,29.075000762939453,29.1200008392334,27.400999069213867,28.374000549316406,524385000,0.04891954641172602,0.02604371925513438,30.5572998046875,28.148459815979002,0.6950080755700629,48.502097766776274,-0.16292964263497822,0.36016131814278757,-0.5230909607777658,0.6614719627255584
2021-12-22,29.307411193847656,29.399999618530273,29.55500030517578,28.448999404907227,28.891000747680664,395184000,0.011177948308262131,-0.03476804977153647,30.439999771118163,28.32303981781006,0.6969260195944775,49.72196522052753,-0.14681303394772627,0.25876644772468477,-0.40557948167241104,0.6803087766867008
2021-12-23,29.546655654907227,29.639999389648438,30.05900001525879,29.430999755859375,29.7549991607666,343022000,0.008163257626945475,0.044139933694654854,30.288299751281738,28.49705982208252,0.6879884794854716,50.6515947440646,-0.11336769743463648,0.18433961869282053,-0.29770731612745704,0.6787617944429074
2021-12-27,30.84754753112793,30.94499969482422,31.086999893188477,29.639999389648438,29.65999984741211,403686000,0.044028351283689426,0.11308942241044373,30.260399723052977,28.681039810180664,0.6972788710817699,55.47265824308208,0.01823044181254474,0.1511177833167654,-0.13288734150422066,0.7888657487627247
2021-12-28,30.22651481628418,30.32200050354004,31.329999923706055,30.011999130249023,31.312000274658203,420591000,-0.02013246719754791,0.09390673017660323,30.1076997756958,28.850239830017088,0.6637206841774184,52.81971862425863,0.07142870155547243,0.1351799669645068,-0.06375126540903436,0.7290872642969949
2021-12-29,29.906518936157227,30.000999450683594,30.54800033569336,29.365999221801758,30.273000717163086,343139000,-0.010586407477269466,0.031848621270698985,29.973949813842772,29.005819816589355,0.6612092681380225,51.454275813184324,0.08668732589479688,0.1254814387505648,-0.03879411285576792,0.7006120503568517
2021-12-30,29.492828369140625,29.586000442504883,30.457000732421875,29.540000915527344,29.82699966430664,308864000,-0.013832839431262789,0.00632655872068022,29.8814998626709,29.151739807128905,0.6499412250124033,49.666685885364046,0.06454886481425604,0.11329492396330307,-0.04874605914904703,0.6637985089753512
2021-12-31,29.318374633789062,29.410999298095703,30.030000686645508,29.33099937438965,29.673999786376953,266530000,-0.005914998370572744,-0.007726049131860369,29.745749855041502,29.297899780273436,0.6436677271753591,48.89526438159027,0.032508111823197794,0.09713756153528201,-0.06462944971208422,0.6288842992395063
2022-01-03,30.026140213012695,30.121000289916992,30.711000442504883,29.78499984741211,29.815000534057617,391547000,0.024140661955245335,-0.026627869220662737,29.717149829864503,29.44647979736328,0.6317715974731227,52.142958763262904,0.06367275071539424,0.09044459937130446,-0.026771848655910216,0.6943662650369372
2022-01-04,29.1977596282959,29.290000915527344,30.468000411987305,28.349000930786133,30.277000427246094,527154000,-0.027588704438471945,-0.03403468012910993,29.679799842834473,29.57775981903076,0.6349127886938575,48.27598210535828,0.021073326811070103,0.07657034485925758,-0.05549701804818748,0.599804221200154
2022-01-05,27.51706886291504,27.604000091552734,29.416000366210938,27.533000946044922,28.948999404907227,498064000,-0.05756233428728985,-0.0798973168567636,29.438649940490723,29.666519813537597,0.5905801294423796,41.54422669281533,-0.14703823430637186,0.03184862902613169,-0.17888686333250356,0.3532773274463752
2022-01-06,28.089262008666992,28.17799949645996,28.437999725341797,27.065000534057617,27.639999389648438,454186000,0.020794066186185844,-0.04759010765179705,29.25624990463257,29.735739822387696,0.5971742832371706,44.38743375767792,-0.23128479565300708,-0.020778055909696065,-0.21050673974331102,0.4175909917572613
2022-01-07,27.16119384765625,27.246999740600586,28.422000885009766,27.05699920654297,28.141000747680664,409939000,-0.03303995217887412,-0.07357789973614504,29.094099903106688,29.791659812927247,0.5907196692829563,40.91166376718886,-0.3689219989344146,-0.09040684451463978,-0.2785151544197748,0.2733846949451753
2022-01-10,27.31371307373047,27.399999618530273,27.4689998626709,25.643999099731445,26.58099937438965,594681000,0.0056152926702495165,-0.0903356676470527,28.954199886322023,29.84083980560303,0.591601408492398,41.71934798062465,-0.4603480568393117,-0.16439508697957417,-0.2959529698597375,0.23472918165242485
2022-01-11,27.729398727416992,27.816999435424805,28.065000534057617,26.839000701904297,27.322999954223633,404089000,0.015218971631390854,-0.05029025039468893,28.936999893188478,29.885839805603027,0.5453130547943079,43.967418486397705,-0.49346708482632806,-0.23020948654892495,-0.26325759827740314,0.2636110514547039
2022-01-12,27.910823822021484,27.999000549316406,28.594999313354492,27.607999801635742,28.066999435424805,383413000,0.006542801796940889,0.014309536895145358,28.920099925994872,29.929279823303222,0.5453589697433164,44.96522331131777,-0.499272877328206,-0.2840221647047812,-0.21525071262342482,0.22910414232347592
2022-01-13,26.49131202697754,26.575000762939453,28.479999542236328,26.49799919128418,28.378999710083008,540171000,-0.05085895062106849,-0.056888308686423805,28.725899982452393,29.932759857177736,0.4967196959563938,39.098617232048724,-0.6117272803118468,-0.34956318782619433,-0.2621640924856524,0.0
2022-01-14,26.857154846191406,26.941999435424805,27.19700050354004,26.209999084472656,26.299999237060547,395832000,0.013809921428004523,-0.011193904212554506,28.65364999771118,29.939639854431153,0.4440463977322541,41.22689383044325,-0.6635850833593224,-0.41236756693281995,-0.2512175164265025,0.05396246776913925
2022-01-18,25.821428298950195,25.902999877929688,26.63800048828125,25.770000457763672,26.260000228881836,424270000,-0.03856430774506603,-0.05463502778986118,28.558749961853028,29.86167984008789,0.4582301134561925,37.25728533113836,-0.7795353486427459,-0.4858011232748052,-0.2937342253679407,0.0
2022-01-19,24.98805809020996,25.066999435424805,26.542999267578125,25.052000045776367,26.07900047302246,488315000,-0.03227427118266657,-0.09886041110882327,28.426149940490724,29.76797981262207,0.469754125021889,34.38814592077017,-0.9281854738521673,-0.5742779933902776,-0.3539074804618897,0.0
2022-01-20,24.073944091796875,24.149999618530273,25.57900047302246,24.077999114990234,25.304000854492188,435181000,-0.036581953865552075,-0.13746922587492527,28.179899883270263,29.63489978790283,0.43749647191222324,31.52076968335085,-1.1072226174710558,-0.6808669182064333,-0.42635569926462247,0.0
2022-01-21,23.300392150878906,23.374000549316406,24.822999954223633,23.26300048828125,23.506999969482422,718958000,-0.03213246714167417,-0.12045155679118724,27.87859992980957,29.489239807128907,0.4381815884602448,29.29468639740925,-1.2967790219248947,-0.8040493389501256,-0.49272968297476905,0.0
2022-01-24,23.298397064208984,23.371999740600586,23.3799991607666,20.88800048828125,22.329999923706055,913982000,-8.559975480448845e-05,-0.13250685805190054,27.56519994735718,29.367499809265137,0.4343489759714716,29.28894288787987,-1.43067337457774,-0.9293741460756486,-0.5012992285020914,0.0
2022-01-25,22.253690719604492,22.323999404907227,22.94300079345703,22.0,22.54599952697754,664616000,-0.04483999432332819,-0.13816934292895944,27.134149932861327,29.206179809570312,0.39671915159116955,26.37233762957257,-1.602873553724848,-1.0640740276054885,-0.5387995261193594,0.0
2022-01-26,22.700286865234375,22.77199935913086,24.05699920654297,22.299999237060547,23.239999771118164,755959000,0.02006808664065618,-0.09155463868765401,26.756649875640868,29.05381980895996,0.416207424526209,29.59971397878418,-1.6837839706259707,-1.188016016209585,-0.49576795441638577,0.040535645346367916
2022-01-27,21.874893188476562,21.944000244140625,23.9950008392334,21.674999237060547,23.56800079345703,573353000,-0.036360404808207236,-0.09134573123127454,26.353799915313722,28.89219982147217,0.4234908482034167,27.224488138168482,-1.7940381130334693,-1.3092204355743617,-0.48481767745910753,0.0
2022-01-28,22.768068313598633,22.84000015258789,22.857999801635742,21.29599952697754,22.011999130249023,543774000,0.040831202081603735,-0.022845913586843514,26.01649990081787,28.74493984222412,0.4679077029537512,33.448075491585286,-1.7884989086841934,-1.4050761301963282,-0.3834227784878652,0.07837648448527278
2022-01-31,24.408885955810547,24.486000061035156,24.509000778198242,23.052000045776367,23.18199920654297,564680000,0.07206654542253865,0.04766388553818901,25.770249938964845,28.649439849853515,0.5559274750340879,43.07836630223031,-1.6324724862702062,-1.450555401411104,-0.1819170848591023,0.2223582919284711
2022-02-01,24.560413360595703,24.63800048828125,25.145000457763672,23.889999389648438,25.104000091552734,518925000,0.0062076462822513445,0.10365531020688712,25.496099948883057,28.50869987487793,0.5454918050271059,43.88588133293977,-1.4795004974616077,-1.4563444206212048,-0.023156076840402884,0.23565434142076794
2022-02-02,25.162506103515625,25.242000579833984,25.816999435424805,24.55299949645996,25.79400062561035,543419000,0.02451498009507791,0.1084665945115062,25.293699932098388,28.353839874267578,0.5537865244714704,47.09751645431388,-1.2946079006647757,-1.423997116629919,0.1293892159651433,0.28848850285134625
2022-02-03,23.872583389282227,23.947999954223633,25.07699966430664,23.780000686645508,24.45800018310547,410178000,-0.05126379034489592,0.09132335434684946,25.110899925231934,28.193679885864256,0.5465376652850206,41.603766734798306,-1.2382207832724745,-1.38684184995843,0.14862106668595554,0.1752973975834465
2022-02-04,24.242414474487305,24.319000244140625,24.635000228881836,23.631999969482422,23.972000122070312,354829000,0.015491911250465895,0.06475481968791308,24.917949962615968,28.045139884948732,0.543338280324401,43.63384923601972,-1.150336599415926,-1.3395407998499294,0.18920420043400332,0.2077501893667642
2022-02-07,24.650127410888672,24.72800064086914,25.18199920654297,24.20199966430664,24.371999740600586,376868000,0.016818141889984206,0.009883222218033172,24.792000007629394,27.886219902038576,0.5401944733666204,45.86802279111715,-1.0357454083429545,-1.2787817215485346,0.24303631320558017,0.24352699352315613
2022-02-08,25.028928756713867,25.107999801635742,25.229999542236328,23.979999542236328,24.358999252319336,410359000,0.01536716074564315,0.019076195472032875,24.677400016784667,27.7583198928833,0.5436637936964268,47.93295158224679,-0.9038492952947941,-1.2037952362977866,0.29994594100299254,0.27676695041093424
2022-02-09,26.620899200439453,26.704999923706055,26.725000381469727,25.35300064086914,25.621999740600586,524282000,0.06360523079047775,0.05795892996852525,24.621800041198732,27.62489990234375,0.5911703717165464,55.59868958840424,-0.6628155867837044,-1.0955993063949703,0.4327837196112658,0.44362657193666294
2022-02-10,25.742673873901367,25.823999404907227,26.924999237060547,25.600000381469727,25.9950008392334,513200000,-0.032990096285930415,0.07833637273549132,24.51304998397827,27.48785991668701,0.6007195503814616,51.12675786004266,-0.5366973028483315,-0.9838189056856426,0.44712160283731106,0.3701230506667443
2022-02-11,23.873577117919922,23.948999404907227,26.152000427246094,23.773000717163086,25.916000366210938,605472000,-0.07260687899658569,-0.015214475739912303,24.38174991607666,27.338139915466307,0.6278742317559529,43.168664753228455,-0.581343122524622,-0.9033237490534385,0.32198062652881654,0.19126200167027224
2022-02-14,24.19057846069336,24.267000198364258,24.875,23.7549991607666,23.93400001525879,440424000,0.01327824967050062,-0.018642851446022957,24.247999954223634,27.18095993041992,0.6276720041133204,44.73969889936263,-0.5843294635619003,-0.8395248919551308,0.2551954283932305,0.22159691126997094
2022-02-15,26.411561965942383,26.4950008392334,26.545000076293945,24.784000396728516,24.948999404907227,699869000,0.09181195131894881,0.05524139909811909,24.277600002288818,27.09699993133545,0.7001738989075862,54.276614425930376,-0.4022779193643764,-0.75207549743698,0.3497975780726036,0.43413159489165976
2022-02-16,26.42751121520996,26.51099967956543,26.582000732421875,25.552000045776367,26.259000778198242,732676000,0.0006038437375075478,-0.007264566361912306,24.349800014495848,27.0264799118042,0.688426867077377,54.33755572675752,-0.2537843186205748,-0.652417261673699,0.39863294305312413,0.43565776521940064
2022-02-17,24.42982292175293,24.506999969482422,25.78499984741211,24.165000915527344,25.6299991607666,810595000,-0.07559125398155708,-0.050999049944778885,24.367650032043457,26.868079948425294,0.7312850459213291,46.0569460945218,-0.29441427418552024,-0.5808166641760633,0.286402389990543,0.2593604263566939
2022-02-18,23.567546844482422,23.642000198364258,24.986000061035156,23.100000381469727,24.667999267578125,761255000,-0.03529602857123737,-0.012818874031124028,24.381050014495848,26.704399948120116,0.7333119354220223,43.01019716097515,-0.39189454277505575,-0.5430322398958618,0.15113769712080605,0.18864571245970643
2022-02-22,23.316341400146484,23.389999389648438,24.06399917602539,23.0,23.03499984741211,633422000,-0.010659030818097048,-0.03613964649717749,24.381949996948244,26.56239994049072,0.7345901125908286,42.13569217889458,-0.4839045665216801,-0.5312067052210254,0.0473021386993453,0.16064873166923635
2022-02-23,22.316497802734375,22.386999130249023,24.155000686645508,22.301000595092773,23.802000045776367,566511000,-0.04288158553109267,-0.15504818187819447,24.385099983215333,26.40617992401123,0.7329985358351592,38.757885971375785,-0.6304890267137573,-0.5510631695195718,-0.07942585719418549,0.04921663294566186
2022-02-24,23.673213958740234,23.74799919128418,23.799999237060547,20.889999389648438,21.014999389648438,735801000,0.060794216014248725,-0.10422090911988358,24.433899974823,26.317919921875,0.7606721072250323,45.179833195813906,-0.6295795359359282,-0.5667664428028432,-0.06281309313308503,0.20042207057423467
2022-02-25,24.080921173095703,24.156999588012695,24.216999053955078,23.381000518798828,23.72100067138672,528866000,0.017222520239878802,-0.014281649402438812,24.5445499420166,26.234319915771483,0.7473868770873704,46.97917354691646,-0.589065464095345,-0.5712262470613436,-0.017839217034001376,0.24586151304608744
2022-02-28,24.30820655822754,24.385000228881836,24.665000915527344,23.707000732421875,23.992000579833984,477319000,0.009438284752146142,0.031427122252075224,24.6217999458313,26.11283992767334,0.7361304055597699,48.00374454236047,-0.532422587864918,-0.5634655152220585,0.031042927357140426,0.2711921046229845
2022-03-01,23.403066635131836,23.476999282836914,24.37700080871582,23.131999969482422,24.291000366210938,412056000,-0.037236044187913375,0.003719533794728447,24.571349906921387,26.014639930725096,0.7042222957734859,44.32984955577815,-0.5544098960541852,-0.5616543913884838,0.007244495334298606,0.17031431310440345
2022-03-02,24.14784049987793,24.219999313354492,24.409000396728516,23.415000915527344,23.756000518798828,389642000,0.031647998177550596,0.08187788691288866,24.55044984817505,25.94301990509033,0.7134855540835634,47.8472062660647,-0.5060477003656914,-0.5505330531839254,0.04448535281823407,0.2528607052676815
2022-03-03,23.643348693847656,23.714000701904297,24.326000213623047,23.4689998626709,24.261999130249023,365095000,-0.020891768199646332,-0.0014316359498766085,24.474049854278565,25.862919921875,0.7110815515571396,45.72824167976349,-0.5027547274449127,-0.5409773880361229,0.03822266059121027,0.19664488010042558
2022-03-04,22.867666244506836,22.93600082397461,23.68000030517578,22.48200035095215,23.384000778198242,431415000,-0.03280761806957411,-0.050544305371598264,24.423449897766112,25.740139923095704,0.6970597649860191,42.60408207049056,-0.5565080326273559,-0.5440835169543695,-0.012424515672986414,0.11021004781403974
2022-03-07,21.28838539123535,21.351999282836914,23.033000946044922,21.329999923706055,22.816999435424805,450821000,-0.06906180171924159,-0.12437977927318633,24.27509984970093,25.579179916381836,0.7337825558996807,37.053498070567386,-0.7186395709365243,-0.5789947277508005,-0.1396448431857238,0.0
2022-03-08,21.44989776611328,21.513999938964844,22.37299919128418,20.649999618530273,21.30900001525879,557467000,0.007587142261574975,-0.08361372423379254,24.11439981460571,25.416659927368165,0.7307889621242915,37.94396409487155,-0.8245529509356473,-0.6281063723877699,-0.1964465785478774,0.016887381337490147
2022-03-09,22.945436477661133,23.013999938964844,23.219999313354492,22.246999740600586,22.386999130249023,492742000,0.06972204165917528,-0.04979353462345815,24.009699821472168,25.258039932250977,0.7758803546484615,45.61546501624907,-0.7784787848274348,-0.6581808548757029,-0.12029792995173194,0.18528432886853627
2022-03-10,22.59049415588379,22.658000946044922,22.788000106811523,21.881999969482422,22.5310001373291,428066000,-0.015468801332409132,-0.044530645382606204,23.80734987258911,25.104759941101076,0.7352652391441465,44.218322314251445,-0.7619080183963511,-0.6789262875798325,-0.0829817308165186,0.14893391643512688
2022-03-11,22.03415870666504,22.100000381469727,23.145000457763672,22.04599952697754,23.02199935913086,367209000,-0.024627087177900298,-0.03644926807078874,23.621149921417235,24.946739959716798,0.731961829075307,42.044574425313634,-0.7847553772737577,-0.7000921055186176,-0.0846632717551401,0.085300605853378
2022-03-14,21.266450881958008,21.329999923706055,22.261999130249023,21.159000396728516,21.868999481201172,385354000,-0.03484164907116005,-0.0010303184652381558,23.490199947357176,24.781619949340822,0.6984023751552435,39.18213664428544,-0.8551371863893635,-0.7311011216927668,-0.12403606469659678,0.0
2022-03-15,22.90455436706543,22.972999572753906,23.038000106811523,21.32200050354004,21.51799964904785,491996000,0.07702764439402698,0.06781628883184165,23.42549991607666,24.652859954833986,0.7547511555797094,47.409563675723575,-0.7694689772380663,-0.7387746928018267,-0.03069428443623956,0.18689564106525125
2022-03-16,24.423017501831055,24.496000289916992,24.597000122070312,23.172000885009766,23.5,671422000,0.06629524857386815,0.06439560071619632,23.32554988861084,24.540359954833985,0.7173388273339775,53.66667229448604,-0.5720881980183314,-0.7054373938451277,0.13334919582679627,0.3977386899152308
2022-03-17,24.692214965820312,24.766000747680664,24.841999053955078,23.9060001373291,24.1200008392334,471941000,0.01102222626421212,0.09303555978550282,23.238299942016603,24.44987995147705,0.7189750370706993,54.695765689566244,-0.3893871156967279,-0.6422273382154478,0.25284022251871985,0.501752488076285
2022-03-18,26.37418556213379,26.452999114990234,26.569000244140625,24.624000549316406,24.798999786376953,730719000,0.06811751257285881,0.19696826508520715,23.335599899291992,24.4268599319458,0.7058672482850253,60.586166188671285,-0.10723241374260795,-0.5352283533208798,0.42799593957827187,0.7481015640928228
2022-03-21,26.65434455871582,26.733999252319336,27.152000427246094,25.966999053955078,26.506999969482422,591727000,0.01062261923903618,0.25335205569350716,23.490199851989747,24.397979927062988,0.6899503505702735,61.484460336042964,0.13746694961228556,-0.4006892927342468,0.5381562423465324,0.8103162125762589
2022-03-22,26.444976806640625,26.52400016784668,27.238000869750977,26.07200050354004,26.726999282836914,547007000,-0.007855131680473804,0.1545727881048793,23.646899890899657,24.38351993560791,0.6890669901363007,60.376977986460346,0.3108643363898125,-0.25837856690943495,0.5692429032992474,0.7788273739538398
2022-03-23,25.557628631591797,25.634000778198242,26.61199951171875,25.575000762939453,26.125999450683594,502120000,-0.03355449344052286,0.04645658372030925,23.80924997329712,24.34819995880127,0.6808235802952818,55.79040847406912,0.3721772740197409,-0.13226739872359977,0.5044446727433407,0.6453741866455864
2022-03-24,28.066133499145508,28.149999618530273,28.31999969482422,25.906999588012695,26.166000366210938,877379000,0.09815084512566186,0.1366388907650551,24.029349994659423,24.35485996246338,0.7305881768689265,64.0943582328297,0.6166795996079131,0.0175220009427028,0.5991575986652102,1.0
2022-03-25,27.6094970703125,27.691999435424805,28.357999801635742,27.270999908447266,27.88599967956543,579016000,-0.01626998896312526,0.04683780145490046,24.20609998703003,24.348719940185546,0.735564281003493,61.8180887157916,0.7646779358226183,0.16695318791868594,0.5977247479039324,0.9328445449267321
2022-03-28,28.13492774963379,28.2189998626709,28.25,27.20599937438965,27.756000518798828,425494000,0.019030782825018022,0.055547267594941996,24.397799968719482,24.381599922180175,0.7366261871474846,63.42757626409081,0.913956689892828,0.3163538883135144,0.5976028015793136,1.0
2022-03-29,28.57062530517578,28.6560001373291,28.945999145507812,27.979999542236328,28.69499969482422,488984000,0.015486029865866557,0.08038003151828166,24.656750011444093,24.41587993621826,0.7168790033559393,64.75433245656367,1.0553579386112553,0.46415469837306256,0.5912032402381927,1.0
2022-03-30,27.607500076293945,27.690000534057617,28.496000289916992,27.503000259399414,28.304000854492188,463487000,-0.033710203749375056,0.08020596447855333,24.83025007247925,24.45161994934082,0.7293032571298061,59.606647082652756,1.0770557242281242,0.586734903544075,0.49032082068404925,0.8681409261393193
2022-03-31,27.2047061920166,27.285999298095703,28.24799919128418,27.270000457763672,27.781999588012695,523440000,-0.014590149085226933,-0.03069272938340739,25.008850002288817,24.49599994659424,0.7263638544898924,57.54625139592139,1.0495532556833744,0.6792985739719348,0.3702546817114396,0.8129947038923345
2022-04-01,26.632413864135742,26.711999893188477,27.496000289916992,26.267000198364258,27.375,517235000,-0.021036407669602464,-0.03538926629410044,25.19764995574951,24.547239952087402,0.718751679432681,54.65554742402222,0.9702558904128828,0.7374900372601244,0.23276585315275844,0.7346437090561827
2022-04-04,27.278486251831055,27.360000610351562,27.558000564575195,26.613000869750977,26.72800064086914,397120000,0.02425878705279283,-0.030440457014766498,25.498050022125245,24.626959953308106,0.658847665793677,57.2653941991262,0.9487636427477248,0.7797447583576445,0.1690188843900804,0.8230958928219022
2022-04-05,25.853742599487305,25.930999755859375,27.319000244140625,25.81999969482422,27.253999710083008,436615000,-0.052229562230036275,-0.09509353602772952,25.71890001296997,24.678139953613282,0.6986973539345164,50.37913676348985,0.8071184957258168,0.785219505831279,0.021898989894537868,0.6280370868127387
2022-04-06,24.33428382873535,24.406999588012695,25.299999237060547,24.003000259399414,24.93400001525879,703833000,-0.058771361775294295,-0.118562689878137,25.788549995422365,24.71979995727539,0.7025645071160974,44.26557481091851,0.5653723586499311,0.7412500763950094,-0.17587771774507832,0.42001086194139237
2022-04-07,24.135873794555664,24.20800018310547,24.722000122070312,23.47800064086914,24.44099998474121,557992000,-0.008153374370726163,-0.11280507198448286,25.86604995727539,24.74851997375488,0.7003726086209981,43.522876169163,0.3536525282571361,0.6637305667674348,-0.3100780385102987,0.39284741680018453
2022-04-08,23.050121307373047,23.118999481201172,23.92300033569336,23.062000274658203,23.91699981689453,524781000,-0.044985157537478004,-0.13450885094168907,25.916999912261964,24.772019958496095,0.7150673131833133,39.60658490641555,0.09687308915637516,0.5503590712452229,-0.4534859820888477,0.24419867667603765
2022-04-11,21.851699829101562,21.91699981689453,22.31999969482422,21.65999984741211,22.214000701904297,575207000,-0.051991854806866855,-0.19894008304216526,25.946349906921387,24.753559951782226,0.7296122072986626,35.779623898428426,-0.2012973630086421,0.4000277843944499,-0.6013251474030921,0.08012556320936522
2022-04-12,21.43993377685547,21.503999710083008,22.725000381469727,21.281999588012695,22.53700065612793,662258000,-0.018843824896743633,-0.17072230486508877,25.87289991378784,24.693919944763184,0.6769147439773828,34.54453973782367,-0.4655585820515675,0.22691051110524646,-0.692469093156814,0.023750993898879805
2022-04-13,22.136850357055664,22.202999114990234,22.5,21.454999923706055,21.72800064086914,516943000,0.0325055531217977,-0.09030198345662033,25.758249855041505,24.645219917297364,0.641078567250971,38.41906406135601,-0.6115347004880256,0.05922146878659207,-0.6707561692746177,0.11916450530001296
2022-04-14,21.19466209411621,21.257999420166016,22.777000427246094,21.163000106811523,22.5049991607666,569097000,-0.0425618039225254,-0.12186057256386795,25.582849788665772,24.565539894104003,0.6523865956865671,35.37077187081036,-0.7943189888730764,-0.11148662274534163,-0.6828323661277348,0.0
2022-04-18,21.71809959411621,21.783000946044922,22.08799934387207,21.07900047302246,21.200000762939453,525701000,0.024696657267798905,-0.05778790454329974,25.349349880218504,24.522239913940428,0.6025382544560548,38.299712582371164,-0.8865935205704751,-0.2665080023103683,-0.6200855182601068,0.07096532508586033
2022-04-19,22.131866455078125,22.197999954223633,22.37299919128418,21.31399917602539,21.719999313354492,512781000,0.019051507604789464,0.012821104150965823,25.12254991531372,24.47981990814209,0.6069041820094004,40.59163741688316,-0.9156794177371381,-0.39634228539572225,-0.5193371323414159,0.12706142780938787
2022-04-20,21.41800308227539,21.48200035095215,22.670000076293945,21.200000762939453,22.517000198364258,468974000,-0.03225514031660548,-0.0010230356876607116,24.870449924468993,24.41489990234375,0.612676426258366,37.97095096445249,-0.9851491981972096,-0.5141036679560198,-0.4710455302411898,0.03027857651682285
2022-04-21,20.122867584228516,20.183000564575195,22.392000198364258,20.0,21.708999633789062,656209000,-0.060469219120898976,-0.090978634911139,24.597899913787842,24.31639991760254,0.6336145966915491,33.71773124200489,-1.1319742319644028,-0.6376777807576964,-0.4942964512067064,0.0
2022-04-22,19.45685577392578,19.514999389648438,20.486000061035156,19.5,20.30299949645996,624713000,-0.0330972182649204,-0.08199266525824211,24.16614990234375,24.172599906921388,0.4878895004886423,31.74830500630641,-1.2873959420956567,-0.7676214130252885,-0.5197745290703681,0.0
2022-04-25,19.84270668029785,19.902000427246094,19.94499969482422,19.09600067138672,19.20199966430664,641566000,0.01983095309769456,-0.08635176225066254,23.776649951934814,24.054159927368165,0.5057902877384659,34.14807402470966,-1.363622031739471,-0.886821536768125,-0.4768004949713459,0.04233683469458742
2022-04-26,18.732019424438477,18.788000106811523,19.788000106811523,18.670000076293945,19.718000411987305,653143000,-0.05597428884131117,-0.1536174364557238,23.305099964141846,23.95093994140625,0.50717476474611,30.79185898102429,-1.4966695972587267,-1.0087911488662455,-0.4878784483924812,0.0
2022-04-27,18.360136032104492,18.415000915527344,19.16699981689453,18.290000915527344,18.597999572753906,499460000,-0.01985305456480968,-0.14277066312816,22.793050003051757,23.833899955749512,0.48993080361611363,29.737952941699888,-1.613608000349089,-1.1297545191628142,-0.4838534811862747,0.0
2022-04-28,19.72306251525879,19.781999588012695,20.03700065612793,18.489999771118164,18.966999053955078,570327000,0.07423288647966952,-0.0198682537454975,22.39764995574951,23.6996399307251,0.5929765519892047,38.09981191516077,-1.5777893850182139,-1.2193614923338942,-0.3584278926843196,0.13348293881081338
2022-04-29,18.491743087768555,18.547000885009766,20.128000259399414,18.517000198364258,19.402000427246094,500435000,-0.062430428102490776,-0.04960279451262184,21.960700035095215,23.540359954833985,0.6153491667800682,34.146090058605495,-1.630264276551035,-1.3015420491773224,-0.3287222273737125,0.012889364272327165
2022-05-02,19.47480010986328,19.533000946044922,19.573999404907227,18.391000747680664,18.541000366210938,572049000,0.053162237234380516,-0.01854082370011445,21.601750087738036,23.440879974365235,0.6654634622164978,39.540488707125206,-1.5741432975092557,-1.3560622988437092,-0.21808099866554653,0.10916903773779234
2022-05-03,19.543596267700195,19.601999282836914,19.825000762939453,19.132999420166016,19.399999618530273,475751000,0.003532398169773465,0.043325482829344786,21.213850021362305,23.360079956054687,0.653328702532238,39.91142535117205,-1.5067307737009905,-1.3861959938151656,-0.12053477988582495,0.11590649912194162
2022-05-04,20.273418426513672,20.333999633789062,20.399999618530273,18.750999450683594,19.92300033569336,648855000,0.03734314752235868,0.10420845087461483,20.93400001525879,23.2989599609375,0.6642348124187342,43.847484981559774,-1.3783507823370655,-1.3846269515195455,0.006276169182479974,0.18738393360839434
2022-05-05,18.787857055664062,18.8439998626709,19.924999237060547,18.5,19.867000579833984,626331000,-0.07327627608698428,-0.0474168306984597,20.6558500289917,23.228099975585938,0.6798107379603381,38.34190529506189,-1.380920847399409,-1.3838857306955183,0.002964883296109333,0.041890340761892804
2022-05-06,18.619359970092773,18.674999237060547,19.511999130249023,17.989999771118164,18.736000061035156,633297000,-0.00896840516036801,0.00690129648692861,20.379199981689453,23.126639976501465,0.6797560940725111,37.76273195219183,-1.3806789728114772,-1.3832443791187103,0.00256540630723312,0.025387983721324815
2022-05-09,16.899503707885742,16.950000762939453,18.2549991607666,16.82699966430664,18.034000396728516,644455000,-0.09236939997822502,-0.13223775446693353,20.070750045776368,22.9825,0.7292438810907631,32.38537473455983,-1.5023619525051046,-1.4070678937959893,-0.09529405870911534,0.0
2022-05-10,17.542579650878906,17.594999313354492,18.197999954223633,17.024999618530273,17.68899917602539,761474000,0.03805301011108542,-0.10238751366753229,19.854650020599365,22.846699981689454,0.7376560797861503,36.05216471596438,-1.5291238106079703,-1.4314790771583856,-0.09764473344958469,0.05509982785631828
2022-05-11,16.5804500579834,16.6299991607666,17.753000259399414,16.56800079345703,17.347000122070312,670167000,-0.054845137268943356,-0.1821579885772946,19.610949993133545,22.709759979248048,0.7543362939979508,33.155156053416505,-1.6096452351330939,-1.4671123087533273,-0.14253292637976656,0.0
2022-05-12,16.126813888549805,16.174999237060547,16.788000106811523,15.567000389099121,16.2189998626709,708728000,-0.02736018921633432,-0.1416366294343655,19.30954999923706,22.548859977722167,0.7375674423465948,31.855376172452807,-1.6906845760665519,-1.5118267622159725,-0.17885781385057942,0.0
2022-05-13,17.653247833251953,17.70599937438965,17.92799949645996,16.593000411987305,16.788000106811523,670437000,0.09465225406757583,-0.05188754496695869,19.131949996948244,22.428699951171875,0.8244654683769469,40.33175892051576,-1.6127788114147599,-1.53201717205573,-0.0807616393590298,0.12266645516355655
2022-05-16,17.21256446838379,17.263999938964844,17.788000106811523,17.106000900268555,17.509000778198242,521446000,-0.024963258276407885,0.018525024300408255,18.90599994659424,22.31525993347168,0.8173040744781958,38.830075573897446,-1.56862149992471,-1.539338037629526,-0.02928346229518386,0.08725267393265429
2022-05-17,18.122846603393555,18.177000045776367,18.371000289916992,17.634000778198242,18.073999404907227,585830000,0.05288462175853481,0.03307762177519047,18.704949951171876,22.25175994873047,0.8418735717351262,43.508982401310995,-1.4433173698672022,-1.5201339040770614,0.07681653420985923,0.1604038670226154
2022-05-18,16.88753318786621,16.937999725341797,18.118000030517578,16.86400032043457,17.704999923706055,545161000,-0.06816308066866439,0.01852078052426065,18.47774991989136,22.16023994445801,0.8645928687495382,39.13427492367992,-1.4275341896019142,-1.501613961182032,0.0740797715801178,0.06113295675387961
2022-05-19,17.072978973388672,17.124000549316406,17.687000274658203,16.733999252319336,16.937000274658203,621310000,0.01098127447105357,0.058670872149501285,18.324799919128417,22.04243995666504,0.8467327399792969,40.10784709156246,-1.3840625816171546,-1.4781036852690568,0.09404110365190221,0.07603567372833372
2022-05-20,16.64426612854004,16.694000244140625,17.40999984741211,15.755000114440918,17.332000732421875,739105000,-0.02511097240025184,-0.05715571930454266,18.183749961853028,21.923159942626953,0.8439168572111562,38.5718023644354,-1.36853285518594,-1.4561895192524335,0.08765666406649353,0.04158328416344483
2022-05-23,16.847654342651367,16.898000717163086,16.915000915527344,16.179000854492188,16.27400016784668,639889000,0.012219987422970258,-0.02120014035540496,18.033549976348876,21.81911994934082,0.841203466245576,39.75069338149246,-1.324496332582079,-1.4298508819183626,0.10535454933628352,0.057928165047002135
2022-05-24,16.105873107910156,16.15399932861328,16.597000122070312,15.779999732971191,16.510000228881836,588550000,-0.044028959461111405,-0.11129453221480035,17.901849937438964,21.715599937438967,0.8329727129619874,36.964459906971875,-1.3342513463513228,-1.4107309748049548,0.07647962845363199,0.0
2022-05-25,16.924427032470703,16.975000381469727,17.111000061035156,16.0,16.020000457763672,781132000,0.05082339278064851,0.0021844761322420414,17.829849910736083,21.595639953613283,0.8551109969388092,41.8113763538047,-1.2611960583774042,-1.3808239915194447,0.11962793314204045,0.06566957284821812
2022-05-26,17.797813415527344,17.85099983215332,18.091999053955078,16.02199935913086,16.035999298095703,996575000,0.05160526839456536,0.042454990628106204,17.733299922943115,21.462739944458008,0.8315647822108582,46.53519129422825,-1.119706106680887,-1.3286004145517332,0.20889430787084606,0.13573831337116601
2022-05-27,18.754953384399414,18.81100082397461,18.881000518798828,18.100000381469727,18.18600082397461,738379000,0.053778555870698685,0.12681206115215105,17.746499919891356,21.343639945983888,0.8252047920538121,51.209747515194316,-0.9195106966687447,-1.2467824709751356,0.3272717743063909,0.21252610170277614
2022-05-31,18.616371154785156,18.672000885009766,19.200000762939453,18.350000381469727,18.979999542236328,664100000,-0.007389289930160858,0.10498284368309019,17.7034499168396,21.188019981384276,0.8031061389271787,50.520981421163235,-0.7632720008026546,-1.1500803769406396,0.386808376137985,0.20140788621938413
2022-06-01,18.26542091369629,18.31999969482422,19.05299949645996,18.121999740600586,18.724000930786133,544514000,-0.01885181948915504,0.13408446553382847,17.639349937438965,21.019739990234374,0.805346937888844,48.73342298544323,-0.6602443767536776,-1.0521131769032472,0.3918688001495696,0.17325229772028983
2022-06-02,19.53363037109375,19.591999053955078,19.618999481201172,18.197999954223633,18.29199981689453,648656000,0.06943228058514794,0.15416781229307785,17.602249908447266,20.881099967956544,0.8337711098758512,54.93817827995174,-0.47053054149400353,-0.9357966498213985,0.465266108327395,0.27499596088211586
2022-06-03,18.664228439331055,18.719999313354492,19.332000732421875,18.52199935913086,19.082000732421875,598779000,-0.04450795134274743,0.048680717571680576,17.596049880981447,20.742819938659668,0.8062875186720926,50.43197804344419,-0.38609340723311547,-0.825856001303742,0.43976259407062657,0.20524714595701463
2022-06-06,18.730030059814453,18.785999298095703,19.336999893188477,18.56399917602539,19.138999938964844,422406000,0.0035256403398544744,-0.0013290906801216584,17.601599884033202,20.555539932250976,0.8054799556465051,50.76117519852049,-0.31027407639713545,-0.7227396163224208,0.41246553992528534,0.210526299730161
2022-06-07,18.869613647460938,18.926000595092773,19.0,18.187999725341797,18.472000122070312,388914000,0.007452427458104927,0.013603240040917175,17.70039987564087,20.380219955444336,0.725081784302626,51.497036003519305,-0.23616738522504832,-0.6254251701029463,0.38925778487789797,0.2217246110356176
2022-06-08,18.596372604370117,18.648000717163086,19.18000030517578,18.53499984741211,18.798999786376953,363252000,-0.014688780999075335,0.01790398623377354,17.7530499458313,20.18879997253418,0.7187920639777271,49.902239559876044,-0.19759184952364706,-0.5398585059870865,0.34226665646343946,0.1994881800688336
2022-06-09,17.99803352355957,18.04800033569336,18.933000564575195,18.041000366210938,18.481000900268555,395574000,-0.03217505139398147,-0.07880761498658961,17.823950004577636,19.976639976501463,0.698446575714338,46.551445038141736,-0.21298037079194287,-0.4744828789480578,0.2615025081561149,0.1641817622371795
2022-06-10,16.92700958251953,16.974000930786133,17.69700050354004,16.868999481201172,17.600000381469727,465248000,-0.059507944643772404,-0.09326914778905981,17.863900089263915,19.762319984436036,0.7269456162733354,41.21643345977082,-0.3082849440199098,-0.44124329196242823,0.13295834794251843,0.07317521938081131
2022-06-13,15.603681564331055,15.647000312805176,16.312000274658203,15.605999946594238,16.0,604153000,-0.07817842260006869,-0.16709246793215415,17.760950136184693,19.529540004730226,0.6974659664057337,35.76280505907425,-0.48529814961842277,-0.45005426349362715,-0.03524388612479562,0.0
2022-06-14,15.792157173156738,15.836000442504883,16.06599998474121,15.411999702453613,15.730999946594238,469680000,0.012079000825802488,-0.16326746567835793,17.689550161361694,19.312020015716552,0.6959674424506636,37.04057177071527,-0.603376312893424,-0.48071867337358654,-0.12265763951983744,0.016135928020022193
2022-06-15,16.481245040893555,16.527000427246094,16.868000030517578,15.925999641418457,16.094999313354492,563936000,0.0436347540687434,-0.11373874991139854,17.60705018043518,19.095360012054442,0.6867610041617678,41.61334061409104,-0.6338891051335906,-0.5113527597255874,-0.12253634540800329,0.08556983295397483
2022-06-16,15.557809829711914,15.60099983215332,15.942000389099121,15.401000022888184,15.859999656677246,545749000,-0.056029561998811706,-0.13558291544912204,17.540200185775756,18.888760013580324,0.6729020349129896,37.665331239636885,-0.724440324814811,-0.5539702727434321,-0.17047005207137889,0.0
2022-06-17,15.836034774780273,15.880000114440918,15.994999885559082,15.32800006866455,15.64799976348877,630334000,0.017883487294999112,-0.06445155863995511,17.478000164031982,18.718220024108888,0.6752795295940834,39.526928294560854,-0.764872849626844,-0.5961507881201146,-0.16872206150672941,0.03241550725122641
2022-06-21,16.52013397216797,16.56599998474121,17.007999420166016,16.406999588012695,16.475000381469727,483089000,0.043198983964519044,0.05873328136792755,17.471600151062013,18.565380020141603,0.688878606663838,43.95861415476611,-0.7331106175937769,-0.623542754014847,-0.10956786357892989,0.12835863230056244
2022-06-22,16.314708709716797,16.360000610351562,16.66200065612793,16.18000030517578,16.22599983215332,437135000,-0.012435070299371742,0.0330891736047334,17.444700145721434,18.43020004272461,0.6888809634266324,42.94094848747947,-0.7163041395409024,-0.6420950311200582,-0.07420910842084427,0.11496529243367254
2022-06-23,16.18008041381836,16.225000381469727,16.584999084472656,15.852999687194824,16.518999099731445,463680000,-0.008251847423307312,-0.01827313111691431,17.448250198364256,18.316360054016112,0.6705089805726407,42.25063296812903,-0.7057429098713541,-0.6548246068703174,-0.050918303001036724,0.09451690655868565
2022-06-24,17.078584671020508,17.125999450683594,17.139999389648438,16.309999465942383,16.5,472153000,0.05553152838399211,0.09775012082156964,17.455800151824953,18.228800048828123,0.6753334580415691,48.23214147789938,-0.6175512183140874,-0.6473699291590714,0.029818710844983998,0.2309905762175383
2022-06-27,16.822294235229492,16.868999481201172,17.329999923706055,16.625999450683594,17.312000274658203,427968000,-0.015006421681986182,0.0622795566519474,17.406700134277344,18.122120056152344,0.6504650676279058,46.74486795468046,-0.5619189650206486,-0.6302797363313869,0.06836077131073826,0.1922085229020611
2022-06-28,15.937753677368164,15.982000350952148,17.20199966430664,15.944999694824219,16.899999618530273,461149000,-0.052581608721815165,-0.03525290560950012,17.26525011062622,18.016600074768068,0.638905583637599,41.938251913436524,-0.5826865722320314,-0.6207611035115158,0.03807453127948446,0.057753601902202197
2022-06-29,15.498970985412598,15.541999816894531,15.819999694824219,15.170000076293945,15.814000129699707,482352000,-0.02753100515552198,-0.05000004663443913,17.10875005722046,17.89178005218506,0.6429125935597907,39.75448482220073,-0.6274169444480293,-0.6220922716988185,-0.005324672749210779,0.0
2022-06-30,15.117029190063477,15.159000396728516,15.567000389099121,14.862000465393066,15.361000061035156,686070000,-0.024642866084047088,-0.06570107609727205,16.950700092315675,17.751000061035157,0.6444938642114001,37.90430424103293,-0.6858647175142849,-0.6348467608619118,-0.051017956652373075,0.0
2022-07-01,14.482789993286133,14.52299976348877,15.062999725341797,14.392000198364258,14.89900016784668,577610000,-0.04195531476976555,-0.1519911112160478,16.69725012779236,17.61182004928589,0.5839716454933015,34.99197445363558,-0.7745761034227634,-0.6627926293740821,-0.11178347404868128,0.0
2022-07-05,14.92257022857666,14.96399974822998,14.970999717712402,14.055000305175781,14.175000190734863,651397000,0.03036562638043261,-0.1129290290804813,16.509450149536132,17.507440032958986,0.592859499387795,38.51938443777324,-0.8000727619366863,-0.690248655886603,-0.1098241060500833,0.0758905514686273
2022-07-06,15.088109970092773,15.130000114440918,15.319000244140625,14.788999557495117,15.010000228881836,529066000,0.01109331522346313,-0.05330998734839043,16.326650190353394,17.419740047454834,0.5958293596301737,39.842607682971526,-0.7976889436736521,-0.7117367134440129,-0.08595223022963916,0.1044571269145082
2022-07-07,15.814094543457031,15.857999801635742,15.944999694824219,15.388999938964844,15.456000328063965,492903000,0.04811630414331458,0.0203320028609002,16.17325015068054,17.338860034942627,0.6283046654548805,45.393306055382865,-0.7286567583788273,-0.7151207224309758,-0.013536035947851466,0.22973671793903935
2022-07-08,15.79415225982666,15.838000297546387,16.03700065612793,15.388999938964844,15.430000305175781,467972000,-0.0012611618324835927,0.04479186509978628,16.032750129699707,17.279860038757324,0.6282319232535996,45.269728603962214,-0.6678633342332692,-0.7056692447914344,0.03780591055816529,0.2262950547940147
2022-07-11,15.110052108764648,15.152000427246094,15.527000427246094,15.038000106811523,15.526000022888184,437321000,-0.043313540687744956,0.0433106571645514,15.887950134277343,17.2146000289917,0.6352667279105401,41.13325732948439,-0.667345816829986,-0.6980045591991448,0.030658742369158887,0.10824310407785633
2022-07-12,15.040243148803711,15.081999778747559,15.430999755859375,14.876999855041504,15.267999649047852,458483000,-0.004619894833995719,0.007885594259752438,15.793350076675415,17.120600032806397,0.6053440604049346,40.72433685490406,-0.6649193712594332,-0.6913875216112025,0.026468150351769304,0.09619687278187838
2022-07-13,15.122017860412598,15.163999557495117,15.375,14.46500015258789,14.59000015258789,521918000,0.00543693011208668,0.0022471541835447084,15.769200038909911,17.052940006256105,0.5409781195809733,41.45852057077312,-0.6488995882911368,-0.6828899349471894,0.033990346656052606,0.1103080034956571
2022-07-14,15.32944107055664,15.371999740600586,15.472999572753906,14.727999687194824,15.107999801635742,456235000,0.013716709916590686,-0.030646996286695982,15.746000003814697,16.969719982147218,0.5415347907633582,43.37443707618031,-0.6123610019766108,-0.6687841483530736,0.05642314637646284,0.14610221924991076
2022-07-15,15.718362808227539,15.76200008392334,15.781999588012695,15.444999694824219,15.659000396728516,385935000,0.025370826821749404,-0.00479859907786595,15.70774998664856,16.892919998168946,0.5252344254984529,46.88453951976492,-0.5456442929810574,-0.6441561772786704,0.09851188429761293,0.21321637378913638
2022-07-18,16.05642318725586,16.10099983215332,16.89699935913086,16.00200080871582,16.302000045776367,670517000,0.021507406828131348,0.06263195473521432,15.73274998664856,16.80826000213623,0.4900800755716411,49.797608287524945,-0.46011248359034695,-0.6073474385410057,0.14723495495065875,0.311304061855449
2022-07-19,16.944955825805664,16.992000579833984,17.110000610351562,16.172000885009766,16.486000061035156,702366000,0.05533822476672268,0.12664108401445917,15.788350009918213,16.771220016479493,0.5230720643292255,56.543614854271354,-0.31677995238845114,-0.5492339413104949,0.23245398892204372,0.48707854842056725
2022-07-20,17.75769805908203,17.80699920654297,17.933000564575195,16.801000595092773,16.94700050354004,760538000,0.04796366518938444,0.1742943633720626,15.8503999710083,16.75386001586914,0.5280690496321487,61.62347225576593,-0.1358582217960631,-0.4665587974076085,0.3307005756115454,0.6478595191817628
2022-07-21,18.000024795532227,18.049999237060547,18.143999099731445,17.545000076293945,17.885000228881836,557049000,0.013646321185227572,0.17421282472356658,15.93489990234375,16.775859985351563,0.5253181284334153,63.011810022931854,0.02682243249049776,-0.36788255142798726,0.394704983918485,0.6957979813106899
2022-07-22,17.27105140686035,17.319000244140625,17.966999053955078,17.136999130249023,17.89299964904785,536671000,-0.04049856087633641,0.09878189011084748,15.989599895477294,16.770340003967284,0.5484326242202262,56.40158964643643,0.09565980684116582,-0.2751740797741567,0.3708338866153225,0.5515882564652411
2022-07-25,16.97686767578125,17.02400016784668,17.124000549316406,16.64900016784668,17.018999099731445,480748000,-0.01703332017642012,0.05732565339514806,15.98449993133545,16.778220024108887,0.517314069647676,53.94227944564977,0.12496931277517476,-0.19514540126429042,0.3201147140394652,0.493391350253639
2022-07-26,16.487228393554688,16.533000946044922,16.91900062561035,16.47800064086914,16.888999938964844,397865000,-0.028841589342151863,-0.02701268939066548,15.967700004577637,16.785380058288574,0.524984172114072,50.03195495111378,0.10734042009797662,-0.13464823699183703,0.24198865708981365,0.3965282035719614
2022-07-27,17.740745544433594,17.790000915527344,17.93600082397461,16.913000106811523,17.031999588012695,569776000,0.07602975246808574,-0.0009545848134467905,16.058100032806397,16.78706008911133,0.5534396732729715,58.35505225713043,0.19257885878425895,-0.06920281783661784,0.2617816766208768,0.6445061371744709
2022-07-28,17.93421173095703,17.983999252319336,18.139999389648438,17.440000534057617,17.975000381469727,474646000,0.010904908758192722,-0.0036565090044823334,16.180200004577635,16.80146007537842,0.5392396639824806,59.47692206743312,0.27264213124513503,-0.0008338280202672688,0.2734759592654023,0.682777662908724
2022-07-29,18.112714767456055,18.163000106811523,18.243999481201172,17.691999435424805,17.812999725341797,435460000,0.009953339742777345,0.04873259719229117,16.330399990081787,16.80118007659912,0.5253821883145388,60.53337916235882,0.34654200397317325,0.06864133837842085,0.2779006655947524,0.7180905213715076
2022-08-01,18.38994598388672,18.44099998474121,18.84600067138672,17.989999771118164,18.18199920654297,476469000,0.015305834735167556,0.08323542075444923,16.52630000114441,16.831240081787108,0.4889142266365457,62.18236887075177,0.4226681964698926,0.1394467099967152,0.2832214864731774,0.7729336692986627
2022-08-02,18.47471046447754,18.525999069213867,18.937999725341797,18.091999053955078,18.121999740600586,489527000,0.0046092448643233475,0.12054666479927323,16.704399967193602,16.85928005218506,0.4849347255471633,62.69558764019205,0.4842750469426953,0.20841237738591123,0.27586266955678407,0.7897020844437429
2022-08-03,18.8406925201416,18.89299964904785,18.968000411987305,18.136999130249023,18.18400001525879,418146000,0.019810029054997624,0.0620010498458039,16.89254994392395,16.903260040283204,0.4859022874147829,64.90985739792708,0.5563001179615021,0.2779899255010294,0.2783101924604727,0.8621030769876229
2022-08-04,19.161800384521484,19.21500015258789,19.27400016784668,18.760000228881836,18.849000930786133,409652000,0.017043376357457785,0.06844978600128648,17.060399961471557,16.9496000289917,0.4670909176741488,66.77336500461129,0.6320770642790166,0.3488073532566269,0.2832697110223897,0.9256265626084736
2022-08-05,18.936426162719727,18.98900032043457,19.229000091552734,18.666000366210938,18.809999465942383,386068000,-0.01176163571993949,0.045477080260175606,17.217949962615968,17.006300048828123,0.4719266396640942,64.19648876667088,0.6662148325978414,0.4122888491248698,0.25392598347297163,0.8810418587639935
2022-08-08,17.743738174438477,17.792999267578125,18.23900032043457,17.242000579833984,17.50200080871582,981859000,-0.0629838871280336,-0.03513913115879108,17.34999990463257,17.022660026550295,0.5051355678512106,52.62278732933016,0.589961264157111,0.4478233321313181,0.14213793202579295,0.6450976448624717
2022-08-09,17.038698196411133,17.086000442504883,17.44700050354004,16.724000930786133,17.25200080871582,668263000,-0.03973466274241433,-0.07772852742403213,17.450199937820436,17.007360038757323,0.531940663581111,47.205012733032724,0.4670964679181395,0.4516779592886824,0.01541850862945715,0.5056226154611154
2022-08-10,18.046897888183594,18.097000122070312,18.118000030517578,17.316999435424805,17.697999954223633,597422000,0.05917123103019262,-0.042131982308995286,17.596849966049195,16.993080024719237,0.5633954065091541,54.430086676450536,0.44616138583962694,0.4505746445988713,-0.004413258759244365,0.7050702029695417
2022-08-11,17.89232635498047,17.941999435424805,18.707000732421875,17.875999450683594,18.131000518798828,509327000,-0.008564993402220056,-0.0662503620637046,17.725349950790406,16.97847999572754,0.5667128020940861,53.227400955795474,0.4123100686287344,0.442921729404844,-0.03061166077610955,0.6744920399508507
2022-08-12,18.657201766967773,18.708999633789062,18.718000411987305,17.952999114990234,18.15999984741211,478094000,0.042748869830521175,-0.014745414814922753,17.87269992828369,16.986259994506835,0.5768962728038952,58.15467392525915,0.4422748921235744,0.4427923619485901,-0.000517469825015715,0.8258039961010161
2022-08-15,18.979307174682617,19.031999588012695,19.163999557495117,18.613000869750977,18.701000213623047,457666000,0.017264416085629897,0.0696341466552095,18.01924991607666,16.975060005187988,0.5758944260425052,60.06270495843277,0.48647781409179913,0.45152945237723197,0.03494836171456717,0.9609973253624704
2022-08-16,18.82672882080078,18.878999710083008,19.142000198364258,18.500999450683594,18.920000076293945,451240000,-0.008039085815557456,0.10493967114256164,18.113599872589113,16.97824001312256,0.5517186578177065,58.69739698408505,0.5033607078321545,0.4618957034682165,0.04146500436393796,0.9283886584311652
2022-08-17,18.28423500061035,18.334999084472656,18.687999725341797,18.145000457763672,18.523000717163086,446799000,-0.028815119125183752,0.013151293628610228,18.139999866485596,16.969220008850098,0.541200901014672,53.99745965759494,0.46745568056770637,0.4630076988881145,0.0044479816795918725,0.8124465057249927
2022-08-18,18.721025466918945,18.773000717163086,18.864999771118164,18.183000564575195,18.301000595092773,415447000,0.02388882762810507,0.04631597970611612,18.176149940490724,16.966160011291503,0.5453270695384819,56.98397348050308,0.46893813212137303,0.46419378553476626,0.0047443465866067736,0.9057972295885359
2022-08-19,17.799585342407227,17.849000930786133,18.520000457763672,17.770000457763672,18.4060001373291,441588000,-0.0492196106684315,-0.045967113145362615,18.202649974822997,16.950180015563966,0.5552408351022602,49.65965475159492,0.39104618804792324,0.4495642660373977,-0.05851807798947445,0.7088663451573085
2022-08-22,16.986835479736328,17.034000396728516,17.558000564575195,16.965999603271484,17.489999771118164,409593000,-0.04566084887428612,-0.10498104426939037,18.20314998626709,16.929900016784668,0.5771810979850719,44.25633512142553,0.2605490817060314,0.41176122917112445,-0.15121214746509304,0.5351663309904086
2022-08-23,17.13343620300293,17.180999755859375,17.46500015258789,16.969999313354492,16.98900032043457,369986000,0.008629761401149905,-0.08994120346941659,18.235549926757812,16.934039993286135,0.5670188368810261,45.41008485434751,0.16706498337218179,0.362821980011336,-0.1957569966391542,0.5664961150783173
2022-08-24,17.17432403564453,17.222000122070312,17.4060001373291,16.895000457763672,17.011999130249023,522661000,0.0023863783710813546,-0.060703518842545656,18.20714988708496,16.965539989471434,0.49624762941187217,45.74736741794738,0.09518926621722557,0.3092954372525139,-0.21410617103528834,0.5752344703235968
2022-08-25,17.8634090423584,17.913000106811523,17.94700050354004,16.83300018310547,16.8439998626709,770691000,0.04012309719215956,-0.045810503249238854,18.20359992980957,17.007079982757567,0.516104635803098,51.217756605122204,0.09291411034905295,0.2660191718718217,-0.17310506152276878,0.7225064071176781
2022-08-26,16.214984893798828,16.260000228881836,17.923999786376953,16.23699951171875,17.85700035095215,769127000,-0.09227934282773353,-0.089024629897552,18.108449935913086,17.001739978790283,0.6098324776445194,40.656668536151706,-0.041790507563124635,0.20445723598483248,-0.24624774354795712,0.3702046720687881
2022-08-29,15.757253646850586,15.800999641418457,16.33799934387207,15.767000198364258,16.020000457763672,496132000,-0.028228818019822577,-0.07238468513519958,17.976449918746948,17.005739974975587,0.6103711929783426,38.29532602012902,-0.18346749999779988,0.126872288788306,-0.3103397887861059,0.27237846801949384
2022-08-30,15.425176620483398,15.468000411987305,16.038999557495117,15.182000160217285,15.960000038146973,530181000,-0.02107456724182666,-0.09970312369557377,17.82354998588562,16.997499980926513,0.6107114988079171,36.63300676930367,-0.3189412360195014,0.03770958382674451,-0.3566508198462459,0.20140677112773606
2022-08-31,15.05221176147461,15.093999862670898,15.539999961853027,14.958999633789062,15.383999824523926,573710000,-0.024178984959592142,-0.12356289886865945,17.633599996566772,16.96805997848511,0.6038131698262883,34.805614977771384,-0.451281771184032,-0.0600886871754108,-0.3911930840086212,0.12169651573532003
2022-09-01,13.898414611816406,13.937000274658203,14.380000114440918,13.270000457763672,14.208999633789062,1178865000,-0.0766529480945658,-0.22196169309692704,17.36970000267029,16.91959997177124,0.6378383237933627,29.84557965564119,-0.6421208268816478,-0.17649511511665822,-0.4656257117649896,0.0
2022-09-02,13.60921859741211,13.647000312805176,14.170999526977539,13.590999603271484,14.100000381469727,743157000,-0.02080791821324257,-0.16070109958764434,17.102600002288817,16.86803997039795,0.6380093892361226,28.740045097845083,-0.8074548893921989,-0.3026870699717664,-0.5047678194204325,0.0
2022-09-06,13.427719116210938,13.46500015258789,13.779000282287598,13.35099983215332,13.730999946594238,535751000,-0.013336275814877174,-0.14783871538781101,16.886200046539308,16.794819984436035,0.6129537663214286,28.03810590917874,-0.9423068897309967,-0.4306110339236125,-0.5116958558073843,0.0
2022-09-07,13.680093765258789,13.71399974822998,13.838000297546387,13.345999717712402,13.562999725341797,512657000,0.018492357431888706,-0.11339543683991749,16.71760001182556,16.73171998977661,0.6142654558990663,30.53771816164725,-1.0173584106890186,-0.5479605092766937,-0.46939790141232485,0.043304277502972145
2022-09-08,13.955411911010742,13.989999771118164,14.008000373840332,13.369000434875488,13.458999633789062,624873000,0.020125421318007986,-0.07314165241799464,16.512249994277955,16.69187997817993,0.569800916092436,33.30319636602745,-1.0425485359876827,-0.6468781146188916,-0.39567042136879116,0.09130428148352582
2022-09-09,14.351432800292969,14.38700008392334,14.473999977111816,14.12600040435791,14.156999588012695,486612000,0.02837743526091896,0.032288139513305225,16.33450002670288,16.66877998352051,0.5877003745715859,37.177577049778805,-1.0187339535222613,-0.7212492823995655,-0.2974846711226957,0.1603478141452955
2022-09-12,14.469139099121094,14.505000114440918,14.54699993133545,14.197999954223633,14.369000434875488,484159000,0.008201850964707713,0.06287094467424237,16.124300050735474,16.655699977874757,0.5583939075764495,38.324374675040225,-0.9790531932756164,-0.7728100645747757,-0.2062431287008406,0.1808695585831352
2022-09-13,13.098535537719727,13.130999565124512,13.92199993133545,13.098999977111816,13.802000045776367,714956000,-0.09472599369016732,-0.024805093477788476,15.829250049591064,16.62785997390747,0.6186889981618398,31.185706971583286,-1.0464138586315404,-0.8275308233861287,-0.21888303524541164,0.0
2022-09-14,13.095545768737793,13.128000259399414,13.289999961853027,12.913000106811523,13.253999710083008,588507000,-0.00022841412112017956,-0.04273002038710105,15.541700077056884,16.59113998413086,0.620913761192861,31.172057178534118,-1.087503625294378,-0.8795253837677787,-0.20797824152659927,0.0
2022-09-15,12.8970365524292,12.928999900817871,13.232999801635742,12.789999961853027,13.015000343322754,523625000,-0.015158466990359942,-0.07583987760247768,15.271400117874146,16.547119979858397,0.6194303579127813,30.2267356959222,-1.1231779311957624,-0.9282558932533754,-0.19492203794238694,0.0
2022-09-16,13.16537094116211,13.197999954223633,13.211999893188477,12.616999626159668,12.741999626159668,670751000,0.020805944424885148,-0.08264406219253084,14.992650079727174,16.493919982910157,0.6168511943305058,33.17675472381684,-1.116869443739171,-0.9659786033505346,-0.15089084038863643,0.04279351616793467
2022-09-19,13.348916053771973,13.381999969482422,13.463000297546387,13.010000228881836,13.01200008392334,569685000,0.013941507493330896,-0.07742158814879685,14.769300031661988,16.444799976348875,0.6134499711326282,35.19509249110122,-1.0845209757825742,-0.9896870778369425,-0.09483389794563168,0.07206491417765923
2022-09-20,13.143424987792969,13.175999641418457,13.482999801635742,13.057000160217285,13.21500015258789,524818000,-0.015393837134490163,0.003427010721519075,14.576399993896484,16.405279960632324,0.6017413925897674,33.958437048303466,-1.0632505957101994,-1.004399781411594,-0.0588508142986055,0.03929362562959419
2022-09-21,13.228215217590332,13.26099967956543,14.031000137329102,13.109999656677246,13.213000297546387,807679000,0.0064511263251538775,0.010130973304238733,14.380399990081788,16.36885995864868,0.6007973484844698,34.973729921994064,-1.0276883222889488,-1.009057489587065,-0.018630832701883815,0.052815743787804285
2022-09-22,12.529945373535156,12.560999870300293,13.14900016784668,12.428000450134277,13.069999694824219,759162000,-0.05278635292811318,-0.028463147446872394,14.147349977493286,16.316799964904785,0.6148382542214889,30.777401848145658,-1.043955035050839,-1.01603699867982,-0.027918036371019195,0.0
2022-09-23,12.485055923461914,12.515999794006348,12.611000061035156,12.256999969482422,12.420000076293945,663309000,-0.0035825234263671124,-0.05167450845452015,13.877499961853028,16.2596799659729,0.5816219316978083,30.523849985799885,-1.0483924367760462,-1.0225080862990652,-0.02588435047698101,0.0
2022-09-26,12.197770118713379,12.227999687194824,12.659000396728516,12.21399974822998,12.491000175476074,547343000,-0.0230105554131953,-0.08623526266023684,13.675899934768676,16.18899995803833,0.5104963776092446,28.883813663711592,-1.0628959089072456,-1.0305856508207014,-0.0323102580865442,0.0
2022-09-27,12.38231086730957,12.413000106811523,12.736000061035156,12.258000373840332,12.506999969482422,553854000,0.015129246348479342,-0.05790828440890827,13.50649995803833,16.115239963531494,0.517216403539905,31.4323915256236,-1.0473883859761415,-1.0339461978517894,-0.01344218812435205,0.026477802675556526
2022-09-28,12.704514503479004,12.736000061035156,12.822999954223633,12.354000091552734,12.40999984741211,542414000,0.02602110299236915,-0.039589746717155316,13.369899940490722,16.030119953155516,0.5324111564255091,35.760947187401015,-0.9975361892005861,-1.0266641961215488,0.029128006920962735,0.0727065035069743
2022-09-29,12.189788818359375,12.220000267028809,12.5,11.946000099182129,12.447999954223633,532763000,-0.04051505900859809,-0.027147488798065944,13.226199960708618,15.918379974365234,0.5416194049559093,32.25756631916215,-0.9882726432236559,-1.0189858855419702,0.030713242318314293,0.0
2022-09-30,12.108990669250488,12.138999938964844,12.633000373840332,12.074999809265137,12.086999893188477,565638000,-0.006628504606707275,-0.030121433464871172,13.13629994392395,15.80015998840332,0.4808350294830263,31.73203548175701,-0.9762140776089581,-1.0104315239553678,0.034217446346409774,0.0
2022-10-03,12.48106575012207,12.51200008392334,12.678000450134277,12.104999542236328,12.347000122070312,547478000,0.030727419625500296,0.02322541740215467,13.079549932479859,15.704019985198975,0.4949881140278872,36.835298589104276,-0.9258865393943836,-0.9935225270431711,0.06763598764878753,0.052713416294191
2022-10-04,13.134448051452637,13.166999816894531,13.220000267028809,12.878999710083008,12.878999710083008,584182000,0.05234972255257575,0.06074274579835515,13.06464991569519,15.626879978179932,0.5318429600803843,44.65872452742942,-0.8236540274576907,-0.9595488271260751,0.13589479966838447,0.14527979746955547
2022-10-05,13.176342964172363,13.208999633789062,13.321000099182129,12.621000289916992,12.91100025177002,507131000,0.0031897788014427775,0.03713878537116311,13.039399909973145,15.560399951934814,0.5273229724440525,45.128039021079495,-0.7308205466443933,-0.9138031710297388,0.18298262438534552,0.1512153282251469
2022-10-06,13.097537994384766,13.130000114440918,13.656000137329102,13.102999687194824,13.220000267028809,644157000,-0.0059807344642558435,0.07446807099238861,12.996399927139283,15.467199935913087,0.5213397654720636,44.365914430338606,-0.6560612792128069,-0.8622547926663525,0.20619351345354564,0.1400508967719015
2022-10-07,12.04614543914795,12.076000213623047,12.670000076293945,12.022000312805176,12.505000114440918,672478000,-0.08027417301075557,-0.00518986124545362,12.880849933624267,15.34903995513916,0.5754493274896362,35.70266286109644,-0.6740924859431843,-0.8246223313217189,0.15052984537853464,0.0
2022-10-10,11.64114761352539,11.670000076293945,12.12399959564209,11.407999992370605,12.036999702453613,698699000,-0.03362041488464773,-0.06729539657782446,12.739099931716918,15.219179954528808,0.5788998721222048,33.027344677701734,-0.7129250094539987,-0.802282866948175,0.08935785749417624,0.0
2022-10-11,11.557355880737305,11.586000442504883,11.845999717712402,11.282999992370605,11.560999870300293,667482000,-0.007197912017129826,-0.12007286370286674,12.661849975585938,15.082079963684082,0.4850989376469766,32.48497762437705,-0.7419256751911849,-0.7902114285967771,0.04828575340559216,0.0
2022-10-12,11.471570014953613,11.5,11.734999656677246,11.345000267028809,11.579000473022461,492590000,-0.007422789506323357,-0.12938145818532576,12.580449962615967,14.941559982299804,0.4846773563875879,31.907258024153464,-0.7630524352114048,-0.7847796299197026,0.02172719470829787,0.0
2022-10-13,11.930431365966797,11.960000038146973,12.07800006866455,10.812999725341797,10.970999717712402,850103000,0.04000000331712816,-0.0891089159250753,12.531999969482422,14.802899990081787,0.5099638136262703,38.23460457333704,-0.7342138260849094,-0.7746664691527441,0.04045264306783469,0.05962411264407713
2022-10-14,11.19924259185791,11.22700023651123,12.111000061035156,11.204000473022461,12.057000160217285,713432000,-0.06128760863694027,-0.07030473352874334,12.433449983596802,14.643139991760254,0.5406377725033041,32.97622002005025,-0.7617252837250081,-0.772078232067197,0.010352948342188806,0.0
2022-10-17,11.858610153198242,11.887999534606934,11.947999954223633,11.517000198364258,11.517999649047852,580774000,0.058875860351910614,0.018680330495954856,12.358749961853027,14.501119976043702,0.5859013058910334,40.873214489067735,-0.7218699258032064,-0.7620365708143989,0.04016664501119249,0.08468921883619955
2022-10-18,11.937414169311523,11.967000007629395,12.491999626159668,11.618000030517578,12.343999862670898,659362000,0.0066453967122461766,0.032884477004399226,12.298299980163574,14.384599990844727,0.5860622355336396,41.75648527804638,-0.6761157480928439,-0.7448524062700879,0.06873665817724395,0.09481099713042368
2022-10-19,12.021206855773926,12.050999641418457,12.350000381469727,11.833999633789062,11.878999710083008,523131000,0.007019272477271743,0.047913012297257085,12.237799978256225,14.283899974822997,0.5862019415006275,42.73602815544386,-0.6258626096061928,-0.7210544469373088,0.09519183733111602,0.10557328294315771
2022-10-20,12.16385269165039,12.194000244140625,12.769000053405762,12.104999542236328,12.11299991607666,652398000,0.011866285534577914,0.01956523455244974,12.219449996948242,14.165839977264405,0.5593149869640419,44.44885725336312,-0.5679506996390273,-0.6904336974776526,0.12248299783862526,0.123894950413208
2022-10-21,12.43517780303955,12.465999603271484,12.498000144958496,11.88700008392334,12.097999572753906,609494000,0.022305999154097034,0.11035889735985882,12.2169499874115,14.056319980621337,0.5651772976352923,47.65597131672318,-0.49440779338492646,-0.6512285166591074,0.15682072327418095,0.1587443266759407
2022-10-24,12.567852973937988,12.598999977111816,12.710000038146973,12.064000129699707,12.508000373840332,517457000,0.010669050062012575,0.059808249523824575,12.235500001907349,13.934119987487794,0.5592801377390203,49.20034307973554,-0.42054471400900795,-0.6050917561290875,0.18454704212007955,0.1757847347337257
2022-10-25,13.228215217590332,13.26099967956543,13.300000190734863,12.663999557495117,12.694000244140625,505482000,0.052543829165508926,0.10813066525537418,12.277899980545044,13.818699989318848,0.5859777295472259,56.13730947666428,-0.3050731545984249,-0.545088035822955,0.24001488122453007,0.26581280488572423
2022-10-26,12.864117622375488,12.895999908447266,13.387999534606934,12.708000183105469,12.869000434875488,532953000,-0.027524302838240144,0.07011868659630527,12.285899972915649,13.699039993286133,0.5900566722764049,51.92693269123306,-0.24024415783205377,-0.48411926022477475,0.24387510239272098,0.2211767248379316
2022-10-27,13.143424987792969,13.175999641418457,13.838000297546387,13.121999740600586,13.630000114440918,583113000,0.021712138256746005,0.08053135784950438,12.333699941635132,13.595860004425049,0.5726743337324979,54.731799890759305,-0.16437822260335544,-0.42017105270049093,0.2557928300971355,0.2582824384791006
2022-10-28,13.799797058105469,13.833999633789062,13.850000381469727,13.060999870300293,13.104000091552734,521040000,0.04993928432588879,0.10973849462971019,12.418449926376343,13.497079982757569,0.5930670602238272,60.556094503237276,-0.050575815581469286,-0.3462520052766866,0.2956761896952173,0.3899191516377852
2022-10-31,13.463631629943848,13.496999740600586,13.838000297546387,13.29699993133545,13.777999877929688,486341000,-0.024360264718047753,0.07127547941266266,12.467699909210205,13.410039958953858,0.5963424726762119,56.54353382225805,0.01227879462954995,-0.2745458452954393,0.28682463992498924,0.33951533773921555
2022-11-01,13.50951862335205,13.543000221252441,13.925000190734863,13.519000053405762,13.810999870300293,432817000,0.0034082004546152067,0.021265405964948636,12.486499929428101,13.340219955444336,0.568901251690205,56.96273807337945,0.0650534843382804,-0.20662597936869537,0.27167946370697577,0.3463954576231828
2022-11-02,13.186318397521973,13.218999862670898,14.210000038146973,13.211000442504883,13.850000381469727,672628000,-0.023923824358586643,0.02504652268274743,12.486999940872192,13.260979957580567,0.5762586256081051,53.07890104308918,0.07981364300569638,-0.14933805489381702,0.2291516978995134,0.2979359355073095
2022-11-03,13.387821197509766,13.420999526977539,13.781000137329102,12.956000328063965,13.043000221252441,500065000,0.015281009638033805,0.01859440590670114,12.501549911499023,13.184959945678711,0.5779439289126097,55.13284465772872,0.10658224603163013,-0.0981539947087276,0.20473624074035773,0.32814826997114016
2022-11-04,14.121001243591309,14.156000137329102,14.229000091552734,13.696999549865723,13.986000061035156,612576000,0.05476496805428965,0.023276023714325023,12.605549907684326,13.109819946289063,0.5196451697676415,61.702111556146626,0.18497271309102992,-0.041528653148776094,0.22650136623980602,0.581959051312908
2022-11-07,14.265643119812012,14.300999641418457,14.411999702453613,13.954000473022461,14.227999687194824,410061000,0.010242971367808495,0.05956878686152334,12.737099885940552,13.070639934539795,0.49526025033730664,62.85748705995056,0.25584870654821934,0.017946818790622994,0.23790188775759635,0.6720594238838944
2022-11-08,14.565898895263672,14.60200023651123,14.890999794006348,14.215999603271484,14.800999641418457,595292000,0.021047521336971187,0.07819537753510075,12.88789987564087,13.04665994644165,0.49187566004407385,65.20420356451083,0.33247411975941965,0.08085227898438233,0.25162184077503735,0.7958028437528039
2022-11-09,13.74194049835205,13.776000022888184,14.211000442504883,13.758999824523926,14.161999702453613,454414000,-0.056567607193820924,0.04213633149283824,13.001699876785278,13.012819938659668,0.5457206446668161,54.944972854109956,0.3228276416186713,0.12924735151124012,0.19358029010743116,0.6591673216447591
2022-11-10,15.711060523986816,15.75,15.77299976348877,14.54699993133545,14.800000190734863,700819000,0.14329268102730164,0.17353405522002574,13.19119987487793,13.02593994140625,0.717948626188139,67.93099957566628,0.46906099576098015,0.19721008036118814,0.271850915399792,1.0
2022-11-11,16.28663444519043,16.32699966430664,16.388999938964844,15.482000350952148,15.807000160217285,655487000,0.03663489932105657,0.153362496885872,13.4461998462677,13.073739929199219,0.6622962869660224,70.59856266293622,0.6243143262643311,0.28263092954181673,0.3416833967225144,1.0
2022-11-14,16.25471305847168,16.295000076293945,16.540000915527344,15.92199993133545,16.218000411987305,527852000,-0.001959918458420251,0.1394308429391522,13.66654987335205,13.126699924468994,0.6496450142312903,70.24956187647109,0.7362841841532468,0.3733615804641027,0.3629226036891441,0.9937255702739308
2022-11-15,16.624801635742188,16.666000366210938,16.99799919128418,16.381999969482422,16.722000122070312,545876000,0.022767737844734626,0.14135050652436143,13.901499891281128,13.190719928741455,0.6488715785669443,71.97908886986131,0.845214618057847,0.4677321879828516,0.37748243007499543,1.0
2022-11-16,15.87066650390625,15.90999984741211,16.36199951171875,15.873000144958496,16.16200065612793,649547000,-0.045361844604993706,0.15490707178995233,14.094449901580811,13.234639930725098,0.6856459358978556,63.835284957730124,0.8606191659927944,0.5463095835848402,0.31430958240795426,0.861003768933433
2022-11-17,15.638243675231934,15.677000045776367,16.266000747680664,15.53499984741211,15.71500015258789,710894000,-0.014644865108131455,-0.004634917728484678,14.268599891662598,13.268379936218262,0.6935824729265834,61.524870915342014,0.844293751668971,0.6059064172016664,0.23838733446730465,0.8181650493012262
2022-11-18,15.370905876159668,15.409000396728516,16.00200080871582,15.119999885559082,15.965999603271484,492072000,-0.017095085045946368,-0.05622583980233764,14.41574993133545,13.288819942474365,0.7010190578248227,58.88491645838297,0.8005027142927119,0.6448256766198756,0.15567703767283636,0.7688913514418647
2022-11-21,15.279133796691895,15.317000389099121,15.47700023651123,15.079999923706055,15.147000312805176,404739000,-0.00597053704073669,-0.06001839107798612,14.551649951934815,13.305059947967528,0.7037771312929103,57.96541380767319,0.7497319269728653,0.6658069266904735,0.0839250002823918,0.7519764763847696
2022-11-22,15.998350143432617,16.038000106811523,16.058000564575195,15.121999740600586,15.32800006866455,472866000,0.047071861291165584,-0.03768152199688157,14.690499973297118,13.36319995880127,0.699719581510973,62.860067272626864,0.7589259380130322,0.6844307289549854,0.07449520905804685,0.8845375538841757
2022-11-23,16.478160858154297,16.518999099731445,16.527000427246094,16.04800033569336,16.097999572753906,427241000,0.029991207738902403,0.03827776606914268,14.871649932861327,13.43101993560791,0.688019606675409,65.72726529458737,0.7958507844111846,0.7067147400462253,0.08913604436495937,0.9729727407659378
2022-11-25,16.22977638244629,16.270000457763672,16.48699951171875,16.172000885009766,16.31800079345703,167934000,-0.01507347027894812,0.03782614085958791,15.026349973678588,13.497839946746826,0.6944248026432894,63.01520450149425,0.7958478432338332,0.7245413606837469,0.07130648255008631,0.9271925171898958
2022-11-28,15.787872314453125,15.82699966430664,16.35700035095215,15.725000381469727,16.025999069213867,303741000,-0.027228075045667377,0.027126955468627978,15.125999975204468,13.550419940948487,0.6917511751848602,58.39834551901193,0.7514369531668699,0.7299204791803715,0.021516473986498363,0.8457435775147483
2022-11-29,15.600337028503418,15.638999938964844,15.932000160217285,15.520000457763672,15.82699966430664,298384000,-0.011878418482928144,0.021022363497156027,15.233099985122681,13.595559940338134,0.6854892460361862,56.506283373789394,0.6930815831080306,0.7225526999659033,-0.029471116857872737,0.8111784514145993
2022-11-30,16.885478973388672,16.92300033569336,16.93000030517578,15.597000122070312,15.696999549865723,565298000,0.08210246190547044,0.055181457974050385,15.402099990844727,13.670499954223633,0.7333746997993507,64.87632207589886,0.7418905802869062,0.726420276030104,0.015470304256802292,1.0
2022-12-01,17.097013473510742,17.135000228881836,17.264999389648438,16.635000228881836,16.999000549316406,470977000,0.01252732310956306,0.03729046326786256,15.597900009155273,13.74797996520996,0.7208853720160707,66.03842329752604,0.7885883264758551,0.7388538861192543,0.049734440356600795,1.0
2022-12-02,16.838584899902344,16.875999450683594,16.933000564575195,16.44499969482422,16.659000396728516,371389000,-0.015115306375174997,0.03724640294221704,15.770650005340576,13.834279956817626,0.7282047843897403,63.28365159789269,0.7955270874630536,0.7501885263880143,0.04533856107503931,0.9561610056647415
2022-12-05,16.573177337646484,16.610000610351562,16.9950008392334,16.472000122070312,16.679000854492188,352255000,-0.015761960712866507,0.04947248137060112,15.8933500289917,13.91615997314453,0.7168283236475448,60.492681946305424,0.7706783221990374,0.7542864855502189,0.016391836648818492,0.9111375052118753
2022-12-06,15.951555252075195,15.987000465393066,16.572999954223633,15.819000244140625,16.530000686645508,352694000,-0.037507532935925014,0.02225209590040178,15.97765007019043,13.991339988708496,0.7354834265623436,54.437153118230896,0.6927292401613201,0.7419750364724392,-0.04924579631111914,0.8056872435729082
2022-12-07,16.084259033203125,16.1200008392334,16.18600082397461,15.666999816894531,15.772000312805176,372388000,0.008319282540101058,-0.04745018498677833,16.05355010032654,14.065480003356933,0.7335440701041037,55.46216231512416,0.6343733881570817,0.7204547068093677,-0.08608131865228608,0.8281991552201804
2022-12-08,17.130937576293945,17.16900062561035,17.179000854492188,15.958999633789062,16.273000717163086,515456000,0.06507442504741445,0.0019842659045434807,16.223200130462647,14.154140014648437,0.723100020851719,62.60730490007744,0.6651045595666556,0.7093846773608253,-0.04428011779416974,1.0
2022-12-09,16.963308334350586,17.000999450683594,17.58300018310547,16.975000381469727,17.15999984741211,465338000,-0.009785145832900577,0.007406968717040163,16.285750102996825,14.249759998321533,0.5338903159173916,60.921625963519936,0.6682003458954817,0.7011478110677566,-0.03294746517227487,0.9717264954686028
2022-12-12,17.496122360229492,17.53499984741211,17.538000106811523,16.797000885009766,17.03700065612793,457328000,0.031409941414182185,0.05568929578991555,16.3461501121521,14.357679996490479,0.5300084362904579,64.2193340885049,0.7056093230044347,0.7020401134550922,0.003569209549342478,1.0
2022-12-13,18.031936645507812,18.07200050354004,18.790000915527344,17.711000442504883,18.5310001373291,656589000,0.030624503039683892,0.13041846359236398,16.435000133514404,14.468880004882813,0.5376375745371441,67.21547695860619,0.7697148779461074,0.7155750663532954,0.054139811592812004,1.0
2022-12-14,17.63481330871582,17.673999786376953,18.25200080871582,17.420000076293945,17.98699951171875,496888000,-0.022023058105001936,0.09640191477914684,16.485400104522704,14.559020004272462,0.5422927399055234,63.0045315762057,0.7794190033495489,0.7283438537525462,0.05107514959700277,0.9418552663788506
2022-12-15,16.91441535949707,16.95199966430664,17.31999969482422,16.700000762939453,17.145999908447266,478542000,-0.040850974923448136,-0.01263911429882636,16.53750009536743,14.633880004882812,0.5371155279424699,56.13422447288182,0.7205442314252757,0.7267839292870921,-0.00623969786181644,0.8363768012357501
2022-12-16,16.53426170349121,16.570999145507812,17.041000366210938,16.40999984741211,16.86400032043457,478232000,-0.02247525521139815,-0.0252926486129903,16.582200050354004,14.70269998550415,0.5413668209252234,52.85860786898529,0.6358127393134723,0.7085896912923682,-0.07277695197889589,0.7807156611428794
2022-12-19,16.21796417236328,16.253999710083008,16.608999252319336,16.145000457763672,16.57200050354004,354039000,-0.019129771997528522,-0.07305390068299067,16.62445001602173,14.78625997543335,0.5424315055344506,50.23218292994685,0.5368942336727471,0.674250599768444,-0.1373563660956969,0.7344045693885464
2022-12-20,16.04933738708496,16.084999084472656,16.309999465942383,15.85200023651123,16.06399917602539,403260000,-0.010397479305079171,-0.10994916797828547,16.662849950790406,14.874559955596924,0.5436521487601366,48.83893014037184,0.439793995772515,0.6273592789692582,-0.18756528319674326,0.7097149245357334
2022-12-21,16.46441650390625,16.500999450683594,16.62700080871582,16.101999282836914,16.11400032043457,325025000,0.02586262915069204,-0.0663686969486954,16.68599991798401,14.972859935760498,0.5257638423071386,52.34293910588791,0.39189162781882203,0.580265748739171,-0.188374120920349,0.7704892634666959
2022-12-22,15.304991722106934,15.33899974822998,16.13800048828125,14.881999969482422,16.0939998626709,565045000,-0.07041995885924801,-0.09515101156313255,16.626999950408937,15.049639930725098,0.5733542963753239,43.40116036727517,0.25720014814007186,0.5156526286193512,-0.2584524804792794,0.6007303654209549
2022-12-23,15.172287940979004,15.206000328063965,15.33899974822998,14.883000373840332,15.196000099182129,349326000,-0.008670670992178775,-0.08237275287132473,16.57379994392395,15.114559936523438,0.5720277635929362,42.50611380485083,0.13813193939686386,0.4401484907748538,-0.30201655137798994,0.5813002098362062
2022-12-27,14.089692115783691,14.121000289916992,15.100000381469727,14.055999755859375,15.074000358581543,464902000,-0.07135341409565232,-0.13122920254777848,16.48849997520447,15.172439937591554,0.616750187067795,35.98616044309573,-0.04328198148656881,0.3434623963225693,-0.3867443778091381,0.3610932091582946
2022-12-28,14.004881858825684,14.03600025177002,14.26200008392334,13.883999824523926,13.927000045776367,351066000,-0.006019406302800401,-0.12738569781334952,16.408349990844727,15.215399951934815,0.6162304842196975,35.5264138604022,-0.1917027831535556,0.23642936042734436,-0.42813214358089996,0.33890255136367603
2022-12-29,14.570623397827148,14.602999687194824,14.682999610900879,14.22700023651123,14.402000427246094,354923000,0.040396083303952945,-0.11502332141524552,16.2923499584198,15.268119945526124,0.5528548087865146,40.94616440570475,-0.260571515728806,0.1370291851961143,-0.3976007009249203,0.423849805740957
2022-12-30,14.581599235534668,14.61400032043457,14.628999710083008,14.232999801635742,14.333999633789062,310490000,0.0007533132558643629,-0.047265104615382136,16.166299962997435,15.319379959106445,0.5489715934690813,41.04970322516887,-0.310681480585119,0.04748705203986763,-0.35816853262498666,0.4117046562602924
2023-01-03,14.283263206481934,14.3149995803833,14.996000289916992,14.095999717712402,14.85099983215332,401277000,-0.020459883228083786,-0.05859533923830362,16.038249969482422,15.361799945831299,0.5503000374070653,39.04583537229452,-0.3702528057548644,-0.03606091951907878,-0.33419188623578566,0.32982513024984356
2023-01-04,14.716300010681152,14.74899959564209,14.852999687194824,14.241000175476074,14.567000389099121,431324000,0.03031785036539758,0.044472720971014734,15.945199918746948,15.407459945678712,0.5653610006518074,43.36727712987773,-0.37808500738282724,-0.10446573709182848,-0.27361927029099875,0.3928374587483187
2023-01-05,14.23337459564209,14.265000343322754,14.564000129699707,14.14799976348877,14.491000175476074,389168000,-0.032815734326980706,0.016315195742736988,15.859099912643433,15.440779953002929,0.5620534505310131,39.96445820508467,-0.4185223136024856,-0.1672770523939599,-0.2512452612085257,0.2644900072409962
2023-01-06,14.826056480407715,14.859000205993652,15.010000228881836,14.034000396728516,14.473999977111816,405044000,0.04164036791972059,0.017530680290523515,15.796049880981446,15.472739963531494,0.5845845673630791,45.60548461822321,-0.3980498742896934,-0.21343161677310662,-0.18461825751658678,0.3792504002815329
2023-01-09,15.593350410461426,15.628000259399414,16.055999755859375,15.140999794006348,15.284000396728516,504231000,0.051753149118038966,0.06938551503567303,15.718999862670898,15.527379970550538,0.5654847141492959,51.90586186103228,-0.3161292993508411,-0.23397115328865353,-0.08215814606218758,0.5008170314983222
2023-01-10,15.87372875213623,15.909000396728516,15.961999893188477,15.472000122070312,15.506999969482422,384101000,0.017980556223762267,0.11135178924696376,15.664399909973145,15.582039985656738,0.5703388021487936,54.00244013553526,-0.2259279342488405,-0.23236250948069093,0.006434575231850426,0.5542963484084469
2023-01-11,15.965523719787598,16.000999450683594,16.027999877929688,15.562999725341797,15.84000015258789,353285000,0.0057828305777147815,0.08488710348947559,15.587699890136719,15.625379981994628,0.5571156647753308,54.69873118641263,-0.14534371587052775,-0.2149587507586583,0.06961503488813056,0.5732534969363733
2023-01-12,16.474393844604492,16.51099967956543,16.636999130249023,15.491999626159668,16.100000381469727,551409000,0.03187302333542963,0.15744824971518456,15.509649848937988,15.685659980773925,0.5581607301010761,58.45333313130005,-0.03986781465625455,-0.17994056353817756,0.140072748881923,0.6783431654987285
2023-01-13,16.86153221130371,16.89900016784668,16.922000885009766,16.165000915527344,16.277999877929688,447287000,0.02349951522084104,0.13729052652076512,15.470899868011475,15.75277997970581,0.5619479115035605,61.0951565819666,0.0741759396583479,-0.1291172628988725,0.2032932025572204,0.7582938016090427
2023-01-17,17.662755966186523,17.70199966430664,17.72800064086914,16.89900016784668,16.89900016784668,511102000,0.04751757432299497,0.13271047929883584,15.508399868011475,15.842439975738525,0.56767675794236,65.924397101974,0.2267380894553881,-0.05794619242802038,0.28468428188340844,0.9204470519146479
2023-01-18,17.338478088378906,17.37700080871582,17.87299919128418,17.281999588012695,17.66699981689453,439624000,-0.018359443099873696,0.09227483659433311,15.548699951171875,15.92156000137329,0.565431561012325,62.54071726019908,0.3177570948110038,0.017194465019784458,0.30056262979121934,0.8382216906272872
2023-01-19,16.727828979492188,16.764999389648438,17.19700050354004,16.731000900268555,17.035999298095703,452932000,-0.0352190476253198,0.04774701363621414,15.574249935150146,15.973739986419679,0.5765535392566108,56.64471336612904,0.33662649184708116,0.08108087038524381,0.25554562146183735,0.6957632756844377
2023-01-20,17.799448013305664,17.839000701904297,17.856000900268555,16.825000762939453,17.01099967956543,564967000,0.06406211460520561,0.08043129114601388,15.661950016021729,16.044500007629395,0.6143475572161339,63.201128840728124,0.4332493264929447,0.151514561606784,0.28173476488616067,0.945763553173442
2023-01-23,19.15045166015625,19.19300079345703,19.2450008392334,17.81800079345703,18.06399917602539,655163000,0.07590111767909713,0.1357477130496212,15.796550083160401,16.13632001876831,0.6598943145353762,69.46952614102929,0.6120250666214808,0.24361666260972337,0.36840840401175745,1.0
2023-01-24,19.222286224365234,19.264999389648438,19.4950008392334,18.81999969482422,18.82699966430664,496204000,0.0037512943893562856,0.08829509405614466,15.992850065231323,16.246100006103514,0.5913413629473313,69.76446345221844,0.7508603628101476,0.34506540264980823,0.40579496016033934,1.0
2023-01-25,19.280160903930664,19.322999954223633,19.3700008392334,18.579999923706055,18.913000106811523,449537000,0.003010670460044773,0.11198705501191863,16.198700046539308,16.31756000518799,0.5873352807504809,70.01575745811532,0.8557044676783718,0.44719321565552095,0.4085112520228509,1.0
2023-01-26,19.758098602294922,19.802000045776367,20.166000366210938,19.277999877929688,19.701000213623047,489535000,0.024789116218366214,0.18115125360536122,16.482750034332277,16.387060012817383,0.4970571183090873,72.07958930939456,0.9663065005317186,0.5510158726307606,0.41529062790095805,1.0
2023-01-27,20.319847106933594,20.364999771118164,20.628000259399414,19.405000686645508,19.461999893188477,542142000,0.028431457632577928,0.14159980771480196,16.799200010299682,16.46846000671387,0.4904282210186179,74.31718265341375,1.086860133985038,0.6581847249016161,0.42867540908342183,1.0
2023-01-30,19.11952018737793,19.16200065612793,20.139999389648438,19.149999618530273,19.950000762939453,488611000,-0.059071894353583065,-0.0016151792865902737,17.027150058746336,16.518380012512207,0.5561801679732605,62.745787111416,1.0729593745662207,0.741139654834537,0.33181971973168367,0.8099227040051763
2023-01-31,19.49368667602539,19.53700065612793,19.687000274658203,18.950000762939453,19.170000076293945,498017000,0.019569981586451846,0.014118934601453637,17.273300075531004,16.590920028686522,0.5541276807521027,64.5963149134281,1.079755538844168,0.8088628316364633,0.27089270720770464,0.8691737750241583
2023-02-01,20.896570205688477,20.94300079345703,21.191999435424805,19.611000061035156,19.69099998474121,660477000,0.07196601781799594,0.08383795699793994,17.604700136184693,16.696240043640138,0.5720761698079387,70.51085729460736,1.184934817665468,0.8840772288422643,0.3008575888232037,1.0
2023-02-02,21.660865783691406,21.708999633789062,21.948999404907227,20.700000762939453,21.0,564276000,0.036575409984768825,0.09630338266863325,17.95270013809204,16.822240028381348,0.5740271969352168,73.14326594958335,1.3149420254560376,0.970250188165019,0.3446918372910186,1.0
2023-02-03,21.0532169342041,21.100000381469727,21.7450008392334,20.788999557495117,21.0,429366000,-0.02805284732565272,0.03609136354589837,18.29445013999939,16.93790002822876,0.5684219847134132,67.94985123810136,1.3532332931929076,1.0468468091705967,0.30638648402231095,0.9206308743167022
2023-02-06,21.042247772216797,21.089000701904297,21.56999969482422,20.785999298095703,20.805999755859375,452197000,-0.0005213118183206022,0.10056361443449391,18.605950164794923,17.038920040130616,0.5671973248668895,67.85613480921964,1.3669346448368849,1.1108643763038544,0.2560702685330305,0.9191973176307462
2023-02-07,22.123842239379883,22.17300033569336,22.259000778198242,21.149999618530273,21.381999969482422,664150000,0.05140118534356053,0.13492345759524915,18.93320016860962,17.152000064849855,0.5669229951071866,71.96037861246327,1.4485646245201877,1.1784044259471211,0.2701601985730666,1.0
2023-02-08,22.155771255493164,22.204999923706055,22.878000259399414,22.007999420166016,22.386999130249023,559651000,0.0014431780782135917,0.06025875387653601,19.248000144958496,17.2707000541687,0.5700555400888656,72.07373547975365,1.4985645515264139,1.2424364510629797,0.25612810046343415,1.0
2023-02-09,22.2874755859375,22.336999893188477,23.020000457763672,22.1200008392334,22.606000900268555,523876000,0.005944605716548423,0.028928106775678364,19.56480016708374,17.400900058746338,0.5700120355894178,72.56642377298436,1.5311905368999525,1.3001872682303743,0.2310032686695782,1.0
2023-02-10,21.217849731445312,21.264999389648438,22.077999114990234,20.81100082397461,21.690000534057617,550737000,-0.04799214346895975,0.00781985806614549,19.80250015258789,17.51342004776001,0.6121068666233938,62.86618656220634,1.4537870318600774,1.330907220956315,0.12287981090376232,0.8708588664199897
2023-02-13,21.739694595336914,21.788000106811523,22.04800033569336,20.961999893188477,21.538000106811523,474919000,0.02459443838111164,0.03314521227381384,20.046950149536134,17.610720043182372,0.6123579965626659,65.3030432931171,1.4182967414531227,1.3483851250556769,0.06991161639744581,0.9338634128307056
2023-02-14,22.92007064819336,22.97100067138672,23.048999786376953,21.365999221801758,21.577999114990234,675474000,0.05429596836679651,0.03598973181851095,20.310400199890136,17.72744005203247,0.6178026590560077,70.08510598066924,1.4686984479499365,1.3724477896345288,0.09625065831540769,1.0
2023-02-15,22.713529586791992,22.763999938964844,22.854999542236328,22.106000900268555,22.548999786376953,420575000,-0.009011393773529441,0.025174511019115053,20.57975015640259,17.845200061798096,0.6122092689831903,68.31097381121401,1.4749367812462637,1.3929455879568757,0.08199119328938798,0.9768325995858481
2023-02-16,21.953222274780273,22.00200080871582,22.549999237060547,21.927000045776367,22.132999420166016,412026000,-0.03347386805008379,-0.014997496802371058,20.841600227355958,17.953040065765382,0.6103658538589527,62.08100004966254,1.4022297125412315,1.394802412873747,0.007427299667484455,0.8915501044025169
2023-02-17,21.340579986572266,21.38800048828125,21.739999771118164,20.975000381469727,21.631000518798828,465888000,-0.027906567487777867,0.0057842041929561105,21.019050216674806,18.061060066223146,0.5982623780854813,57.528231524452785,1.2803055765975913,1.371903045618516,-0.0915974690209247,0.8228315491032313
2023-02-21,20.609207153320312,20.655000686645508,21.493999481201172,20.618000030517578,21.0,410015000,-0.03427154408554278,-0.052001074656310875,21.09215021133423,18.151760063171388,0.5635832289077913,52.57158572419103,1.1117176730742528,1.3198659711096634,-0.20814829803541057,0.7407946417488177
2023-02-22,20.707983016967773,20.753999710083008,21.104000091552734,20.42099952697754,20.707000732421875,513184000,0.0047929808833899745,-0.09651303367315933,21.166600227355957,18.22346004486084,0.563582554945232,53.158599736306655,0.9748613440002778,1.2508650456877866,-0.27600370168750876,0.7518745543160459
2023-02-23,23.61153793334961,23.663999557495117,23.88800048828125,23.024999618530273,23.440000534057617,1117995000,0.14021392926965937,0.039536092995227756,21.38365020751953,18.35672004699707,0.7416407508833734,66.34456245386482,1.0886649333341651,1.2184250232170624,-0.12976008988289722,1.0
2023-02-24,23.234378814697266,23.285999298095703,23.474000930786133,22.94700050354004,23.225000381469727,589716000,-0.015973642092115825,0.05835826025745994,21.5578501701355,18.471740036010743,0.7458271646740015,63.830956805330544,1.1352669848164965,1.2017934155369492,-0.06652643072045272,0.9607394799899244
2023-02-27,23.448894500732422,23.500999450683594,23.8799991607666,23.45400047302246,23.670000076293945,452994000,0.009233022376904154,0.09879366533398404,21.71465015411377,18.580320014953614,0.7423488035630891,64.65130190143546,1.1759920574399594,1.1966331439175513,-0.020641086477591886,0.9830701995673599
2023-02-28,23.164527893066406,23.215999603271484,23.825000762939453,23.20599937438965,23.371999740600586,455963000,-0.01212713731644377,0.1239892922531729,21.917350101470948,18.691160011291505,0.7036286012769014,62.62367222171509,1.1717625161697427,1.1916590183679896,-0.0198965021982469,0.9534690500073844
2023-03-01,22.647676467895508,22.697999954223633,23.256000518798828,22.507999420166016,23.191999435424805,460026000,-0.02231218374826549,0.09366870344496347,22.07540006637573,18.806080017089844,0.712149845279836,59.0016976739381,1.1137734446958731,1.1760819036335664,-0.06230845893769321,0.8996676700322286
2023-03-02,23.262313842773438,23.31399917602539,23.3799991607666,22.43199920654297,22.488000869750977,389415000,0.027138920743857486,-0.014790415315016792,22.19394998550415,18.940940017700196,0.6759727354607135,61.82902140737427,1.1047873756826299,1.161822998043379,-0.057035622360749105,0.9636476519829404
2023-03-03,23.837034225463867,23.889999389648438,23.899999618530273,23.1299991607666,23.31999969482422,412393000,0.024706195160861366,0.025938336758522862,22.30299997329712,19.093660011291504,0.6701868923926638,64.30765276047944,1.1311055736885365,1.1556795131724105,-0.024573939483873986,1.0
2023-03-06,23.501781463623047,23.554000854492188,24.24799919128418,23.48699951171875,23.891000747680664,437429000,-0.014064401161175355,0.0022552829687016995,22.425699996948243,19.243040046691895,0.6626661647500758,61.787211038341276,1.1120318505332527,1.146949980644579,-0.034918130111326384,0.9659023173784658
2023-03-07,23.240318298339844,23.288000106811523,24.125,23.240999221801758,23.600000381469727,515154000,-0.011293229941015892,0.0031013311841154856,22.535649967193603,19.378780059814453,0.6652361752222314,59.7893379218098,1.0631958898355478,1.130199162482773,-0.06700327264722516,0.9389081250755492
2023-03-08,24.131486892700195,24.180999755859375,24.200000762939453,23.423999786376953,23.48699951171875,513573000,0.038345913987979374,0.06533614435750268,22.636049938201904,19.55562005996704,0.6548917392260131,63.998043344995665,1.0840543440296457,1.1209701987921474,-0.0369158547625017,1.0
2023-03-09,23.388011932373047,23.43600082397461,24.45400047302246,23.382999420166016,24.174999237060547,501257000,-0.030809269236448444,0.005232978135929489,22.697599983215333,19.720220069885254,0.6671811047923752,58.49717507830053,1.028612427888575,1.102498644611433,-0.073886216722858,0.926564911946574
2023-03-10,22.917972564697266,22.96500015258789,23.62700080871582,22.72599983215332,23.409000396728516,474866000,-0.0200973141673938,-0.03871909839651777,22.7289999961853,19.897100067138673,0.6723005630327755,55.26309821749533,0.9358802471216912,1.0691749651134848,-0.1332947179917936,0.8801380322609847
2023-03-13,22.918970108032227,22.965999603271484,23.29800033569336,22.297000885009766,22.75200080871582,421890000,4.352060426526805e-05,-0.024963964926941973,22.814050006866456,20.075700054168703,0.645838240733892,55.268749551930014,0.8526412554400977,1.0258682231788074,-0.17322696773870971,0.8774707316892549
2023-03-14,24.013729095458984,24.062999725341797,24.2189998626709,23.459999084472656,23.496000289916992,474910000,0.047766269312050635,0.033278925411186044,22.92779998779297,20.26490005493164,0.66042524027543,61.08021345114968,0.8652187930006967,0.9937383371431853,-0.12851954414248856,0.9881000365562352
2023-03-15,24.17839241027832,24.22800064086914,24.285999298095703,23.360000610351562,23.76099967956543,524486000,0.00685703849938446,0.0019437114050000481,22.99064998626709,20.45718006134033,0.6351694730484198,61.88238017279356,0.878375412066017,0.9706657521277516,-0.09229034006173464,1.0
2023-03-16,25.488706588745117,25.541000366210938,25.58799934387207,23.893999099731445,24.027000427246094,583253000,0.05419348235970234,0.0898190590641621,23.129500007629396,20.681700077056885,0.6580174393233621,67.60433086135404,0.9834140471209167,0.9732154111263848,0.010198635994531968,1.0
2023-03-17,25.672327041625977,25.725000381469727,26.39900016784668,25.667999267578125,25.98200035095215,848547000,0.007204103700738651,0.12018289616997091,23.31564998626709,20.90122009277344,0.6408205349037269,68.32198340042093,1.0691803402230846,0.9924083969457248,0.07677194327735981,1.0
2023-03-20,25.84696388244629,25.899999618530273,26.02400016784668,25.1299991607666,25.614999771118164,432747000,0.006802691330049626,0.12775407410704842,23.54124994277954,21.133920078277587,0.6262868684122568,69.02480373348074,1.13815181566439,1.0215570806894578,0.11659473497493211,1.0
2023-03-21,26.145357131958008,26.198999404907227,26.392000198364258,25.381000518798828,26.18000030517578,547408000,0.01154439346643965,0.08876697435673053,23.818449878692626,21.360720062255858,0.6037330767299859,70.23971034458886,1.2030707401722402,1.0578598125860144,0.1452109275862259,1.0
2023-03-22,26.41380500793457,26.468000411987305,27.589000701904297,26.23699951171875,26.424999237060547,797295000,0.01026760613726685,0.09245499883880659,24.104149913787843,21.577520065307617,0.603105563615148,71.32923199876709,1.26168170734379,1.0986241915375696,0.1630575158062204,1.0
2023-03-23,27.13532829284668,27.19099998474121,27.499000549316406,26.690000534057617,27.114999771118164,564889000,0.027315987664351837,0.0646019965887128,24.280499935150146,21.80316005706787,0.3781611126459979,74.07627201757452,1.3508990212466614,1.1490791574793882,0.20181986376727323,1.0
2023-03-24,26.724166870117188,26.77899932861328,27.16699981689453,26.354999542236328,27.0310001373291,454920000,-0.01515209651572702,0.040971775763423146,24.455149936676026,22.018720054626463,0.3775029926601015,69.96254195493003,1.3725376163085485,1.1937708492452204,0.17876676706332817,0.9614231606408977
2023-03-27,26.476675033569336,26.5310001373291,27.0,26.364999771118164,26.836999893188477,361026000,-0.009260958120238416,0.0243629547526083,24.606649971008302,22.219120063781737,0.38191497806320013,67.53145863648942,1.3540660659405326,1.2258298925842828,0.12823617335624982,0.9366967379876467
2023-03-28,26.35592269897461,26.40999984741211,26.51300048828125,25.850000381469727,26.44700050354004,356104000,-0.004560713478220735,0.008053759582335784,24.76634998321533,22.409340057373047,0.37798303954991735,66.32057235716181,1.3145106564458295,1.2435660453565922,0.07094461108923733,0.9250911094617915
2023-03-29,26.928749084472656,26.983999252319336,27.077999114990234,26.597000122070312,26.825000762939453,393694000,0.02173416918680804,0.019495195417117195,24.980649948120117,22.5949800491333,0.36521442649047425,69.14680010183136,1.3143288988976067,1.257718616064795,0.056610282832811665,0.9801457202564036
2023-03-30,27.326929092407227,27.382999420166016,27.499000549316406,27.101999282836914,27.229000091552734,364516000,0.014786546801893508,0.00706113918327933,25.18409996032715,22.795100021362305,0.35963739948546064,70.970401047563,1.331037462368709,1.272382385325578,0.05865507704313089,1.0
2023-03-31,27.720125198364258,27.777000427246094,27.833999633789062,27.104999542236328,27.139999389648438,433933000,0.01438852629087517,0.037268050474404735,25.378450012207033,23.015340042114257,0.3552389207870512,72.68714539275769,1.3603899789023863,1.2899839040409398,0.07040607486144657,1.0
2023-04-03,27.907737731933594,27.96500015258789,28.0,27.336000442504883,27.509000778198242,398716000,0.0067681795172307435,0.0540499795648921,25.598999977111816,23.21786003112793,0.34580367950397456,73.49266339145206,1.3828810741750992,1.3085633380677717,0.0743177361073275,1.0
2023-04-04,27.39678382873535,27.452999114990234,28.0,27.30699920654297,27.965999603271484,368592000,-0.018308637039298414,0.03949258892859575,25.80724992752075,23.383059997558593,0.3520616055166915,67.64177937294698,1.343899586569858,1.3156305877681889,0.02826899880166911,0.9418378885738262
2023-04-05,26.825960159301758,26.881000518798828,26.99799919128418,26.395000457763672,26.82900047302246,515015000,-0.02083555948825555,-0.003817029957546181,25.942249965667724,23.535380020141602,0.3481532950137086,61.729200341425006,1.2524139223787465,1.3029872546903005,-0.05057333231155403,0.8768601958656271
2023-04-06,26.981639862060547,27.03700065612793,27.079999923706055,26.427000045776367,26.583999633789062,397654000,0.005803360526703827,-0.012635531949187317,26.12229995727539,23.68966003417969,0.32063353247795773,62.68713359504734,1.1789090520173353,1.2781716141557076,-0.09926256213837226,0.8945814438779479
2023-04-10,27.52252960205078,27.57900047302246,27.621000289916992,26.66900062561035,26.822999954223633,395279000,0.020046595544675805,-0.007128197831952288,26.35299997329712,23.84520004272461,0.3063812769377091,65.8823862441125,1.1511213577597559,1.2527615628765172,-0.1016402051167613,0.9561513459451343
2023-04-11,27.11336898803711,27.16900062561035,27.790000915527344,27.125999450683594,27.724000930786133,314378000,-0.014866378055041096,-0.028464134547979913,26.563150024414064,23.981280059814452,0.3167953380423433,61.586050776056126,1.083525639584792,1.2189143782181724,-0.1353887386333803,0.9095763293752723
2023-04-12,26.440752029418945,26.4950008392334,27.468000411987305,26.447999954223633,27.3700008392334,446259000,-0.024807676795502775,-0.034895942397555335,26.684750080108643,24.12794006347656,0.302276476442202,55.211900373301205,0.9644517960662462,1.1680218617877873,-0.20357006572154113,0.8255814663999517
2023-04-13,26.4088134765625,26.46299934387207,26.886999130249023,26.32900047302246,26.733999252319336,353615000,-0.0012078314530166168,-0.015550060148781797,26.79650001525879,24.266460037231447,0.3029727243984627,54.92124688703112,0.8576165937244191,1.1059408081751139,-0.24832421445069475,0.794527918132729
2023-04-14,26.703210830688477,26.757999420166016,26.882999420166016,26.219999313354492,26.503999710083008,395660000,0.011147643260712048,-0.010319237681368998,26.857349967956544,24.382760009765626,0.24187422628934072,57.16011091146553,0.787673161010261,1.0422872787421433,-0.25461411773188236,0.8348836086725662
2023-04-17,26.946714401245117,27.00200080871582,27.006000518798828,26.433000564575195,26.565000534057617,321471000,0.009118820309335751,-0.020921703267348546,26.921199989318847,24.48862003326416,0.24246913216660468,58.97503672180528,0.7433623411782335,0.9825022912293614,-0.23913995005112787,0.8682627340318249
2023-04-18,27.610349655151367,27.66699981689453,28.110000610351562,27.35700035095215,27.533000946044922,604812000,0.0246277678787441,0.01832968382409872,27.00954999923706,24.619960021972656,0.25458209872390664,63.51208099689953,0.7532228751112378,0.9366464080057367,-0.18342353289449898,0.9592338772277951
2023-04-19,27.87380599975586,27.930999755859375,28.0,27.23200035095215,27.361000061035156,358660000,0.009542051567283938,0.05419886284734776,27.09615001678467,24.756800003051758,0.25383348010070106,65.15940089022403,0.7734244523823115,0.9040020168810518,-0.13057756449874025,0.9953487825974646
2023-04-20,27.04850196838379,27.104000091552734,28.030000686645508,27.0,27.67099952697754,427713000,-0.029608666769371683,0.02422252819309012,27.12795000076294,24.855419998168944,0.27771520303633834,56.54699363140148,0.7144664618963574,0.866094905884113,-0.15162844398775555,0.8822161253162063
2023-04-21,27.063472747802734,27.118999481201172,27.183000564575195,26.722000122070312,26.95199966430664,345103000,0.0005534013281349726,0.013491294897147288,27.124349975585936,24.95369998931885,0.2602019352062183,56.65888600401244,0.6613287686739469,0.8251416784420798,-0.1638129097681329,0.8842680255548206
2023-04-24,26.98662567138672,27.04199981689453,27.365999221801758,26.67099952697754,27.01300048828125,339282000,-0.0028393254094796205,0.0014813349744733362,27.1375,25.04779998779297,0.25429882375283613,55.86362498515374,0.6060177392966075,0.7813168906129854,-0.17529915131637785,0.8737345549758712
2023-04-25,26.187265396118164,26.240999221801758,27.246999740600586,26.225000381469727,27.077999114990234,378527000,-0.02962061239983982,-0.05154156954242661,27.122999954223634,25.147319984436034,0.27426690998478387,48.27304367705847,0.4918792187879113,0.7234293562479706,-0.23155013746005926,0.7641585421697593
2023-04-26,26.900802612304688,26.95599937438965,27.329999923706055,26.704999923706055,27.00200080871582,406337000,0.0272474438394803,-0.03490746446572113,27.15029993057251,25.250679969787598,0.29062986850272016,54.24896444534544,0.45388604003411714,0.6695206930051999,-0.21563465297108275,0.8619697876998182
2023-04-27,27.170251846313477,27.22599983215332,27.4950008392334,26.625,27.363000869750977,377161000,0.010016340110921451,0.0045011710518185755,27.16239995956421,25.33577995300293,0.28250311631163366,56.3019821431669,0.44048531211375774,0.6237136168269115,-0.18322830471315377,0.8989055575342233
2023-04-28,27.692184448242188,27.749000549316406,27.757999420166016,27.070999145507812,27.225000381469727,292216000,0.01920960553835882,0.023230984924497378,27.180700016021728,25.43547996520996,0.2858658133204184,60.04234885145069,0.46668724560097274,0.5923083425817238,-0.12562109698075108,0.9704514885017658
2023-05-01,28.85080337524414,28.90999984741211,29.058000564575195,27.780000686645508,27.84000015258789,570329000,0.041839319438995215,0.06907773253332183,27.23734998703003,25.573639945983885,0.3179544370216456,66.8299060550386,0.5745127814222215,0.5887492303498234,-0.014236448927601897,1.0
2023-05-02,28.152238845825195,28.209999084472656,28.836000442504883,28.08300018310547,28.68000030517578,402730000,-0.02421310157848766,0.0750352471728668,27.249599933624268,25.710079917907716,0.33079847496675896,60.19100238390842,0.5966038066725083,0.5903201456143604,0.006283661058147927,0.9152028062866032
2023-05-03,27.745071411132812,27.802000045776367,28.367000579833984,27.472000122070312,27.84000015258789,383387000,-0.014462922791119825,0.03138450404441273,27.267049980163574,25.85301990509033,0.32814745370309695,56.65809084794684,0.574565754346704,0.5871692673608292,-0.012603513014125212,0.8641491193011939
2023-05-04,27.505565643310547,27.562000274658203,27.858999252319336,27.239999771118164,27.650999069213867,321850000,-0.0086324642372132,0.012341160823341912,27.301099967956542,25.989179916381836,0.32022244761488505,54.62692983962966,0.5316064352632566,0.5760567009413147,-0.0444502656780581,0.7830007089613762
2023-05-05,28.62127685546875,28.68000030517578,28.7549991607666,27.731000900268555,27.826000213623047,361494000,0.040563094818104384,0.03355074912355027,27.383249950408935,26.08949993133545,0.34897729279211787,61.54319028435667,0.5810758437119432,0.5770605294954404,0.004015314216502808,0.9629749603684757
2023-05-08,29.09130859375,29.150999069213867,29.219999313354492,28.350000381469727,28.52199935913086,344979000,0.016422550872605246,0.008336188968307123,27.461849880218505,26.206799926757814,0.3468853727914744,64.03071611573068,0.6507845312948746,0.5918053298553272,0.05897920143954738,1.0
2023-05-09,28.512500762939453,28.570999145507812,28.972999572753906,28.450000762939453,28.89900016784668,314869000,-0.019896399513750773,0.012796883117726088,27.53194980621338,26.308199920654296,0.35075963815837813,58.9720778118369,0.6517154517973154,0.6037873542437249,0.04792809755359051,0.9101193238414178
2023-05-10,28.825855255126953,28.885000228881836,29.113000869750977,28.461000442504883,29.0049991607666,369350000,0.010990203099823903,0.03895403860593816,27.651449775695802,26.421579933166505,0.33617070130271115,60.778651513369404,0.6700663682231145,0.6170431570396029,0.05302321118351161,0.9587790366011179
2023-05-11,28.51948356628418,28.577999114990234,28.950000762939453,28.246000289916992,28.895999908447266,322149000,-0.010628392295619071,0.03686230426701598,27.75719976425171,26.539179916381837,0.33994890089182306,58.08563871087376,0.6523176655314842,0.6240980587379792,0.028219606793504992,0.9073714751737842
2023-05-12,28.281965255737305,28.34000015258789,28.780000686645508,28.04599952697754,28.52899932861328,274222000,-0.008328048490893303,-0.011854956379708681,27.8362998008728,26.639699935913086,0.34159539881317036,56.01358723493029,0.6119924950198268,0.6216769459943488,-0.009684450974521974,0.8688976626804327
2023-05-15,28.893714904785156,28.952999114990234,28.9689998626709,28.152000427246094,28.507999420166016,293926000,0.02163016792878758,-0.006792218467487787,27.933849716186522,26.740959930419923,0.34735992400301274,59.97402381267442,0.6223246291408557,0.6218064826236502,0.0005181465172054978,0.9679922423375354
2023-05-16,29.15318489074707,29.21299934387207,29.8700008392334,28.832000732421875,28.840999603271484,449405000,0.008980079329578672,0.022470344669944797,28.0111496925354,26.85413990020752,0.33921376049103213,61.55513192451994,0.6440683464497177,0.6262588553888637,0.017809491060853944,1.0
2023-05-17,30.116209030151367,30.17799949645996,30.198999404907227,29.43000030517578,29.583999633789062,432535000,0.0330332445918573,0.04476369248165235,28.12349967956543,26.991939888000488,0.35515375605648664,66.79751297284952,0.7307442813403142,0.6471559405791538,0.0835883407611604,1.0
2023-05-18,31.613136291503906,31.67799949645996,31.827999114990234,30.31999969482422,30.40999984741211,748725000,0.04970508400253504,0.10847506744598023,28.352199649810792,27.1418798828125,0.36667430876877244,72.96797114561139,0.9099833268376152,0.6997214178308461,0.2102619090067691,1.0
2023-05-19,31.19998550415039,31.263999938964844,31.579999923706055,30.916000366210938,31.535999298095703,473908000,-0.013068993120647687,0.1031757152658288,28.559449672698975,27.298439865112304,0.373506923381991,69.14833640712942,1.0070169923491363,0.7611805327345041,0.24583645961463219,0.9524848400469252
2023-05-22,31.112167358398438,31.176000595092773,31.520000457763672,30.68000030517578,30.900999069213867,372000000,-0.0028147180157327423,0.07677966179854545,28.766149711608886,27.4626598739624,0.3734979886487936,68.32956538761836,1.0645446516592614,0.8218533565194557,0.2426912951398057,0.9423784541412038
2023-05-23,30.625164031982422,30.687999725341797,31.288000106811523,30.631000518798828,31.0,356253000,-0.0156530940606856,0.050491233854737194,28.98849973678589,27.61709987640381,0.3581103752927738,63.81681126570919,1.0585557723163,0.8691938396788246,0.18936193263747536,0.8699934601609587
2023-05-24,30.4754695892334,30.538000106811523,30.60700035095215,29.805999755859375,30.209999084472656,721419000,-0.004887891679900003,0.01192924038565879,29.167599773406984,27.746599884033202,0.3534548221982873,62.45150475216467,1.0298345352011218,0.901321978783284,0.12851255641783776,0.8469799241924809
2023-05-25,37.90222930908203,37.97999954223633,39.47999954223633,36.6349983215332,38.52299880981445,1543911000,0.24369635894280006,0.19893933158502075,29.70529975891113,28.021639862060546,0.9136891262634476,82.47924694253412,1.5892599079772403,1.0389095646220754,0.5503503433551649,1.0
2023-05-26,38.866249084472656,38.94599914550781,39.16999816894531,37.54999923706055,37.88999938964844,714397000,0.025434429039348228,0.24571389526420662,30.265149688720705,28.289739837646483,0.9140497908283326,83.69496583747797,2.086504713598675,1.2484285944173954,0.8380761191812796,1.0
2023-05-30,40.028865814208984,40.111000061035156,41.9379997253418,39.94900131225586,40.595001220703125,923401000,0.029913237330867704,0.28659864303918403,30.825199699401857,28.577459831237793,0.910983542409704,85.04288040298381,2.5452406917361863,1.5077910138811537,1.0374496778550326,1.0
2023-05-31,37.75653076171875,37.83399963378906,40.29499816894531,37.821998596191406,39.487998962402344,1002580000,-0.05676748083521432,0.2328597488400712,31.306399726867674,28.81613983154297,0.9378707895750305,72.43824959884563,2.6940025699640486,1.7450333250977326,0.9489692448663161,0.8363283266348089
2023-06-01,39.68857192993164,39.77000045776367,40.04999923706055,38.34000015258789,38.48899841308594,635873000,0.05117092675143953,0.3023118841660146,31.90479974746704,29.087559852600098,0.9382900040581971,75.73175011198488,2.9342918272406777,1.9828850255263215,0.9514068017143562,0.9754145938977223
2023-06-02,39.2464714050293,39.32699966430664,40.5,39.05799865722656,40.09700012207031,482731000,-0.011139069357756326,0.035466038396666066,32.493049716949464,29.344739837646486,0.9393299310945595,73.56549911547842,3.0537743236090904,2.1970628851428753,0.8567114384662151,0.943475100988397
2023-06-05,39.090789794921875,39.17100143432617,39.564998626708984,38.707000732421875,38.909000396728516,396094000,-0.003966695433469725,0.005777288906563038,33.017599773406985,29.584339866638185,0.9393339048107282,72.77605904543782,3.10014081582397,2.3776784712790944,0.7224623445448755,0.9322279329608939
2023-06-06,38.57485580444336,38.65399932861328,39.15999984741211,38.14799880981445,38.83000183105469,388729000,-0.013198593009670523,-0.03632421854864798,33.492749786376955,29.821839866638182,0.9455197486693007,70.09153155955752,3.0598962663534124,2.514122030293958,0.5457742360594544,0.8949530898152127
2023-06-07,37.402137756347656,37.474998474121094,39.499000549316406,37.35599899291992,38.915000915527344,511998000,-0.030501393774781893,-0.009488850323594922,33.93794975280762,30.040719833374023,0.9515467480952893,64.26930113307232,2.899443673488463,2.591186358932859,0.308257314555604,0.8099494284486464
2023-06-08,38.43512725830078,38.5099983215332,38.86399841308594,37.505001068115234,37.7239990234375,417772000,0.027618409327670568,-0.0316822258417776,34.41919965744019,30.282719802856445,0.9524059199656378,66.87092217286744,2.823254949829554,2.6376000771121983,0.1856548727173557,0.8845708981521272
2023-06-09,38.694618225097656,38.77000045776367,39.71099853515625,38.56700134277344,39.0369987487793,427717000,0.0067515488850355965,-0.014163277425114695,34.92879972457886,30.51843982696533,0.9479458846733482,67.51089507576086,2.7521299954390557,2.66050606077757,0.09162393466148577,0.9033165449076064
2023-06-12,39.40523910522461,39.481998443603516,39.529998779296875,38.61800003051758,39.20000076293945,388701000,0.018364662817466293,0.007939470472787313,35.48589963912964,30.760419807434083,0.9432549242355629,69.26200842270764,2.72183957140593,2.672772762903242,0.04906680850268774,0.9546502105715513
2023-06-13,40.942237854003906,41.02199935913086,41.10100173950195,39.7400016784668,40.18600082397461,613208000,0.0390051409815817,0.06126144956919588,36.08934965133667,31.025319786071776,0.9461013093698994,72.6905986922317,2.7899387188134313,2.69620595408528,0.09373276472815117,1.0
2023-06-14,42.91340255737305,42.99700164794922,43.0,40.551998138427734,40.82400131225586,740465000,0.04814495440673228,0.14735165840344,36.77854976654053,31.325959815979004,0.9507565184829025,76.33610343051973,2.9690486183824447,2.750774486944713,0.2182741314377319,1.0
2023-06-15,42.570072174072266,42.65299987792969,43.28900146484375,42.14699935913086,42.60200119018555,568622000,-0.008000599037955025,0.10758249122228314,37.40229978561401,31.629959831237795,0.9550399743073025,74.47138746115525,3.048099838745415,2.8102395573048535,0.23786028144056148,0.9794699379201138
2023-06-16,42.6089973449707,42.69200134277344,43.72100067138672,42.6609992980957,43.45000076293945,655709000,0.0009143897253502953,0.10116071288888495,37.952999877929685,31.946179847717286,0.9499178107780286,74.54730138895977,3.0784096030202264,2.8638735664479285,0.21453603657229792,0.9817975494739823
2023-06-20,43.722816467285156,43.80799865722656,43.9900016784668,42.67399978637695,42.99800109863281,451153000,0.026140665214844372,0.10956892721127964,38.580199813842775,32.281599807739255,0.9438791728317613,76.68387355570695,3.1561004052087682,2.9223189342000966,0.23378147100867164,1.0
2023-06-21,42.961307525634766,43.04499816894531,43.6150016784668,42.08000183105469,43.500999450683594,551603000,-0.01741692183318644,0.04931497346348057,39.1736496925354,32.590919761657716,0.9496604555446836,72.22023540386716,3.120136175320283,2.961882382424134,0.15825379289614938,0.9565662598734638
2023-06-22,42.94134521484375,43.025001525878906,43.42599868774414,42.23400115966797,42.25299835205078,417737000,-0.00046455207148399236,0.0006512053598282108,39.79049978256226,32.908039779663085,0.9440821853400841,72.10178190358633,3.0548067909143697,2.9804672641221814,0.07433952679218825,0.9554279526093283
2023-06-23,42.12693405151367,42.20899963378906,42.808998107910156,42.01499938964844,42.4640007019043,358140000,-0.018965760909945173,-0.01040959007364839,40.374049758911134,33.222319755554196,0.9500196355732329,67.25417908454347,2.903716019251128,2.9651170151479707,-0.06140099589684267,0.9089771119242464
2023-06-26,40.55299377441406,40.63199996948242,42.763999938964844,40.099998474121094,42.46099853515625,594322000,-0.03736169248238297,-0.04825263066847807,40.506649780273435,33.50569976806641,0.4625742904654838,58.998594762285876,2.626448734678533,2.897383359054083,-0.27093462437554994,0.8192065355601044
2023-06-27,41.794586181640625,41.875999450683594,41.939998626708984,40.448001861572266,40.79899978637695,462175000,0.030616250298668657,-0.044101517206019736,40.65314979553223,33.808059768676756,0.4661429845786384,62.87046935766824,2.478521917805182,2.8136110708043027,-0.3350891529991209,0.8900211038518628
2023-06-28,41.03705596923828,41.117000579833984,41.845001220703125,40.518001556396484,40.65999984741211,582639000,-0.018124913573548618,-0.044790281591933656,40.70344982147217,34.09035976409912,0.4619522518330051,59.19738679215139,2.2738326565653466,2.7056553879565115,-0.4318227313911649,0.8468151554689508
2023-06-29,40.74262619018555,40.821998596191406,41.599998474121094,40.599998474121094,41.55799865722656,380514000,-0.0071746960985102914,-0.05120285535289115,40.85284976959228,34.35345973968506,0.40933087123841067,57.78432065246872,2.0640180326074926,2.577327916886708,-0.5133098842792152,0.8300221917800188
2023-06-30,42.219757080078125,42.301998138427734,42.54999923706055,41.500999450683594,41.68000030517578,501148000,0.03625495059358541,0.0022032861580596474,40.97944965362549,34.640879707336424,0.3895367527009841,62.60683480169093,1.994174424242182,2.4606972183578026,-0.4665227941156207,0.9142710441623914
2023-07-03,42.33053207397461,42.41299819946289,42.89799880981445,42.20199966430664,42.516998291015625,198209000,0.002623990967800749,0.0438324038028679,41.1337495803833,34.94705966949463,0.3857807980141627,62.94869579307179,1.9255827197167008,2.353674318629582,-0.4280915989128813,0.9205897135198525
2023-07-05,42.23472213745117,42.31700134277344,43.176998138427734,42.084999084472656,42.1349983215332,323618000,-0.0022633829430778185,0.01053113711612319,41.291049575805665,35.251019706726076,0.38535772930648515,62.41722396651682,1.8422409487461024,2.2513876446528864,-0.409146695906784,0.9151251003374857
2023-07-06,42.02113723754883,42.10300064086914,42.17900085449219,41.34600067138672,41.84400177001953,303582000,-0.005057085689292196,0.0239803499071074,41.46349964141846,35.55223972320557,0.3815619087394788,61.177211484595354,1.7388792095289531,2.1488859576281,-0.4100067480991467,0.9029431279584833
2023-07-07,42.42036056518555,42.50299835205078,43.2140007019043,42.18000030517578,42.321998596191406,355881000,0.009500456145478786,0.04117877158557848,41.71489963531494,35.87747970581054,0.3585425295135375,62.67002744583239,1.6699901519513247,2.053106796492745,-0.38311664454142047,0.9225610989370934
2023-07-10,42.097991943359375,42.18000030517578,42.81100082397461,41.64899826049805,42.65700149536133,353908000,-0.007599417909287642,-0.00288397330198753,41.89839973449707,36.18195972442627,0.3528502774092241,60.642242611505026,1.571219790828394,1.956729395359875,-0.385509604531481,0.9018213443852665
2023-07-11,42.32254409790039,42.404998779296875,42.757999420166016,42.06700134277344,42.48099899291992,298244000,0.005334245436064755,-0.00018860775011464437,42.08014965057373,36.48553970336914,0.35278187003923944,61.574940292140944,1.493878562347689,1.864159228757438,-0.3702806664097491,0.9136402796004781
2023-07-12,43.81663513183594,43.902000427246094,43.935001373291016,42.777000427246094,43.03300094604492,481277000,0.035302480628300215,0.037455373352992316,42.30114974975586,36.808599700927736,0.3663315277090369,67.15245646601768,1.535678260527149,1.7984630351113804,-0.26278477458423133,1.0
2023-07-13,45.88760757446289,45.97700119018555,46.154998779296875,44.492000579833984,44.518001556396484,478204000,0.047264378450775135,0.09201245731535668,42.5488998413086,37.149939727783206,0.37733726765663045,73.00218342390338,1.7164538312381055,1.7820611943367255,-0.06560736309862003,1.0
2023-07-14,45.38059616088867,45.46900177001953,48.0880012512207,45.060001373291016,46.58300018310547,772075000,-0.011048989864838266,0.0697833925362501,42.67249984741211,37.49511978149414,0.3468873970528599,69.72824092962195,1.7980022154429918,1.785249398557979,0.012752816885012841,0.972413825961981
2023-07-17,46.370662689208984,46.46099853515625,46.49599838256836,45.262001037597656,46.28900146484375,510488000,0.021816990180567375,0.10149355616422695,42.86289978027344,37.86829975128174,0.3504478749106677,72.33717689398962,1.9205369909939876,1.8123069170451807,0.1082300739488069,1.0
2023-07-18,47.40165328979492,47.49399948120117,47.895999908447266,45.73400115966797,46.70100021362305,569164000,0.02223372244708144,0.12000945285697928,43.102999687194824,38.2669397354126,0.3556748560102145,74.7751530198569,2.0770581927085274,1.8652571721778501,0.2118010205306773,1.0
2023-07-19,46.985469818115234,47.07699966430664,47.81800079345703,46.742000579833984,47.4640007019043,427502000,-0.008780052668750038,0.07232014956407551,43.266449737548825,38.634879722595215,0.3504633188493423,72.01596337203799,2.142753642359864,1.9207564662142529,0.22199717614561099,0.9782290993259254
2023-07-20,45.431495666503906,45.52000045776367,47.08700180053711,45.0620002746582,46.50699996948242,537865000,-0.03307345875152434,-0.009939768157811613,43.39019985198975,38.96225975036621,0.36706821309238097,62.71117705337881,2.0456005264096504,1.9457252782533323,0.0998752481563181,0.8969406341949363
2023-07-21,44.22284698486328,44.308998107910156,45.86600112915039,44.099998474121094,45.78799819946289,963769000,-0.026603742040318346,-0.025511966767527205,43.45439968109131,39.27701972961426,0.38181956736791933,56.58715473082725,1.8495675498060962,1.9264937325638851,-0.07692618275778895,0.8337161175247048
2023-07-24,44.52526092529297,44.61199951171875,45.10900115966797,44.040000915527344,44.73099899291992,382516000,0.00683837181492275,-0.039796799073063216,43.57454967498779,39.591559715270996,0.3741655382512339,57.700204087254306,1.6990738191549184,1.881009749882092,-0.1819359307271735,0.8495353414168113
2023-07-25,45.59018325805664,45.67900085449219,46.18299865722656,44.92300033569336,44.941001892089844,348081000,0.023917362020349664,-0.03821532502074054,43.826899719238284,39.933579750061035,0.3487827328709024,61.44856758959899,1.6469198772516833,1.8341917753560104,-0.1872718981043271,0.905241793341945
2023-07-26,45.36362838745117,45.45199966430664,46.053001403808594,44.630001068115234,46.020999908447266,364237000,-0.004969486765015851,-0.03451791770052115,44.005699729919435,40.27581974029541,0.3383222591662856,60.22582776341059,1.569181852016385,1.7811897906880854,-0.21200793867170042,0.8898657150875275
2023-07-27,45.81075668334961,45.900001525878906,47.39500045776367,45.75,46.51900100708008,455976000,0.00985659299659103,0.008348002291164835,44.24484977722168,40.61475978851318,0.32812796284299117,61.839704605903854,1.52613161776069,1.7301781561026064,-0.20404653834191633,0.9128057577075674
2023-07-28,46.65910720825195,46.75,47.027000427246094,46.38100051879883,46.667999267578125,331194000,0.018518484659349133,0.05509043301193639,44.54124984741211,40.965499801635744,0.3274115289734593,64.7612506627164,1.542817134524313,1.6927059517869476,-0.1498888172626347,0.9570339869567578
2023-07-31,46.63814163208008,46.729000091552734,47.130001068115234,46.50600051879883,46.75400161743164,251055000,-0.00044919590261527365,0.047453613444918386,44.76259994506836,41.2965198135376,0.3093425563431591,64.62960200681158,1.5366326648245305,1.6614912943944644,-0.12485862956993388,0.9548832615077886
2023-08-01,46.41657257080078,46.50699996948242,46.900001525878906,46.027000427246094,46.459999084472656,237858000,-0.00475079975251691,0.018126471671912725,44.96730003356934,41.59309982299805,0.311248769738891,63.167704937301785,1.496566387774081,1.6285063130703878,-0.13193992529630694,0.9417905432805386
2023-08-02,44.18293380737305,44.26900100708008,45.84000015258789,43.387001037597656,45.83100128173828,530142000,-0.04812176583892536,-0.026027428187182067,45.06490001678467,41.853199844360354,0.3632698788963702,50.71386280090623,1.2695907106024649,1.5567231925768035,-0.2871324819743386,0.8098019230295482
2023-08-03,44.428443908691406,44.51499938964844,45.11800003051758,43.79999923706055,43.79999923706055,324176000,0.00555689934202519,-0.0301743374768646,45.18549995422363,42.119979820251466,0.3622912708572765,51.83787481864722,1.096916296492246,1.464761813359892,-0.367845516867646,0.8243099668868696
2023-08-04,44.59312438964844,44.68000030517578,45.641998291015625,44.393001556396484,44.98500061035156,362666000,0.0037066363650386513,-0.04427806833848591,45.29435005187988,42.39981983184814,0.3615032359723295,52.61841372389872,0.96229207019163,1.3642678647262398,-0.40197579453460985,0.8340410898884759
2023-08-07,45.32870101928711,45.41699981689453,45.540000915527344,44.5629997253418,45.111000061035156,322154000,0.0164950650556146,-0.028076788976603262,45.45620002746582,42.6973998260498,0.362472567511509,56.045007726163426,0.9046429414585546,1.2723428800727028,-0.3676999386141482,0.7926939359683768
2023-08-08,44.5771598815918,44.66400146484375,45.242000579833984,44.055999755859375,44.85300064086914,353843000,-0.01657965860991717,-0.039628410902617595,45.56915016174317,42.83107986450195,0.36964001418270614,51.914061247106005,0.7890986792794905,1.1756940399140605,-0.38659536063457,0.7175369066878463
2023-08-09,42.47126770019531,42.55400085449219,44.3120002746582,42.13399887084961,44.27399826049805,586449000,-0.04724163848177376,-0.03874043040441788,45.50175018310547,42.90323989868164,0.38915392952409145,42.46805471334589,0.5212608333928657,1.0448073986098216,-0.523546565216956,0.5069370066718168
2023-08-10,42.30558776855469,42.38800048828125,43.57400131225586,41.834999084472656,42.15999984741211,492705000,-0.0039009344098702714,-0.04778162261104746,45.32230014801026,42.948779907226566,0.3443153134059691,41.823302695210174,0.2922338783891547,0.8942926945656883,-0.6020588161765336,0.4903684519732366
2023-08-11,40.77556610107422,40.85499954223633,42.018001556396484,40.638999938964844,41.750999450683594,533085000,-0.03616591791039403,-0.08560878999135457,45.091600036621095,43.009199905395505,0.36237035292019387,36.33680566649673,-0.012824168986433904,0.7128693218552639,-0.7256934908416978,0.3373590905646886
2023-08-14,43.667930603027344,43.75299835205078,43.79999923706055,40.31100082397461,40.486000061035156,690286000,0.07093376189659417,-0.036638295606324145,44.95620002746582,43.08885986328125,0.44357554160097823,49.755391611051,-0.020504225047794478,0.5661946124746522,-0.5866988375224467,0.6266093668912943
2023-08-15,43.85456848144531,43.939998626708984,45.268001556396484,43.709999084472656,44.560001373291016,676512000,0.004273999078955315,-0.016209985992962306,44.77849998474121,43.1811198425293,0.4347167874919143,50.48069810336601,-0.01137029577785853,0.4506816308241501,-0.4620519266020086,0.6452739298079021
2023-08-16,43.40144729614258,43.486000061035156,44.67499923706055,43.40599822998047,44.52000045776367,527451000,-0.01033223895910329,0.021901564784233107,44.59895000457764,43.26741981506348,0.43500038093456095,48.64473128579667,-0.040300917163975214,0.3524851212265251,-0.3927860383905003,0.5999601739401261
2023-08-17,43.259727478027344,43.34400177001953,44.0620002746582,43.000999450683594,43.970001220703125,452395000,-0.0032653794512330636,0.02255358287076037,44.49015007019043,43.3612198638916,0.42085592196678073,48.056022365088445,-0.07383558770802523,0.26722097943961504,-0.34105656714764027,0.5857872747743031
2023-08-18,43.214813232421875,43.29899978637695,43.577999114990234,41.65999984741211,42.6349983215332,583768000,-0.0010382517027697213,0.0598213259460203,44.43965015411377,43.47769989013672,0.4107885047659771,47.858345560346194,-0.10285766061620905,0.19320525142845024,-0.2960629120446593,0.5330588653909683
2023-08-21,46.87568664550781,46.96699905395508,47.064998626708984,44.22200012207031,44.49399948120117,692573000,0.08471325632635462,0.07345783884440116,44.557400131225585,43.64683990478515,0.5108941946852851,61.690659407875195,0.16818034532368387,0.18820027020749697,-0.0200199248838131,0.9395918745714805
2023-08-22,45.57920455932617,45.667999267578125,48.1870002746582,45.33300018310547,48.1349983215332,755293000,-0.027657713129269346,0.039326369933447625,44.556850051879884,43.784799880981446,0.5157430437253199,56.02255950237262,0.2749915596644783,0.20555852809889325,0.06943303156558506,0.7720918650591487
2023-08-23,47.0244026184082,47.11600112915039,47.20000076293945,45.20800018310547,45.86600112915039,779046000,0.031707144713919444,0.08347516586994241,44.64005012512207,43.937479934692384,0.5269147957592254,60.391274162015655,0.4710518725678483,0.2586571969926843,0.212394675575164,0.9449142554724399
2023-08-24,47.0713005065918,47.16299819946289,50.26599884033203,47.159000396728516,50.215999603271484,1156044000,0.0009974757871253903,0.08810899486638801,44.70319995880127,44.06029991149902,0.5261704457949223,60.52832938398905,0.6230413213624573,0.3315340218666389,0.2915072994958184,0.951763144084606
2023-08-25,45.92852783203125,46.018001556396484,47.80500030517578,45.02399826049805,47.012001037597656,925341000,-0.02427743542138605,0.0627959487155405,44.66660003662109,44.12071990966797,0.5301249070511431,55.49052117119195,0.6436824242889756,0.3939637023511062,0.24971872193786937,0.7849026479404414
2023-08-28,46.74393844604492,46.834999084472656,46.97999954223633,44.88800048828125,46.481998443603516,685192000,0.017753868061282763,-0.002810483363665295,44.67189998626709,44.20435989379883,0.5339670776256189,58.166069648933664,0.7176924083168075,0.4587094435442465,0.258982964772561,0.9039637942842912
2023-08-29,48.689151763916016,48.784000396728516,49.08100128173828,46.39099884033203,46.66600036621094,701397000,0.0416142062635807,0.06823161029878055,44.785750007629396,44.32619987487793,0.5527899564890352,63.7623159654871,0.9229744958311912,0.5515624540016355,0.3714120418295557,1.0
2023-08-30,49.168212890625,49.263999938964844,49.926998138427734,48.42499923706055,49.04399871826172,735206000,0.009839282107510838,0.04558958227219967,45.03549995422363,44.435319900512695,0.5190092123318754,65.00396918188079,1.1115803740811856,0.6635660380175455,0.44801433606364005,1.0
2023-08-31,49.25904083251953,49.35499954223633,49.74399948120117,48.95800018310547,49.380001068115234,528570000,0.0018471825954902155,0.04647714154013216,45.277499961853025,44.561519927978516,0.5192046396591461,65.24708570290284,1.2539401573120301,0.7816408618764424,0.4722992954355877,1.0
2023-09-01,48.4146842956543,48.50899887084961,49.79999923706055,48.141998291015625,49.762001037597656,463830000,-0.017141134216053233,0.05413093203102992,45.46894989013672,44.67119987487793,0.5254866188847322,61.004108859077355,1.2836984506465257,0.8820523796304591,0.40164607101606653,0.9030149360514492
2023-09-05,48.4536018371582,48.54800033569336,48.85100173950195,47.86000061035156,48.222999572753906,382653000,0.0008040047362674052,0.03657523827706499,45.62549991607666,44.79797988891602,0.5237359586478254,61.12960298964792,1.295495538623804,0.9647410114291282,0.3307545271946759,0.907486043096504
2023-09-06,46.973365783691406,47.06100082397461,48.54899978637695,46.58000183105469,48.441001892089844,468670000,-0.030629469832673673,-0.03531894798995305,45.7453498840332,44.926559906005856,0.5332900890971263,53.9949580758306,1.1713537457780276,1.0060635582989081,0.1652901874791195,0.7311615535065661
2023-09-07,46.1548957824707,46.24100112915039,46.34400177001953,45.152000427246094,45.525001525878906,433330000,-0.017424187341261943,-0.061363243211265184,45.92969989776611,45.0138599395752,0.5057174830516104,50.49504619307338,0.9953298156618473,1.0039168097714959,-0.008586994109648582,0.6350640961162336
2023-09-08,45.48714065551758,45.571998596191406,46.60599899291992,45.270999908447266,45.94200134277344,473069000,-0.014467734621282813,-0.07664878900074867,46.088899803161624,45.102959899902345,0.5094595003505923,47.77424689847342,0.7927088157545867,0.9616752109681141,-0.1689663952135274,0.5566623079072367
2023-09-11,45.093875885009766,45.178001403808594,46.16299819946289,44.3120002746582,46.14799880981445,473966000,-0.008645598273491983,-0.06866761929903908,46.305049896240234,45.19007995605469,0.48958563693200624,46.19555292710314,0.5934964749448,0.8880394637634514,-0.2945429888186515,0.5085884543026195
2023-09-12,44.78644943237305,44.869998931884766,45.67300033569336,44.53099822998047,44.737998962402344,349256000,-0.006817532036684226,-0.07576010089759477,46.360899925231934,45.241439971923825,0.4252875205240983,44.945198427590995,0.40608493979854643,0.7916485589704705,-0.38556361917192405,0.47235286937040444
2023-09-13,45.40030288696289,45.48500061035156,45.93000030517578,44.50299835205078,44.599998474121094,398355000,0.01370630026981745,-0.03348845511207599,46.438150024414064,45.3028800201416,0.42738899289889193,47.97327110904101,0.3036847548203525,0.6940557981404469,-0.3903710433200944,0.544706008013557
2023-09-14,45.49612808227539,45.58100128173828,45.98699951171875,45.13100051879883,45.95000076293945,370097000,0.002110600639738669,-0.014273044079835984,46.54290008544922,45.3681600189209,0.4248770423417338,48.44990314754898,0.2276540679558039,0.6007754521035183,-0.37312138414771445,0.5560002046472886
2023-09-15,43.81825256347656,43.900001525878906,45.5989990234375,43.80799865722656,45.340999603271484,506831000,-0.036879395111771185,-0.03668913196298207,46.570700073242186,45.404100036621095,0.44728541919679776,41.31283599701586,0.031394671022368925,0.4868992958872885,-0.45550462486491955,0.35823552748736215
2023-09-18,43.88412857055664,43.965999603271484,44.242000579833984,42.0,42.74800109863281,500271000,0.0015033730090801,-0.026827255807622685,46.60405006408691,45.43336006164551,0.44722235451856396,41.676099483960485,-0.117462783888719,0.366026879932087,-0.483489663820806,0.3660000071806066
2023-09-19,43.43896484375,43.52000045776367,43.965999603271484,43.00199890136719,43.83300018310547,373064000,-0.010144182994411555,-0.030086884471971276,46.43170013427734,45.46016006469726,0.32105323720818796,39.879640584357624,-0.26832866719132653,0.23915577050740428,-0.5074844376987309,0.31352951947380514
2023-09-20,42.16035079956055,42.23899841308594,43.90299987792969,42.222999572753906,43.599998474121094,367108000,-0.029434789319934707,-0.07136423334524244,46.260250091552734,45.45684005737305,0.3228754584607915,35.18799477543217,-0.48565875405864034,0.09419286559419536,-0.5798516196528357,0.1628233965705423
2023-09-21,40.94062423706055,41.016998291015625,42.099998474121094,40.97999954223633,41.58300018310547,450736000,-0.028930613129589,-0.10012950269592247,45.955299949646,45.39914001464844,0.30598608190258664,31.393766034000535,-0.7478785326633286,-0.07422141405730942,-0.6736571186060192,0.019058676326976103
2023-09-22,41.53252029418945,41.61000061035156,42.1150016784668,41.23099899291992,41.571998596191406,479236000,0.014457477242205474,-0.052164028153333764,45.67765007019043,45.31180000305176,0.31411713969264576,35.05354029927784,-0.8974935185443229,-0.23887583495471212,-0.6586176835896108,0.08882365507238052
2023-09-25,42.14338302612305,42.22200012207031,42.5359992980957,41.176998138427734,41.590999603271484,419091000,0.014707990933470416,-0.03966700397894285,45.48784999847412,45.24685997009277,0.31460800493207064,38.68859819097616,-0.9556649165926743,-0.3822336512823046,-0.5734312653103697,0.16082359762752757
2023-09-26,41.83295440673828,41.9109992980957,42.81999969482422,41.654998779296875,42.000999450683594,402282000,-0.007365847735196329,-0.03697153361083971,45.24165000915527,45.15585998535156,0.30390978608224706,37.53877492438491,-1.0151592125135167,-0.508818763528547,-0.5063404489849697,0.12423526539522059
2023-09-27,42.388919830322266,42.46799850463867,42.87200164794922,41.62900161743164,42.33000183105469,444935000,0.013290048337460503,0.005421532236943083,44.92584991455078,45.05533996582031,0.2591772229957141,40.92510123133471,-1.0057698015305405,-0.6082089711289458,-0.39756083040159473,0.18976458381204045
2023-09-28,43.00876998901367,43.0890007019043,43.44599914550781,42.1150016784668,42.459999084472656,424663000,0.01462282704935558,0.05051570073918654,44.61709995269776,44.975579986572264,0.26376136554346563,44.53551155231325,-0.9374130244653571,-0.6740497817962281,-0.263363242669129,0.2628236658432904
2023-09-29,43.417999267578125,43.499000549316406,44.14400100708008,43.30699920654297,43.82699966430664,397830000,0.009515185795292425,0.04539773879491138,44.32430000305176,44.93515998840332,0.2683602311230051,46.845291253717065,-0.8404678349544596,-0.7073333924278744,-0.13313444252658524,0.31105894200942097
2023-10-02,44.69861602783203,44.78200149536133,45.17499923706055,43.861000061035156,44.029998779296875,433298000,0.029494952294141452,0.06063193041280979,44.13795013427735,44.944620056152345,0.2929750398457249,53.38699159993461,-0.6525879918075361,-0.6963843123038068,0.04379632049627069,0.46200022977941174
2023-10-03,43.43596649169922,43.516998291015625,45.130001068115234,43.24599838256836,44.80799865722656,470850000,-0.028248027379409013,0.03831927226304277,43.886400032043454,44.92272003173828,0.3047961560348754,47.21684854584209,-0.5988637208361496,-0.6768801940102754,0.07801647317412586,0.31317632338579965
2023-10-04,43.9589958190918,44.04100036621094,44.143001556396484,43.29199981689453,43.742000579833984,361821000,0.012041319387221971,0.03703969852500699,43.73540000915527,44.889960021972655,0.29520922140317823,49.80475417166286,-0.5081466624146458,-0.6431334876911495,0.13498682527650374,0.37482362634995403
2023-10-05,44.60478591918945,44.6879997253418,44.900001525878906,43.88800048828125,44.04999923706055,393483000,0.014690841573781643,0.03710921574857573,43.65774993896484,44.874680023193356,0.2966138881569093,52.876904456596996,-0.3796687143484476,-0.5904405330226092,0.21077181867416162,0.45094119801240806
2023-10-06,45.67678451538086,45.762001037597656,45.78900146484375,44.0260009765625,44.19300079345703,434436000,0.024033327042087604,0.05202419503215028,43.667250061035155,44.87192001342773,0.30570218853597064,57.524265506007076,-0.18900732597590775,-0.510153891613269,0.3211465656373612,0.577294293571921
2023-10-09,45.18869400024414,45.27299880981445,45.60499954223633,44.36800003051758,44.84199905395508,409675000,-0.010685770217553237,0.010964166362773753,43.67199993133545,44.84237998962402,0.306586065488671,54.870851537665025,-0.07648354042485295,-0.42341982137558576,0.3469362809507328,0.5197646197150735
2023-10-10,45.71271896362305,45.79800033569336,46.25899887084961,45.0880012512207,45.310001373291016,368582000,0.011596349693652197,0.05241634612350232,43.71840000152588,44.82375999450684,0.30789420419558977,57.155819826704544,0.05442819152059286,-0.32785021879635,0.3822784103169429,0.5815295051125919
2023-10-11,46.718841552734375,46.805999755859375,46.85900115966797,46.04999923706055,46.19599914550781,378137000,0.022009681924483937,0.0627823929215241,43.78444995880127,44.82973999023437,0.3137216504537355,61.216124664147344,0.2367843091375832,-0.21492331320956337,0.45170762234714656,0.7001176721909467
2023-10-12,46.85758590698242,46.94499969482422,47.60900115966797,46.33000183105469,46.777000427246094,481325000,0.002969703450195871,0.05050572823474386,43.85264987945557,44.88325996398926,0.31375431534779497,61.754378993010675,0.38804582879324556,-0.09432948480900158,0.48237531360224717,0.7164706061868107
2023-10-13,45.37635040283203,45.46099853515625,47.11600112915039,45.279998779296875,46.959999084472656,474115000,-0.031611485127596706,-0.006577564258916535,43.93069972991943,44.902179946899416,0.30562345044372824,53.2564540675559,0.3837515328372092,0.0012867187202405816,0.38246481411696864,0.5418822344611672
2023-10-16,46.009159088134766,46.095001220703125,46.224998474121094,44.9119987487793,45.0629997253418,375099000,0.013946079188220661,0.018156570858974597,44.037149810791014,44.93047996520996,0.3085726355555338,56.039674302351074,0.4265895319142814,0.08634728135904875,0.34024225055523266,0.6164707857019761
2023-10-17,43.85618591308594,43.9379997253418,44.75400161743164,42.47999954223633,44.0,812333000,-0.04679469439719919,-0.04061314024014151,44.05804977416992,44.900899963378905,0.3528190561409717,46.00363981264684,0.28322215228015324,0.12572225554326966,0.15749989673688358,0.36270590389476104
2023-10-18,42.11742401123047,42.19599914550781,43.21900177001953,41.82500076293945,42.590999603271484,627294000,-0.03964678844561198,-0.09849165992388531,44.05589981079102,44.85153991699219,0.3660089008588425,39.80388471051385,0.028706670103915144,0.10631913845539875,-0.07761246835148361,0.15776465920840993
2023-10-19,42.02260971069336,42.10100173950195,43.297000885009766,41.88199996948242,42.81100082397461,501233000,-0.0022513368075079976,-0.10318453481332812,44.110099983215335,44.842479934692385,0.349731177326682,39.49132558245356,-0.17860532889051228,0.049334244986216545,-0.22793957387672883,0.14658849379595587
2023-10-20,41.3099365234375,41.387001037597656,42.470001220703125,41.077999114990234,41.88999938964844,477266000,-0.01695923309193792,-0.0896152224726885,44.09895000457764,44.82245994567871,0.35211079541403856,37.13129107745101,-0.3959511923128147,-0.03972284247358972,-0.356228349839225,0.06258841121897978
2023-10-23,42.89497375488281,42.974998474121094,43.24800109863281,40.94499969482422,41.229000091552734,478530000,0.03836947342671282,-0.06768635782529742,44.136599922180174,44.864859924316406,0.3745504744804874,45.00335606811228,-0.4350462904587502,-0.11878753207062182,-0.3162587583881284,0.2348284827636375
2023-10-24,43.58169174194336,43.66299819946289,43.696998596191406,42.691001892089844,43.07699966430664,401463000,0.01600930191437011,-0.006258854012425541,44.22419986724854,44.86305992126465,0.3766853402043409,48.039026096813586,-0.40583539165170635,-0.17619710398683874,-0.2296382876648676,0.3173422297172101
2023-10-25,41.70119857788086,41.77899932861328,43.650001525878906,41.55500030517578,43.39799880981445,398379000,-0.0431486372567238,-0.009882449173831853,44.18974990844727,44.81983993530273,0.40694342713128645,41.314017279949624,-0.528614963290579,-0.2466806758475868,-0.2819342874429922,0.09138893298751874
2023-10-26,40.250911712646484,40.32600021362305,42.25600051879883,39.880001068115234,41.85300064086914,541001000,-0.03477821724646035,-0.042160553253854816,44.0515998840332,44.75663993835449,0.4201575210760397,37.01077109706374,-0.7346944435391691,-0.3442834293859033,-0.39041101415326585,0.0
2023-10-27,40.424583435058594,40.5,41.20600128173828,40.01499938964844,41.130001068115234,416784000,0.004314828781808444,-0.021431875114407695,43.90164985656738,44.6997599029541,0.41850982911767437,37.84567818147662,-0.873899814694866,-0.4502067064476959,-0.4236931082471701,0.019271214898149393
2023-10-30,41.0843505859375,41.1609992980957,41.76599884033203,40.48099899291992,41.08700180053711,388028000,0.01632097032335067,-0.042210569876291126,43.7205997467041,44.65699989318848,0.4073087773181398,41.04270563606496,-0.9202755909409035,-0.5442204833463374,-0.37605510759456606,0.09247969283002479
2023-10-31,40.70405960083008,40.779998779296875,40.87900161743164,39.22999954223633,40.45000076293945,517969000,-0.009256347642085938,-0.06602843457968222,43.583749771118164,44.533259887695316,0.3977116410421141,39.772802829475914,-0.9765156212265467,-0.6306795109223793,-0.3458361103041674,0.05028226818392681
2023-11-01,42.24618148803711,42.32500076293945,42.38100051879883,40.86899948120117,40.88399887084961,437593000,0.03788626851129151,0.013068801146518316,43.49794979095459,44.46639991760254,0.42055044336242886,46.94204375294488,-0.8862019183822625,-0.681783992414356,-0.20441792596790642,0.22139779576475202
2023-11-02,43.42498779296875,43.50600051879883,43.88399887084961,42.89400100708008,43.327999114990234,409172000,0.027903124266296153,0.0788573200498448,43.43884983062744,44.39419990539551,0.42987086773321226,51.67723723050775,-0.7111333453914668,-0.6876538630097783,-0.02347948238168851,0.3521985315801526
2023-11-03,44.921199798583984,45.005001068115234,45.308998107910156,43.722999572753906,44.02000045776367,424610000,0.0344550299140618,0.11123459427445015,43.40099983215332,44.35103996276855,0.4394027632794835,56.93119632848631,-0.4462888828988838,-0.6393808669875993,0.19309198408871553,0.5182192050523512
2023-11-06,45.66580581665039,45.750999450683594,45.935001373291016,44.89899826049805,45.28499984741211,400733000,0.016575899674778016,0.11151333132964636,43.424899864196775,44.3456999206543,0.44164441988808395,59.302687123954954,-0.1741939044687726,-0.5463434744838339,0.3721495700150613,0.6008416923754213
2023-11-07,45.86943435668945,45.95500183105469,46.21799850463867,45.15800094604492,45.71900177001953,343165000,0.004458971013103108,0.12690052002613217,43.43274993896485,44.328099975585936,0.44007464186263767,59.95209929362916,0.05724473181768985,-0.42562583322352915,0.482870565041219,0.6234358219069854
2023-11-08,46.48727798461914,46.57400131225586,46.867000579833984,45.96799850463867,46.099998474121094,346719000,0.013469686792241031,0.10038985168871895,43.421150016784665,44.28389999389648,0.43556938725253724,61.93682038816352,0.28729781308589253,-0.28304110396164484,0.5703389170475374,0.6919926418459942
2023-11-09,46.86257553100586,46.95000076293945,48.22999954223633,46.75,47.46699905395508,540496000,0.008073161851881672,0.07916149963388341,43.42140007019043,44.23762001037598,0.4363894776009868,63.13204729292014,0.49425904019572897,-0.12758107513017009,0.621840115325899,0.7336361769708707
2023-11-10,48.244998931884766,48.334999084472656,48.47200012207031,47.28300094604492,47.5,421245000,0.029499431289178313,0.07399173285914284,43.56510009765625,44.2172200012207,0.4308743543897128,67.21577634865054,0.7612597646896049,0.05018709283378492,0.71107267185582,0.9740937426346
2023-11-13,48.52946472167969,48.619998931884766,49.11600112915039,48.0989990234375,48.31999969482422,384136000,0.005896345356581678,0.06270900123818612,43.69134998321533,44.21944000244141,0.42921094683481176,68.00123120747816,0.9845080721101027,0.2370512886890485,0.7474567834210541,1.0
2023-11-14,49.56353759765625,49.65599822998047,49.83399963378906,49.040000915527344,49.68000030517578,416954000,0.021308089692620324,0.08053522470811414,43.97724990844726,44.24159996032715,0.3907299706381486,70.74504871635799,1.2308420681182994,0.43580944457489873,0.7950326235434007,1.0
2023-11-15,48.796966552734375,48.88800048828125,49.959999084472656,48.20000076293945,49.935001373291016,475497000,-0.015466363965582874,0.04968435416384254,44.311849975585936,44.278139953613284,0.36122816235767635,66.21245482143648,1.348547321286965,0.6183570199173121,0.7301903013696529,0.9176851120061591
2023-11-16,49.38786697387695,49.47999954223633,49.525001525878906,48.33000183105469,48.67900085449219,339756000,0.012109291606168027,0.05388708707527767,44.680799865722655,44.342919921875,0.35960892462709404,67.9187262391864,1.4726234718481592,0.7892103103034815,0.6834131615446777,0.9811362566813435
2023-11-17,49.206207275390625,49.29800033569336,49.71699905395508,49.00699996948242,49.52399826049805,325205000,-0.0036782378380503244,0.019923477179294435,45.07634983062744,44.41743995666504,0.35017704902697017,66.80182956234586,1.5385336420297335,0.939074976648732,0.5994586653810016,0.961629370803781
2023-11-20,50.31513595581055,50.409000396728516,50.54800033569336,49.180999755859375,49.3120002746582,414120000,0.02253641229806136,0.03679558832056107,45.44804992675781,44.52205993652344,0.3368299328231252,70.04063824523973,1.6612663028297376,1.0835132418849331,0.5777530609448045,1.0
2023-11-21,49.85100173950195,49.944000244140625,50.516998291015625,49.22200012207031,50.125999450683594,565747000,-0.00922454619072488,0.005799944103958676,45.762100028991696,44.623539962768554,0.3409787982411138,67.09041214757565,1.701398531422953,1.207090299792537,0.49430823163041593,0.953882758688528
2023-11-22,48.62528610229492,48.715999603271484,50.334999084472656,47.689998626708984,49.85200119018555,899420000,-0.024587550754171072,-0.003518263853949044,46.10895004272461,44.68815994262695,0.30973328527185345,59.91316871892311,1.61549183852582,1.2887706075391936,0.3267212309866263,0.8320935472862797
2023-11-24,47.687042236328125,47.7760009765625,48.92100143432617,47.744998931884766,48.470001220703125,294645000,-0.019295480629855755,-0.03443812816164815,46.48145008087158,44.732059936523434,0.28536108684629213,55.05772640376072,1.4547902161649446,1.321974529264344,0.13281568690060075,0.7388674628234434
2023-11-27,48.15217208862305,48.242000579833984,48.529998779296875,47.652000427246094,47.79999923706055,395662000,0.009753842802793233,-0.02142074219377199,46.86855010986328,44.818899917602536,0.28491414803604426,56.921569678287526,1.3494793383236399,1.3274754910762032,0.022003847247436648,0.7850838264859462
2023-11-28,47.731956481933594,47.82099914550781,48.323001861572266,47.472999572753906,48.236000061035156,401491000,-0.008726865164504716,-0.05134006290251014,47.20155010223389,44.895999908447266,0.29012938960840734,54.713896857792676,1.2180079738769578,1.3055819876363541,-0.08757401375939633,0.7433302385973355
2023-11-29,48.050357818603516,48.13999938964844,48.762001037597656,47.86000061035156,48.37900161743164,382005000,0.006670714745419248,-0.03612047184193723,47.569550132751466,44.98839988708496,0.28322083618400046,56.10315600160804,1.1265702237846185,1.269779634866007,-0.14320941108138863,0.7749676717370397
2023-11-30,46.68290710449219,46.77000045776367,48.11000061035156,46.422000885009766,48.02399826049805,526247000,-0.028458640408278835,-0.03994579114367858,47.79180011749268,45.079019927978514,0.2896974780693707,49.132114555779744,0.9328048897011314,1.202384685833032,-0.26957979613190064,0.6390955198967312
2023-12-01,46.67791748046875,46.76499938964844,47.20000076293945,46.1870002746582,46.525001525878906,369317000,-0.00010692897298025805,-0.021161285294891696,47.954750061035156,45.19397994995117,0.27733479564440383,49.10812672565071,0.7699652420117005,1.1159007970687658,-0.3459355550570653,0.6385995298119929
2023-12-04,45.42525100708008,45.5099983215332,46.07699966430664,45.0099983215332,46.07699966430664,437543000,-0.0268363323959121,-0.056631197410225265,47.97999992370605,45.271979904174806,0.27266862285583465,43.383861791037624,0.5334957434650676,0.9994197863480262,-0.46592404288295863,0.5141325016135757
2023-12-05,46.48338317871094,46.566001892089844,46.599998474121094,45.270999908447266,45.465999603271484,371718000,0.023203770808688295,-0.026243643500616032,48.02075004577637,45.3588599395752,0.2787348643391761,48.79270246863747,0.4263874953209097,0.8848133281426029,-0.45842583282169325,0.6188635887285023
2023-12-06,45.42226028442383,45.50299835205078,47.387001037597656,45.4119987487793,47.21500015258789,380590000,-0.022827889379518185,-0.054777753864381884,47.99814987182617,45.4306999206543,0.29084831000373346,44.213662391890836,0.2528136567396615,0.7584133938620147,-0.5055997371223532,0.5134382668267757
2023-12-07,46.5133171081543,46.59600067138672,46.62900161743164,45.604000091552734,45.70000076293945,350823000,0.02402044610070564,-0.0037203289432098385,47.99924983978271,45.513259963989256,0.29976447771439374,49.465141934129505,0.2011327584621796,0.6469572667820477,-0.4458245083198681,0.6218387725777638
2023-12-08,47.42171096801758,47.50600051879883,47.74100112915039,46.54999923706055,46.595001220703125,359224000,0.019529569797841262,0.015845207715632137,48.02704982757568,45.60159996032715,0.30644280783380884,53.39845956899608,0.23094249540628908,0.5637543125068959,-0.3328118171006068,0.7120896731913386
2023-12-11,46.544273376464844,46.62699890136719,47.53099822998047,45.83000183105469,47.49100112915039,509728000,-0.01850295979102279,0.024544069897393772,47.94164981842041,45.66415992736816,0.29385946679223124,49.39884789534604,0.18154609195876503,0.4873126683972697,-0.3057665764385047,0.624913078778056
2023-12-12,47.572444915771484,47.65700149536133,47.66600036621094,46.04600143432617,46.04600143432617,372387000,0.022090261399258404,0.023429101897124882,47.89349994659424,45.721659927368165,0.3047826937330695,53.76862455478541,0.22294175382752002,0.4344384854833198,-0.2114967316557998,0.7270654714478446
2023-12-13,48.0026741027832,48.0880012512207,48.59400177001953,47.608001708984375,47.62900161743164,447792000,0.009043786691055766,0.056809506906997376,47.81510009765625,45.81307998657226,0.2959516541963085,55.500349161057244,0.2872153525815335,0.4049938589029626,-0.11777850632142906,0.7698106611763478
2023-12-14,48.26420593261719,48.349998474121094,48.66999816894531,47.422000885009766,48.38999938964844,391232000,0.0054482868092535774,0.03764266841491937,47.788199996948244,45.89925994873047,0.2920889504515911,56.565428361009054,0.35519911465627985,0.39503491005362606,-0.03983579539734622,0.7957947153410376
2023-12-15,48.803253173828125,48.88999938964844,49.40399932861328,48.119998931884766,48.194000244140625,479948000,0.011168581852518011,0.029133138040150053,47.75869998931885,45.9832999420166,0.2915735834434262,58.756532228565895,0.4474918888633965,0.4055263058155802,0.041965583047816335,0.8493502946052471
2023-12-18,49.98814392089844,50.07699966430664,50.43299865722656,49.150001525878906,49.400001525878906,412587000,0.024278999580219507,0.07399148227912855,47.79764995574951,46.06959991455078,0.3040742811454041,63.156317309241416,0.6093909003788767,0.4462992247282395,0.16309167565063715,0.9670732196377267
2023-12-19,49.515987396240234,49.604000091552734,49.70000076293945,48.89500045776367,49.42399978637695,464444000,-0.009445445532373697,0.040854408273691245,47.75739994049072,46.156219940185544,0.2950311911765666,60.3916200542458,0.6915580699746968,0.495350993777531,0.19620707619716582,0.9201626211884241
2023-12-20,48.025630950927734,48.111000061035156,49.999000549316406,48.097999572753906,49.654998779296875,397894000,-0.030098379722643065,0.00047826503942860477,47.66574993133545,46.202479934692384,0.3119080468497604,52.569125220819785,0.6289533363691646,0.5220714622958578,0.10688187407330685,0.7720916102388092
2023-12-21,48.90308380126953,48.9900016784668,49.095001220703125,48.41899871826172,48.81100082397461,300425000,0.018270283642337848,0.013236881583114313,47.679450035095215,46.24615997314453,0.3072327962231318,56.168824828396815,0.6428562714150061,0.5462284241196874,0.0966278472953187,0.8592682046520919
2023-12-22,48.74336242675781,48.83000183105469,49.382999420166016,48.46699905395508,49.19499969482422,252507000,-0.003265969420908066,-0.0012271949139449623,47.732150077819824,46.28386001586914,0.29871362081718666,55.34544245130688,0.6336593663563264,0.5637146125670152,0.0699447537893112,0.8433999269067244
2023-12-26,49.19156265258789,49.27899932861328,49.599998474121094,48.959999084472656,48.96799850463867,244200000,0.009195115312755187,-0.015935466202903315,47.78400001525879,46.36022003173828,0.2985094309445593,57.23977093029646,0.6550500887924571,0.5819817078121036,0.07306838098035351,0.8879300756129507
2023-12-27,49.32931900024414,49.41699981689453,49.68000030517578,49.084999084472656,49.51100158691406,233648000,0.0028003914479066694,-0.003769862799634316,47.863800048828125,46.42666000366211,0.29620398568514855,57.83187113890222,0.6753528294951323,0.6006559321487094,0.07469689734642293,0.9016165266468876
2023-12-28,49.43413162231445,49.52199935913086,49.88399887084961,49.4119987487793,49.643001556396484,246587000,0.002124765619632596,0.029327997678403328,47.93290004730225,46.53833999633789,0.29565336681437193,58.304947429414426,0.6919392384919192,0.6189125934173514,0.0730266450745678,0.9120300484488866
2023-12-29,49.43413162231445,49.52199935913086,49.99700164794922,48.750999450683594,49.8129997253418,389293000,0.0,0.010859311337764188,48.07049999237061,46.68486000061035,0.27374829158826036,58.304947429414426,0.6970489408285303,0.6345398628995872,0.06250907792894311,0.9120300484488866
2024-01-02,48.08253479003906,48.167999267578125,49.29499816894531,47.595001220703125,49.24399948120117,411254000,-0.02734138583003487,-0.013557291391612103,48.14064998626709,46.80619995117188,0.29416244834539557,49.927902766002276,0.5850972878820215,0.6246513478960741,-0.039554060014052594,0.7777446108842395
2024-01-03,47.48460006713867,47.569000244140625,48.183998107910156,47.31999969482422,47.48500061035156,320896000,-0.012435621834944843,-0.03470036136630239,48.243600082397464,46.92983993530274,0.2797598542204438,46.72925523672406,0.4429347056368158,0.5883080194442225,-0.1453733138074067,0.7183377862725381
2024-01-04,47.912841796875,47.99800109863281,48.5,47.507999420166016,47.766998291015625,306535000,0.009018496337749538,-0.028714788909070865,48.31520004272461,47.03029998779297,0.27010901564280465,49.237570869500196,0.36072836656502716,0.5427920888683835,-0.18206372230335632,0.7608847312989795
2024-01-05,49.009883880615234,49.09700012207031,49.547000885009766,48.305999755859375,48.46200180053711,415039000,0.022896766496153242,-0.008582029048917694,48.494900131225585,47.138980026245115,0.26383429569872807,55.073616857689075,0.3798802638449388,0.5102097238636946,-0.13032946001875578,0.8698799711561525
2024-01-08,52.160282135009766,52.25299835205078,52.275001525878906,49.479000091552734,49.512001037597656,642510000,0.06428087708278873,0.0551471876794567,48.77775001525879,47.348460006713864,0.3338820902601329,66.85744545544524,0.6423167343180012,0.536631125954556,0.1056856083634452,1.0
2024-01-09,53.04571533203125,53.13999938964844,54.32500076293945,51.689998626708984,52.4010009765625,773100000,0.016975122300572076,0.10322206024066616,49.05944995880127,47.60473999023438,0.3326251736469744,69.2950612536289,0.9113674223395307,0.611578385231551,0.29978903710797977,1.0
2024-01-10,54.253562927246094,54.349998474121094,54.599998474121094,53.48899841308594,53.61600112915039,533796000,0.022770024433014235,0.14255078297164192,49.44559993743896,47.881739959716796,0.3247587447702327,72.28921254291386,1.2083003108916657,0.7309227703635739,0.4773775405280918,1.0
2024-01-11,54.72472381591797,54.821998596191406,55.34600067138672,53.560001373291016,54.999000549316406,596759000,0.008684455111715561,0.14217253513403016,49.80384979248047,48.15495994567871,0.3204411127155895,73.37969886348202,1.4648226656672705,0.8777027494243133,0.5871199162429572,1.0
2024-01-12,54.61292266845703,54.709999084472656,54.970001220703125,54.33000183105469,54.619998931884766,352994000,-0.0020429665934603713,0.11432468273920393,50.134949684143066,48.43355995178223,0.322016206408948,72.64913114013363,1.6401741487797992,1.0301970292954106,0.6099771194843886,0.991037886601793
2024-01-16,56.281959533691406,56.38199996948242,56.834999084472656,54.900001525878906,55.018001556396484,449580000,0.030561157247109172,0.07901941989266903,50.536549758911136,48.71469993591309,0.33291256593112056,76.42293522047463,1.8922453340820766,1.2026066902527437,0.6896386438293329,1.0
2024-01-17,55.953548431396484,56.053001403808594,56.47100067138672,54.7400016784668,56.34700012207031,474394000,-0.0058351701935351885,0.05481750183699852,50.89469985961914,48.965639953613284,0.3361672420362324,74.25194318027455,2.041928054261355,1.370470963054466,0.6714570912068889,0.9710821308390658
2024-01-18,57.005672454833984,57.106998443603516,57.599998474121094,56.106998443603516,57.2599983215332,491650000,0.018803578994849524,0.050726771791818503,51.24619979858399,49.20767990112304,0.33299642900967824,76.55022493057365,2.220010541288474,1.5403788787012678,0.6796316625872061,1.0
2024-01-19,59.38544845581055,59.49100112915039,59.5,57.224998474121094,57.98899841308594,543501000,0.04174624390215875,0.08516658736486393,51.740549850463864,49.482479934692385,0.3490725039553968,80.73822870297779,2.5244114443158665,1.7371853918241875,0.787226052491679,1.0
2024-01-22,59.548152923583984,59.65399932861328,60.33100128173828,59.06999969482422,60.04899978637695,452955000,0.0027398799208140368,0.09036739767637458,52.31769981384277,49.756459884643554,0.31791748524724045,80.98823535391656,2.7471366640886004,1.9391756462770702,0.8079610178115302,1.0
2024-01-23,59.76677322387695,59.87300109863281,59.90999984741211,58.584999084472656,59.56999969482422,294654000,0.0036712001288148333,0.06191694390124414,52.861849784851074,50.022439880371095,0.3177113031980614,81.3387019978505,2.907800306087722,2.1329005782392008,0.7748997278485215,1.0
2024-01-24,61.25312805175781,61.36199951171875,62.8489990234375,59.9379997253418,60.30400085449219,560271000,0.024869279738174654,0.09471389533031194,53.48844966888428,50.31067985534668,0.3175126580797013,83.55797557667533,3.119319553642761,2.330184373319913,0.7891351803228481,1.0
2024-01-25,61.507667541503906,61.617000579833984,62.71900177001953,60.849998474121094,62.349998474121094,482777000,0.004155683813180433,0.0789745960941084,54.105349731445315,50.57631988525391,0.3185367514192666,83.91086141907466,3.2698339262076885,2.518114283897468,0.7517196423102206,1.0
2024-01-26,60.92271423339844,61.03099822998047,61.78300094604492,60.573001861572266,60.959999084472656,390309000,-0.009510400446939404,0.025886219286961776,54.68604965209961,50.82453987121582,0.3258692682292894,79.6786907156325,3.3037486012920994,2.6752411473763944,0.628507453915705,0.9636339661885394
2024-01-29,62.354164123535156,62.46500015258789,62.48899841308594,60.90700149536133,61.231998443603516,348733000,0.023496288184632563,0.04712174968336624,55.333199691772464,51.08071990966797,0.3271451207386922,82.06284142022878,3.4070636869788515,2.821605655296886,0.5854580316819655,1.0
2024-01-30,62.66261291503906,62.77399826049805,63.49300003051758,62.2599983215332,62.900001525878906,410735000,0.004946739888823215,0.04845250962259651,55.99579963684082,51.3584398651123,0.32522916367513305,82.5382431150346,3.4738310397920387,2.9520507321959166,0.521780307596122,1.0
2024-01-31,61.41783142089844,61.527000427246094,62.26900100708008,60.70000076293945,61.439998626708984,453795000,-0.019864878258625374,0.0026889755360046674,56.66374969482422,51.5993798828125,0.31408864943573606,74.01294938489121,3.3870782151008783,3.039056228776909,0.3480219863239693,0.9277981680353061
2024-02-01,62.91517639160156,63.027000427246094,63.191001892089844,61.650001525878906,62.099998474121094,369146000,0.02437954052016078,0.022883292502776875,57.43664970397949,51.873959884643554,0.30229348026411396,77.07973868289702,3.4001684155268848,3.1112786661269043,0.28888974939998047,1.0
2024-02-02,66.04261779785156,66.16000366210938,66.5999984741211,63.689998626708984,63.9739990234375,476578000,0.049708905923260494,0.08403935018073105,58.34474983215332,52.188979949951175,0.3263473119372243,81.88764621866672,3.6216020965274964,3.2133433522070227,0.4082587443204737,1.0
2024-02-05,69.208984375,69.33200073242188,69.49700164794922,67.20500183105469,68.2249984741211,680078000,0.04794433033154655,0.1099335718091643,59.3564998626709,52.5767399597168,0.3445910609151219,85.25909967973745,4.00685500780331,3.3720456833262804,0.6348093244770294,1.0
2024-02-06,68.1019515991211,68.2229995727539,69.75399780273438,66.30000305175781,69.62999725341797,683111000,-0.015995516470785565,0.08680347696897872,60.15499992370606,52.96687995910644,0.31715655591000974,79.67505896331124,4.174561839993984,3.5325489146598215,0.6420129253341629,0.9534600256458282
2024-02-07,69.97462463378906,70.0989990234375,70.22000122070312,67.5999984741211,68.31900024414062,495575000,0.027498049960160476,0.13932092474307356,61.00294990539551,53.413339920043946,0.3208157994078116,81.84161730707092,4.4080351052691995,3.707646152781697,0.7003889524875024,1.0
2024-02-08,69.51744079589844,69.64099884033203,70.79399871826172,69.45500183105469,70.0739974975586,414422000,-0.006533619445155514,0.10493912717170595,61.767499923706055,53.84131988525391,0.32715640213322644,79.61046667307258,4.504186109265369,3.8669541440784316,0.6372319651869374,0.9813790790940141
2024-02-09,72.0050048828125,72.13300323486328,72.18499755859375,70.21199798583984,70.53299713134766,436637000,0.03578358202823506,0.09028112518341214,62.63305015563965,54.32755996704102,0.33677662225868543,82.41892481801634,4.726980709575237,4.038959457177793,0.6880212523974443,1.0
2024-02-12,72.11981201171875,72.24800109863281,74.61100006103516,71.25,72.5999984741211,613710000,0.0015942475512229493,0.04205850596270655,63.50995025634766,54.809720001220704,0.33471601294754727,82.5384526516772,4.856839776334375,4.20253552100911,0.6543042553252656,1.0
2024-02-13,72.0000228881836,72.12799835205078,73.44999694824219,69.62000274658203,70.4000015258789,602580000,-0.0016609836224839025,0.057238743587234575,64.29725017547608,55.316879959106444,0.3333756399723651,81.91261669189527,4.893659740292009,4.340760364865689,0.5528993754263194,0.9955130777992772
2024-02-14,73.76888275146484,73.9000015258789,74.23600006103516,71.93800354003906,73.2020034790039,504917000,0.024567480233946393,0.0542233491974764,65.18960018157959,55.859580001831056,0.3285131467622462,83.85885702208745,5.008095466771692,4.47422738524689,0.533868081524802,1.0
2024-02-15,72.5290756225586,72.65799713134766,73.9749984741211,72.4000015258789,73.86900329589844,420122000,-0.016806554382767014,0.04332215708067011,65.9671501159668,56.40253997802734,0.34564682761398685,77.55946212121549,4.9416035005835255,4.567702608314217,0.3739008922693081,0.956262835661619
2024-02-16,72.4841537475586,72.61299896240234,74.4020004272461,72.5009994506836,74.0999984741211,495327000,-0.000619314744720656,0.006654315029366087,66.6232500076294,56.923479919433596,0.3302059324746575,77.33280464446145,4.8296044879494815,4.62008298424127,0.20952150370821165,0.9546782258818522
2024-02-20,69.32877349853516,69.4520034790039,71.95600128173828,67.73400115966797,71.9469985961914,704833000,-0.04353208831155897,-0.038699999683199815,67.11315021514892,57.40246002197266,0.38104176622149427,63.331493477522706,4.434658562133748,4.582998099819766,-0.1483395376860175,0.837093542789602
2024-02-21,67.35228729248047,67.47200012207031,68.88800048828125,66.24800109863281,68.00599670410156,673755000,-0.028508945138381314,-0.06455188465448503,67.4931001663208,57.81998001098633,0.40231159841797304,56.43851023684919,3.916741588224923,4.449746797500797,-0.5330052092758741,0.7643089947847765
2024-02-22,78.3986587524414,78.53800201416016,78.57499694824219,74.22000122070312,75.0250015258789,865100000,0.1640088017558281,0.06276049245624282,68.35190029144287,58.440620040893556,0.688724217845547,73.68019396232211,4.349088935235429,4.429615225047724,-0.08052628981229493,1.0
2024-02-23,78.67715454101562,78.81700134277344,82.39399719238281,77.56999969482422,80.79000091552734,829388000,0.0035524118446885744,0.0847670518675574,69.21190032958984,59.08442008972168,0.6888332218232623,73.96003694155765,4.660516701298448,4.4757955202978685,0.18472118100057955,1.0
2024-02-26,78.95167541503906,79.09200286865234,80.64600372314453,78.50499725341797,79.69999694824219,503973000,0.0034891142925232987,0.08922650212539374,70.11495056152344,59.7131201171875,0.6846762103654848,74.25064967275219,4.873338956531342,4.555304207544563,0.3180347489867783,1.0
2024-02-27,78.56136322021484,78.70099639892578,79.4800033569336,77.16200256347656,79.38099670410156,391705000,-0.004943691593901178,0.13317100237026192,70.92675037384033,60.3253800201416,0.6868132565667707,73.00312470919032,4.953352014111331,4.634913768857917,0.31843824525341446,0.9875961540090561
2024-02-28,77.52519226074219,77.66300201416016,78.93299865722656,77.125,77.62000274658203,393110000,-0.013189088223281908,0.1510404593557666,71.67120056152343,60.911640090942385,0.6924352101355485,69.65723984331888,4.876788880221341,4.683288791130602,0.19350008909073857,0.9546679968430094
2024-02-29,78.97162628173828,79.11199951171875,79.98999786376953,78.3499984741211,79.09400177001953,507289000,0.018657500482590184,0.007308531956989439,72.55045051574707,61.51608009338379,0.682692927206075,71.61312960263291,4.87681712122135,4.721994457148751,0.15482266407259893,1.0
2024-03-01,82.13301086425781,82.27899932861328,82.30000305175781,79.43499755859375,80.0,479135000,0.040031851507247085,0.04392450774400425,73.51305046081544,62.16012008666992,0.6882487268306865,75.35271504816019,5.073901145902738,4.792375794899549,0.28152535100318943,1.0
2024-03-04,85.08575439453125,85.23699951171875,87.69499969482422,83.71900177001953,84.12999725341797,615616000,0.03595085267495213,0.07769428539155054,74.4669002532959,62.872780075073244,0.6805375761687784,78.23653902614895,5.406455297842129,4.915191695488065,0.4912636023540644,1.0
2024-03-05,85.81549835205078,85.96399688720703,86.09700012207031,83.41699981689453,85.2699966430664,520639000,0.008529129129989377,0.09228600425166134,75.29850006103516,63.62984001159668,0.6684015645931212,78.89027380857046,5.6633854890262825,5.064830454195708,0.5985550348305742,1.0
2024-03-06,88.54676818847656,88.69999694824219,89.7239990234375,87.02999877929688,88.02200317382812,582520000,0.03182727839685073,0.14211393646706671,76.32234992980958,64.42403991699219,0.6637608773883832,81.18130535849657,6.018400481415227,5.255544459639613,0.7628560217756144,1.0
2024-03-07,92.50891876220703,92.66899871826172,92.76699829101562,89.60199737548828,90.15799713134766,608119000,0.04474635745856337,0.17136463861635542,77.45084991455079,65.30081985473633,0.6712002874190472,83.90945988283816,6.544575896064359,5.513350746924562,1.0312251491397966,1.0
2024-03-08,87.37680053710938,87.52799987792969,97.4000015258789,86.50599670410156,95.13800048828125,1142269000,-0.055477008616031664,0.06379514325827507,78.34519996643067,66.06579986572265,0.7130575299581428,69.79525911759376,6.4721313602095165,5.705106869581553,0.7670244906279633,0.8860088910361716
2024-03-11,85.62582397460938,85.77400207519531,88.7969970703125,84.16600036621094,86.42900085449219,678364000,-0.020039276633540992,0.00630011106154349,79.02724990844726,66.79293991088868,0.7163025234779047,65.73275845116251,6.201696285344909,5.804424752734224,0.3972715326106844,0.8471175858903225
2024-03-12,91.75423431396484,91.91300201416016,91.95999908447266,86.1500015258789,88.04900360107422,668075000,0.07157180253269502,0.06920344961110625,80.01049995422363,67.64075996398925,0.7482730379139593,71.8980922236267,6.408863144495541,5.925312431086487,0.48355071340905376,0.9832373230669761
2024-03-13,90.73098754882812,90.88800048828125,91.50399780273438,88.43499755859375,91.05500030517578,635713000,-0.011151866476094341,0.02466745902275269,80.94850006103516,68.46807998657226,0.7515089252487812,69.64500006362397,6.416371380859729,6.023524221041137,0.39284715981859275,0.9605100157375299
2024-03-14,87.79206848144531,87.94400024414062,90.64600372314453,86.5999984741211,89.5770034790039,602318000,-0.03239151734359269,-0.05098790900381189,81.65069999694825,69.26360000610352,0.7665589311517441,63.490815609426754,6.1142838385257505,6.04167614453806,0.07260769398769096,0.8952328462531467
2024-03-15,87.68526458740234,87.83699798583984,89.5459976196289,86.25700378417969,86.93000030517578,642086000,-0.0012167090194183938,0.0035302772637453295,82.40965003967285,70.0689599609375,0.7613659560911606,63.271973078483654,5.799391323630132,5.9932191803564745,-0.19382785672634206,0.8918313673321985
2024-03-18,88.30218505859375,88.45500183105469,92.40499877929688,87.08499908447266,90.38800048828125,668976000,0.007035803356058246,0.03125655432876995,83.20175018310547,70.87809997558594,0.7603587469805793,64.0428568772698,5.535890186237538,5.9017533815326875,-0.3658631952951499,0.9032865825995098
2024-03-19,89.24357604980469,89.39800262451172,90.54399871826172,85.01000213623047,86.69999694824219,672171000,0.010660796720779242,-0.02736282500337628,84.19905014038086,71.68412002563477,0.7326892001480595,65.2416814698801,5.3415814930434635,5.7897190038348425,-0.448137510791379,0.9190668036393661
2024-03-20,90.21588897705078,90.37200164794922,90.41000366210938,88.2229995727539,89.7969970703125,479063000,0.010895087080731392,-0.005677304347767698,85.3440502166748,72.44650009155274,0.7157676459040893,66.48460926004225,5.206170541635231,5.67300931139492,-0.46683876975968897,0.9418908368710005
2024-03-21,91.27703094482422,91.43499755859375,92.64800262451172,90.40499877929688,92.30000305175781,480372000,0.011762447342767768,0.039695684808080056,85.98889999389648,73.21240005493163,0.45291785450846533,67.83640024057439,5.125547156148713,5.563516880345679,-0.4379697241969662,0.9677966243428634
2024-03-22,94.12611389160156,94.28900146484375,94.77799987792969,90.83399963378906,91.14099884033203,586719000,0.031213473860718155,0.07345428039382718,86.7625,74.0111801147461,0.45989218572304075,71.19557168869186,5.231639719515144,5.497141448179573,-0.2655017286644288,1.0
2024-03-25,94.83788299560547,95.00199890136719,96.76599884033203,93.51000213623047,93.94100189208984,552136000,0.007561830387919466,0.074015001241162,87.55799980163575,74.8147801208496,0.4594251242673823,71.98281698904998,5.312018136239828,5.460116785791625,-0.1480986495517964,1.0
2024-03-26,92.4011001586914,92.56099700927734,96.375,92.50199890136719,95.85099792480469,513648000,-0.02569421612511691,0.03538104087236471,88.25099983215333,75.5718000793457,0.4738176101676173,65.39336451283103,5.119733062381755,5.392040041109651,-0.27230697872789644,0.9373282485064512
2024-03-27,90.09410095214844,90.25,93.23999786376953,89.12300109863281,93.11199951171875,586067000,-0.024967287345075917,-0.0013499938667341782,88.8803497314453,76.24916007995606,0.48274994725555814,59.811008055560485,4.726384789389542,5.2589089907656295,-0.5325242013760878,0.8779943206069668
2024-03-28,90.19991302490234,90.35600280761719,91.30000305175781,89.19300079345703,90.0,435212000,0.0011745463447887516,-0.011800675668910188,89.44254989624024,76.93522010803223,0.48160647404910495,59.979766753411184,4.372800072531604,5.081687207118824,-0.7088871345872203,0.8773981781863744
2024-04-01,90.20689392089844,90.36299896240234,92.2249984741211,89.2040023803711,90.29900360107422,452441000,7.742877692429317e-05,-0.04163796881341708,89.84674987792968,77.6003401184082,0.4660016154944586,59.9917076185278,4.046500627824855,4.874649891260031,-0.8281492634351757,0.8693644158150262
2024-04-02,89.2974624633789,89.4520034790039,90.09400177001953,87.62000274658203,88.447998046875,433064000,-0.010081510063399746,-0.0584197752315232,90.05750007629395,78.19956016540527,0.45408129666580477,57.58242564932681,3.672066943093185,4.634133301626662,-0.9620663585334768,0.8429898299919298
2024-04-03,88.8103256225586,88.96399688720703,90.3740005493164,88.4000015258789,88.48400115966797,370067000,-0.005455513267642154,-0.03886086189963778,90.20750007629394,78.78576011657715,0.4544550624180248,56.278557983950705,3.2979310010877896,4.3668928415188875,-1.0689618404310979,0.8281191496533337
2024-04-04,85.756591796875,85.90499877929688,90.63400268554688,85.87999725341797,90.40599822998047,434965000,-0.03438467486784014,-0.048144057847126054,90.06775016784668,79.30640007019043,0.45777819305357487,48.81665227937005,2.723198650440139,4.038154003303138,-1.3149553528629987,0.7322127714143969
2024-04-05,87.85596466064453,88.00800323486328,88.48100280761719,85.9260025024414,86.86599731445312,399678000,0.024480583033000824,-0.025986093892988893,89.83470039367675,79.83932014465331,0.4359263002774433,53.391892796763855,2.409637208064069,3.7124506442553242,-1.3028134361912551,0.7941186444827089
2024-04-08,86.98247528076172,87.13300323486328,88.83000183105469,86.73200225830078,88.69999694824219,283220000,-0.009942277609286565,-0.035744671653526905,89.81495056152343,80.3496401977539,0.38965473523318245,51.33572986263069,2.0667085884467724,3.383302233093614,-1.3165936446468418,0.7683613814434426
2024-04-09,85.20653533935547,85.35399627685547,87.63500213623047,83.02200317382812,87.44200134277344,501700000,-0.020417142666511512,-0.04581235794355709,89.79395027160645,80.83610015869141,0.3899154127296247,47.343658460125525,1.6325649999203904,3.0331547864589696,-1.4005897865385792,0.7117848225752598
2024-04-10,86.88864135742188,87.03900146484375,87.4000015258789,83.70899963378906,83.9260025024414,431929000,0.01974137429397893,-0.02163791522096159,89.55025024414063,81.32758018493652,0.29585620792338474,51.21344484276903,1.4082356506874447,2.7081709593046646,-1.2999353086172198,0.7621210515459923
2024-04-11,90.45945739746094,90.61599731445312,90.73899841308594,86.9260025024414,87.41999816894531,431637000,0.041096471574920024,0.054839632176231445,89.53665008544922,81.88442016601563,0.3316814308725254,58.23108896072209,1.5017751667764685,2.4668918007990257,-0.9651166340225572,0.8689767950159938
2024-04-12,88.03365325927734,88.18599700927734,90.17500305175781,87.52999877929688,89.6989974975586,426805000,-0.026816460417505072,0.002022472591941993,89.54874992370605,82.41760009765625,0.32496993181207157,52.686572134612554,1.364100687324779,2.2463335781041764,-0.8822328907793975,0.786833394296911
2024-04-15,85.85243225097656,86.0009994506836,90.61299896240234,85.92900085449219,89.0979995727539,443077000,-0.024777148670937943,-0.012991676427454468,89.45694999694824,82.877080078125,0.3370017369509708,48.23887434551068,1.0663889601477479,2.010344654512891,-0.943955694365143,0.6879203614030132
2024-04-16,87.26399993896484,87.41500091552734,88.11799621582031,86.06400299072266,86.43299865722656,370453000,0.01644168642080257,0.024146551170103114,89.40494995117187,83.30218002319336,0.3415412048082745,51.11491667116423,0.9337842883567191,1.7950325812816568,-0.8612482929249377,0.7244097957772007
2024-04-17,83.88983917236328,84.03500366210938,88.7750015258789,83.94999694824219,88.33999633789062,495400000,-0.03866610098973966,-0.03451323834347675,89.13680000305176,83.59624008178712,0.36451698557042544,44.718587450724264,0.5496209123120934,1.5459502474877442,-0.9963293351756508,0.6016347357230826
2024-04-18,84.52473449707031,84.6709976196289,86.19000244140625,82.4020004272461,84.97000122070312,447260000,0.007568202889319364,-0.06560651398222817,88.85174980163575,83.92520004272461,0.36304291530881805,46.0857128274958,0.2931092848164383,1.2953820549534831,-1.0022727701370449,0.6247365877288957
2024-04-19,76.06837463378906,76.19999694824219,84.3239974975586,75.60600280761719,83.1500015258789,875198000,-0.10004607137666377,-0.1359172710807387,88.08999977111816,84.04722000122071,0.4954983481897653,34.01842183645837,-0.5869509815636178,0.9189154476500629,-1.5058664292136807,0.31703585954153796
2024-04-22,79.3806381225586,79.51799774169922,80.072998046875,76.4000015258789,78.10399627685547,596341000,0.043543319243316114,-0.07538286473870559,87.35144958496093,84.24475997924804,0.5103469259540137,40.58128275573091,-1.005084164217351,0.5341155252765802,-1.5391996894939313,0.4375589594536322
2024-04-23,82.2806167602539,82.4229965209961,82.76899719238281,80.26399993896484,80.76899719238281,438559000,0.036532594655278805,-0.057106953523403,86.72249946594238,84.4505598449707,0.5319506664021665,45.6759604102644,-1.089489642144983,0.20939449179226766,-1.2988841339372506,0.5430801693376477
2024-04-24,79.53936004638672,79.677001953125,84.08200073242188,79.18299865722656,83.94999694824219,512208000,-0.0333158788660588,-0.05185936239745004,86.07829971313477,84.59913986206055,0.5362630319999463,42.00924876908701,-1.3622571514381576,-0.10493583685381738,-1.2573213145843403,0.4433346303027481
2024-04-25,82.48926544189453,82.63200378417969,83.322998046875,78.2229995727539,78.86799621582031,424641000,0.03708726180225952,-0.024081372521545963,85.69739990234375,84.80921997070313,0.5535116363172203,46.94505084277654,-1.324712949672744,-0.3488912594176027,-0.9758216902551412,0.5506721516279183
2024-04-26,87.58344268798828,87.73500061035156,88.33100128173828,83.38700103759766,83.81800079345703,551011000,0.06175569503917644,0.1513780068776691,85.56634979248047,85.08591995239257,0.6005205690270686,54.195420207010514,-0.8731248630146666,-0.4537379801370155,-0.41938688287765113,0.7360334684620271
2024-04-29,87.60540008544922,87.75700378417969,87.99199676513672,85.26599884033203,87.59500122070312,388971000,0.0002507912882550034,0.10361183979057786,85.43605003356933,85.38790008544922,0.6005241631453734,54.22446794676598,-0.5076111531849818,-0.4645126147466088,-0.043098538438373024,0.7368327120073872
2024-04-30,86.25273895263672,86.4020004272461,88.81900024414062,86.30000305175781,87.23999786376953,363709000,-0.015440401318462804,0.048275409463381935,85.28354988098144,85.6636801147461,0.6019258476529816,52.03596672338351,-0.3235467063993269,-0.4363194330771525,0.11277272667782556,0.6876135541063493
2024-05-01,82.89753723144531,83.04100036621094,86.0,81.25499725341797,85.0770034790039,559863000,-0.03889956302418307,0.042220444176162886,84.98740005493164,85.93546005249023,0.6167063354394747,46.97186805141362,-0.4437634927734848,-0.43780824501641896,-0.005955247757065851,0.5655285482921574
2024-05-02,85.66875457763672,85.81700134277344,86.23699951171875,83.19999694824219,84.4489974975586,377898000,0.03342928149131552,0.03854435827203706,84.98300018310547,86.3023600769043,0.6174895165833498,51.19646776579474,-0.311445928494436,-0.4125357817120224,0.1010898532175864,0.5114883201537402
2024-05-03,88.63561248779297,88.78900146484375,89.28099822998047,87.04000091552734,87.78900146484375,398341000,0.034631833734197315,0.012013459248415792,85.0220500946045,86.50738006591797,0.6236990712797266,55.302101765668894,0.032853551017481664,-0.3234579151661216,0.35631146618360326,0.6695566008336254
2024-05-06,91.98082733154297,92.13999938964844,92.22000122070312,89.05500030517578,89.38999938964844,376203000,0.0377411376355159,0.04994468152362885,85.27239990234375,86.77384002685547,0.6352724701548327,59.44481941200141,0.569545529810199,-0.1448572261708575,0.7144027559810565,0.847782192616831
2024-05-07,90.39756774902344,90.55400085449219,91.78099822998047,89.01100158691406,91.0979995727539,437342000,-0.017212921051250052,0.04805444789142643,85.53240013122559,87.00307998657226,0.6337676911981016,56.763310443446485,0.8570217493668508,0.055518568936684165,0.8015031804301667,0.7634295508550505
2024-05-08,90.25581359863281,90.41200256347656,91.19400024414062,89.41999816894531,89.48300170898438,325721000,-0.0015681062092860465,0.08876340801242155,85.70105018615723,87.23730010986328,0.6311368500415518,56.51749274500769,1.0611582770938384,0.256646510568115,0.8045117665257233,0.7558772544895018
2024-05-09,88.59369659423828,88.74700164794922,91.0719985961914,88.23100280761719,90.52899932861328,378013000,-0.018415706635392604,0.03414242235606291,85.60760040283203,87.45898010253906,0.6182980946096962,53.587126235117765,1.076180745417986,0.4205533575380892,0.6556273878798967,0.6673228058899147
2024-05-10,89.72272491455078,89.87799835205078,91.4010009765625,89.22699737548828,90.30500030517578,335325000,0.012744055383280717,0.012264997569977343,85.6922004699707,87.6743000793457,0.611714800523179,55.28318713886539,1.165908276820602,0.5696243413945918,0.5962839354260101,0.7274757995403374
2024-05-13,90.24285125732422,90.39900207519531,90.99800109863281,88.52899932861328,90.47799682617188,289680000,0.005796788231795746,-0.018895130518621683,85.91210060119629,87.83670013427735,0.6037588003598781,56.079411219280814,1.2644824713404859,0.7085959673837707,0.5558865039567151,0.7551858127848545
2024-05-14,91.19818878173828,91.35600280761719,91.6510009765625,88.93399810791016,89.5989990234375,296507000,0.010586408151119109,0.008856615340648633,86.10915069580078,87.95908020019532,0.6024115362916219,57.573770514235505,1.403644847737695,0.8476057434545556,0.5560391042831394,0.806084687000896
2024-05-15,94.4665298461914,94.62999725341797,94.86199951171875,91.5989990234375,92.47200012207031,417735000,0.035837759371930344,0.04665303909157448,86.6389003753662,88.13240020751954,0.5921843407991833,62.2996496798514,1.757852593038848,1.0296551133714142,0.7281974796674338,0.9802147851661408
2024-05-16,94.19600677490234,94.35900115966797,95.81900024414062,94.10299682617188,94.91000366210938,323952000,-0.0028637440728680463,0.06323593369363634,87.12330055236816,88.24558029174804,0.5931222168467247,61.68714051495322,1.9937153536105257,1.2224671614192366,0.771248192191289,0.9658016341396907
2024-05-17,92.3192367553711,92.47899627685547,94.73999786376953,91.80599975585938,94.36900329589844,359691000,-0.019923959131691982,0.02893920617386936,87.93725051879883,88.24178024291992,0.45504375535723507,57.46610162811953,2.005815812368425,1.3791368916090745,0.6266789207593506,0.8658120219962864
2024-05-20,94.61626434326172,94.77999877929688,95.19999694824219,93.44000244140625,93.75,318764000,0.02488135247005574,0.048462887902870566,88.70035057067871,88.38682022094727,0.44148023406503545,60.984943501304826,2.1759936840986285,1.5385082501069853,0.6374854339916431,0.9881927401867218
2024-05-21,95.22122192382812,95.38600158691406,95.4000015258789,93.18000030517578,93.5989990234375,328946000,0.006393783661343022,0.04411312508695775,89.3485008239746,88.57906021118164,0.4295157087955146,61.87941467960109,2.332868380972414,1.6973802762800712,0.6354881046923428,1.0
2024-05-22,94.78596496582031,94.94999694824219,96.0199966430664,93.2490005493164,95.45899963378906,548648000,-0.004570949944626812,0.003381588334693264,90.11215057373047,88.63980010986329,0.40452378269114153,60.799388019940494,2.394409515541028,1.8367861241322627,0.5576233914087654,0.9772748601450324
2024-05-23,103.61969757080078,103.79900360107422,106.31999969482422,101.5199966430664,102.02799987792969,835065000,0.0931964922300701,0.10004347571921102,91.17050056457519,88.89802017211915,0.49491908507886395,71.62427445725766,3.1212424506507404,2.0936773894359586,1.0275650612147817,1.0
2024-05-24,106.28507232666016,106.46900177001953,106.4749984741211,103.0,104.4489974975586,429494000,0.02572277263090883,0.15127765283353667,92.1072006225586,89.26852020263672,0.4622423666673501,73.9607443669997,3.8681200463288974,2.4485659208145467,1.4195541255143507,1.0
2024-05-28,113.70423126220703,113.9010009765625,114.93900299072266,109.88300323486328,110.24400329589844,652728000,0.0698043475846295,0.20174089938311224,93.41440048217774,89.78980026245117,0.5063812310309139,79.11558179508332,5.002065449204636,2.959265826492565,2.0427996227120713,1.0
2024-05-29,114.62664031982422,114.82499694824219,115.49199676513672,110.9010009765625,113.05000305175781,557442000,0.008112272620587557,0.2037929574353281,94.83555030822754,90.31720016479493,0.49524955753731337,79.65483983367255,5.907189697640646,3.548850600722181,2.358339096918465,1.0
2024-05-30,110.3091049194336,110.5,115.81900024414062,109.66300201416016,114.6500015258789,484553000,-0.03766598792240072,0.163770442880943,96.208500289917,90.73924011230469,0.49349272867679933,70.48108296440806,6.204000224645085,4.079880525506763,2.1241196991383227,0.8880259689775486
2024-05-31,109.443603515625,109.63300323486328,112.71700286865234,106.94000244140625,112.5199966430664,613263000,-0.007846124571373014,0.05620477491489795,97.39930038452148,91.12446014404297,0.49461119054143954,68.77123215677466,6.296681092462222,4.523240638897855,1.7734404535643673,0.8655794507863066
2024-06-03,114.80133819580078,115.0,115.0,112.00299835205078,113.62100219726562,438392000,0.048954207280440754,0.08012659166663383,98.7098503112793,91.5957601928711,0.5055007097633409,73.11868344264047,6.725673752586701,4.963727261635625,1.7619464909510762,1.0
2024-06-04,116.23585510253906,116.43699645996094,116.5999984741211,114.04499816894531,115.71600341796875,403324000,0.012495621390964606,0.022264909541227507,99.92470016479493,92.03872009277343,0.49731067900723896,74.15608576170223,7.0997654545889475,5.39093490022629,1.7088305543626578,1.0
2024-06-05,122.22848510742188,122.44000244140625,122.4489974975586,117.46800231933594,118.37100219726562,528402000,0.05155582988186724,0.06631836007447545,101.51900024414063,92.58748016357421,0.5031985424817207,77.97927694162018,7.7908205079015715,5.870912021761346,1.9199084861402254,1.0
2024-06-06,120.78898620605469,120.99800109863281,125.58699798583984,118.31999969482422,124.0479965209961,664696000,-0.011777207726400563,0.0950045348292563,103.04830017089844,93.15622024536133,0.5091050241750634,75.10506669956698,8.128429681781071,6.322415553765292,1.8060141280157795,0.9688148535582113
2024-06-07,120.6791763305664,120.88800048828125,121.69200134277344,118.02200317382812,119.7699966430664,412386000,-0.0009091109716919954,0.10266066714697897,104.65535011291504,93.76898025512695,0.497455264040987,74.87833636495674,8.291531639045743,6.716238770821382,1.575292868224361,0.9664359479076091
2024-06-10,121.57960510253906,121.79000091552734,123.0999984741211,117.01000213623047,120.37000274658203,313434100,0.0074614554265337585,0.05904348622197686,106.25095024108887,94.39766021728515,0.4982702860070182,75.53065395161634,8.396782133787866,7.05234744341468,1.3444346903731859,0.9859428752452246
2024-06-11,120.7110366821289,120.91000366210938,122.87000274658203,118.73999786376953,121.7699966430664,222551200,-0.007225529573879674,0.038415686922039116,107.77650032043456,95.0086003112793,0.5038376268858563,73.52477980729486,8.313354311631826,7.30454881705811,1.0088054945737168,0.9669117950359443
2024-06-12,124.99398040771484,125.19999694824219,126.87999725341797,122.56999969482422,123.05999755859375,299595000,0.03548087963111368,0.022541607740956593,109.46870002746581,95.72356018066407,0.5085992220779658,76.7644013677757,8.4954732394731,7.542733701541108,0.9527395379319916,1.0
2024-06-13,129.396728515625,129.61000061035156,129.8000030517578,127.16000366210938,129.38999938964844,260704500,0.035223672281178064,0.07117472547913084,111.2177001953125,96.53648025512695,0.5082918137660501,79.53646041423904,8.893139663226705,7.812814893878228,1.0803247693484774,1.0
2024-06-14,131.66299438476562,131.8800048828125,132.83999633789062,128.32000732421875,129.9600067138672,309320400,0.017514113585149094,0.0909271751549634,113.09375038146973,97.45598037719726,0.503210035109382,80.80583621584914,9.284438317096345,8.107139578521853,1.1772987385744926,1.0
2024-06-17,130.7644805908203,130.97999572753906,133.72999572753906,129.5800018310547,132.99000549316406,288504400,-0.00682445497384665,0.0754577119872577,115.0188003540039,98.31542022705078,0.49237441874014287,78.7208454081446,9.413410169512616,8.368393696720005,1.0450164727926108,0.9838360447733585
2024-06-18,135.35691833496094,135.5800018310547,136.3300018310547,130.69000244140625,131.13999938964844,294335100,0.03511991337275977,0.12132989599389599,117.0588005065918,99.28436019897461,0.49560329351599014,81.36713419128813,9.77413321690537,8.649541600757079,1.1245916161482903,1.0
2024-06-20,130.56480407714844,130.77999877929688,140.75999450683594,129.52000427246094,139.8000030517578,517768400,-0.03540347386732645,0.04456870580724903,118.82850036621093,100.19288024902343,0.530159811597517,71.39035829857883,9.56245862920214,8.832125006446091,0.7303336227560493,0.9191646571732235
2024-06-21,126.36172485351562,126.56999969482422,130.6300048828125,124.30000305175781,127.12000274658203,649445800,-0.032191459885065554,-0.023454987278848538,120.40950050354004,100.98350021362305,0.5532287101189408,63.980437386226235,8.951802445440237,8.856060494244922,0.09574195119531481,0.8482653857302325
2024-06-24,117.9156494140625,118.11000061035156,124.45999908447266,118.04000091552734,123.23999786376953,476060900,-0.06684047645469504,-0.1044131313514649,121.1250503540039,101.53338027954102,0.5449600480612032,52.245166329203975,7.696481548911692,8.624144705178276,-0.9276631562665845,0.7057931999975331
2024-06-25,125.88250732421875,126.08999633789062,126.5,119.31999969482422,121.19999694824219,414192600,0.06756409860554746,-0.03733394067152418,122.10610008239746,102.29146026611328,0.5829050688964925,59.74545339877851,7.261839690307994,8.35168370220422,-1.0898440118962256,0.8401818000538606
2024-06-26,126.19200897216797,126.4000015258789,128.1199951171875,122.5999984741211,126.12999725341797,362975900,0.0024586025615984664,-0.06770910297386568,122.73105010986328,103.09944030761719,0.5371540418151981,60.00822727737023,6.863282070326278,8.054003375828632,-1.190721305502354,0.8454024999948606
2024-06-27,123.78597259521484,123.98999786376953,126.41000366210938,122.91999816894531,124.0999984741211,252571700,-0.019066484438419518,-0.051919261193648425,123.18930015563964,103.83094024658203,0.5441948788768015,56.89864128211419,6.280556781678598,7.699314056998626,-1.4187572753200275,0.8048163857487342
2024-06-28,123.33671569824219,123.54000091552734,127.70999908447266,122.75,124.58000183105469,315516700,-0.003629300395154522,-0.023939312527475498,123.84130020141602,104.6210401916504,0.5222657953332824,56.31187077156252,5.716535140494528,7.3027582736978065,-1.5862231332032781,0.7972381285705769
2024-07-01,124.09546661376953,124.30000305175781,124.83999633789062,118.83000183105469,123.47000122070312,284885500,0.006151870896861533,0.0524087918839935,124.57465019226075,105.41362030029296,0.519663270114471,57.11622858312913,5.270119094702082,6.896230437898662,-1.6261113431965803,0.8100370856897342
2024-07-02,122.46814727783203,122.66999816894531,123.41000366210938,121.02999877929688,121.12999725341797,218374000,-0.013113474197854802,-0.027123469492223218,124.95815010070801,106.34302032470703,0.49919493090529177,54.78643392919998,4.730275716666512,6.463039493652232,-1.7327637769857205,0.7697191908884933
2024-07-03,128.0689239501953,128.27999877929688,128.27999877929688,121.36000061035156,121.66000366210938,215749000,0.0457324585806651,0.014873395812681656,125.5503002166748,107.31826034545898,0.5204491513279227,60.72442285708635,4.700936643342871,6.11061892359036,-1.4096822802474893,0.8694166132819675
2024-07-05,125.6229476928711,125.83000183105469,128.85000610351562,125.68000030517578,127.37999725341797,214176700,-0.019098822665701398,0.014839938696561639,125.71980018615723,108.18640045166016,0.4971867119476698,57.191842667384336,4.42893691032819,5.774282520937927,-1.345345610609737,0.825590755034789
2024-07-08,127.9890365600586,128.1999969482422,130.77000427246094,127.04000091552734,127.48999786376953,237677300,0.01883489694587759,0.03772054393864854,126.0798999786377,109.1568603515625,0.49794736674684065,59.63791246057711,4.354418930444709,5.490309802839283,-1.1358908723945742,0.8606178674351586
2024-07-09,131.16380310058594,131.3800048828125,133.82000732421875,128.64999389648438,130.35000610351562,285366600,0.024805054682287997,0.056958983565805754,126.60450019836426,110.13182037353516,0.5033583400379471,62.716322644915245,4.500088736650497,5.292265589601525,-0.7921768529510285,0.9200594447716598
2024-07-10,134.68801879882812,134.91000366210938,135.10000610351562,132.4199981689453,134.02999877929688,248978600,0.026868615071566904,0.09977994355479414,127.26050033569337,111.07532043457032,0.5094740324323606,65.83167774629597,4.844529783887822,5.202718428458785,-0.358188644570963,0.987247603679837
2024-07-11,127.19036865234375,127.4000015258789,136.14999389648438,127.05000305175781,135.75,374782700,-0.055666755113577326,-0.006859972418085114,127.58500022888184,111.8681803894043,0.5528416671038309,55.25374659866253,4.460094197107935,5.054193582188615,-0.5940993850806802,0.844306133022924
2024-07-12,129.02734375,129.24000549316406,131.9199981689453,127.22000122070312,128.25999450683594,252680500,0.014442731124389985,0.02710008433988431,127.78700065612793,112.72494049072266,0.5414735942255412,57.07366937782725,4.254851883521283,4.894325242455149,-0.6394733589338655,0.8793278105574007
2024-07-15,128.22865295410156,128.44000244140625,131.38999938964844,127.18000030517578,130.55999755859375,208326200,-0.006190057395193516,0.0018721177759539742,127.72850074768067,113.63292053222656,0.5276970275643587,56.00708113909206,3.9817432532659325,4.711808844617305,-0.7300655913513729,0.8565199180196169
2024-07-16,126.15206909179688,126.36000061035156,129.0399932861328,124.58000183105469,128.44000244140625,214769500,-0.01619434593209057,-0.03820980427682774,127.45250053405762,114.44378051757812,0.526484761206481,53.22217616765265,3.5564671917194346,4.480740514037731,-0.9242733223182968,0.8031302460945232
2024-07-17,117.79584503173828,117.98999786376953,121.8499984741211,116.72000122070312,121.3499984741211,390086200,-0.0662393376555298,-0.12541698420464853,126.80300064086914,115.02780044555664,0.5743525774026865,43.78683582426157,2.5150516287665425,4.087602736983493,-1.5725511082169508,0.6244100549075954
2024-07-18,120.89073944091797,121.08999633789062,122.4000015258789,116.55999755859375,121.8499984741211,320979500,0.026273400544513326,-0.049529082515014866,126.07850036621093,115.60680038452148,0.5670538944916542,47.49920681099531,1.9177595232061009,3.653634094228015,-1.7358745710219141,0.6906026640080345
2024-07-19,117.73594665527344,117.93000030517578,121.5999984741211,117.37000274658203,120.3499984741211,217223800,-0.02609626004031884,-0.08751164273655576,125.43600044250488,116.15432037353516,0.5613747319791554,44.28840762448261,1.17586135785578,3.1580795469535685,-1.9822181890977886,0.62312895913412
2024-07-22,123.33671569824219,123.54000091552734,124.06999969482422,119.86000061035156,120.3499984741211,258068900,0.04757059777693695,-0.03815012015523955,125.28450050354004,116.81688034057618,0.5803788617031571,50.664406066349564,1.0287233982748205,2.732208317217819,-1.7034849189429986,0.7429163011454762
2024-07-23,122.38827514648438,122.58999633789062,124.69000244140625,122.0999984741211,122.77999877929688,173911000,-0.007689854060194623,-0.029835424614204187,125.508500289917,117.493740234375,0.5262560953283839,49.628591409132056,0.8259371855919397,2.3509540908926434,-1.5250169053007037,0.7157672639202384
2024-07-24,114.06201171875,114.25,119.94999694824219,113.44000244140625,119.16999816894531,327776900,-0.06803162237564131,-0.03169758396036004,124.91650047302247,117.98118026733398,0.5236172290420734,41.589799784635936,-0.007652144012325834,1.8792328439116497,-1.8868849879239755,0.5278988524752937
2024-07-25,112.0952377319336,112.27999877929688,116.62999725341797,106.30000305175781,113.04000091552734,460067000,-0.01724289908711707,-0.07275578350841017,124.21050033569335,118.41880020141602,0.5248661785694808,39.94393196301313,-0.817813087729732,1.3398236575833735,-2.1576367453131056,0.4731366776801561
2024-07-26,112.87395477294922,113.05999755859375,116.19999694824219,111.58000183105469,116.19000244140625,293399100,0.006946907621811382,-0.04129570706333907,123.66400032043457,118.85288009643554,0.523990423243748,40.94050687788832,-1.3810126357384434,0.7956563989190102,-2.1766690346574533,0.4775062905634026
2024-07-29,111.4063720703125,111.58999633789062,116.27999877929688,111.30000305175781,113.69000244140625,248152100,-0.01300195694716244,-0.0967298404490684,123.06650009155274,119.192080078125,0.5249392329805961,39.60658941442763,-1.9237928617758513,0.25176654678003785,-2.1755594085558894,0.44340032941930335
2024-07-30,103.5593032836914,103.7300033569336,111.98999786376953,102.54000091552734,111.5199966430664,486833300,-0.07043635844522522,-0.15384610118572706,122.03800010681152,119.37950012207031,0.572480556307137,33.349720119126076,-2.9541324463341994,-0.3894132518428096,-2.56471919449139,0.26103815758845955
2024-07-31,116.82743072509766,117.0199966430664,118.33999633789062,110.87999725341797,112.9000015258789,473174200,0.12812101471164627,0.02424504720408227,121.75550003051758,119.87032012939453,0.7492137039130995,48.239156761027964,-2.667542827976618,-0.8450391670695714,-1.8225036609070466,0.5450979460848681
2024-08-01,109.0302963256836,109.20999908447266,120.16000366210938,106.80999755859375,117.52999877929688,523462300,-0.06674070913209607,-0.02734235596901602,120.80200004577637,120.15892013549805,0.7618063626051674,42.26389871409384,-3.0356272019947994,-1.283156774054617,-1.7524704279401824,0.3509721984370916
2024-08-02,107.09347534179688,107.2699966430664,108.72000122070312,101.37000274658203,103.76000213623047,482027500,-0.01776396353511256,-0.05121175517916188,119.87399978637696,120.3966000366211,0.7615384391541962,40.908380654666274,-3.4441763826398244,-1.7153606957716585,-1.728815686868166,0.3032241746058929
2024-08-05,100.28470611572266,100.44999694824219,103.41000366210938,90.69000244140625,92.05999755859375,552842400,-0.0635778867181035,-0.09982973165369513,118.48649978637695,120.5066000366211,0.7805903349952461,36.478977870643625,-4.269060458428697,-2.226100648303066,-2.042959810125631,0.0
2024-08-06,104.07846069335938,104.25,107.70999908447266,100.55000305175781,103.83999633789062,409012100,0.037829797582928704,0.005012982032566837,117.12999954223633,120.51561996459961,0.7898269904849577,40.354203567981926,-4.563552747770586,-2.6935910681965702,-1.8699616795740162,0.10816972740066369
2024-08-07,98.74723815917969,98.91000366210938,108.80000305175781,98.69000244140625,107.80999755859375,411440400,-0.05122298645458634,-0.15475981456567645,115.32999954223632,120.36444000244141,0.7896747915182258,36.943390118648985,-5.168256639619244,-3.188524182481105,-1.9797324571381392,0.0
2024-08-08,104.79725646972656,104.97000122070312,105.5,97.5199966430664,102.0,391910000,0.061267792278074884,-0.038824264255234886,114.20849952697753,120.18582000732422,0.8169410107773745,42.847083048892216,-5.099711374830861,-3.570761620951056,-1.5289497538798047,0.16525764551921288
2024-08-09,104.57763671875,104.75,106.5999984741211,103.43000030517578,105.63999938964844,290844200,-0.0020958485104765057,-0.02349209212200798,112.98399925231934,119.98432006835938,0.8129072962878632,42.69081689175081,-5.00544140578117,-3.857697577917079,-1.1477438278640908,0.1592581573357246
2024-08-12,108.84061431884766,109.0199966430664,111.06999969482422,106.26000213623047,106.31999969482422,325559900,0.04076369110325917,0.0853160772044621,112.01299896240235,119.9547200012207,0.8320924696149439,46.75010219131712,-4.533914587782178,-3.9929409798900988,-0.540973607892079,0.27570203124577386
2024-08-13,115.94889068603516,116.13999938964844,116.2300033569336,111.58000183105469,112.44000244140625,312646700,0.06530914479747296,0.11405275193907372,111.50199890136719,120.0848599243164,0.8694456078078066,52.75883960782974,-3.544838775231895,-3.903320538958458,0.35848176372656315,0.4698662827349311
2024-08-14,117.88570404052734,118.08000183105469,118.5999984741211,114.06999969482422,118.52999877929688,339246400,0.016703999066657094,0.19381253118170694,111.50649909973144,120.1464599609375,0.8384788975369755,54.27290575901315,-2.5747667754836527,-3.6376097862634973,1.0628430107798446,0.522770633383336
2024-08-15,122.65784454345703,122.86000061035156,123.23999786376953,117.47000122070312,118.76000213623047,318086700,0.04048101884463007,0.17042963876921458,111.59499931335449,120.27492004394531,0.8455681086876186,57.85685179417549,-1.4040863400049801,-3.190905097011794,1.786818757006814,0.6531223928046088
2024-08-16,124.37499237060547,124.58000183105469,125.0,121.18000030517578,121.94000244140625,302589900,0.01399968429235221,0.1893078933752237,111.92749938964843,120.31772003173828,0.8398219923111478,59.09909443709627,-0.333677510100884,-2.6194595796296123,2.2857820695287283,0.7000272552695255
2024-08-19,129.7860870361328,130.0,130.0,123.41999816894531,124.27999877929688,318333600,0.04350616543011032,0.19244179052419663,112.25049934387206,120.49776000976563,0.8371487322506725,62.81840576657041,0.9411290055529662,-1.9073418625930965,2.8484708681460624,0.8478319577397684
2024-08-20,127.04061126708984,127.25,129.8800048828125,125.88999938964844,128.39999389648438,300087400,-0.02115384615384619,0.09566041560821459,112.48349952697754,120.625,0.8409671878113942,59.84485951109541,1.7098107029392935,-1.1839113494866185,2.893722052425912,0.7728387715571498
2024-08-21,128.28855895996094,128.5,129.35000610351562,126.66000366210938,127.31999969482422,257883600,0.00982318271119853,0.0882452405772649,113.19599952697754,120.75919998168945,0.7978260739220691,60.75423366066125,2.3922842755019076,-0.46867222448891327,2.860956499990821,0.80692658345834
2024-08-22,123.53639221191406,123.73999786376953,130.75,123.0999984741211,130.02000427246094,376189100,-0.03704281818078181,0.007162601734057139,113.76899948120118,120.81579986572265,0.8088502623586985,55.59137007277179,2.5200080234741478,0.12906382510369896,2.3909441983704487,0.6771201374830695
2024-08-23,129.15713500976562,129.3699951171875,129.60000610351562,125.22000122070312,125.86000061035156,323230300,0.045498604740694004,0.03844913481883405,114.58449935913086,120.89919982910156,0.820881163291503,59.92879728365635,3.040475036847866,0.7113460674525324,2.3291289693953336,0.8306515673860532
2024-08-26,126.25191497802734,126.45999908447266,131.25999450683594,124.37000274658203,129.57000732421875,331964700,-0.02249359312473398,-0.027230776273287294,115.32799949645997,120.83619979858399,0.824786176397963,56.838661492023434,3.181462614096759,1.2053693767813778,1.9760932373153812,0.7512952494689383
2024-08-27,128.08889770507812,128.3000030517578,129.1999969482422,123.87999725341797,125.05000305175781,303134600,0.014550086830667164,0.008251497459786261,116.55649948120117,120.76459976196288,0.7716817797822814,58.30272762585097,3.402447925695185,1.6447850865641391,1.7576628391310458,0.8014726167763466
2024-08-28,125.40331268310547,125.61000061035156,128.3300018310547,122.63999938964844,128.1199951171875,448101100,-0.020966503331422914,-0.022490267623723303,116.98599967956542,120.65719985961914,0.6445831612003329,55.34690913853815,3.322223141157906,1.9802726974828926,1.3419504436750134,0.7281155789872275
2024-08-29,117.39649200439453,117.58999633789062,124.43000030517578,116.70999908447266,121.36000061035156,453023300,-0.06384845341526102,-0.04970099912761994,117.40499954223633,120.29739974975585,0.640421702321926,47.59886488172481,2.581736451866476,2.1005654483596095,0.4811710035068666,0.5188886854383681
2024-08-30,119.17356872558594,119.37000274658203,121.75,117.22000122070312,119.52999877929688,333751600,0.015137396582415308,-0.07729761728403217,118.0099998474121,120.06919982910156,0.6358989055452415,49.29545623440489,2.114156378022443,2.1032836342921764,0.010872743730266698,0.5683333079020182
2024-09-03,107.8222885131836,108.0,116.20999908447266,107.29000091552734,116.01000213623047,477155100,-0.0952500836472302,-0.145975005678608,118.3875,119.69779983520507,0.689613053713127,40.31620900518629,0.8167169970438266,1.8459703068425066,-1.02925330979868,0.25249989827473956
2024-09-04,106.03522491455078,106.20999908447266,113.2699966430664,104.12000274658203,105.41000366210938,372470300,-0.016574082551179092,-0.17217461762938369,118.48549995422363,119.4597998046875,0.6817752607719281,39.108448043605335,-0.3518947505118888,1.4063972953716277,-1.7582920458835165,0.20277765062120226
2024-09-05,107.0335922241211,107.20999908447266,109.6500015258789,104.76000213623047,104.98999786376953,306850700,0.009415309374070091,-0.14648516389197885,118.9004997253418,119.08219985961914,0.6525550834577218,40.18648111272702,-1.183691478648015,0.8883795405676992,-2.072071019215714,0.23055542839898002
2024-09-06,102.66079711914062,102.83000183105469,108.1500015258789,100.94999694824219,108.04000091552734,413638100,-0.040854372640810266,-0.12552083482019694,118.79349975585937,118.61079986572265,0.6359287376784429,37.08919734565199,-2.1712962006381673,0.27644439232652585,-2.447740592964693,0.10888883802625868
2024-09-09,106.2947998046875,106.47000122070312,106.55000305175781,103.69000244140625,104.87999725341797,273912000,0.03539822352263311,-0.10806736390268101,118.87949981689454,118.26039993286133,0.6482956160545529,41.148668556545694,-2.6299461460358344,-0.3048337153459463,-2.325112430689888,0.2099999321831597
2024-09-10,107.922119140625,108.0999984741211,109.4000015258789,104.94999694824219,107.80999755859375,268283700,0.015309450875642616,0.0009259117974176334,118.83349990844727,117.9515998840332,0.634051233971441,42.924747740978844,-2.8292881041683415,-0.8097245931104253,-2.019563511057916,0.2552776336669922
2024-09-11,116.7176284790039,116.91000366210938,117.19000244140625,107.41999816894531,109.38999938964844,441422400,0.08149866153881002,0.10074385340241476,118.87200012207032,117.80379989624024,0.6581953574090478,51.452705468842325,-2.2504326648694786,-1.097866207462236,-1.1525664574072425,0.5
2024-09-12,118.95413208007812,119.13999938964844,120.79000091552734,115.37999725341797,116.83999633789062,366052700,0.019074464611122055,0.111276936918691,118.925,117.7331999206543,0.658991294603979,53.352632363649555,-1.5933760926821208,-1.196968184506213,-0.39640790817590776,0.561944325764974
2024-09-13,118.91419219970703,119.0999984741211,119.95999908447266,117.5999984741211,119.08000183105469,238358300,-0.0003357471523608435,0.15822227320191362,118.73699989318848,117.54959991455078,0.6425049517634133,53.312328183543315,-1.0636210041137844,-1.1702987484277272,0.10667774431394283,0.5608331892225478
2024-09-16,116.59781646728516,116.77999877929688,118.18000030517578,114.36000061035156,116.79000091552734,248772300,-0.019479426738433836,0.0968347651017869,118.34699974060058,117.36859985351562,0.6432905901456039,50.910170721818325,-0.8215208846902442,-1.1005431756802306,0.27902229098998643,0.4963887532552083
2024-09-17,115.40966796875,115.58999633789062,118.80000305175781,114.83000183105469,118.16999816894531,231925900,-0.010190122057247453,0.0692876777936553,117.62649955749512,117.11639984130859,0.6202491895920124,49.673808045621364,-0.717408212266136,-1.0239161829974117,0.30650797073127567,0.4633331298828125
2024-09-18,113.19313049316406,113.37000274658203,117.69999694824219,113.22000122070312,115.88999938964844,310318900,-0.019205758816871588,-0.030279709217686523,116.93249969482422,116.75619979858398,0.6196196677234598,47.36297353582023,-0.8047563683656875,-0.980084220071067,0.17532785170537946,0.40166664123535156
2024-09-19,117.68611907958984,117.87000274658203,119.66000366210938,117.25,117.3499984741211,293506400,0.03969303952526948,-0.010659699929264521,116.40099983215332,116.41539978027343,0.637915774781962,52.215560858182485,-0.5050461616816904,-0.8850766083931917,0.3800304467115013,0.6098424354384804
2024-09-20,115.81903076171875,116.0,118.62000274658203,115.38999938964844,117.05999755859375,382462400,-0.015864958878490043,-0.026028534960852112,116.01399993896484,116.18739974975585,0.6275053689894591,50.146665680455634,-0.4136489691445746,-0.7907910805434684,0.37714211139889375,0.5496943824680468
2024-09-23,116.07861328125,116.26000213623047,116.98999786376953,114.86000061035156,116.55000305175781,206228500,0.0022413977261246387,-0.004452788563983012,115.35850028991699,115.92779968261719,0.6019078889430954,50.4406899279502,-0.31658662259545167,-0.6959501889538651,0.3793635663584134,0.5580572697905388
2024-09-24,120.68144226074219,120.87000274658203,121.80000305175781,115.37999725341797,116.5199966430664,354966800,0.03965250753177929,0.045678748818859694,115.07900047302246,115.7763996887207,0.617672843051202,55.45692501500774,0.13081653661033954,-0.5305968438410241,0.6614133804513637,0.7063364963381846
2024-09-25,123.31731414794922,123.51000213623047,124.94000244140625,121.61000061035156,122.0199966430664,284692900,0.021841642505655345,0.08944164367989438,114.8395004272461,115.71939971923828,0.6207252311218684,58.074042088833636,0.6904535324659093,-0.2863867685796374,0.9768403010455468,0.7912512502981575
2024-09-26,123.84648132324219,124.04000091552734,127.66999816894531,121.80000305175781,126.80000305175781,302582900,0.004291140556473172,0.05234578794581579,114.76100044250488,115.84039978027344,0.616499277759036,58.59993785592453,1.1633262548326684,0.0035558361028237284,1.1597704187298445,0.8082984951269047
2024-09-27,121.21060180664062,121.4000015258789,124.02999877929688,119.26000213623047,123.97000122070312,271009200,-0.02128345187167735,0.046551737292059636,114.9515007019043,115.8465998840332,0.5750642216589142,54.90551748047519,1.3099550603066774,0.2648356809435945,1.0451193793630829,0.7233837411669318
2024-09-30,121.25054931640625,121.44000244140625,121.5,118.1500015258789,118.30999755859375,226553700,0.00032949682886806997,0.04455530887661596,115.05500068664551,115.91679992675782,0.5730532544523452,54.951859697915566,1.4130978719844336,0.49448811915176233,0.9186097528326713,0.724670358093245
2024-10-01,116.81745910644531,117.0,122.44000244140625,115.79000091552734,121.7699966430664,302094500,-0.03656128419091986,-0.03201789243519704,115.5050006866455,115.78599990844727,0.47031015341575716,48.939919960264575,1.1236158587766312,0.6203136670767362,0.503302191699895,0.581859069434615
2024-10-02,118.66458129882812,118.8499984741211,119.37999725341797,115.13999938964844,116.44000244140625,221845900,0.015811952770265814,-0.0377297674804461,116.13700065612792,115.71119995117188,0.46515775883075555,51.32923407936889,1.0315871984009704,0.7025683733415831,0.3290188250593873,0.6413636912433485
2024-10-03,122.6583480834961,122.8499984741211,124.36000061035156,120.33999633789062,120.91999816894531,277118000,0.03365586917420926,-0.009593699069839978,116.91900062561035,115.88319992065429,0.47533830128259247,56.111322055151554,1.2668173112302838,0.8154181609193233,0.45139915031096056,0.7700224391096209
2024-10-04,124.72511291503906,124.91999816894531,125.04000091552734,121.83000183105469,124.94000244140625,243678100,0.01684981457496937,0.028995029644345083,118.02350044250488,116.13599990844726,0.44075790105974344,58.38979665994679,1.6018059244445766,0.9726957136243741,0.6291102108202025,0.8366033313145333
2024-10-07,127.52073669433594,127.72000122070312,130.63999938964844,124.94999694824219,124.98999786376953,346250200,0.022414369939159018,0.05171276888212284,119.08600044250488,116.42919998168945,0.4332333109163201,61.31532026087476,2.069369258875838,1.192030422674667,0.8773388362011711,0.9266645529797587
2024-10-08,132.68267822265625,132.88999938964844,133.47999572753906,129.4199981689453,130.25999450683594,285722500,0.04047915846799466,0.13581196059528589,120.32550048828125,116.8552000427246,0.44672216594984526,66.0602422252494,2.8245327593418352,1.5185308900081007,1.3060018693337345,1.0
2024-10-09,132.44305419921875,132.64999389648438,134.52000427246094,131.3800048828125,134.11000061035156,246191600,-0.0018060463109819125,0.11611271013493663,121.1125,117.43359985351563,0.36145939657070314,65.65762650910608,3.3648509296614435,1.8877948979387693,1.4770560317226742,0.9929368592306929
2024-10-10,134.5996856689453,134.80999755859375,135.0,131.0,131.91000366210938,242311300,0.016283481051608373,0.09735449111130512,121.89599990844727,117.78939987182618,0.36031382493848113,67.57309099267475,3.922139236380289,2.294663765627073,1.627475470753216,1.0
2024-10-11,134.58970642089844,134.8000030517578,135.77999877929688,133.66000366210938,134.00999450683594,170209500,-7.41377272972521e-05,0.07909065824232964,122.68100013732911,118.30119995117188,0.3602497582589603,67.5543156245649,4.313267103077578,2.698384433117174,1.6148826699604042,0.9997216014335614
2024-10-14,137.85459899902344,138.07000732421875,139.60000610351562,136.3000030517578,136.47000122070312,232347700,0.02425819138301799,0.0810366896695418,123.7455005645752,118.91720016479492,0.3518459842113514,70.4475268458169,4.8314073154945305,3.1249890095926456,1.706418305901885,1.0
2024-10-15,131.3946990966797,131.60000610351562,138.57000732421875,128.74000549316406,137.8699951171875,377831000,-0.04686029461496399,-0.00970722621760578,124.54600105285644,119.5402003479004,0.39881844440739456,59.199377639908086,4.666173398038694,3.4332258872818553,1.2329475107568388,0.8347803724297554
2024-10-16,135.50827026367188,135.72000122070312,136.6199951171875,131.5800018310547,133.97999572753906,264879700,0.031306952326026094,0.023143667285913994,125.6635009765625,120.16960037231445,0.3954113732887169,63.22593574080082,4.812201439032265,3.7090209976319373,1.1031804414003274,0.9399896352463967
2024-10-17,136.71636962890625,136.92999267578125,140.88999938964844,136.8699951171875,139.33999633789062,306435900,0.008915351047709352,0.015725800427123904,126.61650047302246,120.9300001525879,0.3788128248304863,64.33902671167083,4.968294505298019,3.960875699165154,1.0074188061328648,0.9676499866420667
2024-10-18,137.7847137451172,138.0,138.89999389648438,137.27999877929688,138.6699981689453,176090200,0.007814265547740673,0.023738849226980552,127.71650047302246,121.59060012817383,0.36837926800775284,65.33817418665211,5.119327611508908,4.192566081633904,0.9267615298750034,0.9980134133568075
2024-10-21,143.48580932617188,143.7100067138672,143.7100067138672,138.0,138.1300048828125,264554500,0.041376860245414315,0.04084883820136609,129.0890007019043,122.36980026245118,0.3847178579293118,70.14528262562766,5.634817588005319,4.481016382908187,1.1538012050971318,1.0
2024-10-22,143.36598205566406,143.58999633789062,144.4199981689453,141.77999877929688,142.91000366210938,226311600,-0.0008350871224681589,0.09110934405993687,130.22500038146973,123.06120025634766,0.37124099458847193,69.92578153953482,5.964903578481511,4.777793822022852,1.1871097564586588,0.9970643257915309
2024-10-23,139.34230041503906,139.55999755859375,142.42999267578125,137.4600067138672,142.02999877929688,285930000,-0.028066013525159694,0.028293518297617393,131.0275001525879,123.52960021972656,0.3899800133958265,62.81713190979312,5.834060465224297,4.989047150663142,0.8450133145611556,0.8984831541197232
2024-10-24,140.1909637451172,140.41000366210938,141.35000610351562,138.4600067138672,140.82000732421875,172354900,0.006090614204537825,0.02541452692959667,131.846000289917,123.97620025634765,0.3899023345994218,63.6563600061791,5.732869789702363,5.137811678470986,0.5950581112313769,0.919275864540191
2024-10-25,141.31918334960938,141.5399932861328,144.1300048828125,140.8000030517578,140.92999267578125,205122100,0.008047785731440493,0.025652125261832026,132.85299987792968,124.34980010986328,0.3758232073159959,64.79396462081868,5.6783991188913205,5.245929166555053,0.43246995233626784,0.9469174860924068
2024-10-28,140.30075073242188,140.52000427246094,143.13999938964844,140.0500030517578,143.0,173586700,-0.007206366130100728,-0.022197496989598497,133.80699996948243,124.6686001586914,0.37879581149279534,62.88065309088884,5.489644921365908,5.294672317517224,0.19497260384868387,0.9219666814974514
2024-10-29,141.02964782714844,141.25,142.25999450683594,138.89999389648438,140.2899932861328,157593600,0.005194959474407845,-0.016296374382406387,135.0194999694824,124.89360015869141,0.34138898709735327,63.7066672510905,5.33743379990193,5.303224613994166,0.03420918590776445,0.93982371770945
2024-10-30,139.1226043701172,139.33999633789062,140.3300018310547,136.80999755859375,139.5399932861328,179418100,-0.013522149820243357,-0.001576391692116208,136.0439998626709,125.13540008544922,0.35017023003146525,59.94778377391761,5.004989651351309,5.243577621465595,-0.23858797011428567,0.8931015202052023
2024-10-31,132.55287170410156,132.75999450683594,137.61000061035156,132.11000061035156,137.60000610351562,270039600,-0.047222635309237426,-0.05448336269317999,136.53949966430665,125.22059997558594,0.38789277073243883,49.18177613466329,4.162590361532608,5.027380169478998,-0.8647898079463898,0.7321425905299965
2024-11-01,135.18875122070312,135.39999389648438,137.30999755859375,134.57000732421875,134.6999969482422,207127800,0.019885503908427138,-0.04337996100675234,137.0634994506836,125.45379989624024,0.38935563279390606,52.841153680779705,3.665752232654796,4.755054582114157,-1.089302349459361,0.7967218242462428
2024-11-04,135.83773803710938,136.0500030517578,138.9600067138672,135.57000732421875,137.2100067138672,187528200,0.004800658674847469,-0.03181042616563001,137.47999954223633,125.58740005493163,0.3834767778558719,53.72471594752716,3.2865692183403894,4.461357509359404,-1.1747882910190146,0.8126222419966018
2024-11-05,139.6917266845703,139.91000366210938,140.3699951171875,137.3300018310547,137.4499969482422,160537400,0.02837192593728277,-0.009486699737278781,137.83099975585938,125.85640014648438,0.37014441136014914,58.676112828552405,3.259955005462956,4.221077008580115,-0.9611220031171586,0.907044946235917
2024-11-06,145.38282775878906,145.61000061035156,146.49000549316406,141.9600067138672,142.9600067138672,242043900,0.040740453141635324,0.04499787883772144,138.47900009155273,126.20260009765624,0.3931596785228816,64.6851861122991,3.6566535410402707,4.108192315072146,-0.45153877403187526,1.0
2024-11-07,148.6477508544922,148.8800048828125,148.92999267578125,146.1699981689453,146.38999938964844,207323300,0.02245727806300457,0.12142219827484646,139.18250045776367,126.66800018310546,0.39611664307226835,67.59630074008498,4.186641013258225,4.1238820547093615,0.06275895854886304,1.0
2024-11-08,147.39967346191406,147.6300048828125,149.77000427246094,146.25999450683594,148.77000427246094,175665800,-0.008396023367838512,0.09032504828381449,139.8240005493164,127.2688003540039,0.39869979117103166,65.37770372833711,4.454447254873344,4.189995094742159,0.2644521601311851,0.972855593546974
2024-11-11,145.03338623046875,145.25999450683594,148.85000610351562,143.57000732421875,148.67999267578125,182325600,-0.016053717385282607,0.06769563578454574,140.18349990844726,127.78660018920898,0.3983611435020476,61.27151389884607,4.424443371389913,4.2368847500717095,0.18755862131820322,0.9213895735922567
2024-11-12,148.05865478515625,148.2899932861328,149.64999389648438,146.00999450683594,146.77999877929688,198634700,0.020859141497174383,0.05989557147222713,141.01799926757812,128.59240005493163,0.3566393335183261,64.35397338235809,4.5922243525204465,4.307952670561457,0.2842716819589892,0.9871875883261821
2024-11-13,146.04180908203125,146.27000427246094,149.3300018310547,145.89999389648438,149.07000732421875,191903300,-0.013621883506152788,0.004532680855317883,141.545499420166,129.3936001586914,0.3503383451700084,60.87540945728096,4.5102049223722815,4.3484031209236225,0.16180180144865908,0.9433224660719771
2024-11-14,146.53102111816406,146.75999450683594,149.0,145.5500030517578,147.63999938964844,194463300,0.003349902372753677,-0.014239725325407404,142.03699951171876,130.18460006713866,0.3498554693535946,61.420172954218316,4.433633878447097,4.365449272428318,0.06818460601877874,0.9539628613358878
2024-11-15,141.7584991455078,141.97999572753906,145.24000549316406,140.0800018310547,144.8699951171875,250132900,-0.032570175512470656,-0.03827141481000673,142.2359992980957,130.96759994506837,0.37221543003566165,53.582199706803166,3.9418061336792505,4.280720644678505,-0.3389145109992544,0.8373023211634817
2024-11-18,139.9313507080078,140.14999389648438,141.5500030517578,137.14999389648438,139.5,221205300,-0.012889152599824594,-0.03517830650965004,142.05799865722656,131.64119979858398,0.34425558454868915,50.90394073563066,3.365567086341912,4.0976899330111864,-0.7321228466692746,0.7859242370185723
2024-11-19,146.78062438964844,147.00999450683594,147.1300048828125,140.99000549316406,141.32000732421875,227834900,0.04894756267644507,-0.008631727272568224,142.22899856567383,132.41939971923827,0.387291933927382,59.14739287068118,3.422980222315431,3.9627479908720353,-0.5397677685566045,0.9473384887783881
2024-11-20,145.6623992919922,145.88999938964844,147.55999755859375,142.72999572753906,147.41000366210938,309871700,-0.007618496422264864,-0.0025979686313856165,142.54549865722657,132.99899963378905,0.3731599489021992,57.45134030061655,3.339609362549652,3.8381202652075586,-0.49851090265790665,0.9157982170292974
2024-11-21,146.44117736816406,146.6699981689453,152.88999938964844,140.6999969482422,149.35000610351562,400946600,0.0053464855888691876,-0.0006132211860121473,142.85849838256837,133.549599609375,0.37307385213361005,58.34714019049982,3.298454211365936,3.730187054439234,-0.43173284307329807,0.9377638248122677
2024-11-22,141.72854614257812,141.9499969482422,147.16000366210938,141.10000610351562,145.92999267578125,236406200,-0.032181095518023284,-0.0002112887744724068,142.87899856567384,134.00659957885742,0.3919140986873557,51.3076655751883,2.8520966113640327,3.5545689658241937,-0.702472354460161,0.8048434942925644
2024-11-25,135.8077850341797,136.02000427246094,142.0500030517578,135.82000732421875,141.99000549316406,344941900,-0.04177522228438968,-0.029468353934241853,142.65399856567382,134.3913996887207,0.4191174916489968,44.107680130882365,1.9968358667262862,3.2430223460046124,-1.2461864792783262,0.6378484979804987
2024-11-26,136.70639038085938,136.9199981689453,139.3000030517578,135.6699981689453,137.6999969482422,190287700,0.006616628938502345,-0.06863476440318783,142.4374984741211,134.8179997253418,0.41943972041599137,45.36088792387512,1.3757982053566877,2.869577517875028,-1.49377931251834,0.6631932978211645
2024-11-27,135.1288604736328,135.33999633789062,137.22000122070312,131.8000030517578,135.00999450683594,226370900,-0.011539598686709951,-0.07231477891490334,142.23749847412108,135.25739959716796,0.41872715865508836,43.51619299184463,0.7475115929133835,2.445164332882699,-1.6976527399693153,0.5881993146540042
2024-11-29,138.0343017578125,138.25,139.35000610351562,136.0500030517578,136.77999877929688,141863200,0.021501431512117364,-0.05740777441918654,142.5119987487793,135.66499954223633,0.3883370884872616,47.7321688523222,0.4788826406213502,2.051907994430429,-1.5730253538090788,0.6767030625238999
2024-12-02,138.4137420654297,138.6300048828125,140.4499969482422,137.82000732421875,138.8300018310547,171682800,0.0027486790800181904,-0.023388461689366702,142.6734992980957,136.11759963989257,0.3827757143906951,48.275111607246664,0.29327478955570996,1.7001813534554853,-1.4069065638997753,0.685775624250246
2024-12-03,140.04116821289062,140.25999450683594,140.5399932861328,137.9499969482422,138.25999450683594,164414000,0.011757841496155885,0.031171813712649987,142.8839988708496,136.59759948730468,0.38437559999870174,50.643454936927405,0.2745410324941133,1.415053289263211,-1.1405122567690977,0.729610757348915
2024-12-04,144.91354370117188,145.13999938964844,145.7899932861328,140.2899932861328,142.0,231224300,0.03479256433718647,0.060035066685879546,143.14549865722657,137.082999420166,0.39088260421153836,56.99251257206127,0.6460230535677169,1.2612472421241123,-0.6152241885563954,0.8826849146694951
2024-12-05,144.8436737060547,145.05999755859375,146.5399932861328,143.9499969482422,145.11000061035156,172621200,-0.0005512045706980162,0.07181913317358246,143.11799850463868,137.5139993286133,0.36328310732298774,56.863372363239954,0.9233262225461942,1.193663038208529,-0.2703368156623347,0.8801754473294251
2024-12-06,142.2275848388672,142.44000244140625,145.6999969482422,141.30999755859375,144.60000610351562,188505600,-0.018061458439837752,0.030307431764240444,142.79599838256837,137.88199935913087,0.3585902784938442,52.65540936450875,0.9210618444768386,1.1391427994621908,-0.21808095498535218,0.7979924261279441
2024-12-09,138.6029815673828,138.80999755859375,139.9499969482422,137.1300048828125,138.97000122070312,189308600,-0.02548444833329544,0.0012983673767694714,142.35499801635743,138.23019927978515,0.36766921096052396,47.41954819904227,0.6192182887339754,1.0351578973165478,-0.4159396085825724,0.6841277985610409
2024-12-10,134.8685760498047,135.07000732421875,141.82000732421875,133.7899932861328,139.00999450683594,210020900,-0.026943233917976928,-0.03700261932039528,141.84549865722656,138.50279937744142,0.37482939180504715,42.70762217958238,0.07732775441280637,0.8435918687357996,-0.7662641143229932,0.5668131918624909
2024-12-11,139.1022491455078,139.30999755859375,140.1699981689453,135.2100067138672,137.36000061035156,184905200,0.03139105652224794,-0.04016812633024225,141.3964988708496,138.94899932861327,0.3855677230034161,48.906152503554395,-0.00987874528368593,0.6728977459319025,-0.6827764912155885,0.6813185054316552
2024-12-12,137.13519287109375,137.33999633789062,138.44000244140625,135.8000030517578,137.0800018310547,159211400,-0.014141133122011151,-0.05321936681809747,140.9499984741211,139.31879928588867,0.3857646752421053,46.39458146515279,-0.2352414421927449,0.4912699083069731,-0.726511350499718,0.5566651669717348
2024-12-13,134.04978942871094,134.25,139.60000610351562,132.5399932861328,138.94000244140625,231514900,-0.02249888175538073,-0.05749791000442639,140.3244987487793,139.54679931640624,0.3911159676820017,42.691215416178665,-0.6556222779254313,0.26189147106049226,-0.9175137489859235,0.3893989656378026
2024-12-16,131.80313110351562,132.0,134.39999389648438,130.4199981689453,134.17999267578125,237951100,-0.016759776536312887,-0.049059849278645484,139.82549896240235,139.68839935302734,0.37974373772765413,40.17638080883527,-1.1569961830957425,-0.021886059770754696,-1.1351101233249878,0.20226833830662083
2024-12-17,130.19554138183594,130.38999938964844,131.58999633789062,126.86000061035156,129.08999633789062,259410300,-0.01219697432084521,-0.034648757539018527,139.33749923706054,139.74179931640626,0.37952142074362044,38.431804804411605,-1.6650584516977176,-0.3505205381561473,-1.3145379135415702,0.0
2024-12-18,128.71774291992188,128.91000366210938,136.6999969482422,128.27999877929688,133.86000061035156,277444500,-0.011350530979882478,-0.07465360762862794,138.43249969482423,139.66219940185547,0.3259250856873496,36.847823582867576,-2.162200247794175,-0.7128564800837529,-1.449343767710422,0.0
2024-12-19,130.485107421875,130.67999267578125,134.02999877929688,129.5500030517578,131.75999450683594,209719200,0.013730424043049805,-0.04849281956964746,137.67199935913087,139.6227993774414,0.33354174242092177,40.03114017469989,-2.385862642530725,-1.0474577125731472,-1.3384049299575778,0.08863239386469879
2024-12-20,134.49911499023438,134.6999969482422,135.27999877929688,128.22000122070312,129.80999755859375,306528600,0.030762201544000778,0.0033519325753608165,137.0734992980957,139.62059936523437,0.3557433634227344,46.613256703383925,-2.213223293110559,-1.2806108286806297,-0.9326124644299294,0.2899345484330898
2024-12-23,139.46168518066406,139.6699981689453,139.7899932861328,135.1199951171875,136.27999877929688,176053500,0.03689681761917796,0.05810604673443409,136.95949935913086,139.71799926757814,0.36749923373569143,53.42019898358171,-1.656275291849397,-1.3557437213143833,-0.3005315705350138,0.5388079043120403
2024-12-24,140.01087951660156,140.22000122070312,141.89999389648438,138.64999389648438,140.0,105157000,0.003937875413247527,0.07538923136029307,137.16949920654298,139.7609991455078,0.3337699726841013,54.117403059338436,-1.1571702007854583,-1.3160290172085984,0.15885881642314015,0.5663493674135858
2024-12-26,139.7213134765625,139.92999267578125,140.85000610351562,137.72999572753906,139.6999969482422,116205600,-0.0020682394979116836,0.08548591032978914,137.31999893188475,139.9275988769531,0.33350727100942584,53.66130950636585,-0.7760809085121991,-1.2080393954693185,0.43195848695711936,0.551827157739346
2024-12-27,136.8056640625,137.00999450683594,139.02000427246094,134.7100067138672,138.5500030517578,170582600,-0.02086756465221129,0.04843895152917166,137.40349884033202,139.95339874267577,0.3398521391777938,49.16809800121286,-0.7015967766639903,-1.106750871708253,0.4051540950442627,0.40560792937404583
2024-12-30,137.2849578857422,137.49000549316406,140.27000427246094,134.02000427246094,134.8300018310547,167734700,0.0035034742396415908,0.020712758783461016,137.36549911499023,139.96459899902345,0.3312278623459227,49.91059508026302,-0.5969533835525738,-1.0047913740771173,0.4078379905245435,0.4296445321275045
2024-12-31,134.08973693847656,134.2899932861328,138.07000732421875,133.8300018310547,138.02999877929688,155659200,-0.0232745078127905,-0.03851940254416575,137.14849853515625,139.8903988647461,0.3410262113152177,45.17335024390857,-0.7634365606380982,-0.9565204113893135,0.19308385075121537,0.2694035701132528
